iteration internal-T external-T loop-time(ms) wall-time(ms)
0 300 280 18.48515510559082 21
1 299.93340000000001 280.00000073553997 18.491926193237305 43
2 299.86768806438005 280.00000146127201 18.480209350585938 65
3 299.80284266857933 280.00000217743383 18.444896697998047 87
4 299.7388429555798 280.00000288425588 18.440364837646484 108
5 299.67566871191497 280.00000358196132 18.445573806762695 130
6 299.61330034464555 280.00000427076645 18.454738616943359 152
7 299.55171885925802 280.00000495088125 18.421979904174805 173
8 299.49090583844566 280.00000562250898 18.41130256652832 195
9 299.43084342173245 280.00000628584689 18.414896011352539 217
10 299.37151428590334 280.00000694108638 18.409740447998047 238
11 299.31290162620553 280.00000758841304 18.404687881469727 260
12 299.25498913828585 280.00000822800678 18.417291641235352 282
13 299.1977610008351 280.00000886004261 18.410989761352539 303
14 299.14120185890579 280.00000948468988 18.393646240234375 325
15 299.08529680787638 280.00001010211321 18.394010543823242 346
16 299.03003137803313 280.0000107124726 18.388645172119141 368
17 298.97539151974451 280.00001131592308 18.395416259765625 390
18 298.92136358920169 280.00001191261526 18.39453125 411
19 298.86793433470206 280.0000125026956 18.39276123046875 433
20 298.81509088345268 280.00001308630624 18.408906936645508 454
21 298.76282072887227 280.00001366358532 18.385780334472656 476
22 298.71111171836975 280.00001423466705 18.386093139648438 498
23 298.65995204158185 280.00001479968188 18.393072128295898 519
24 298.60933021904816 280.00001535875651 18.38067626953125 541
25 298.55923509130724 280.00001591201431 18.389270782470703 562
26 298.50965580839687 280.00001645957508 18.390884399414062 584
27 298.46058181974007 280.00001700155514 18.399530410766602 605
28 298.41200286440346 280.00001753806816 18.399271011352539 627
29 298.3639089617111 280.00001806922404 18.387187957763672 649
30 298.31629040220071 280.00001859513031 18.389270782470703 670
31 298.26913773890772 280.00001911589112 18.392343521118164 692
32 298.22244177896437 280.00001963160793 18.380832672119141 713
33 298.1761935755016 280.00002014237975 18.383905410766602 735
34 298.13038441984094 280.00002064830267 18.400365829467773 757
35 298.08500583396579 280.00002114947029 18.382448196411133 778
36 298.04004956326048 280.00002164597379 18.382761001586914 800
37 297.99550756950663 280.00002213790196 18.375936508178711 821
38 297.95137202412781 280.00002262534122 18.394687652587891 843
39 297.90763530167089 280.00002310837584 18.392812728881836 865
40 297.8642899735168 280.00002358708787 18.401718139648438 886
41 297.82132880181047 280.00002406155721 18.404115676879883 908
42 297.77874473360259 280.00002453186175 18.399011611938477 930
43 297.73653089519405 280.00002499807744 18.393072128295898 951
44 297.69468058667627 280.00002546027832 18.38963508605957 973
45 297.65318727665942 280.00002591853638 18.394426345825195 994
46 297.61204459718101 280.00002637292204 18.423646926879883 1016
47 297.57124633878914 280.00002682350379 18.414583206176758 1038
48 297.53078644579301 280.00002727034871 18.453020095825195 1060
49 297.49065901167421 280.00002771352183 18.414375305175781 1082
50 297.45085827465408 280.00002815308682 18.405624389648438 1103
51 297.41137861340934 280.00002858910585 18.400156021118164 1125
52 297.37221454293217 280.00002902163959 18.402551651000977 1147
53 297.33336071052901 280.00002945074681 18.408334732055664 1168
54 297.29481189195212 280.00002987648554 18.39552116394043 1190
55 297.25656298766012 280.00003029891189 18.393697738647461 1211
56 297.21860901920172 280.00003071808095 18.391927719116211 1233
57 297.1809451257198 280.00003113404637 18.383386611938477 1255
58 297.14356656056913 280.00003154686067 18.396093368530273 1276
59 297.10646868804565 280.00003195657484 18.392551422119141 1298
60 297.06964698022227 280.00003236323909 18.400468826293945 1319
61 297.03309701388775 280.00003276690217 18.392707824707031 1341
62 296.99681446758439 280.00003316761178 18.393228530883789 1362
63 296.9607951187416 280.00003356541464 18.403749465942383 1384
64 296.92503484090179 280.00003396035629 18.39958381652832 1406
65 296.88952960103546 280.00003435248124 18.401561737060547 1427
66 296.8542754569412 280.00003474183302 18.393854141235352 1449
67 296.81926855472966 280.00003512845433 18.406198501586914 1471
68 296.78450512638608 280.00003551238666 18.387655258178711 1492
69 296.74998148741167 280.00003589367066 18.383125305175781 1514
70 296.71569403453708 280.00003627234616 18.385467529296875 1535
71 296.68163924350972 280.00003664845218 18.382968902587891 1557
72 296.64781366694899 280.00003702202673 18.374322891235352 1579
73 296.61421393226914 280.00003739310699 18.392864227294922 1600
74 296.58083673966604 280.00003776172952 18.395469665527344 1622
75 296.54767886016742 280.00003812792988 18.386093139648438 1643
76 296.51473713374168 280.00003849174306 18.38947868347168 1665
77 296.48200846746613 280.00003885320308 18.382968902587891 1687
78 296.44948983375127 280.00003921234355 18.389062881469727 1708
79 296.41717826861827 280.0000395691971 18.390676498413086 1730
80 296.38507087003057 280.00003992379584 18.382865905761719 1751
81 296.35316479627414 280.00004027617109 18.402240753173828 1773
82 296.32145726438864 280.00004062635367 18.390520095825195 1795
83 296.28994554864408 280.00004097437358 18.38557243347168 1816
84 296.25862697906456 280.00004132026027 18.394428253173828 1838
85 296.22749893999548 280.0000416640429 18.380468368530273 1859
86 296.19655886871345 280.00004200574944 18.380416870117188 1881
87 296.16580425407801 280.00004234540779 18.384166717529297 1903
88 296.13523263522256 280.00004268304514 18.401041030883789 1924
89 296.10484160028437 280.00004301868807 18.402551651000977 1946
90 296.07462878517191 280.00004335236281 18.417552947998047 1968
91 296.04459187236796 280.00004368409469 18.386770248413086 1989
92 296.0147285897682 280.00004401390913 18.394947052001953 2011
93 295.98503670955284 280.00004434183046 18.396717071533203 2033
94 295.95551404709204 280.000044667883 18.389896392822266 2054
95 295.92615845988144 280.00004499209035 18.394790649414062 2076
96 295.89696784651011 280.0000453144757 18.393594741821289 2098
97 295.86794014565646 280.00004563506172 18.390832901000977 2120
98 295.83907333511377 280.00004595387094 18.379636764526367 2141
99 295.81036543084366 280.00004627092511 18.384271621704102 2163
100 295.78181448605551 280.0000465862459 18.398906707763672 2184
101 295.75341859031295 280.00004689985423 18.383281707763672 2206
102 295.72517586866451 280.00004721177083 18.391874313354492 2228
103 295.69708448079967 280.00004752201619 18.393905639648438 2249
104 295.669142620228 280.00004783061007 18.386041641235352 2271
105 295.64134851348098 280.00004813757226 18.379426956176758 2293
106 295.61370041933679 280.0000484429217 18.377500534057617 2314
107 295.58619662806558 280.00004874667758 18.397186279296875 2336
108 295.55883546069634 280.00004904885822 18.386875152587891 2358
109 295.53161526830377 280.00004934948197 18.384479522705078 2379
110 295.50453443131391 280.00004964856657 18.380729675292969 2401
111 295.47759135883041 280.00004994612976 18.395051956176758 2423
112 295.45078448797705 280.00005024218865 18.381509780883789 2444
113 295.42411228325989 280.00005053676028 18.382448196411133 2466
114 295.39757323594569 280.00005082986138 18.406875610351562 2488
115 295.37116586345684 280.00005112150819 18.391197204589844 2509
116 295.3448887087838 280.00005141171681 18.3831787109375 2531
117 295.31874033991147 280.00005170050309 18.387916564941406 2553
118 295.29271934926243 280.00005198788273 18.38963508605957 2575
119 295.26682435315377 280.00005227387078 18.378124237060547 2596
120 295.24105399126921 280.00005255848237 18.383073806762695 2618
121 295.21540692614434 280.00005284173221 18.407447814941406 2640
122 295.18988184266595 280.00005312363493 18.390781402587891 2661
123 295.16447744758426 280.00005340420466 18.382135391235352 2683
124 295.1391924690376 280.00005368345563 18.394426345825195 2705
125 295.11402565608984 280.00005396140153 18.387968063354492 2726
126 295.08897577827958 280.0000542380559 18.379791259765625 2748
127 295.06404162518106 280.0000545134323 18.38005256652832 2770
128 295.039222005976 280.00005478754377 18.40703010559082 2791
129 295.01451574903729 280.00005506040316 18.381145477294922 2813
130 294.98992170152189 280.00005533202341 18.383489608764648 2835
131 294.96543872897553 280.00005560241686 18.393697738647461 2857
132 294.94106571494655 280.00005587159586 18.38067626953125 2878
133 294.91680156060943 280.00005613957268 18.384166717529297 2900
134 294.89264518439848 280.00005640635919 18.382083892822266 2921
135 294.86859552164992 280.00005667196712 18.389011383056641 2943
136 294.84465152425355 280.00005693640804 18.368438720703125 2965
137 294.82081216031241 280.0000571996934 18.372446060180664 2986
138 294.79707641381162 280.00005746183439 18.367656707763672 3008
139 294.77344328429467 280.00005772284209 18.374635696411133 3029
140 294.74991178654813 280.0000579827273 18.384061813354492 3051
141 294.72648095029393 280.00005824150082 18.360572814941406 3072
142 294.70314981988957 280.00005849917318 18.381927490234375 3094
143 294.6799174540343 280.00005875575471 18.372604370117188 3116
144 294.65678292548432 280.00005901125576 18.362655639648438 3137
145 294.63374532077341 280.00005926568639 18.381406784057617 3159
146 294.61080373994093 280.00005951905655 18.374427795410156 3180
147 294.58795729626587 280.0000597713759 18.38963508605957 3202
148 294.56520511600797 280.00006002265428 18.383333206176758 3224
149 294.54254633815447 280.00006027290107 18.391563415527344 3245
150 294.51998011417243 280.00006052212575 18.38182258605957 3267
151 294.49750560776846 280.00006077033737 18.375730514526367 3288
152 294.47512199465228 280.00006101754519 18.380104064941406 3310
153 294.45282846230674 280.00006126375814 18.368749618530273 3332
154 294.43062420976349 280.00006150898508 18.381927490234375 3353
155 294.40850844738316 280.00006175323477 18.371927261352539 3375
156 294.38648039664099 280.00006199651568 18.390363693237305 3396
157 294.36453928991767 280.00006223883645 18.377395629882812 3418
158 294.34268437029419 280.00006248020532 18.370260238647461 3440
159 294.32091489135246 280.00006272063058 18.375833511352539 3461
160 294.29923011697963 280.00006296012037 18.370988845825195 3483
161 294.27762932117724 280.0000631986826 18.377292633056641 3504
162 294.25611178787472 280.00006343632532 18.379791259765625 3526
163 294.23467681074692 280.00006367305633 18.373176574707031 3548
164 294.21332369303582 280.00006390888313 18.376874923706055 3569
165 294.19205174737664 280.00006414381357 18.376823425292969 3591
166 294.17086029562688 280.00006437785498 18.368593215942383 3612
167 294.14974866870011 280.00006461101486 18.376041412353516 3634
168 294.12871620640328 280.00006484330038 18.390834808349609 3655
169 294.10776225727699 280.0000650747188 18.367708206176758 3677
170 294.0868861784399 280.00006530527719 18.377761840820312 3699
171 294.06608733543675 280.00006553498264 18.379478454589844 3720
172 294.04536510208868 280.00006576384197 18.384166717529297 3742
173 294.02471886034806 280.00006599186207 18.378593444824219 3763
174 294.00414800015545 280.00006621904953 18.375051498413086 3785
175 293.98365191930048 280.00006644541122 18.382135391235352 3807
176 293.96323002328501 280.00006667095357 18.375677108764648 3828
177 293.94288172518975 280.00006689568306 18.381771087646484 3850
178 293.92260644554329 280.00006711960623 18.376821517944336 3871
179 293.90240361219446 280.00006734272915 18.384113311767578 3893
180 293.88227266018686 280.0000675650582 18.369583129882812 3915
181 293.86221303163654 280.00006778659969 18.373020172119141 3936
182 293.84222417561176 280.00006800735952 18.404792785644531 3958
183 293.82230554801561 280.00006822734366 18.387655258178711 3979
184 293.80245661147103 280.0000684465582 18.373073577880859 4001
185 293.78267683520818 280.00006866500888 18.388593673706055 4022
186 293.7629656949544 280.00006888270156 18.375625610351562 4044
187 293.74332267282529 280.00006909964191 18.379583358764648 4066
188 293.72374725722051 280.00006931583556 18.381406784057617 4087
189 293.70423894271863 280.00006953128815 18.383646011352539 4109
190 293.68479722997671 280.00006974600524 18.392917633056641 4130
191 293.66542162563024 280.00006995999217 18.385520935058594 4152
192 293.64611164219639 280.00007017325447 18.381145477294922 4174
193 293.62686679797775 280.00007038579724 18.385520935058594 4195
194 293.60768661697 280.00007059762589 18.392812728881836 4217
195 293.58857062876893 280.00007080874565 18.391666412353516 4238
196 293.56951836848202 280.00007101916145 18.393228530883789 4260
197 293.55052937663942 280.00007122887865 18.377134323120117 4282
198 293.53160319910813 280.00007143790208 18.382499694824219 4303
199 293.51273938700774 280.00007164623673 18.377552032470703 4325
200 293.4939374966271 280.0000718538875 18.36640739440918 4346
201 293.47519708934334 280.00007206085928 18.387863159179688 4368
202 293.45651773154225 280.00007226715672 18.380104064941406 4390
203 293.43789899454003 280.00007247278478 18.389062881469727 4411
204 293.41934045450711 280.00007267774794 18.377187728881836 4433
205 293.40084169239248 280.00007288205097 18.364219665527344 4454
206 293.38240229385076 280.00007308569826 18.37109375 4476
207 293.36402184916949 280.00007328869464 18.377292633056641 4498
208 293.34569995319839 280.00007349104425 18.377500534057617 4519
209 293.32743620528021 280.00007369275164 18.361196517944336 4541
210 293.30923020918209 280.00007389382125 18.376249313354492 4562
211 293.29108157302915 280.0000740942574 18.37989616394043 4584
212 293.27298990923885 280.0000742940644 18.37010383605957 4605
213 293.25495483445604 280.0000744932463 18.365884780883789 4627
214 293.23697596949091 280.00007469180747 18.364999771118164 4648
215 293.21905293925602 280.00007488975206 18.374895095825195 4670
216 293.20118537270599 280.00007508708393 18.373176574707031 4692
217 293.18337290277788 280.00007528380746 18.361042022705078 4713
218 293.1656151663322 280.00007547992647 18.368906021118164 4735
219 293.147911804096 280.0000756754448 18.380832672119141 4756
220 293.13026246060599 280.0000758703668 18.368646621704102 4778
221 293.11266678415319 280.00007606469597 18.365884780883789 4799
222 293.09512442672894 280.00007625843625 18.382656097412109 4821
223 293.07763504397076 280.0000764515915 18.363801956176758 4843
224 293.06019829511081 280.00007664416552 18.374271392822266 4864
225 293.04281384292369 280.00007683616184 18.364948272705078 4886
226 293.0254813536763 280.00007702758438 18.364322662353516 4907
227 293.00820049707789 280.00007721843662 18.377031326293945 4929
228 292.99097094623164 280.00007740872223 18.373073577880859 4950
229 292.97379237758639 280.00007759844482 18.377031326293945 4972
230 292.95666447089008 280.00007778760789 18.372447967529297 4993
231 292.93958690914292 280.00007797621487 18.363332748413086 5015
232 292.92255937855259 280.00007816426944 18.370571136474609 5037
233 292.90558156848925 280.00007835177479 18.368436813354492 5058
234 292.88865317144194 280.00007853873444 18.369739532470703 5080
235 292.87177388297528 280.00007872515175 18.376823425292969 5101
236 292.85494340168759 280.00007891102996 18.379219055175781 5123
237 292.83816142916891 280.00007909637253 18.36505126953125 5144
238 292.82142766996026 280.00007928118248 18.372968673706055 5166
239 292.80474183151358 280.00007946546327 18.373489379882812 5188
240 292.78810362415237 280.00007964921809 18.365104675292969 5209
241 292.77151276103251 280.00007983244996 18.377864837646484 5231
242 292.75496895810443 280.00008001516204 18.365261077880859 5252
243 292.73847193407585 280.00008019735753 18.380416870117188 5274
244 292.7220214103744 280.0000803790395 18.373489379882812 5295
245 292.70561711111168 280.00008056021096 18.360416412353516 5317
246 292.68925876304792 280.00008074087492 18.36213493347168 5339
247 292.67294609555637 280.00008092103434 18.363906860351562 5360
248 292.65667884058922 280.00008110069223 18.379375457763672 5382
249 292.640456732644 280.00008127985149 18.367708206176758 5403
250 292.62427950872973 280.00008145851513 18.372552871704102 5425
251 292.60814690833445 280.00008163668588 18.37208366394043 5446
252 292.59205867339324 280.00008181436658 18.357707977294922 5468
253 292.57601454825578 280.00008199156025 18.37791633605957 5490
254 292.5600142796564 280.0000821682695 18.369426727294922 5511
255 292.54405761668227 280.00008234449717 18.365468978881836 5533
256 292.52814431074387 280.000082520246 18.365312576293945 5554
257 292.51227411554521 280.0000826955187 18.374166488647461 5576
258 292.49644678705459 280.00008287031801 18.358646392822266 5598
259 292.48066208347592 280.00008304464649 18.365728378295898 5619
260 292.46491976522037 280.00008321850692 18.363176345825195 5641
261 292.44921959487891 280.00008339190185 18.358333587646484 5662
262 292.43356133719442 280.00008356483391 18.371145248413086 5684
263 292.41794475903515 280.00008373730566 18.377134323120117 5705
264 292.40236962936831 280.00008390931964 18.364479064941406 5727
265 292.38683571923343 280.00008408087837 18.357551574707031 5749
266 292.37134280171745 280.00008425198433 18.370260238647461 5770
267 292.35589065192897 280.00008442264016 18.354530334472656 5792
268 292.34047904697314 280.00008459284811 18.364896774291992 5813
269 292.32510776592807 280.0000847626107 18.374740600585938 5835
270 292.30977658981976 280.00008493193047 18.357135772705078 5856
271 292.29448530159908 280.0000851008096 18.370988845825195 5878
272 292.27923368611772 280.00008526925069 18.38557243347168 5900
273 292.26402153010622 280.0000854372559 18.361093521118164 5921
274 292.24884862215004 280.00008560482769 18.358125686645508 5943
275 292.23371475266833 280.00008577196832 18.354167938232422 5964
276 292.21861971389131 280.00008593868006 18.365520477294922 5986
277 292.20356329983906 280.00008610496525 18.360416412353516 6007
278 292.18854530629983 280.00008627082616 18.361146926879883 6029
279 292.17356553080941 280.00008643626489 18.36151123046875 6050
280 292.15862377263028 280.00008660128378 18.360990524291992 6072
281 292.14371983273128 280.0000867658851 18.373437881469727 6094
282 292.12885351376758 280.00008693007084 18.377864837646484 6115
283 292.114024620061 280.00008709384332 18.386146545410156 6137
284 292.09923295758023 280.00008725720448 18.379999160766602 6159
285 292.08447833392222 280.00008742015666 18.373750686645508 6181
286 292.06976055829284 280.00008758270195 18.366926193237305 6202
287 292.05507944148849 280.00008774484229 18.365781784057617 6224
288 292.04043479587745 280.00008790657989 18.359739303588867 6245
289 292.02582643538244 280.00008806791669 18.360000610351562 6267
290 292.01125417546206 280.00008822885479 18.366561889648438 6288
291 291.99671783309395 280.00008838939624 18.357967376708984 6310
292 291.98221722675697 280.00008854954302 18.366771697998047 6331
293 291.96775217641448 280.00008870929713 18.364374160766602 6353
294 291.95332250349742 280.0000888686605 18.364583969116211 6375
295 291.93892803088772 280.00008902763511 18.375364303588867 6396
296 291.924568582902 280.00008918622291 18.361459732055664 6418
297 291.91024398527594 280.00008934442582 18.373281478881836 6439
298 291.89595406514741 280.00008950224571 18.363384246826172 6461
299 291.88169865104186 280.00008965968453 18.363594055175781 6483
300 291.86747757285633 280.00008981674421 18.364843368530273 6504
301 291.85329066184471 280.0000899734265 18.365678787231445 6526
302 291.83913775060233 280.00009012973328 18.379270553588867 6547
303 291.8250186730512 280.00009028566643 18.361509323120117 6569
304 291.81093326442601 280.00009044122766 18.386041641235352 6590
305 291.79688136125895 280.00009059641889 18.372394561767578 6612
306 291.78286280136655 280.00009075124183 18.360990524291992 6634
307 291.76887742383457 280.00009090569841 18.357603073120117 6655
308 291.75492506900531 280.00009105979018 18.35859489440918 6677
309 291.74100557846333 280.00009121351906 18.36656379699707 6698
310 291.72711879502236 280.00009136688664 18.366666793823242 6720
311 291.71326456271203 280.0000915198948 18.36151123046875 6741
312 291.69944272676491 280.00009167254518 18.358020782470703 6763
313 291.68565313360352 280.00009182483944 18.359947204589844 6784
314 291.67189563082775 280.00009197677929 18.360052108764648 6806
315 291.65817006720249 280.0000921283663 18.387916564941406 6828
316 291.64447629264487 280.00009227960237 18.377708435058594 6849
317 291.63081415821267 280.00009243048891 18.365938186645508 6871
318 291.6171835160921 280.00009258102773 18.359947204589844 6892
319 291.60358421958534 280.00009273122026 18.349374771118164 6914
320 291.59001612310033 280.00009288106821 18.364686965942383 6936
321 291.57647908213744 280.00009303057334 18.362604141235352 6957
322 291.56297295327954 280.00009317973689 18.363384246826172 6979
323 291.5494975941802 280.00009332856069 18.383125305175781 7000
324 291.53605286355224 280.00009347704622 18.360780715942383 7022
325 291.52263862115763 280.00009362519506 18.355312347412109 7043
326 291.50925472779608 280.0000937730087 18.360624313354492 7065
327 291.49590104529466 280.00009392048872 18.357812881469727 7086
328 291.48257743649719 280.00009406763655 18.351823806762695 7108
329 291.46928376525392 280.00009421445378 18.352500915527344 7129
330 291.45601989641142 280.00009436094189 18.35661506652832 7151
331 291.44278569580206 280.00009450710223 18.351667404174805 7173
332 291.42958103023471 280.00009465293641 18.358020782470703 7194
333 291.41640576748421 280.0000947984459 18.359687805175781 7216
334 291.40325977628214 280.00009494363218 18.358072280883789 7237
335 291.39014292630696 280.00009508849649 18.368749618530273 7259
336 291.37705508817476 280.0000952330405 18.362916946411133 7280
337 291.36399613342968 280.00009537726538 18.362707138061523 7302
338 291.35096593453483 280.00009552117285 18.387811660766602 7324
339 291.33796436486318 280.0000956647641 18.381614685058594 7345
340 291.32499129868842 280.00009580804044 18.374322891235352 7367
341 291.3120466111763 280.00009595100346 18.375051498413086 7389
342 291.29913017837572 280.00009609365435 18.367813110351562 7410
343 291.28624187721005 280.00009623599459 18.358644485473633 7432
344 291.27338158546866 280.00009637802555 18.369113922119141 7453
345 291.26054918179835 280.00009651974841 18.363332748413086 7475
346 291.24774454569524 280.0000966611646 18.36932373046875 7496
347 291.23496755749636 280.00009680227555 18.360261917114258 7518
348 291.22221809837134 280.00009694308244 18.388385772705078 7540
349 291.20949605031478 280.00009708358652 18.372865676879883 7561
350 291.19680129613812 280.00009722378923 18.360782623291016 7583
351 291.18413371946167 280.00009736369174 18.364740371704102 7604
352 291.17149320470691 280.00009750329548 18.360572814941406 7626
353 291.15887963708923 280.00009764260147 18.362968444824219 7648
354 291.14629290260984 280.0000977816112 18.368854522705078 7669
355 291.13373288804837 280.00009792032574 18.358125686645508 7691
356 291.12119948095614 280.00009805874657 18.363855361938477 7712
357 291.10869256964793 280.00009819687466 18.37109375 7734
358 291.09621204319541 280.00009833471137 18.374322891235352 7755
359 291.08375779141988 280.00009847225789 18.371614456176758 7777
360 291.07132970488522 280.00009860951553 18.366823196411133 7798
361 291.05892767489104 280.00009874648526 18.356718063354492 7820
362 291.04655159346549 280.0000988831685 18.359113693237305 7842
363 291.03420135335909 280.00009901956633 18.370416641235352 7863
364 291.02187684803738 280.00009915567989 18.356666564941406 7885
365 291.00957797167479 280.00009929151048 18.35432243347168 7906
366 290.99730461914777 280.00009942705918 18.352760314941406 7928
367 290.98505668602866 280.00009956232708 18.359218597412109 7949
368 290.97283406857889 280.00009969731548 18.351718902587891 7971
369 290.96063666374312 280.00009983202534 18.357864379882812 7992
370 290.94846436914258 280.00009996645792 18.368906021118164 8014
371 290.9363170830693 280.00010010061425 18.351509094238281 8035
372 290.9241947044797 280.00010023449551 18.356302261352539 8057
373 290.91209713298861 280.00010036810284 18.367238998413086 8079
374 290.9000242688636 280.00010050143726 18.355363845825195 8100
375 290.88797601301883 280.00010063449997 18.355415344238281 8122
376 290.87595226700904 280.00010076729194 18.369686126708984 8143
377 290.86395293302468 280.0001008998143 18.370155334472656 8165
378 290.85197791388492 280.00010103206813 18.363542556762695 8186
379 290.84002711303299 280.00010116405446 18.36406135559082 8208
380 290.8281004345306 280.00010129577447 18.352811813354492 8230
381 290.81619778305173 280.00010142722897 18.356771469116211 8251
382 290.80431906387815 280.00010155841932 18.35838508605957 8273
383 290.7924641828933 280.00010168934631 18.360782623291016 8294
384 290.78063304657712 280.00010182001108 18.364740371704102 8316
385 290.76882556200133 280.0001019504146 18.361875534057617 8337
386 290.75704163682354 280.00010208055801 18.355155944824219 8359
387 290.74528117928259 280.00010221044221 18.352916717529297 8381
388 290.73354409819331 280.00010234006817 18.363750457763672 8402
389 290.72183030294138 280.00010246943702 18.347551345825195 8424
390 290.71013970347872 280.00010259854963 18.357603073120117 8445
391 290.69847221031819 280.00010272740718 18.371562957763672 8467
392 290.686827734529 280.00010285601041 18.355989456176758 8488
393 290.67520618773182 280.00010298436035 18.359323501586914 8510
394 290.66360748209405 280.00010311245819 18.370365142822266 8532
395 290.65203153032496 280.00010324030467 18.355155944824219 8553
396 290.6404782456716 280.00010336790075 18.371198654174805 8575
397 290.62894754191342 280.00010349524757 18.357446670532227 8596
398 290.61743933335839 280.00010362234582 18.36604118347168 8618
399 290.60595353483797 280.00010374919663 18.352083206176758 8640
400 290.59449006170337 280.00010387580085 18.345417022705078 8661
401 290.58304882982031 280.0001040021595 18.352968215942383 8683
402 290.57162975556543 280.00010412827339 18.35468864440918 8704
403 290.56023275582135 280.00010425414348 18.363124847412109 8726
404 290.54885774797299 280.00010437977073 18.361614227294922 8747
405 290.53750464990293 280.00010450515595 18.37109375 8769
406 290.5261733799876 280.00010463030014 18.354635238647461 8791
407 290.51486385709268 280.00010475520412 18.356979370117188 8812
408 290.50357600056964 280.00010487986884 18.358749389648438 8834
409 290.49230973025107 280.00010500429511 18.352813720703125 8855
410 290.48106496644738 280.00010512848394 18.376823425292969 8877
411 290.4698416299421 280.00010525243607 18.358333587646484 8898
412 290.45863964198878 280.00010537615242 18.361927032470703 8920
413 290.44745892430626 280.00010549963383 18.361770629882812 8941
414 290.43629939907561 280.00010562288128 18.360624313354492 8963
415 290.42516098893594 280.00010574589544 18.359687805175781 8985
416 290.41404361698079 280.00010586867728 18.363073348999023 9006
417 290.40294720675428 280.00010599122771 18.363801956176758 9028
418 290.39187168224777 280.00010611354736 18.362604141235352 9049
419 290.38081696789567 280.00010623563719 18.357448577880859 9071
420 290.36978298857252 280.00010635749805 18.35645866394043 9092
421 290.35876966958898 280.00010647913075 18.365156173706055 9114
422 290.34777693668838 280.00010660053601 18.358438491821289 9135
423 290.33680471604345 280.00010672171487 18.357603073120117 9157
424 290.32585293425268 280.00010684266789 18.369634628295898 9179
425 290.31492151833692 280.00010696339598 18.361301422119141 9200
426 290.3040103957361 280.00010708390005 18.367864608764648 9222
427 290.29311949430576 280.00010720418067 18.357551574707031 9243
428 290.28224874231393 280.0001073242388 18.351146697998047 9265
429 290.2713980684378 280.00010744407518 18.357292175292969 9286
430 290.26056740176028 280.00010756369062 18.351926803588867 9308
431 290.24975667176705 280.0001076830859 18.374895095825195 9329
432 290.23896580834321 280.00010780226171 18.361198425292969 9351
433 290.22819474177032 280.00010792121896 18.358072280883789 9373
434 290.21744340272323 280.00010803995821 18.354583740234375 9394
435 290.20671172226673 280.00010815848054 18.357915878295898 9416
436 290.19599963185306 280.00010827678636 18.349634170532227 9437
437 290.18530706331819 280.00010839487663 18.344844818115234 9459
438 290.17463394887943 280.00010851275204 18.361875534057617 9480
439 290.16398022113236 280.00010863041331 18.357759475708008 9502
440 290.15334581304751 280.00010874786125 18.360677719116211 9524
441 290.14273065796795 280.00010886509659 18.346458435058594 9545
442 290.13213468960606 280.00010898211991 18.352500915527344 9567
443 290.12155784204106 280.00010909893217 18.359947204589844 9588
444 290.11100004971576 280.00010921553394 18.35822868347168 9610
445 290.10046124743405 280.00010933192596 18.367343902587891 9631
446 290.08994137035819 280.00010944810901 18.362031936645508 9653
447 290.07944035400567 280.00010956408374 18.358959197998047 9674
448 290.06895813424717 280.00010967985088 18.357395172119141 9696
449 290.05849464730341 280.00010979541111 18.346458435058594 9718
450 290.04804982974241 280.00010991076522 18.360990524291992 9739
451 290.03762361847714 280.00011002591373 18.356353759765625 9761
452 290.02721595076298 280.00011014085754 18.361822128295898 9782
453 290.01682676419478 280.00011025559724 18.361665725708008 9804
454 290.00645599670469 280.00011037013348 18.357290267944336 9825
455 289.99610358655934 280.00011048446703 18.35369873046875 9847
456 289.98576947235756 280.00011059859844 18.361040115356445 9869
457 289.97545359302768 280.00011071252845 18.367813110351562 9890
458 289.96515588782518 280.00011082625775 18.360834121704102 9912
459 289.9548762963305 280.00011093978708 18.375467300415039 9933
460 289.94461475844611 280.00011105311694 18.363750457763672 9955
461 289.93437121439462 280.00011116624813 18.349323272705078 9976
462 289.9241456047161 280.00011127918117 18.358749389648438 9998
463 289.9139378702659 280.0001113919169 18.356405258178711 10020
464 289.90374795221209 280.0001115044559 18.363124847412109 10041
465 289.89357579203386 280.00011161679862 18.366666793823242 10063
466 289.88342133151804 280.00011172894597 18.359115600585938 10084
467 289.87328451275806 280.0001118408984 18.3515625 10106
468 289.86316527815103 280.00011195265671 18.355417251586914 10127
469 289.85306357039565 280.00011206422141 18.353542327880859 10149
470 289.84297933249002 280.00011217559324 18.348749160766602 10171
471 289.8329125077297 280.00011228677261 18.361927032470703 10192
472 289.82286303970523 280.00011239776046 18.345417022705078 10214
473 289.81283087230003 280.00011250855709 18.353385925292969 10235
474 289.80281594968869 280.0001126191633 18.346042633056641 10257
475 289.79281821633418 280.00011272957977 18.343957901000977 10278
476 289.78283761698674 280.00011283980695 18.358125686645508 10300
477 289.77287409668054 280.00011294984546 18.345363616943359 10321
478 289.76292760073301 280.00011305969599 18.368019104003906 10343
479 289.75299807474192 280.00011316935905 18.357656478881836 10365
480 289.74308546458343 280.00011327883544 18.352916717529297 10386
481 289.73318971641066 280.00011338812544 18.360729217529297 10408
482 289.72331077665132 280.0001134972299 18.351770401000977 10429
483 289.71344859200565 280.00011360614923 18.357448577880859 10451
484 289.70360310944483 280.00011371488421 18.358177185058594 10472
485 289.69377427620901 280.00011382343524 18.357812881469727 10494
486 289.68396203980501 280.00011393180296 18.351875305175781 10516
487 289.67416634800509 280.00011403998798 18.35661506652832 10537
488 289.66438714884453 280.00011414799087 18.347448348999023 10559
489 289.65462439062014 280.00011425581221 18.355417251586914 10580
490 289.64487802188825 280.0001143634525 18.343385696411133 10602
491 289.63514799146321 280.00011447091237 18.339218139648438 10623
492 289.62543424841482 280.00011457819232 18.355260848999023 10645
493 289.61573674206761 280.00011468529294 18.337499618530273 10666
494 289.60605542199835 280.00011479221484 18.343177795410156 10688
495 289.59639023803453 280.00011489895854 18.337917327880859 10709
496 289.58674114025246 280.00011500552461 18.340885162353516 10731
497 289.57710807897593 280.00011511191349 18.365833282470703 10752
498 289.5674910047743 280.00011521812581 18.345468521118164 10774
499 289.55788986846056 280.0001153241621 18.357969284057617 10796
500 289.54830462108998 280.0001154300229 18.354530334472656 10817
501 289.53873521395866 280.00011553570886 18.341667175292969 10839
502 289.52918159860116 280.00011564122042 18.355989456176758 10860
503 289.51964372678964 280.00011574655804 18.34880256652832 10882
504 289.51012155053184 280.00011585172228 18.352447509765625 10903
505 289.50061502206944 280.00011595671373 18.34703254699707 10925
506 289.49112409387686 280.00011606153288 18.357759475708008 10946
507 289.48164871865924 280.00011616618036 18.343280792236328 10968
508 289.47218884935103 280.00011627065652 18.353540420532227 10990
509 289.46274443911472 280.00011637496186 18.348228454589844 11011
510 289.45331544133882 280.00011647909713 18.350730895996094 11033
511 289.44390180963683 280.00011658306261 18.362760543823242 11054
512 289.43450349784536 280.00011668685886 18.351146697998047 11076
513 289.42512046002281 280.00011679048652 18.365884780883789 11097
514 289.41575265044804 280.00011689394597 18.344009399414062 11119
515 289.40640002361846 280.00011699723768 18.355260848999023 11140
516 289.39706253424902 280.00011710036227 18.344947814941406 11162
517 289.38774013727061 280.0001172033202 18.342084884643555 11184
518 289.37843278782844 280.00011730611186 18.367343902587891 11205
519 289.36914044128116 280.00011740873788 18.362031936645508 11227
520 289.35986305319869 280.00011751119871 18.36833381652832 11249
521 289.35060057936141 280.00011761349475 18.350519180297852 11270
522 289.34135297575887 280.00011771562669 18.344583511352539 11292
523 289.33212019858757 280.00011781759474 18.343696594238281 11314
524 289.32290220425079 280.0001179193996 18.341562271118164 11335
525 289.31369894935625 280.00011802104166 18.353437423706055 11357
526 289.30451039071539 280.00011812252137 18.361927032470703 11378
527 289.29533648534164 280.00011822383937 18.344583511352539 11400
528 289.28617719044939 280.00011832499592 18.344217300415039 11421
529 289.27703246345249 280.00011842599162 18.341302871704102 11443
530 289.26790226196329 280.0001185268269 18.349218368530273 11464
531 289.25878654379079 280.0001186275021 18.343801498413086 11486
532 289.24968526694005 280.00011872801792 18.359844207763672 11507
533 289.24059838961017 280.00011882837464 18.345052719116211 11529
534 289.23152587019388 280.00011892857287 18.349895477294922 11551
535 289.22246766727568 280.00011902861303 18.340051651000977 11572
536 289.21342373963074 280.00011912849544 18.346094131469727 11594
537 289.20439404622391 280.00011922822068 18.347917556762695 11615
538 289.19537854620808 280.00011932778921 18.341302871704102 11637
539 289.18637719892348 280.00011942720135 18.345781326293945 11658
540 289.1773899638963 280.00011952645758 18.344532012939453 11680
541 289.16841680083741 280.00011962555857 18.339582443237305 11701
542 289.15945766964097 280.00011972450449 18.346094131469727 11723
543 289.15051253038393 280.00011982329585 18.34453010559082 11744
544 289.14158134332439 280.00011992193316 18.346979141235352 11766
545 289.13266406890045 280.00012002041683 18.349010467529297 11787
546 289.12376066772936 280.0001201187473 18.343437194824219 11809
547 289.11487110060608 280.00012021692493 18.352447509765625 11831
548 289.10599532850239 280.00012031495021 18.352500915527344 11852
549 289.09713331256575 280.00012041282355 18.341926574707031 11874
550 289.08828501411801 280.00012051054551 18.349479675292969 11895
551 289.07945039465466 280.00012060811628 18.346769332885742 11917
552 289.07062941584343 280.00012070553646 18.335781097412109 11938
553 289.06182203952341 280.00012080280635 18.343385696411133 11960
554 289.05302822770386 280.00012089992651 18.348489761352539 11981
555 289.04424794256357 280.00012099689724 18.335311889648438 12003
556 289.03548114644889 280.00012109371903 18.336301803588867 12024
557 289.02672780187368 280.00012119039218 18.334842681884766 12046
558 289.01798787151802 280.00012128691719 18.334270477294922 12067
559 289.00926131822644 280.00012138329453 18.340782165527344 12089
560 289.00054810500808 280.00012147952447 18.338594436645508 12110
561 288.991848195035 280.00012157560752 18.334114074707031 12132
562 288.98316155164099 280.00012167154404 18.344270706176758 12154
563 288.97448813832142 280.00012176733452 18.339479446411133 12175
564 288.96582791873135 280.00012186297926 18.339218139648438 12197
565 288.95718085668494 280.00012195847859 18.341405868530273 12218
566 288.94854691615456 280.00012205383308 18.345937728881836 12240
567 288.93992606126994 280.00012214904302 18.333906173706055 12261
568 288.93131825631673 280.00012224410887 18.343385696411133 12283
569 288.922723465736 280.00012233903101 18.341093063354492 12304
570 288.91414165412334 280.00012243380979 18.343177795410156 12326
571 288.9055727862272 280.00012252844556 18.351665496826172 12348
572 288.8970168269492 280.00012262293882 18.35041618347168 12369
573 288.88847374134207 280.00012271728986 18.343957901000977 12391
574 288.87994349460945 280.00012281149912 18.345157623291016 12412
575 288.87142605210454 280.00012290556697 18.343124389648438 12434
576 288.8629213793298 280.00012299949378 18.33515739440918 12455
577 288.85442944193505 280.00012309327997 18.34453010559082 12477
578 288.84595020571777 280.00012318692586 18.350469589233398 12498
579 288.83748363662147 280.00012328043186 18.350624084472656 12520
580 288.82902970073496 280.00012337379832 18.351875305175781 12542
581 288.82058836429167 280.00012346702567 18.346614837646484 12563
582 288.81215959366853 280.00012356011422 18.352657318115234 12585
583 288.80374335538551 280.00012365306441 18.346250534057617 12606
584 288.79533961610434 280.00012374587646 18.341718673706055 12628
585 288.78694834262785 280.00012383855096 18.348489761352539 12649
586 288.77856950189943 280.00012393108801 18.344947814941406 12671
587 288.77020306100161 280.00012402348824 18.340728759765625 12692
588 288.76184898715582 280.00012411575182 18.345155715942383 12714
589 288.75350724772119 280.0001242078792 18.332603454589844 12735
590 288.74517781019409 280.00012429987072 18.330417633056641 12757
591 288.73686064220686 280.00012439172667 18.339479446411133 12779
592 288.72855571152752 280.00012448344745 18.330989837646484 12800
593 288.72026298605863 280.00012457503357 18.326822280883789 12822
594 288.71198243383679 280.00012466648519 18.332759857177734 12843
595 288.70371402303141 280.00012475780267 18.340625762939453 12865
596 288.69545772194471 280.00012484898645 18.333280563354492 12886
597 288.68721349901006 280.00012494003687 18.32421875 12908
598 288.67898132279191 280.00012503095417 18.330104827880859 12929
599 288.67076116198456 280.00012512173885 18.33026123046875 12951
600 288.66255298541188 280.00012521239108 18.327030181884766 12972
601 288.65435676202628 280.00012530291133 18.33317756652832 12994
602 288.64617246090785 280.00012539329992 18.326145172119141 13015
603 288.63800005126404 280.00012548355721 18.331146240234375 13037
604 288.62983950242841 280.00012557368348 18.339374542236328 13058
605 288.62169078386046 280.00012566367911 18.33416748046875 13080
606 288.61355386514447 280.00012575354441 18.337135314941406 13101
607 288.60542871598909 280.0001258432797 18.342344284057617 13123
608 288.59731530622662 280.0001259328854 18.329166412353516 13145
609 288.58921360581184 280.00012602236171 18.340364456176758 13166
610 288.58112358482197 280.00012611170905 18.343854904174805 13188
611 288.57304521345588 280.00012620092775 18.331457138061523 13209
612 288.56497846203268 280.0001262900181 18.349582672119141 13231
613 288.55692330099214 280.00012637898044 18.341615676879883 13252
614 288.54887970089294 280.00012646781511 18.335573196411133 13274
615 288.54084763241315 280.00012655652245 18.336250305175781 13295
616 288.53282706634837 280.00012664510274 18.336614608764648 13317
617 288.52481797361207 280.00012673355639 18.346719741821289 13338
618 288.51682032523411 280.00012682188344 18.347291946411133 13360
619 288.5088340923607 280.00012691008453 18.342082977294922 13381
620 288.5008592462537 280.00012699815994 18.343072891235352 13403
621 288.49289575828936 280.00012708610984 18.336353302001953 13425
622 288.48494359995868 280.00012717393457 18.342136383056641 13446
623 288.47700274286592 280.00012726163453 18.340677261352539 13468
624 288.46907315872829 280.00012734921 18.340728759765625 13489
625 288.46115481937557 280.00012743666133 18.344375610351562 13511
626 288.4532476967488 280.00012752398874 18.337760925292969 13532
627 288.44535176290071 280.00012761119251 18.342292785644531 13554
628 288.43746698999411 280.0001276982731 18.340572357177734 13576
629 288.42959335030173 280.00012778523069 18.345834732055664 13597
630 288.42173081620587 280.00012787206572 18.337240219116211 13619
631 288.41387936019697 280.00012795877825 18.352500915527344 13640
632 288.40603895487419 280.0001280453688 18.34650993347168 13662
633 288.39820957294381 280.00012813183758 18.338228225708008 13683
634 288.39039118721905 280.00012821818501 18.336614608764648 13705
635 288.3825837706197 280.00012830441125 18.339530944824219 13726
636 288.37478729617106 280.00012839051664 18.332290649414062 13748
637 288.36700173700376 280.00012847650146 18.327812194824219 13769
638 288.35922706635296 280.00012856236606 18.33708381652832 13791
639 288.35146325755807 280.0001286481106 18.330104827880859 13813
640 288.34371028406161 280.00012873373561 18.34260368347168 13834
641 288.33596811940953 280.00012881924118 18.334686279296875 13856
642 288.32823673724988 280.00012890462773 18.329896926879883 13877
643 288.32051611133255 280.00012898989542 18.337448120117188 13899
644 288.31280621550883 280.00012907504458 18.331302642822266 13920
645 288.30510702373073 280.00012916007557 18.328542709350586 13942
646 288.29741851005036 280.00012924498861 18.328437805175781 13963
647 288.28974064861961 280.00012932978404 18.329843521118164 13985
648 288.2820734136896 280.00012941446204 18.327812194824219 14006
649 288.27441677960996 280.00012949902299 18.330730438232422 14028
650 288.26677072082862 280.00012958346719 18.329479217529297 14049
651 288.25913521189057 280.00012966779485 18.329740524291992 14071
652 288.25151022743853 280.00012975200622 18.328020095825195 14092
653 288.24389574221124 280.00012983610179 18.325572967529297 14114
654 288.23629173104382 280.00012992008152 18.326406478881836 14135
655 288.2286981688668 280.00013000394591 18.338542938232422 14157
656 288.22111503070579 280.0001300876952 18.331354141235352 14178
657 288.21354229168082 280.0001301713296 18.326042175292969 14200
658 288.20597992700607 280.00013025484947 18.339166641235352 14221
659 288.19842791198914 280.00013033825496 18.326406478881836 14243
660 288.19088622203088 280.00013042154643 18.332967758178711 14264
661 288.18335483262473 280.00013050472421 18.336301803588867 14286
662 288.17583371935598 280.00013058778848 18.325260162353516 14307
663 288.16832285790161 280.00013067073951 18.336771011352539 14329
664 288.16082222402991 280.00013075357759 18.329063415527344 14351
665 288.15333179359959 280.00013083630296 18.329219818115234 14372
666 288.14585154255968 280.00013091891589 18.336093902587891 14394
667 288.13838144694904 280.00013100141672 18.328020095825195 14415
668 288.13092148289559 280.00013108380563 18.33416748046875 14437
669 288.12347162661615 280.00013116608295 18.340572357177734 14458
670 288.11603185441589 280.00013124824881 18.32890510559082 14480
671 288.10860214268774 280.00013133030365 18.327499389648438 14501
672 288.10118246791239 280.00013141224758 18.328802108764648 14523
673 288.09377280665723 280.00013149408096 18.322603225708008 14544
674 288.0863731355762 280.00013157580401 18.332656860351562 14566
675 288.0789834314096 280.00013165741689 18.326198577880859 14587
676 288.07160367098288 280.00013173892006 18.332708358764648 14609
677 288.0642338312075 280.00013182031358 18.322343826293945 14630
678 288.05687388907893 280.00013190159785 18.325572967529297 14652
679 288.04952382167738 280.0001319827731 18.33885383605957 14673
680 288.04218360616716 280.00013206383949 18.324426651000977 14695
681 288.03485321979565 280.00013214479736 18.340311050415039 14717
682 288.02753263989359 280.00013222564689 18.342082977294922 14738
683 288.02022184387442 280.00013230638831 18.332395553588867 14760
684 288.01292080923366 280.00013238702201 18.33692741394043 14781
685 288.0056295135488 280.0001324675481 18.328645706176758 14803
686 287.99834793447866 280.00013254796698 18.325468063354492 14824
687 287.99107604976319 280.00013262827872 18.335363388061523 14846
688 287.98381383722278 280.00013270848359 18.331979751586914 14867
689 287.97656127475801 280.00013278858194 18.332813262939453 14889
690 287.96931834034973 280.00013286857393 18.325521469116211 14910
691 287.9620850120574 280.00013294845985 18.334218978881836 14932
692 287.95486126802012 280.00013302823993 18.340051651000977 14953
693 287.94764708645545 280.00013310791439 18.345104217529297 14975
694 287.94044244565885 280.00013318748347 18.340782165527344 14997
695 287.93324732400413 280.00013326694744 18.329011917114258 15018
696 287.92606169994218 280.00013334630643 18.333124160766602 15040
697 287.91888555200109 280.00013342556088 18.335884094238281 15061
698 287.9117188587856 280.00013350471085 18.331613540649414 15083
699 287.90456159897673 280.00013358375662 18.330886840820312 15104
700 287.89741375133144 280.00013366269854 18.321926116943359 15126
701 287.89027529468228 280.00013374153667 18.329687118530273 15147
702 287.88314620793699 280.00013382027129 18.329635620117188 15169
703 287.87602647007799 280.00013389890279 18.331562042236328 15190
704 287.86891606016223 280.00013397743118 18.334011077880859 15212
705 287.86181495732092 280.00013405585673 18.325572967529297 15233
706 287.85472314075855 280.00013413417975 18.327812194824219 15255
707 287.8476405897535 280.0001342124005 18.336250305175781 15276
708 287.84056728365664 280.00013429051904 18.333646774291992 15298
709 287.8335032018918 280.00013436853578 18.332708358764648 15319
710 287.82644832395505 280.00013444645089 18.325416564941406 15341
711 287.81940262941436 280.00013452426452 18.328125 15362
712 287.81236609790926 280.00013460197704 18.327447891235352 15384
713 287.80533870915053 280.00013467958854 18.330520629882812 15405
714 287.79832044291999 280.0001347570992 18.324115753173828 15427
715 287.79131127906982 280.00013483450942 18.334218978881836 15448
716 287.78431119752247 280.00013491181937 18.324947357177734 15470
717 287.7773201782702 280.00013498902922 18.335103988647461 15492
718 287.77033820137524 280.00013506613914 18.334114074707031 15513
719 287.76336524696825 280.00013514314946 18.327238082885742 15535
720 287.75640129524947 280.00013522006032 18.334114074707031 15556
721 287.74944632648743 280.00013529687197 18.32927131652832 15578
722 287.74250032101855 280.00013537358467 18.330730438232422 15599
723 287.73556325924778 280.00013545019857 18.335676193237305 15621
724 287.72863512164724 280.0001355267139 18.328855514526367 15642
725 287.72171588875619 280.0001356031309 18.333698272705078 15664
726 287.71480554118114 280.00013567944973 18.335416793823242 15685
727 287.70790405959497 280.00013575567073 18.326770782470703 15707
728 287.70101142473692 280.00013583179401 18.337291717529297 15728
729 287.69412761741222 280.00013590781981 18.332136154174805 15750
730 287.68725261849181 280.00013598374829 18.325624465942383 15771
731 287.68038640891183 280.00013605957963 18.341457366943359 15793
732 287.67352896967355 280.00013613531416 18.325468063354492 15814
733 287.66668028184307 280.00013621095206 18.324895858764648 15836
734 287.65984032655069 280.0001362864935 18.330677032470703 15857
735 287.6530090849912 280.00013636193876 18.317134857177734 15879
736 287.64618653842274 280.00013643728789 18.320938110351562 15900
737 287.63937266816737 280.00013651254125 18.338855743408203 15922
738 287.63256745561034 280.00013658769899 18.322500228881836 15943
739 287.62577088219956 280.00013666276135 18.332553863525391 15965
740 287.61898292944585 280.00013673772844 18.326875686645508 15987
741 287.61220357892233 280.00013681260054 18.318124771118164 16008
742 287.60543281226416 280.00013688737789 18.323385238647461 16030
743 287.59867061116807 280.00013696206059 18.32927131652832 16051
744 287.5919169573927 280.00013703664894 18.324636459350586 16073
745 287.58517183275745 280.00013711114309 18.329635620117188 16094
746 287.57843521914293 280.00013718554311 18.33380126953125 16116
747 287.57170709849021 280.00013725984951 18.32697868347168 16137
748 287.56498745280089 280.00013733406229 18.339948654174805 16159
749 287.55827626413645 280.0001374081815 18.331405639648438 16180
750 287.55157351461827 280.00013748220772 18.32927131652832 16202
751 287.54487918642718 280.00013755614083 18.334114074707031 16224
752 287.53819326180337 280.00013762998111 18.335155487060547 16245
753 287.53151572304591 280.0001377037288 18.340625762939453 16267
754 287.5248465525126 280.00013777738411 18.344894409179688 16288
755 287.51818573261971 280.00013785094717 18.34880256652832 16310
756 287.51153324584163 280.0001379244182 18.346458435058594 16332
757 287.50488907471066 280.00013799779737 18.335260391235352 16353
758 287.49825320181685 280.0001380710849 18.324792861938477 16375
759 287.4916256098075 280.00013814428098 18.326927185058594 16397
760 287.48500628138697 280.00013821738577 18.335416793823242 16418
761 287.47839519931654 280.00013829039955 18.330051422119141 16440
762 287.4717923464143 280.00013836332238 18.334114074707031 16461
763 287.46519770555432 280.00013843615449 18.336250305175781 16483
764 287.45861125966684 280.00013850889621 18.34588623046875 16504
765 287.45203299173829 280.0001385815475 18.33302116394043 16526
766 287.4454628848103 280.00013865410875 18.330156326293945 16547
767 287.43890092197984 280.00013872658002 18.331094741821289 16569
768 287.43234708639915 280.00013879896147 18.331094741821289 16590
769 287.42580136127521 280.0001388712534 18.326927185058594 16612
770 287.4192637298695 280.00013894345591 18.327186584472656 16633
771 287.41273417549809 280.00013901556929 18.338228225708008 16655
772 287.4062126815308 280.0001390875936 18.337448120117188 16677
773 287.39969923139165 280.00013915952906 18.332292556762695 16698
774 287.39319380855807 280.0001392313759 18.326614379882812 16720
775 287.38669639656092 280.00013930313429 18.331979751586914 16741
776 287.38020697898429 280.00013937480429 18.330520629882812 16763
777 287.37372553946483 280.00013944638624 18.330936431884766 16784
778 287.36725206169228 280.00013951788031 18.334583282470703 16806
779 287.3607865294087 280.00013958928656 18.342031478881836 16827
780 287.35432892640813 280.00013966060521 18.34083366394043 16849
781 287.34787923653687 280.0001397318365 18.339582443237305 16870
782 287.34143744369277 280.00013980298058 18.330104827880859 16892
783 287.33500353182518 280.00013987403764 18.341926574707031 16913
784 287.32857748493495 280.00013994500785 18.334426879882812 16935
785 287.32215928707365 280.0001400158913 18.337291717529297 16956
786 287.31574892234408 280.00014008668836 18.340572357177734 16978
787 287.30934637489929 280.00014015739896 18.329999923706055 17000
788 287.30295162894299 280.00014022802344 18.336198806762695 17021
789 287.29656466872871 280.00014029856197 18.338125228881836 17043
790 287.29018547856037 280.00014036901473 18.335676193237305 17064
791 287.28381404279133 280.00014043938171 18.338333129882812 17086
792 287.27745034582455 280.00014050966331 18.333229064941406 17107
793 287.2710943721122 280.00014057985959 18.33531379699707 17129
794 287.26474610615554 280.00014064997077 18.336093902587891 17150
795 287.25840553250504 280.00014071999698 18.32734489440918 17172
796 287.25207263575913 280.00014078993837 18.331457138061523 17193
797 287.24574740056539 280.00014085979518 18.336563110351562 17215
798 287.23942981161917 280.00014092956758 18.329843521118164 17236
799 287.23311985366405 280.00014099925562 18.335781097412109 17258
800 287.22681751149145 280.00014106885959 18.335519790649414 17279
801 287.22052276994009 280.0001411383796 18.329687118530273 17301
802 287.21423561389662 280.00014120781589 18.33807373046875 17323
803 287.2079560282944 280.00014127716855 18.344270706176758 17344
804 287.20168399811416 280.00014134643772 18.332969665527344 17366
805 287.19541950838311 280.00014141562366 18.336822509765625 17387
806 287.18916254417513 280.0001414847265 18.328489303588867 17409
807 287.18291309061078 280.00014155374635 18.322811126708984 17430
808 287.17667113285637 280.00014162268337 18.331926345825195 17452
809 287.17043665612454 280.00014169153781 18.329374313354492 17473
810 287.16420964567374 280.00014176030982 18.321615219116211 17495
811 287.15799008680773 280.00014182899952 18.332969665527344 17516
812 287.15177796487581 280.00014189760708 18.335781097412109 17538
813 287.14557326527279 280.00014196613267 18.323020935058594 17560
814 287.13937597343795 280.00014203457647 18.338228225708008 17581
815 287.13318607485598 280.00014210293864 18.332969665527344 17603
816 287.12700355505581 280.00014217121924 18.328802108764648 17624
817 287.12082839961107 280.00014223941849 18.332082748413086 17646
818 287.11466059413937 280.00014230753669 18.327239990234375 17667
819 287.10850012430279 280.00014237557377 18.318801879882812 17689
820 287.10234697580694 280.00014244353008 18.322603225708008 17710
821 287.09620113440133 280.00014251140561 18.325155258178711 17732
822 287.09006258587902 280.00014257920054 18.327863693237305 17753
823 287.08393131607619 280.00014264691521 18.325468063354492 17775
824 287.07780731087257 280.00014271454961 18.318958282470703 17796
825 287.0716905561905 280.00014278210392 18.322292327880859 17818
826 287.06558103799523 280.00014284957831 18.316770553588867 17839
827 287.05947874229469 280.00014291697289 18.325311660766602 17861
828 287.05338365513927 280.00014298428795 18.321405410766602 17882
829 287.04729576262139 280.00014305152354 18.321510314941406 17904
830 287.04121505087591 280.00014311867977 18.324739456176758 17925
831 287.03514150607941 280.00014318575688 18.325677871704102 17947
832 287.02907511445017 280.00014325275498 18.317707061767578 17968
833 287.02301586224814 280.00014331967424 18.325052261352539 17990
834 287.01696373577448 280.00014338651482 18.316822052001953 18011
835 287.01091872137187 280.00014345327679 18.328020095825195 18033
836 287.0048808054238 280.00014351996037 18.331354141235352 18054
837 286.99884997435453 280.00014358656574 18.328332901000977 18076
838 286.99282621462959 280.00014365309306 18.329635620117188 18097
839 286.98680951275435 280.00014371954239 18.325103759765625 18119
840 286.98079985527494 280.00014378591385 18.323280334472656 18141
841 286.97479722877779 280.00014385220766 18.336614608764648 18162
842 286.96880161988901 280.0001439184241 18.324478149414062 18183
843 286.96281301527483 280.00014398456307 18.326406478881836 18205
844 286.95683140164135 280.00014405062495 18.330417633056641 18227
845 286.95085676573382 280.00014411660965 18.323385238647461 18248
846 286.94488909433721 280.00014418251749 18.342864990234375 18270
847 286.93892837427558 280.00014424834853 18.335208892822266 18291
848 286.93297459241211 280.0001443141029 18.331510543823242 18313
849 286.92702773564878 280.00014437978086 18.333959579467773 18334
850 286.92108779092649 280.00014444538243 18.330051422119141 18356
851 286.91515474522464 280.00014451090783 18.333906173706055 18377
852 286.9092285855611 280.00014457635723 18.344686508178711 18399
853 286.90330929899193 280.00014464173063 18.33984375 18420
854 286.89739687261141 280.00014470702837 18.335832595825195 18442
855 286.89149129355178 280.00014477225039 18.328802108764648 18463
856 286.88559254898314 280.00014483739704 18.333072662353516 18485
857 286.87970062611311 280.00014490246826 18.334218978881836 18506
858 286.87381551218692 280.00014496746428 18.333280563354492 18528
859 286.86793719448718 280.00014503238526 18.335781097412109 18549
860 286.86206566033371 280.00014509723133 18.331979751586914 18571
861 286.85620089708334 280.00014516200264 18.332864761352539 18592
862 286.85034289212985 280.00014522669926 18.332082748413086 18614
863 286.84449163290367 280.00014529132142 18.322916030883789 18635
864 286.83864710687214 280.00014535586917 18.332916259765625 18657
865 286.83280930153876 280.00014542034279 18.329792022705078 18679
866 286.82697820444349 280.00014548474223 18.328542709350586 18700
867 286.82115380316253 280.00014554906772 18.335260391235352 18722
868 286.81533608530776 280.00014561331949 18.332761764526367 18743
869 286.80952503852762 280.00014567749747 18.328853607177734 18765
870 286.80372065050568 280.00014574160201 18.331926345825195 18786
871 286.79792290896131 280.00014580563311 18.330728530883789 18808
872 286.79213180164953 280.00014586959088 18.342864990234375 18829
873 286.78634731636043 280.00014593347561 18.336875915527344 18851
874 286.78056944091946 280.00014599728729 18.333646774291992 18872
875 286.77479816318686 280.0001460610261 18.340730667114258 18894
876 286.76903347105826 280.00014612469215 18.330833435058594 18916
877 286.76327535246338 280.00014618828561 18.330415725708008 18937
878 286.75752379536721 280.00014625180665 18.337343215942383 18959
879 286.7517787877689 280.00014631525539 18.328594207763672 18980
880 286.74604031770212 280.00014637863188 18.341615676879883 19002
881 286.74030837323448 280.00014644193629 18.341041564941406 19023
882 286.73458294246797 280.0001465051688 18.325311660766602 19045
883 286.72886401353838 280.00014656832946 18.331718444824219 19066
884 286.72315157461549 280.00014663141849 18.328073501586914 19088
885 286.71744561390256 280.0001466944359 18.324478149414062 19109
886 286.71174611963647 280.00014675738191 18.33380126953125 19131
887 286.70605308008766 280.00014682025665 18.342447280883789 19153
888 286.70036648355972 280.00014688306027 18.326822280883789 19174
889 286.69468631838942 280.00014694579278 18.33203125 19196
890 286.68901257294669 280.00014700845446 18.334375381469727 19217
891 286.68334523563408 280.00014707104532 18.327760696411133 19239
892 286.67768429488729 280.00014713356558 18.336458206176758 19260
893 286.67202973917455 280.00014719601535 18.329219818115234 19282
894 286.66638155699638 280.00014725839463 18.31916618347168 19303
895 286.66073973688594 280.00014732070372 18.325937271118164 19325
896 286.65510426740866 280.00014738294266 18.333854675292969 19346
897 286.64947513716214 280.00014744511162 18.320573806762695 19368
898 286.64385233477577 280.00014750721061 18.331926345825195 19389
899 286.63823584891111 280.00014756923991 18.329530715942383 19411
900 286.63262566826143 280.00014763119952 18.328489303588867 19432
901 286.62702178155166 280.00014769308967 18.337291717529297 19454
902 286.62142417753802 280.00014775491036 18.330989837646484 19476
903 286.61583284500864 280.00014781666187 18.33380126953125 19497
904 286.61024777278249 280.00014787834419 18.332134246826172 19519
905 286.60466894970989 280.00014793995746 18.32536506652832 19540
906 286.59909636467233 280.00014800150188 18.325311660766602 19562
907 286.59353000658217 280.00014806297759 18.324113845825195 19583
908 286.58796986438222 280.00014812438457 18.328334808349609 19605
909 286.58241592704667 280.00014818572311 18.337448120117188 19626
910 286.57686818357985 280.00014824699315 18.325521469116211 19648
911 286.57132662301649 280.00014830819498 18.335155487060547 19669
912 286.56579123442202 280.0001483693286 18.332813262939453 19691
913 286.56026200689178 280.00014843039418 18.329322814941406 19712
914 286.55473892955138 280.00014849139188 18.331510543823242 19734
915 286.54922199155652 280.00014855232166 18.338855743408203 19755
916 286.54371118209252 280.00014861318385 18.320676803588867 19777
917 286.53820649037493 280.00014867397846 18.323333740234375 19798
918 286.53270790564846 280.00014873470565 18.321041107177734 19820
919 286.52721541718773 280.00014879536548 18.317604064941406 19841
920 286.52172901429662 280.00014885595806 18.323490142822266 19863
921 286.51624868630847 280.00014891648357 18.324583053588867 19884
922 286.51077442258571 280.00014897694211 18.316093444824219 19906
923 286.50530621252005 280.00014903733387 18.331302642822266 19927
924 286.49984404553203 280.00014909765878 18.322187423706055 19949
925 286.49438791107133 280.00014915791712 18.328281402587891 19970
926 286.48893779861606 280.0001492181089 18.336042404174805 19992
927 286.48349369767334 280.0001492782344 18.327499389648438 20013
928 286.47805559777862 280.00014933829357 18.32208251953125 20035
929 286.47262348849608 280.00014939828657 18.331823348999023 20057
930 286.46719735941798 280.00014945821351 18.329011917114258 20078
931 286.46177720016499 280.00014951807452 18.342863082885742 20100
932 286.45636300038592 280.00014957786971 18.34046745300293 20121
933 286.45095474975767 280.00014963759924 18.33770751953125 20143
934 286.44555243798487 280.00014969726311 18.327291488647461 20164
935 286.44015605480024 280.0001497568615 18.321874618530273 20186
936 286.434765589964 280.00014981639458 18.32911491394043 20207
937 286.42938103326435 280.00014987586241 18.330572128295898 20229
938 286.42400237451665 280.00014993526509 18.330728530883789 20250
939 286.41862960356377 280.00014999460279 18.327447891235352 20272
940 286.413262710276 280.00015005387553 18.325937271118164 20293
941 286.40790168455089 280.00015011308346 18.320415496826172 20315
942 286.40254651631312 280.00015017222665 18.323802947998047 20336
943 286.3971971955142 280.00015023130533 18.319948196411133 20358
944 286.39185371213262 280.0001502903196 18.329427719116211 20379
945 286.38651605617389 280.00015034926935 18.329635620117188 20401
946 286.3811842176699 280.00015040815498 18.326457977294922 20422
947 286.37585818667969 280.00015046697638 18.328853607177734 20444
948 286.37053795328842 280.00015052573383 18.331457138061523 20465
949 286.36522350760771 280.00015058442733 18.330625534057617 20487
950 286.35991483977563 280.000150643057 18.343021392822266 20509
951 286.35461193995661 280.00015070162306 18.335155487060547 20530
952 286.34931479834091 280.00015076012545 18.348541259765625 20552
953 286.34402340514504 280.00015081856429 18.334480285644531 20573
954 286.33873775061153 280.00015087693981 18.323125839233398 20595
955 286.33345782500862 280.00015093525207 18.324113845825195 20616
956 286.32818361863042 280.00015099350117 18.334375381469727 20638
957 286.32291512179654 280.00015105168723 18.330364227294922 20659
958 286.31765232485247 280.0001511098103 18.334218978881836 20681
959 286.31239521816906 280.00015116787051 18.33203125 20702
960 286.30714379214243 280.00015122586802 18.322446823120117 20724
961 286.30189803719412 280.00015128380289 18.350364685058594 20745
962 286.29665794377075 280.00015134167523 18.336614608764648 20767
963 286.29142350234446 280.00015139948516 18.330051422119141 20788
964 286.28619470341181 280.00015145723273 18.33088493347168 20810
965 286.28097153749485 280.00015151491812 18.329374313354492 20831
966 286.27575399514029 280.00015157254143 18.325677871704102 20853
967 286.27054206691946 280.00015163010272 18.331823348999023 20875
968 286.26533574342847 280.00015168760211 18.330833435058594 20896
969 286.26013501528814 280.00015174503972 18.325416564941406 20918
970 286.2549398731436 280.00015180241559 18.322292327880859 20939
971 286.24975030766456 280.0001518597299 18.323646545410156 20961
972 286.24456630954484 280.00015191698265 18.338384628295898 20982
973 286.23938786950271 280.00015197417412 18.33104133605957 21004
974 286.23421497828042 280.00015203130431 18.330728530883789 21025
975 286.22904762664444 280.00015208837328 18.338020324707031 21047
976 286.22388580538512 280.00015214538121 18.327186584472656 21068
977 286.21872950531673 280.00015220232802 18.331926345825195 21090
978 286.21357871727724 280.00015225921419 18.332969665527344 21111
979 286.20843343212863 280.00015231603936 18.332134246826172 21133
980 286.20329364075616 280.000152372804 18.342552185058594 21155
981 286.19815933406898 280.00015242950803 18.346874237060547 21176
982 286.19303050299942 280.00015248615153 18.331459045410156 21198
983 286.18790713850336 280.00015254273472 18.326511383056641 21219
984 286.18278923156015 280.00015259925766 18.326509475708008 21241
985 286.17767677317187 280.00015265572034 18.318124771118164 21262
986 286.17256975436425 280.000152712123 18.325624465942383 21284
987 286.16746816618576 280.00015276846568 18.331666946411133 21305
988 286.16237199970811 280.00015282474851 18.329479217529297 21327
989 286.15728124602566 280.00015288097148 18.336093902587891 21349
990 286.15219589625571 280.00015293713483 18.354217529296875 21370
991 286.14711594153829 280.00015299323854 18.341093063354492 21392
992 286.14204137303608 280.00015304928286 18.357448577880859 21414
993 286.13697218193448 280.00015310526771 18.340885162353516 21435
994 286.13190835944096 280.00015316119328 18.340677261352539 21457
995 286.12684989678604 280.00015321705962 18.324634552001953 21479
996 286.12179678522205 280.00015327286695 18.333854675292969 21500
997 286.11674901602385 280.00015332861523 18.333490371704102 21522
998 286.11170658048837 280.00015338430461 18.337915420532227 21543
999 286.10666946993479 280.00015343993522 18.338228225708008 21565
1000 286.10163767570418 280.00015349550711 18.330833435058594 21586
1001 286.09661118915972 280.00015355102022 18.324010848999023 21608
1002 286.09159000168626 280.00015360647501 18.332603454589844 21630
1003 286.08657410469067 280.00015366187125 18.330520629882812 21651
1004 286.08156348960136 280.00015371720923 18.322084426879883 21673
1005 286.07655814786858 280.00015377248894 18.326250076293945 21694
1006 286.0715580709641 280.00015382771056 18.347917556762695 21716
1007 286.06656325038114 280.00015388287403 18.337448120117188 21737
1008 286.06157367763427 280.00015393797958 18.325260162353516 21759
1009 286.05658934425969 280.00015399302725 18.330312728881836 21780
1010 286.05161024181467 280.00015404801724 18.336042404174805 21802
1011 286.04663636187769 280.00015410294947 18.329843521118164 21823
1012 286.04166769604836 280.00015415782411 18.327760696411133 21845
1013 286.03670423594764 280.00015421264129 18.33203125 21866
1014 286.03174597321708 280.00015426740106 18.334009170532227 21888
1015 286.02679289951936 280.00015432210347 18.329011917114258 21909
1016 286.021845006538 280.0001543767487 18.328540802001953 21931
1017 286.01690228597732 280.00015443133685 18.328489303588867 21952
1018 286.01196472956218 280.00015448586794 18.331771850585938 21974
1019 286.00703232903822 280.00015454034212 18.328437805175781 21995
1020 286.0021050761718 280.00015459475935 18.322551727294922 22017
1021 285.99718296274938 280.00015464911991 18.322500228881836 22038
1022 285.99226598057817 280.00015470342373 18.336093902587891 22060
1023 285.98735412148568 280.00015475767105 18.331459045410156 22081
1024 285.98244737731955 280.00015481186182 18.325363159179688 22103
1025 285.9775457399478 280.00015486599619 18.324739456176758 22124
1026 285.97264920125855 280.00015492007429 18.329948425292969 22146
1027 285.96775775315996 280.00015497409612 18.329322814941406 22168
1028 285.96287138758038 280.00015502806178 18.332864761352539 22189
1029 285.95799009646777 280.00015508197146 18.332239151000977 22211
1030 285.95311387179021 280.00015513582525 18.324478149414062 22232
1031 285.94824270553573 280.00015518962306 18.322290420532227 22254
1032 285.9433765897117 280.00015524336516 18.321613311767578 22275
1033 285.93851551634543 280.00015529705155 18.325937271118164 22297
1034 285.93365947748396 280.00015535068235 18.331249237060547 22318
1035 285.92880846519347 280.00015540425767 18.346511840820312 22340
1036 285.92396247156012 280.00015545777751 18.34473991394043 22362
1037 285.91912148868897 280.00015551124199 18.348386764526367 22383
1038 285.91428550870484 280.00015556465127 18.327499389648438 22405
1039 285.90945452375172 280.00015561800535 18.329322814941406 22426
1040 285.90462852599262 280.00015567130436 18.331979751586914 22448
1041 285.89980750761003 280.00015572454839 18.336614608764648 22469
1042 285.89499146080522 280.00015577773746 18.34276008605957 22491
1043 285.89018037779874 280.00015583087179 18.333593368530273 22512
1044 285.88537425083001 280.00015588395132 18.33203125 22534
1045 285.88057307215723 280.00015593697623 18.333229064941406 22556
1046 285.87577683405766 280.00015598994656 18.32713508605957 22577
1047 285.87098552882713 280.0001560428625 18.325571060180664 22599
1048 285.86619914878031 280.00015609572392 18.335468292236328 22620
1049 285.86141768625055 280.00015614853106 18.330781936645508 22642
1050 285.85664113358956 280.00015620128397 18.327655792236328 22663
1051 285.85186948316789 280.00015625398282 18.333488464355469 22685
1052 285.84710272737436 280.0001563066275 18.335052490234375 22706
1053 285.84234085861618 280.00015635921829 18.340885162353516 22728
1054 285.83758386931908 280.00015641175514 18.32322883605957 22749
1055 285.83283175192685 280.00015646423822 18.328073501586914 22771
1056 285.8280844989016 280.00015651666757 18.328125 22792
1057 285.8233421027237 280.00015656904333 18.325157165527344 22814
1058 285.8186045558914 280.00015662136542 18.333541870117188 22835
1059 285.81387185092137 280.00015667363408 18.323280334472656 22857
1060 285.80914398034764 280.00015672584937 18.319269180297852 22879
1061 285.80442093672286 280.00015677801133 18.323125839233398 22900
1062 285.79970271261715 280.00015683012009 18.320781707763672 22922
1063 285.79498930061845 280.00015688217565 18.328697204589844 22943
1064 285.79028069333253 280.00015693417816 18.328540802001953 22965
1065 285.78557688338293 280.00015698612771 18.330259323120117 22986
1066 285.78087786341052 280.00015703802444 18.334217071533203 23008
1067 285.77618362607404 280.00015708986825 18.333698272705078 23029
1068 285.77149416404978 280.00015714165932 18.332916259765625 23051
1069 285.76680947003132 280.00015719339774 18.329635620117188 23072
1070 285.76212953672956 280.00015724508359 18.328697204589844 23094
1071 285.75745435687293 280.00015729671696 18.330728530883789 23115
1072 285.75278392320706 280.00015734829793 18.319583892822266 23137
1073 285.74811822849506 280.00015739982655 18.336040496826172 23158
1074 285.74345726551672 280.00015745130287 18.329269409179688 23180
1075 285.73880102706948 280.00015750272701 18.340520858764648 23201
1076 285.73414950596748 280.00015755409908 18.338489532470703 23223
1077 285.72950269504207 280.00015760541913 18.328697204589844 23244
1078 285.72486058714128 280.00015765668729 18.334114074707031 23266
1079 285.72022317513051 280.0001577079035 18.328229904174805 23287
1080 285.71559045189156 280.00015775906792 18.318334579467773 23309
1081 285.7109624103233 280.00015781018072 18.327396392822266 23331
1082 285.70633904334125 280.0001578612418 18.322969436645508 23352
1083 285.70172034387747 280.00015791225132 18.338020324707031 23374
1084 285.69710630488095 280.00015796320952 18.343124389648438 23395
1085 285.69249691931702 280.00015801411621 18.334270477294922 23417
1086 285.68789218016747 280.00015806497163 18.335363388061523 23438
1087 285.68329208043087 280.00015811577578 18.328958511352539 23460
1088 285.67869661312204 280.00015816652876 18.33885383605957 23481
1089 285.67410577127214 280.00015821723071 18.337032318115234 23503
1090 285.66951954792853 280.0001582678816 18.330469131469727 23524
1091 285.66493793615501 280.00015831848157 18.327499389648438 23546
1092 285.6603609290317 280.00015836903066 18.337656021118164 23567
1093 285.65578851965449 280.00015841952904 18.332553863525391 23589
1094 285.65122070113563 280.00015846997667 18.33026123046875 23610
1095 285.64665746660359 280.00015852037376 18.339271545410156 23632
1096 285.64209880920242 280.00015857072015 18.327968597412109 23654
1097 285.63754472209246 280.00015862101617 18.327709197998047 23675
1098 285.63299519844969 280.00015867126177 18.332916259765625 23697
1099 285.62845023146627 280.00015872145707 18.328853607177734 23718
1100 285.62390981434982 280.00015877160206 18.347709655761719 23740
1101 285.61937394032401 280.00015882169691 18.341823577880859 23761
1102 285.61484260262796 280.00015887174163 18.327552795410156 23783
1103 285.61031579451645 280.00015892173639 18.334634780883789 23804
1104 285.60579350926014 280.00015897168112 18.329166412353516 23826
1105 285.60127574014496 280.000159021576 18.320468902587891 23847
1106 285.59676248047231 280.00015907142108 18.338384628295898 23869
1107 285.59225372355945 280.00015912121643 18.326667785644531 23890
1108 285.58774946273849 280.00015917096221 18.32093620300293 23912
1109 285.5832496913572 280.00015922065825 18.330728530883789 23933
1110 285.57875440277871 280.00015927030489 18.335416793823242 23955
1111 285.57426359038124 280.00015931990208 18.337709426879883 23976
1112 285.56977724755836 280.00015936944988 18.330051422119141 23998
1113 285.56529536771865 280.00015941894839 18.33203125 24019
1114 285.56081794428599 280.00015946839767 18.322864532470703 24041
1115 285.55634497069912 280.00015951779784 18.326822280883789 24062
1116 285.551876440412 280.00015956714896 18.342187881469727 24084
1117 285.5474123468934 280.00015961645101 18.335103988647461 24106
1118 285.54295268362716 280.00015966570419 18.325937271118164 24127
1119 285.53849744411184 280.00015971490859 18.334896087646484 24149
1120 285.53404662186091 280.00015976406405 18.328125 24170
1121 285.52960021040286 280.0001598131708 18.351406097412109 24192
1122 285.52515820328034 280.00015986222894 18.329896926879883 24213
1123 285.5207205940514 280.0001599112386 18.327760696411133 24235
1124 285.51628737628812 280.00015996019965 18.327968597412109 24256
1125 285.5118585435776 280.00016000911234 18.334062576293945 24278
1126 285.50743408952127 280.00016005797659 18.336978912353516 24299
1127 285.50301400773526 280.00016010679269 18.327083587646484 24321
1128 285.49859829184987 280.00016015556042 18.33380126953125 24342
1129 285.49418693551019 280.00016020428012 18.339530944824219 24364
1130 285.48977993237548 280.00016025295167 18.330572128295898 24385
1131 285.48537727611927 280.00016030157525 18.344999313354492 24407
1132 285.48097896042952 280.00016035015091 18.336458206176758 24428
1133 285.47658497900841 280.0001603986787 18.332708358764648 24450
1134 285.47219532557233 280.00016044715858 18.334426879882812 24471
1135 285.46780999385174 280.00016049559082 18.326093673706055 24493
1136 285.46342897759121 280.00016054397537 18.332136154174805 24515
1137 285.45905227054959 280.0001605923124 18.330104827880859 24536
1138 285.45467986649936 280.00016064060185 18.333854675292969 24558
1139 285.45031175922753 280.00016068884383 18.329584121704102 24579
1140 285.44594794253447 280.00016073703847 18.332551956176758 24601
1141 285.44158841023483 280.00016078518581 18.34099006652832 24622
1142 285.43723315615705 280.0001608332858 18.328802108764648 24644
1143 285.43288217414334 280.00016088133867 18.331249237060547 24665
1144 285.42853545804962 280.00016092934447 18.329010009765625 24687
1145 285.42419300174555 280.00016097730315 18.339271545410156 24709
1146 285.41985479911472 280.00016102521488 18.332864761352539 24730
1147 285.4155208440539 280.00016107307971 18.335260391235352 24752
1148 285.41119113047387 280.0001611208977 18.327917098999023 24773
1149 285.40686565229879 280.00016116866891 18.321353912353516 24795
1150 285.40254440346644 280.00016121639339 18.33494758605957 24816
1151 285.39822737792798 280.00016126407121 18.327760696411133 24838
1152 285.39391456964796 280.00016131170247 18.335416793823242 24859
1153 285.38960597260456 280.00016135928729 18.33770751953125 24881
1154 285.38530158078902 280.00016140682561 18.329584121704102 24902
1155 285.38100138820607 280.00016145431755 18.321197509765625 24924
1156 285.37670538887375 280.00016150176316 18.321874618530273 24945
1157 285.37241357682313 280.00016154916256 18.332292556762695 24967
1158 285.36812594609876 280.00016159651574 18.325260162353516 24988
1159 285.36384249075809 280.00016164382288 18.319999694824219 25010
1160 285.35956320487179 280.00016169108392 18.327657699584961 25031
1161 285.3552880825236 280.00016173829891 18.325000762939453 25053
1162 285.35101711781033 280.00016178546815 18.333438873291016 25075
1163 285.34675030484181 280.0001618325914 18.331302642822266 25096
1164 285.34248763774053 280.00016187966884 18.328750610351562 25118
1165 285.33822911064237 280.00016192670068 18.333698272705078 25139
1166 285.33397471769575 280.00016197368689 18.333229064941406 25161
1167 285.32972445306194 280.00016202062739 18.323333740234375 25182
1168 285.32547831091529 280.00016206752235 18.331510543823242 25204
1169 285.32123628544264 280.0001621143719 18.335624694824219 25225
1170 285.31699837084358 280.00016216117609 18.331144332885742 25247
1171 285.31276456133043 280.00016220793486 18.337186813354492 25268
1172 285.30853485112829 280.00016225464839 18.326145172119141 25290
1173 285.3043092344746 280.00016230131672 18.326562881469727 25312
1174 285.30008770561977 280.00016234793986 18.327655792236328 25333
1175 285.29587025882614 280.00016239451793 18.325990676879883 25355
1176 285.29165688836912 280.00016244105097 18.329532623291016 25376
1177 285.28744758853628 280.00016248753911 18.331718444824219 25398
1178 285.28324235362783 280.00016253398235 18.332603454589844 25419
1179 285.27904117795612 280.00016258038073 18.338176727294922 25441
1180 285.2748440558459 280.00016262673432 18.324583053588867 25462
1181 285.27065098163439 280.00016267304329 18.329479217529297 25484
1182 285.26646194967094 280.00016271930753 18.32520866394043 25505
1183 285.2622769543172 280.00016276552719 18.323854446411133 25527
1184 285.25809598994692 280.00016281170241 18.335052490234375 25548
1185 285.25391905094619 280.00016285783317 18.329061508178711 25570
1186 285.24974613171315 280.00016290391943 18.338020324707031 25591
1187 285.24557722665793 280.00016294996141 18.337760925292969 25613
1188 285.24141233020299 280.00016299595916 18.330467224121094 25635
1189 285.2372514367824 280.00016304191269 18.33531379699707 25656
1190 285.23309454084256 280.00016308782199 18.334636688232422 25678
1191 285.22894163684174 280.00016313368724 18.333646774291992 25699
1192 285.22479271925005 280.00016317950843 18.328697204589844 25721
1193 285.22064778254958 280.00016322528575 18.33380126953125 25742
1194 285.21650682123408 280.00016327101912 18.331562042236328 25764
1195 285.21236982980935 280.00016331670867 18.322603225708008 25785
1196 285.2082368027929 280.00016336235444 18.330469131469727 25807
1197 285.20410773471383 280.00016340795651 18.327812194824219 25828
1198 285.19998262011313 280.00016345351486 18.332447052001953 25850
1199 285.19586145354344 280.0001634990295 18.333488464355469 25871
1200 285.19174422956877 280.00016354450071 18.330833435058594 25893
1201 285.18763094276511 280.00016358992843 18.329530715942383 25914
1202 285.18352158771989 280.00016363531284 18.328750610351562 25936
1203 285.17941615903203 280.00016368065371 18.332813262939453 25957
1204 285.17531465131185 280.00016372595138 18.333646774291992 25979
1205 285.1712170591814 280.00016377120573 18.333229064941406 26000
1206 285.16712337727404 280.000163816417 18.334270477294922 26022
1207 285.16303360023437 280.00016386158512 18.325937271118164 26043
1208 285.15894772271861 280.00016390671004 18.331354141235352 26065
1209 285.1548657393941 280.0001639517921 18.326770782470703 26087
1210 285.15078764493973 280.00016399683113 18.333541870117188 26108
1211 285.14671343404541 280.0001640418273 18.330209732055664 26130
1212 285.14264310141249 280.00016408678061 18.332395553588867 26151
1213 285.13857664175345 280.00016413169118 18.333541870117188 26173
1214 285.13451404979173 280.00016417655905 18.33104133605957 26194
1215 285.13045532026223 280.00016422138424 18.33807373046875 26216
1216 285.1264004479109 280.00016426616685 18.321823120117188 26237
1217 285.12234942749456 280.00016431090688 18.332864761352539 26259
1218 285.11830225378122 280.00016435560445 18.328697204589844 26280
1219 285.11425892154995 280.00016440025956 18.327030181884766 26302
1220 285.11021942559069 280.00016444487244 18.333280563354492 26323
1221 285.10618376070437 280.00016448944285 18.333280563354492 26345
1222 285.10215192170284 280.00016453397109 18.332292556762695 26367
1223 285.09812390340875 280.00016457845709 18.325782775878906 26388
1224 285.09409970065587 280.00016462290091 18.328229904174805 26410
1225 285.09007930828841 280.00016466730273 18.326562881469727 26431
1226 285.08606272116162 280.00016471166253 18.339792251586914 26453
1227 285.08204993414148 280.00016475598034 18.339427947998047 26475
1228 285.07804094210462 280.0001648002563 18.340780258178711 26496
1229 285.07403573993849 280.00016484449026 18.339479446411133 26518
1230 285.07003432254089 280.00016488868249 18.319894790649414 26539
1231 285.06603668482086 280.00016493283294 18.323333740234375 26561
1232 285.06204282169739 280.00016497694179 18.330259323120117 26582
1233 285.05805272810039 280.00016502100891 18.332292556762695 26604
1234 285.05406639897035 280.00016506503454 18.332395553588867 26625
1235 285.05008382925809 280.00016510901861 18.327499389648438 26647
1236 285.04610501392506 280.00016515296124 18.33494758605957 26668
1237 285.04212994794307 280.00016519686244 18.33885383605957 26690
1238 285.03815862629438 280.00016524072225 18.3363037109375 26712
1239 285.0341910439717 280.0001652845408 18.337812423706055 26733
1240 285.03022719597811 280.00016532831808 18.33494758605957 26755
1241 285.02626707732679 280.0001653720542 18.336458206176758 26776
1242 285.02231068304155 280.00016541574922 18.327917098999023 26798
1243 285.01835800815644 280.00016545940315 18.349531173706055 26820
1244 285.01440904771539 280.00016550301598 18.33380126953125 26841
1245 285.01046379677297 280.00016554658794 18.327812194824219 26863
1246 285.00652225039374 280.00016559011891 18.323385238647461 26884
1247 285.00258440365263 280.00016563360913 18.32635498046875 26906
1248 284.99865025163433 280.00016567705842 18.337499618530273 26927
1249 284.99471978943382 280.00016572046695 18.331563949584961 26949
1250 284.9907930121563 280.0001657638349 18.326667785644531 26970
1251 284.98686991491689 280.00016580716209 18.327291488647461 26992
1252 284.98295049284047 280.00016585044881 18.320625305175781 27013
1253 284.97903474106255 280.00016589369494 18.332656860351562 27035
1254 284.97512265472795 280.00016593690049 18.331302642822266 27056
1255 284.97121422899176 280.00016598006579 18.32911491394043 27078
1256 284.96730945901885 280.00016602319062 18.329010009765625 27099
1257 284.96340833998408 280.00016606627514 18.330259323120117 27121
1258 284.95951086707203 280.00016610931942 18.329374313354492 27143
1259 284.95561703547725 280.0001661523234 18.330572128295898 27164
1260 284.95172684040392 280.00016619528731 18.332239151000977 27186
1261 284.94784027706612 280.00016623821108 18.333957672119141 27207
1262 284.94395734068752 280.00016628109478 18.329948425292969 27229
1263 284.94007802650162 280.00016632393846 18.33302116394043 27250
1264 284.93620232975167 280.00016636674212 18.327083587646484 27272
1265 284.93233024569042 280.00016640950605 18.32911491394043 27293
1266 284.92846176958034 280.00016645223008 18.330728530883789 27315
1267 284.9245968966934 280.00016649491431 18.339948654174805 27336
1268 284.92073562231127 280.00016653755875 18.341093063354492 27358
1269 284.91687794172509 280.00016658016352 18.341562271118164 27379
1270 284.91302385023562 280.00016662272861 18.334270477294922 27401
1271 284.90917334315299 280.00016666525426 18.340728759765625 27423
1272 284.90532641579688 280.00016670774028 18.332916259765625 27444
1273 284.9014830634963 280.00016675018679 18.332916259765625 27466
1274 284.89764328159004 280.00016679259392 18.336719512939453 27487
1275 284.89380706542568 280.00016683496153 18.325624465942383 27509
1276 284.88997441036059 280.00016687728998 18.327604293823242 27530
1277 284.88614531176148 280.00016691957916 18.325416564941406 27552
1278 284.88231976500413 280.000166961829 18.331354141235352 27573
1279 284.87849776547398 280.00016700403972 18.328334808349609 27595
1280 284.87467930856513 280.00016704621129 18.337812423706055 27616
1281 284.87086438968163 280.00016708834374 18.332708358764648 27638
1282 284.8670530042362 280.00016713043732 18.335834503173828 27659
1283 284.86324514765101 280.00016717249179 18.336980819702148 27681
1284 284.85944081535729 280.00016721450737 18.328697204589844 27702
1285 284.8556400027955 280.00016725648413 18.339530944824219 27724
1286 284.85184270541492 280.00016729842207 18.333385467529297 27745
1287 284.84804891867441 280.00016734032113 18.316978454589844 27767
1288 284.84425863804137 280.00016738218153 18.329584121704102 27788
1289 284.84047185899266 280.00016742400328 18.324531555175781 27810
1290 284.83668857701377 280.00016746578638 18.32520866394043 27831
1291 284.83290878759954 280.00016750753093 18.331354141235352 27853
1292 284.82913248625346 280.00016754923689 18.33807373046875 27874
1293 284.82535966848815 280.00016759090448 18.333072662353516 27896
1294 284.82159032982497 280.00016763253359 18.330104827880859 27918
1295 284.81782446579444 280.00016767412438 18.337240219116211 27939
1296 284.81406207193561 280.00016771567675 18.333749771118164 27961
1297 284.81030314379655 280.00016775719092 18.332082748413086 27982
1298 284.80654767693414 280.00016779866678 18.338333129882812 28004
1299 284.80279566691411 280.00016784010455 18.33088493347168 28025
1300 284.79904710931072 280.00016788150418 18.328853607177734 28047
1301 284.79530199970719 280.00016792286561 18.329322814941406 28068
1302 284.79156033369526 280.00016796418913 18.327394485473633 28090
1303 284.78782210687569 280.00016800547473 18.328645706176758 28111
1304 284.78408731485752 280.00016804672225 18.330312728881836 28133
1305 284.78035595325872 280.00016808793191 18.339323043823242 28154
1306 284.77662801770572 280.00016812910377 18.331457138061523 28176
1307 284.77290350383356 280.00016817023788 18.337656021118164 28197
1308 284.76918240728605 280.0001682113342 18.335729598999023 28219
1309 284.76546472371518 280.00016825239288 18.332813262939453 28241
1310 284.76175044878198 280.00016829341376 18.33494758605957 28262
1311 284.75803957815538 280.00016833439719 18.342239379882812 28284
1312 284.75433210751328 280.00016837534304 18.32536506652832 28305
1313 284.75062803254173 280.00016841625137 18.340103149414062 28327
1314 284.74692734893551 280.00016845712224 18.337032318115234 28348
1315 284.74323005239751 280.00016849795577 18.329166412353516 28370
1316 284.73953613863927 280.00016853875178 18.330833435058594 28391
1317 284.73584560338043 280.00016857951061 18.336666107177734 28413
1318 284.73215844234915 280.0001686202321 18.326040267944336 28435
1319 284.72847465128194 280.00016866091647 18.334218978881836 28456
1320 284.72479422592352 280.00016870156361 18.336145401000977 28478
1321 284.72111716202693 280.00016874217368 18.336511611938477 28499
1322 284.71744345535342 280.00016878274658 18.336614608764648 28521
1323 284.71377310167247 280.00016882328254 18.335260391235352 28542
1324 284.71010609676188 280.00016886378143 18.341510772705078 28564
1325 284.70644243640749 280.00016890424342 18.332447052001953 28585
1326 284.7027821164034 280.00016894466853 18.331144332885742 28607
1327 284.69912513255184 280.00016898505669 18.344167709350586 28628
1328 284.69547148066317 280.00016902540824 18.329687118530273 28650
1329 284.69182115655565 280.00016906572296 18.330520629882812 28671
1330 284.68817415605605 280.00016910600095 18.334375381469727 28693
1331 284.68453047499889 280.00016914624229 18.33869743347168 28714
1332 284.68089010922671 280.00016918644695 18.340938568115234 28736
1333 284.6772530545901 280.00016922661513 18.333698272705078 28758
1334 284.67361930694778 280.00016926674681 18.336509704589844 28779
1335 284.66998886216629 280.00016930684194 18.32598876953125 28801
1336 284.66636171612015 280.00016934690063 18.326353073120117 28822
1337 284.66273786469191 280.00016938692301 18.334114074707031 28844
1338 284.65911730377178 280.00016942690894 18.33317756652832 28865
1339 284.65550002925806 280.00016946685867 18.33869743347168 28887
1340 284.65188603705707 280.00016950677212 18.338281631469727 28909
1341 284.64827532308266 280.00016954664937 18.333541870117188 28930
1342 284.64466788325643 280.00016958649041 18.348228454589844 28952
1343 284.64106371350823 280.00016962629542 18.334009170532227 28973
1344 284.6374628097754 280.00016966606432 18.332395553588867 28995
1345 284.6338651680029 280.00016970579725 18.325000762939453 29016
1346 284.63027078414387 280.00016974549408 18.324375152587891 29038
1347 284.62667965415864 280.00016978515504 18.329166412353516 29059
1348 284.62309177401573 280.00016982478007 18.327030181884766 29081
1349 284.61950713969094 280.00016986436935 18.32713508605957 29102
1350 284.61592574716792 280.00016990392282 18.325885772705078 29124
1351 284.61234759243808 280.00016994344043 18.334688186645508 29145
1352 284.60877267150016 280.00016998292239 18.328542709350586 29167
1353 284.60520098036073 280.00017002236871 18.325885772705078 29188
1354 284.60163251503383 280.00017006177933 18.332395553588867 29210
1355 284.59806727154108 280.00017010115437 18.327186584472656 29231
1356 284.59450524591165 280.00017014049394 18.323280334472656 29253
1357 284.59094643418223 280.00017017979798 18.327447891235352 29274
1358 284.58739083239698 280.00017021906649 18.337343215942383 29296
1359 284.58383843660749 280.00017025829965 18.331092834472656 29318
1360 284.58028924287299 280.00017029749745 18.328958511352539 29339
1361 284.57674324725986 280.00017033666001 18.335311889648438 29361
1362 284.5732004458423 280.00017037578715 18.33515739440918 29382
1363 284.56966083470149 280.00017041487916 18.333280563354492 29404
1364 284.56612440992626 280.00017045393599 18.332084655761719 29425
1365 284.56259116761265 280.00017049295758 18.329530715942383 29447
1366 284.55906110386434 280.00017053194409 18.322864532470703 29468
1367 284.55553421479186 280.00017057089553 18.329635620117188 29490
1368 284.55201049651333 280.00017060981202 18.332708358764648 29512
1369 284.54848994515419 280.00017064869348 18.324270248413086 29533
1370 284.54497255684703 280.00017068753999 18.329948425292969 29555
1371 284.54145832773168 280.00017072635171 18.327291488647461 29576
1372 284.53794725395539 280.00017076512847 18.326875686645508 29598
1373 284.53443933167239 280.00017080387045 18.325780868530273 29619
1374 284.53093455704413 280.00017084257775 18.338125228881836 29641
1375 284.52743292623927 280.00017088125026 18.339635848999023 29662
1376 284.52393443543372 280.00017091988809 18.334636688232422 29684
1377 284.52043908081043 280.00017095849125 18.321874618530273 29705
1378 284.51694685855938 280.00017099705991 18.336145401000977 29727
1379 284.51345776487784 280.00017103559389 18.329582214355469 29748
1380 284.50997179597005 280.00017107409349 18.32244873046875 29770
1381 284.50648894804721 280.00017111255846 18.318853378295898 29791
1382 284.50300921732776 280.00017115098916 18.321510314941406 29813
1383 284.49953260003707 280.00017118938541 18.331094741821289 29834
1384 284.49605909240745 280.00017122774733 18.323959350585938 29856
1385 284.49258869067836 280.00017126607497 18.323125839233398 29878
1386 284.48912139109603 280.00017130436834 18.33906364440918 29899
1387 284.48565718991381 280.00017134262743 18.33104133605957 29921
1388 284.48219608339184 280.00017138085241 18.32713508605957 29942
1389 284.47873806779739 280.00017141904323 18.326353073120117 29964
1390 284.47528313940438 280.00017145719994 18.325782775878906 29985
1391 284.47183129449365 280.0001714953226 18.332395553588867 30007
1392 284.46838252935311 280.00017153341122 18.326040267944336 30028
1393 284.46493684027718 280.00017157146596 18.339895248413086 30050
1394 284.4614942235674 280.00017160948676 18.331718444824219 30071
1395 284.45805467553208 280.00017164747351 18.327552795410156 30093
1396 284.45461819248624 280.00017168542661 18.33380126953125 30114
1397 284.45118477075158 280.00017172334577 18.331197738647461 30136
1398 284.4477544066566 280.00017176123123 18.344062805175781 30157
1399 284.44432709653688 280.00017179908292 18.322343826293945 30179
1400 284.44090283673421 280.0001718369009 18.327186584472656 30200
1401 284.43748162359731 280.00017187468535 18.32536506652832 30222
1402 284.43406345348171 280.00017191243603 18.32307243347168 30243
1403 284.43064832274933 280.00017195015323 18.335416793823242 30265
1404 284.42723622776919 280.00017198783689 18.331562042236328 30286
1405 284.4238271649163 280.00017202548713 18.337030410766602 30308
1406 284.42042113057289 280.00017206310383 18.336042404174805 30329
1407 284.41701812112746 280.00017210068711 18.33104133605957 30351
1408 284.4136181329751 280.00017213823713 18.337188720703125 30373
1409 284.41022116251776 280.00017217575379 18.334844589233398 30394
1410 284.40682720616354 280.00017221323714 18.352865219116211 30416
1411 284.40343626032734 280.00017225068717 18.337291717529297 30437
1412 284.40004832143052 280.00017228810401 18.337499618530273 30459
1413 284.39666338590092 280.00017232548777 18.328332901000977 30480
1414 284.39328145017276 280.00017236283838 18.343957901000977 30502
1415 284.38990251068691 280.00017240015586 18.334842681884766 30523
1416 284.38652656389064 280.00017243744026 18.33416748046875 30545
1417 284.38315360623767 280.00017247469168 18.32927131652832 30566
1418 284.37978363418796 280.00017251191014 18.337291717529297 30588
1419 284.37641664420806 280.00017254909568 18.331718444824219 30609
1420 284.37305263277096 280.00017258624831 18.327604293823242 30631
1421 284.36969159635589 280.00017262336803 18.33317756652832 30652
1422 284.36633353144833 280.00017266045501 18.325885772705078 30674
1423 284.36297843454031 280.00017269750919 18.337135314941406 30695
1424 284.35962630213015 280.00017273453062 18.332082748413086 30717
1425 284.35627713072233 280.00017277151932 18.324739456176758 30738
1426 284.3529309168278 280.00017280847538 18.328802108764648 30760
1427 284.34958765696359 280.00017284539882 18.334688186645508 30781
1428 284.34624734765333 280.00017288228969 18.32911491394043 30803
1429 284.34290998542639 280.00017291914799 18.344114303588867 30825
1430 284.33957556681878 280.00017295597377 18.338125228881836 30846
1431 284.33624408837255 280.00017299276715 18.349113464355469 30868
1432 284.33291554663595 280.00017302952801 18.336614608764648 30889
1433 284.32958993816339 280.00017306625648 18.334062576293945 30911
1434 284.32626725951565 280.00017310295266 18.328645706176758 30932
1435 284.3229475072593 280.00017313961644 18.338333129882812 30954
1436 284.31963067796733 280.00017317624804 18.329635620117188 30975
1437 284.31631676821871 280.0001732128473 18.334999084472656 30997
1438 284.31300577459871 280.00017324941439 18.329948425292969 31018
1439 284.3096976936983 280.0001732859493 18.323646545410156 31040
1440 284.30639252211489 280.0001733224521 18.32989501953125 31061
1441 284.30309025645181 280.00017335892272 18.323541641235352 31083
1442 284.29979089331835 280.0001733953614 18.322500228881836 31104
1443 284.29649442932998 280.00017343176808 18.325311660766602 31126
1444 284.29320086110806 280.00017346814269 18.321197509765625 31147
1445 284.28991018528012 280.00017350448542 18.322551727294922 31169
1446 284.28662239847938 280.0001735407962 18.326250076293945 31190
1447 284.28333749734526 280.00017357707509 18.323905944824219 31212
1448 284.28005547852314 280.0001736133222 18.333854675292969 31233
1449 284.27677633866404 280.00017364953743 18.326353073120117 31255
1450 284.27350007442539 280.00017368572099 18.337604522705078 31276
1451 284.27022668247008 280.00017372187278 18.326196670532227 31298
1452 284.26695615946704 280.00017375799297 18.328020095825195 31320
1453 284.26368850209133 280.00017379408138 18.330259323120117 31341
1454 284.26042370702339 280.00017383013824 18.323333740234375 31363
1455 284.25716177094984 280.00017386616349 18.330259323120117 31384
1456 284.25390269056317 280.00017390215731 18.330989837646484 31406
1457 284.25064646256152 280.00017393811959 18.328332901000977 31427
1458 284.24739308364883 280.00017397405031 18.32697868347168 31449
1459 284.244142550535 280.00017400994972 18.330625534057617 31470
1460 284.24089485993551 280.00017404581763 18.326562881469727 31492
1461 284.23765000857168 280.00017408165428 18.334999084472656 31513
1462 284.23440799317069 280.00017411745955 18.343854904174805 31535
1463 284.23116881046531 280.00017415323356 18.337291717529297 31557
1464 284.22793245719402 280.0001741889763 18.339635848999023 31578
1465 284.22469893010111 280.00017422468784 18.336093902587891 31600
1466 284.22146822593652 280.00017426036817 18.327604293823242 31621
1467 284.21824034145573 280.00017429601735 18.319791793823242 31643
1468 284.21501527342025 280.00017433163555 18.321197509765625 31664
1469 284.21179301859672 280.00017436722254 18.324739456176758 31686
1470 284.20857357375792 280.00017440277861 18.326875686645508 31707
1471 284.20535693568189 280.00017443830365 18.330781936645508 31729
1472 284.20214310115233 280.00017447379764 18.322031021118164 31751
1473 284.19893206695883 280.00017450926072 18.334999084472656 31772
1474 284.19572382989617 280.00017454469298 18.334842681884766 31794
1475 284.19251838676496 280.00017458009438 18.323907852172852 31815
1476 284.18931573437118 280.00017461546491 18.323280334472656 31837
1477 284.18611586952665 280.00017465080469 18.334999084472656 31858
1478 284.18291878904813 280.00017468611372 18.344427108764648 31880
1479 284.1797244897586 280.000174721392 18.338176727294922 31901
1480 284.17653296848601 280.00017475663964 18.322135925292969 31923
1481 284.17334422206415 280.00017479185664 18.329687118530273 31944
1482 284.17015824733198 280.00017482704294 18.323593139648438 31966
1483 284.16697504113404 280.00017486219872 18.327447891235352 31988
1484 284.16379460032039 280.00017489732403 18.338542938232422 32009
1485 284.16061692174651 280.0001749324187 18.324531555175781 32031
1486 284.15744200227317 280.00017496748296 18.327707290649414 32052
1487 284.15426983876665 280.00017500251687 18.321666717529297 32074
1488 284.15110042809857 280.00017503752025 18.327657699584961 32095
1489 284.14793376714596 280.00017507249333 18.323125839233398 32117
1490 284.14476985279123 280.00017510743612 18.320156097412109 32138
1491 284.14160868192215 280.0001751423485 18.325677871704102 32160
1492 284.13845025143166 280.00017517723069 18.332187652587891 32181
1493 284.13529455821828 280.00017521208258 18.325729370117188 32203
1494 284.13214159918579 280.00017524690429 18.32697868347168 32224
1495 284.12899137124305 280.00017528169587 18.325832366943359 32246
1496 284.12584387130443 280.00017531645733 18.331146240234375 32268
1497 284.12269909628947 280.0001753511886 18.327968597412109 32289
1498 284.11955704312317 280.00017538588992 18.322187423706055 32311
1499 284.11641770873547 280.00017542056116 18.325677871704102 32332
1500 284.11328109006172 280.00017545520251 18.334375381469727 32354
1501 284.11014718404243 280.00017548981378 18.334688186645508 32375
1502 284.10701598762341 280.00017552439516 18.328489303588867 32397
1503 284.10388749775569 280.00017555894664 18.329011917114258 32419
1504 284.10076171139536 280.00017559346833 18.326250076293945 32440
1505 284.09763862550363 280.00017562796006 18.321718215942383 32462
1506 284.09451823704711 280.00017566242207 18.323280334472656 32483
1507 284.09140054299741 280.00017569685434 18.316926956176758 32505
1508 284.0882855403313 280.00017573125689 18.324583053588867 32526
1509 284.08517322603052 280.00017576562971 18.319009780883789 32548
1510 284.08206359708225 280.00017579997291 18.32109260559082 32569
1511 284.07895665047852 280.00017583428649 18.3203125 32591
1512 284.07585238321661 280.00017586857041 18.324428558349609 32612
1513 284.07275079229851 280.00017590282488 18.330156326293945 32634
1514 284.06965187473173 280.00017593704973 18.325260162353516 32655
1515 284.06655562752877 280.00017597124514 18.321615219116211 32677
1516 284.06346204770676 280.00017600541111 18.321979522705078 32698
1517 284.06037113228831 280.00017603954763 18.320886611938477 32720
1518 284.0572828783009 280.00017607365476 18.32697868347168 32741
1519 284.05419728277684 280.0001761077325 18.32713508605957 32763
1520 284.05111434275346 280.00017614178086 18.325990676879883 32784
1521 284.04803405527349 280.00017617580005 18.329687118530273 32806
1522 284.04495641738413 280.00017620978991 18.322761535644531 32827
1523 284.04188142613782 280.0001762437505 18.335832595825195 32849
1524 284.03880907859173 280.00017627768204 18.327604293823242 32870
1525 284.03573937180806 280.00017631158431 18.322813034057617 32892
1526 284.03267230285405 280.00017634545742 18.325729370117188 32913
1527 284.02960786880175 280.00017637930148 18.319894790649414 32935
1528 284.02654606672792 280.00017641311649 18.321823120117188 32956
1529 284.02348689371445 280.0001764469024 18.321561813354492 32978
1530 284.02043034684806 280.00017648065932 18.321561813354492 32999
1531 284.01737642322024 280.00017651438736 18.324686050415039 33021
1532 284.01432511992755 280.0001765480863 18.333854675292969 33043
1533 284.01127643407102 280.00017658175648 18.327030181884766 33064
1534 284.00823036275676 280.00017661539766 18.324426651000977 33086
1535 284.00518690309576 280.00017664901014 18.327707290649414 33107
1536 284.0021460522035 280.00017668259369 18.322551727294922 33129
1537 283.99910780720063 280.00017671614853 18.332551956176758 33150
1538 283.9960721652123 280.00017674967461 18.329792022705078 33172
1539 283.99303912336853 280.00017678317192 18.322187423706055 33193
1540 283.99000867880414 280.00017681664059 18.326614379882812 33215
1541 283.9869808286586 280.00017685008066 18.316822052001953 33236
1542 283.98395557007626 280.00017688349203 18.322292327880859 33258
1543 283.98093290020586 280.00017691687481 18.323333740234375 33279
1544 283.97791281620135 280.00017695022905 18.324844360351562 33301
1545 283.97489531522103 280.00017698355475 18.322656631469727 33322
1546 283.97188039442796 280.00017701685192 18.326406478881836 33344
1547 283.96886805099001 280.00017705012073 18.323282241821289 33365
1548 283.96585828207947 280.00017708336105 18.329427719116211 33387
1549 283.96285108487342 280.00017711657301 18.322708129882812 33408
1550 283.95984645655381 280.00017714975644 18.332342147827148 33430
1551 283.95684439430676 280.00017718291173 18.347917556762695 33452
1552 283.95384489532336 280.00017721603854 18.32093620300293 33473
1553 283.95084795679924 280.00017724913721 18.333488464355469 33495
1554 283.94785357593463 280.00017728220757 18.318801879882812 33516
1555 283.94486174993432 280.00017731524974 18.315677642822266 33538
1556 283.94187247600769 280.00017734826372 18.326770782470703 33559
1557 283.93888575136873 280.00017738124956 18.331771850585938 33581
1558 283.93590157323575 280.00017741420731 18.329948425292969 33602
1559 283.93291993883213 280.00017744713688 18.328334808349609 33624
1560 283.92994084538526 280.00017748003847 18.319999694824219 33645
1561 283.92696429012733 280.00017751291199 18.326353073120117 33667
1562 283.92399027029506 280.00017754575748 18.311874389648438 33688
1563 283.92101878312951 280.00017757857495 18.326042175292969 33710
1564 283.91804982587638 280.00017761136456 18.322917938232422 33731
1565 283.91508339578581 280.00017764412627 18.32322883605957 33753
1566 283.91211949011239 280.00017767686006 18.318229675292969 33774
1567 283.90915810611517 280.000177709566 18.327604293823242 33796
1568 283.90619924105778 280.00017774224409 18.324739456176758 33817
1569 283.90324289220808 280.0001777748945 18.339584350585938 33839
1570 283.90028905683863 280.0001778075171 18.322395324707031 33861
1571 283.89733773222611 280.00017784011186 18.327968597412109 33882
1572 283.8943889156518 280.00017787267899 18.321353912353516 33904
1573 283.8914426044015 280.00017790521855 18.326093673706055 33925
1574 283.88849879576497 280.00017793773037 18.322656631469727 33947
1575 283.88555748703692 280.00017797021468 18.317968368530273 33968
1576 283.88261867551597 280.00017800267125 18.323177337646484 33990
1577 283.87968235850542 280.00017803510048 18.31640625 34011
1578 283.87674853331271 280.00017806750196 18.311979293823242 34033
1579 283.87381719724959 280.00017809987605 18.322969436645508 34054
1580 283.87088834763244 280.00017813222269 18.319686889648438 34076
1581 283.86796198178166 280.00017816454192 18.312709808349609 34097
1582 283.86503809702197 280.0001781968337 18.322656631469727 34119
1583 283.86211669068274 280.00017822909814 18.319583892822266 34140
1584 283.85919776009712 280.00017826133524 18.323646545410156 34162
1585 283.85628130260301 280.00017829354499 18.316770553588867 34183
1586 283.85336731554236 280.00017832572746 18.314479827880859 34205
1587 283.8504557962612 280.0001783578827 18.315572738647461 34226
1588 283.8475467421103 280.00017839001072 18.316926956176758 34248
1589 283.84464015044409 280.00017842211156 18.317604064941406 34269
1590 283.84173601862182 280.00017845418523 18.313594818115234 34291
1591 283.8388343440065 280.00017848623168 18.314739227294922 34312
1592 283.8359351239655 280.00017851825112 18.313749313354492 34334
1593 283.83303835587054 280.00017855024339 18.312864303588867 34355
1594 283.83014403709734 280.0001785822086 18.315990447998047 34377
1595 283.82725216502581 280.00017861414693 18.317813873291016 34398
1596 283.82436273704025 280.0001786460582 18.311145782470703 34420
1597 283.82147575052892 280.00017867794247 18.317083358764648 34441
1598 283.81859120288431 280.00017870979985 18.310884475708008 34463
1599 283.81570909150298 280.00017874163029 18.31578254699707 34484
1600 283.81282941378578 280.0001787734339 18.319791793823242 34506
1601 283.80995216713745 280.00017880521051 18.313333511352539 34527
1602 283.80707734896714 280.00017883696052 18.315469741821289 34549
1603 283.8042049566879 280.00017886868358 18.308280944824219 34570
1604 283.80133498771693 280.00017890037992 18.340261459350586 34592
1605 283.79846743947553 280.00017893204955 18.32307243347168 34613
1606 283.79560230938915 280.00017896369241 18.316041946411133 34635
1607 283.79273959488717 280.00017899530872 18.324426651000977 34657
1608 283.7898792934032 280.00017902689825 18.322395324707031 34678
1609 283.78702140237459 280.00017905846119 18.318386077880859 34700
1610 283.78416591924326 280.00017908999757 18.314062118530273 34721
1611 283.78131284145456 280.00017912150741 18.313854217529297 34743
1612 283.77846216645838 280.00017915299065 18.326042175292969 34764
1613 283.77561389170819 280.00017918444735 18.317604064941406 34786
1614 283.77276801466189 280.00017921587767 18.314792633056641 34807
1615 283.76992453278109 280.00017924728149 18.319896697998047 34829
1616 283.76708344353142 280.00017927865889 18.325937271118164 34850
1617 283.76424474438249 280.00017931000991 18.320833206176758 34872
1618 283.76140843280825 280.0001793413345 18.315364837646484 34893
1619 283.75857450628581 280.00017937263277 18.318437576293945 34915
1620 283.75574296229712 280.00017940390478 18.320833206176758 34936
1621 283.75291379832743 280.00017943515047 18.317291259765625 34958
1622 283.75008701186636 280.00017946636996 18.316822052001953 34979
1623 283.747262600407 280.00017949756307 18.31953239440918 35001
1624 283.74444056144682 280.00017952873014 18.318645477294922 35022
1625 283.74162089248688 280.00017955987096 18.319843292236328 35044
1626 283.73880359103225 280.00017959098562 18.318906784057617 35065
1627 283.73598865459195 280.0001796220742 18.318073272705078 35087
1628 283.7331760806789 280.00017965313668 18.314426422119141 35108
1629 283.73036586680962 280.00017968417308 18.319271087646484 35130
1630 283.72755801050488 280.00017971518344 18.315780639648438 35151
1631 283.72475250928898 280.00017974616782 18.319843292236328 35173
1632 283.72194936069025 280.00017977712622 18.3125 35194
1633 283.71914856224083 280.00017980805859 18.314323425292969 35216
1634 283.71635011147663 280.0001798389651 18.315572738647461 35237
1635 283.7135540059374 280.00017986984562 18.318698883056641 35259
1636 283.71076024316682 280.00017990070046 18.325103759765625 35280
1637 283.70796882071221 280.00017993152926 18.339635848999023 35302
1638 283.70517973612482 280.00017996233231 18.322551727294922 35323
1639 283.70239298695947 280.00017999310955 18.323749542236328 35345
1640 283.69960857077513 280.00018002386105 18.329010009765625 35366
1641 283.69682648513412 280.00018005458679 18.322238922119141 35388
1642 283.69404672760277 280.00018008528684 18.330364227294922 35409
1643 283.69126929575123 280.0001801159612 18.327865600585938 35431
1644 283.68849418715314 280.00018014660986 18.330312728881836 35452
1645 283.68572139938607 280.00018017723295 18.32734489440918 35474
1646 283.68295093003132 280.00018020783045 18.320259094238281 35495
1647 283.68018277667369 280.00018023840232 18.318386077880859 35517
1648 283.67741693690198 280.00018026894867 18.329740524291992 35538
1649 283.67465340830853 280.00018029946949 18.328332901000977 35560
1650 283.67189218848938 280.00018032996479 18.324062347412109 35581
1651 283.66913327504443 280.00018036043457 18.314582824707031 35603
1652 283.66637666557693 280.00018039087905 18.324583053588867 35624
1653 283.66362235769418 280.00018042129796 18.330259323120117 35646
1654 283.6608703490067 280.00018045169151 18.322864532470703 35668
1655 283.65812063712917 280.00018048205976 18.326770782470703 35689
1656 283.65537321967952 280.00018051240261 18.324167251586914 35711
1657 283.65262809427946 280.00018054272022 18.32244873046875 35732
1658 283.64988525855438 280.00018057301247 18.323957443237305 35754
1659 283.64714471013315 280.00018060327949 18.327552795410156 35775
1660 283.64440644664842 280.00018063352127 18.335311889648438 35797
1661 283.64167046573641 280.00018066373781 18.320417404174805 35818
1662 283.63893676503676 280.00018069392928 18.317031860351562 35840
1663 283.63620534219291 280.00018072409546 18.324426651000977 35861
1664 283.63347619485188 280.00018075423651 18.317499160766602 35883
1665 283.63074932066405 280.00018078435249 18.325937271118164 35904
1666 283.62802471728361 280.00018081444341 18.321041107177734 35926
1667 283.62530238236815 280.00018084450932 18.317813873291016 35947
1668 283.62258231357885 280.0001808745501 18.325885772705078 35969
1669 283.61986450858058 280.00018090456592 18.314582824707031 35990
1670 283.61714896504145 280.00018093455679 18.31968879699707 36012
1671 283.61443568063333 280.00018096452266 18.329374313354492 36033
1672 283.61172465303156 280.00018099446362 18.318124771118164 36055
1673 283.60901587991498 280.00018102437974 18.328594207763672 36076
1674 283.60630935896586 280.00018105427097 18.319011688232422 36098
1675 283.60360508787005 280.0001810841373 18.324323654174805 36119
1676 283.60090306431681 280.00018111397878 18.322656631469727 36141
1677 283.59820328599915 280.00018114379554 18.327291488647461 36162
1678 283.59550575061314 280.00018117358752 18.325260162353516 36184
1679 283.59281045585857 280.00018120335471 18.323802947998047 36205
1680 283.59011739943867 280.00018123309724 18.322240829467773 36227
1681 283.58742657906009 280.00018126281503 18.315624237060547 36248
1682 283.58473799243285 280.00018129250816 18.323333740234375 36270
1683 283.58205163727047 280.00018132217667 18.331457138061523 36291
1684 283.57936751129006 280.00018135182057 18.326719284057617 36313
1685 283.57668561221186 280.0001813814398 18.318593978881836 36334
1686 283.57400593775969 280.00018141103453 18.318592071533203 36356
1687 283.57132848566073 280.00018144060471 18.316665649414062 36377
1688 283.56865325364549 280.00018147015032 18.319427490234375 36399
1689 283.56598023944815 280.0001814996715 18.315467834472656 36420
1690 283.56330944080582 280.00018152916817 18.313282012939453 36442
1691 283.56064085545944 280.00018155864041 18.318073272705078 36463
1692 283.55797448115305 280.00018158808825 18.319374084472656 36485
1693 283.55531031563407 280.00018161751166 18.320781707763672 36506
1694 283.55264835665338 280.00018164691073 18.326042175292969 36528
1695 283.54998860196514 280.00018167628548 18.319894790649414 36549
1696 283.54733104932689 280.00018170563578 18.313228607177734 36571
1697 283.54467569649927 280.00018173496193 18.323854446411133 36592
1698 283.54202254124687 280.00018176426369 18.342447280883789 36614
1699 283.53937158133664 280.00018179354134 18.335416793823242 36636
1700 283.53672281453981 280.00018182279467 18.34453010559082 36658
1701 283.53407623863023 280.00018185202379 18.328958511352539 36679
1702 283.53143185138538 280.0001818812288 18.314790725708008 36701
1703 283.52878965058579 280.00018191040965 18.316822052001953 36722
1704 283.52614963401572 280.0001819395664 18.315990447998047 36744
1705 283.52351179946226 280.000181968699 18.322864532470703 36765
1706 283.52087614471577 280.00018199780754 18.324113845825195 36787
1707 283.51824266757023 280.00018202689211 18.315052032470703 36808
1708 283.51561136582251 280.00018205595251 18.318853378295898 36830
1709 283.51298223727304 280.00018208498904 18.322813034057617 36851
1710 283.5103552797251 280.00018211400146 18.31541633605957 36873
1711 283.50773049098564 280.00018214299001 18.311302185058594 36894
1712 283.50510786886446 280.00018217195463 18.313854217529297 36916
1713 283.5024874111748 280.00018220089532 18.314844131469727 36937
1714 283.49986911573313 280.00018222981214 18.315572738647461 36959
1715 283.49725298035901 280.00018225870514 18.315052032470703 36980
1716 283.49463900287515 280.00018228757432 18.318801879882812 37002
1717 283.49202718110763 280.00018231641968 18.318124771118164 37023
1718 283.48941751288561 280.00018234524123 18.320728302001953 37045
1719 283.48680999604142 280.00018237403907 18.31640625 37066
1720 283.48420462841057 280.00018240281315 18.319009780883789 37088
1721 283.48160140783176 280.00018243156347 18.324895858764648 37109
1722 283.47900033214688 280.00018246029015 18.332759857177734 37131
1723 283.47640139920082 280.00018248899312 18.326301574707031 37152
1724 283.47380460684184 280.00018251767244 18.315521240234375 37174
1725 283.47120995292113 280.00018254632818 18.312969207763672 37195
1726 283.46861743529303 280.00018257496026 18.316875457763672 37217
1727 283.46602705181522 280.00018260356899 18.322811126708984 37238
1728 283.46343880034834 280.00018263215389 18.319843292236328 37260
1729 283.460852678756 280.00018266071544 18.33317756652832 37282
1730 283.45826868490514 280.00018268925345 18.324636459350586 37303
1731 283.45568681666578 280.00018271776798 18.316926956176758 37325
1732 283.45310707191084 280.00018274625899 18.336980819702148 37346
1733 283.45052944851642 280.00018277472668 18.333490371704102 37368
1734 283.44795394436193 280.00018280317084 18.337186813354492 37389
1735 283.44538055732949 280.0001828315917 18.323333740234375 37411
1736 283.44280928530452 280.0001828599892 18.324687957763672 37432
1737 283.44024012617535 280.00018288836338 18.318437576293945 37454
1738 283.43767307783349 280.00018291671421 18.355260848999023 37476
1739 283.4351081381734 280.00018294504179 18.323696136474609 37497
1740 283.43254530509262 280.00018297334611 18.317239761352539 37519
1741 283.42998457649173 280.00018300162708 18.316770553588867 37540
1742 283.42742595027437 280.00018302988497 18.311094284057617 37562
1743 283.42486942434715 280.00018305811972 18.317916870117188 37583
1744 283.42231499661949 280.00018308633116 18.316093444824219 37605
1745 283.41976266500427 280.00018311451953 18.333854675292969 37626
1746 283.41721242741698 280.00018314268465 18.313959121704102 37648
1747 283.41466428177631 280.00018317082674 18.317655563354492 37669
1748 283.41211822600388 280.00018319894576 18.315677642822266 37691
1749 283.40957425802424 280.0001832270417 18.320989608764648 37712
1750 283.40703237576491 280.00018325511462 18.315469741821289 37734
1751 283.40449257715653 280.00018328316452 18.315156936645508 37755
1752 283.40195486013266 280.00018331119145 18.318021774291992 37777
1753 283.39941922262949 280.00018333919536 18.315780639648438 37798
1754 283.39688566258673 280.00018336717642 18.313072204589844 37819
1755 283.39435417794652 280.00018339513446 18.319427490234375 37841
1756 283.39182476665417 280.00018342306959 18.314531326293945 37862
1757 283.38929742665812 280.00018345098192 18.320156097412109 37884
1758 283.38677215590923 280.00018347887135 18.316041946411133 37906
1759 283.38424895236159 280.00018350673798 18.314115524291992 37927
1760 283.38172781397236 280.00018353458182 18.307395935058594 37948
1761 283.37920873870127 280.00018356240281 18.312864303588867 37970
1762 283.37669172451109 280.00018359020106 18.315729141235352 37991
1763 283.37417676936769 280.00018361797663 18.319583892822266 38013
1764 283.37166387123949 280.00018364572941 18.317760467529297 38035
1765 283.36915302809786 280.00018367345956 18.332447052001953 38056
1766 283.36664423791728 280.00018370116697 18.319427490234375 38078
1767 283.36413749867484 280.00018372885177 18.316822052001953 38099
1768 283.36163280835069 280.00018375651393 18.334583282470703 38121
1769 283.35913016492776 280.00018378415342 18.320676803588867 38142
1770 283.35662956639169 280.00018381177046 18.320728302001953 38164
1771 283.35413101073124 280.00018383936481 18.31463623046875 38185
1772 283.35163449593779 280.00018386693677 18.31916618347168 38207
1773 283.34914002000562 280.0001838944861 18.325311660766602 38228
1774 283.34664758093191 280.00018392201287 18.319583892822266 38250
1775 283.34415717671658 280.00018394951729 18.322967529296875 38271
1776 283.34166880536247 280.00018397699921 18.320207595825195 38293
1777 283.33918246487497 280.00018400445873 18.319843292236328 38314
1778 283.33669815326266 280.0001840318958 18.321407318115234 38336
1779 283.3342158685366 280.00018405931053 18.323905944824219 38357
1780 283.33173560871086 280.00018408670286 18.319843292236328 38379
1781 283.3292573718021 280.00018411407291 18.331718444824219 38400
1782 283.32678115583002 280.00018414142062 18.319740295410156 38422
1783 283.32430695881669 280.00018416874599 18.326406478881836 38443
1784 283.32183477878755 280.00018419604908 18.318855285644531 38465
1785 283.31936461377018 280.00018422332994 18.315000534057617 38486
1786 283.31689646179524 280.00018425058852 18.313802719116211 38508
1787 283.31443032089624 280.00018427782493 18.324426651000977 38529
1788 283.31196618910911 280.00018430503923 18.333906173706055 38551
1789 283.30950406447283 280.00018433223119 18.332344055175781 38572
1790 283.30704394502914 280.00018435940115 18.33104133605957 38594
1791 283.3045858288221 280.00018438654894 18.325832366943359 38616
1792 283.30212971389892 280.00018441367467 18.328489303588867 38637
1793 283.29967559830925 280.00018444077824 18.328281402587891 38659
1794 283.2972234801058 280.00018446785981 18.323749542236328 38680
1795 283.29477335734367 280.00018449491927 18.323698043823242 38702
1796 283.29232522808076 280.00018452195678 18.329219818115234 38723
1797 283.28987909037761 280.0001845489723 18.329166412353516 38745
1798 283.28743494229764 280.00018457596576 18.331457138061523 38766
1799 283.28499278190668 280.0001846029374 18.328802108764648 38788
1800 283.28255260727343 280.00018462988697 18.331302642822266 38809
1801 283.28011441646936 280.00018465681472 18.325990676879883 38831
1802 283.27767820756839 280.00018468372048 18.330312728881836 38852
1803 283.27524397864715 280.00018471060451 18.332759857177734 38874
1804 283.27281172778504 280.00018473746661 18.333438873291016 38895
1805 283.27038145306403 280.00018476430694 18.332708358764648 38917
1806 283.26795315256879 280.00018479112543 18.328332901000977 38938
1807 283.26552682438648 280.0001848179221 18.326875686645508 38960
1808 283.26310246660717 280.00018484469712 18.330312728881836 38981
1809 283.26068007732334 280.00018487145036 18.328907012939453 39003
1810 283.25825965463008 280.00018489818177 18.330989837646484 39024
1811 283.2558411966254 280.00018492489164 18.320781707763672 39046
1812 283.25342470140947 280.00018495157974 18.322551727294922 39067
1813 283.25101016708555 280.00018497824618 18.32890510559082 39089
1814 283.24859759175905 280.00018500489102 18.324270248413086 39110
1815 283.24618697353839 280.00018503151421 18.319791793823242 39132
1816 283.2437783105342 280.00018505811585 18.32520866394043 39153
1817 283.24137160086008 280.00018508469589 18.322031021118164 39175
1818 283.23896684263195 280.00018511125438 18.325572967529297 39196
1819 283.23656403396836 280.00018513779145 18.328542709350586 39218
1820 283.23416317299063 280.0001851643068 18.328489303588867 39239
1821 283.23176425782219 280.00018519080072 18.32927131652832 39261
1822 283.22936728658959 280.00018521727321 18.321353912353516 39282
1823 283.22697225742161 280.00018524372433 18.335311889648438 39304
1824 283.22457916844957 280.00018527015391 18.325468063354492 39325
1825 283.22218801780747 280.00018529656222 18.332084655761719 39347
1826 283.21979880363182 280.00018532294894 18.329948425292969 39368
1827 283.21741152406156 280.00018534931439 18.329219818115234 39390
1828 283.21502617723837 280.00018537565859 18.324895858764648 39411
1829 283.21264276130631 280.00018540198135 18.330051422119141 39433
1830 283.21026127441201 280.00018542828286 18.331146240234375 39454
1831 283.20788171470446 280.000185454563 18.333124160766602 39476
1832 283.20550408033552 280.00018548082193 18.325832366943359 39497
1833 283.20312836945914 280.0001855070596 18.329687118530273 39519
1834 283.200754580232 280.00018553327607 18.328645706176758 39540
1835 283.19838271081341 280.00018555947139 18.333332061767578 39562
1836 283.19601275936486 280.00018558564545 18.333593368530273 39583
1837 283.19364472405056 280.00018561179832 18.330417633056641 39605
1838 283.19127860303701 280.00018563793014 18.329687118530273 39626
1839 283.18891439449345 280.00018566404077 18.339271545410156 39648
1840 283.18655209659147 280.00018569013037 18.330469131469727 39669
1841 283.18419170750479 280.00018571619887 18.330730438232422 39691
1842 283.18183322541023 280.00018574224623 18.339269638061523 39712
1843 283.17947664848663 280.00018576827262 18.334634780883789 39734
1844 283.17712197491539 280.00018579427797 18.330417633056641 39755
1845 283.17476920288027 280.00018582026229 18.32697868347168 39777
1846 283.17241833056772 280.00018584622569 18.342864990234375 39799
1847 283.17006935616644 280.00018587216812 18.320989608764648 39820
1848 283.16772227786748 280.00018589808957 18.333333969116211 39842
1849 283.16537709386455 280.0001859239901 18.33416748046875 39863
1850 283.1630338023536 280.00018594986972 18.323282241821289 39885
1851 283.16069240153314 280.00018597572847 18.326145172119141 39906
1852 283.15835288960392 280.00018600156642 18.328176498413086 39928
1853 283.15601526476934 280.00018602738345 18.326719284057617 39949
1854 283.15367952523485 280.00018605317973 18.327709197998047 39971
1855 283.15134566920875 280.00018607895515 18.328332901000977 39992
1856 283.14901369490127 280.00018610470983 18.337551116943359 40014
1857 283.14668360052548 280.00018613044369 18.322656631469727 40035
1858 283.14435538429649 280.00018615615687 18.333698272705078 40057
1859 283.14202904443198 280.00018618184924 18.317968368530273 40078
1860 283.1397045791519 280.00018620752098 18.322500228881836 40100
1861 283.13738198667846 280.00018623317203 18.323333740234375 40121
1862 283.13506126523657 280.00018625880244 18.323802947998047 40143
1863 283.13274241305339 280.00018628441211 18.327760696411133 40164
1864 283.13042542835819 280.00018631000125 18.318021774291992 40186
1865 283.12811030938292 280.00018633556977 18.321041107177734 40207
1866 283.12579705436156 280.0001863611177 18.315677642822266 40229
1867 283.12348566153076 280.00018638664505 18.316041946411133 40250
1868 283.12117612912925 280.00018641215183 18.323749542236328 40272
1869 283.11886845539817 280.00018643763809 18.317655563354492 40293
1870 283.11656263858117 280.00018646310389 18.315364837646484 40315
1871 283.11425867692384 280.00018648854916 18.3203125 40336
1872 283.11195656867454 280.00018651397397 18.316354751586914 40358
1873 283.10965631208359 280.00018653937838 18.320156097412109 40379
1874 283.10735790540377 280.00018656476232 18.319530487060547 40401
1875 283.10506134689024 280.00018659012579 18.317760467529297 40422
1876 283.10276663480022 280.00018661546892 18.325468063354492 40444
1877 283.10047376739357 280.0001866407917 18.330938339233398 40465
1878 283.09818274293212 280.00018666609418 18.320728302001953 40487
1879 283.09589355968018 280.00018669137626 18.326614379882812 40508
1880 283.09360621590423 280.00018671663793 18.327812194824219 40530
1881 283.09132070987317 280.00018674187947 18.325572967529297 40551
1882 283.08903703985806 280.00018676710062 18.32989501953125 40573
1883 283.08675520413226 280.00018679230158 18.323593139648438 40594
1884 283.08447520097127 280.00018681748219 18.330415725708008 40616
1885 283.08219702865324 280.00018684264273 18.329687118530273 40637
1886 283.07992068545815 280.00018686778299 18.332136154174805 40659
1887 283.07764616966847 280.00018689290306 18.33479118347168 40680
1888 283.07537347956878 280.00018691800295 18.328229904174805 40702
1889 283.07310261344605 280.00018694308272 18.328540802001953 40723
1890 283.07083356958941 280.00018696814237 18.330520629882812 40745
1891 283.06856634629014 280.0001869931819 18.327447891235352 40766
1892 283.06630094184203 280.0001870182013 18.327917098999023 40788
1893 283.06403735454069 280.00018704320075 18.333698272705078 40809
1894 283.06177558268428 280.00018706818008 18.324426651000977 40831
1895 283.05951562457307 280.00018709313935 18.332759857177734 40852
1896 283.05725747850954 280.00018711807866 18.323333740234375 40874
1897 283.05500114279846 280.00018714299802 18.321144104003906 40895
1898 283.05274661574657 280.00018716789725 18.322967529296875 40917
1899 283.05049389566312 280.00018719277665 18.32421875 40938
1900 283.04824298085936 280.00018721763604 18.323907852172852 40960
1901 283.04599386964878 280.00018724247559 18.323385238647461 40981
1902 283.04374656034696 280.00018726729513 18.323280334472656 41003
1903 283.04150105127195 280.00018729209495 18.331146240234375 41024
1904 283.03925734074375 280.00018731687476 18.329061508178711 41046
1905 283.03701542708444 280.00018734163484 18.32520866394043 41067
1906 283.03477530861858 280.00018736637497 18.338333129882812 41089
1907 283.03253698367257 280.00018739109538 18.329999923706055 41110
1908 283.03030045057528 280.00018741579601 18.324115753173828 41132
1909 283.02806570765756 280.00018744047674 18.321821212768555 41153
1910 283.02583275325242 280.00018746513786 18.320051193237305 41175
1911 283.02360158569502 280.00018748977914 18.328384399414062 41196
1912 283.02137220332264 280.00018751440081 18.321666717529297 41218
1913 283.019144604475 280.0001875390027 18.325260162353516 41239
1914 283.01691878749341 280.00018756358497 18.323696136474609 41261
1915 283.01469475072184 280.00018758814747 18.32343864440918 41282
1916 283.01247249250616 280.00018761269041 18.324478149414062 41304
1917 283.01025201119427 280.0001876372138 18.322395324707031 41325
1918 283.00803330513634 280.00018766171752 18.319896697998047 41347
1919 283.00581637268454 280.00018768620163 18.325729370117188 41368
1920 283.00360121219342 280.00018771066613 18.326927185058594 41390
1921 283.0013878220193 280.00018773511113 18.329896926879883 41411
1922 282.99917620052082 280.00018775953657 18.326459884643555 41433
1923 282.99696634605863 280.00018778394252 18.331615447998047 41454
1924 282.99475825699551 280.00018780832903 18.317188262939453 41476
1925 282.99255193169637 280.00018783269599 18.322187423706055 41497
1926 282.99034736852821 280.00018785704344 18.324478149414062 41519
1927 282.9881445658599 280.00018788137163 18.320363998413086 41540
1928 282.98594352206271 280.00018790568032 18.320730209350586 41562
1929 282.98374423550985 280.00018792996957 18.321874618530273 41583
1930 282.9815467045766 280.00018795423938 18.330207824707031 41605
1931 282.97935092764016 280.00018797848981 18.336458206176758 41626
1932 282.97715690308013 280.00018800272096 18.329166412353516 41648
1933 282.97496462927796 280.00018802693279 18.322551727294922 41669
1934 282.97277410461709 280.00018805112524 18.328073501586914 41691
1935 282.97058532748326 280.00018807529841 18.332969665527344 41712
1936 282.96839829626401 280.00018809945232 18.326093673706055 41734
1937 282.96621300934902 280.00018812358695 18.327499389648438 41755
1938 282.96402946513007 280.00018814770226 18.325363159179688 41777
1939 282.96184766200093 280.00018817179841 18.320417404174805 41798
1940 282.95966759835744 280.00018819587535 18.322708129882812 41820
1941 282.95748927259723 280.00018821993308 18.319948196411133 41841
1942 282.9553126831205 280.00018824397171 18.324323654174805 41863
1943 282.95313782832886 280.00018826799106 18.325885772705078 41884
1944 282.95096470662651 280.00018829199126 18.325000762939453 41906
1945 282.94879331641908 280.00018831597242 18.32713508605957 41927
1946 282.94662365611464 280.00018833993454 18.333593368530273 41949
1947 282.94445572412315 280.0001883638775 18.335311889648438 41970
1948 282.94228951885651 280.00018838780136 18.330312728881836 41992
1949 282.9401250387287 280.00018841170612 18.332656860351562 42014
1950 282.93796228215564 280.00018843559195 18.324947357177734 42035
1951 282.93580124755533 280.00018845945874 18.325000762939453 42057
1952 282.9336419333477 280.00018848330649 18.325624465942383 42078
1953 282.9314843379546 280.00018850713536 18.3199462890625 42100
1954 282.92932845979999 280.00018853094514 18.31755256652832 42121
1955 282.9271742973097 280.00018855473604 18.321771621704102 42143
1956 282.92502184891168 280.0001885785079 18.328750610351562 42164
1957 282.92287111303574 280.00018860226095 18.330259323120117 42186
1958 282.92072208811356 280.00018862599512 18.322708129882812 42207
1959 282.91857477257889 280.00018864971031 18.31739616394043 42229
1960 282.91642916486757 280.0001886734068 18.315208435058594 42250
1961 282.91428526341724 280.00018869708424 18.326353073120117 42272
1962 282.91214306666751 280.00018872074304 18.322916030883789 42293
1963 282.9100025730599 280.00018874438297 18.315521240234375 42315
1964 282.90786378103803 280.00018876800408 18.339061737060547 42336
1965 282.9057266890473 280.00018879160643 18.330886840820312 42358
1966 282.90359129553508 280.00018881518997 18.336198806762695 42380
1967 282.90145759895086 280.00018883875492 18.32890510559082 42401
1968 282.89932559774564 280.000188862301 18.33494758605957 42423
1969 282.89719529037291 280.00018888582844 18.32890510559082 42444
1970 282.89506667528758 280.00018890933717 18.324739456176758 42466
1971 282.89293975094671 280.00018893282731 18.324270248413086 42487
1972 282.89081451580944 280.00018895629859 18.325468063354492 42509
1973 282.88869096833628 280.00018897975144 18.33104133605957 42530
1974 282.88656910699046 280.00018900318554 18.32244873046875 42552
1975 282.88444893023626 280.00018902660105 18.326145172119141 42573
1976 282.88233043654049 280.00018904999803 18.318437576293945 42595
1977 282.88021362437155 280.00018907337642 18.320365905761719 42616
1978 282.87809849219997 280.00018909673622 18.321874618530273 42638
1979 282.87598503849784 280.00018912007749 18.327707290649414 42659
1980 282.87387326173933 280.00018914340023 18.330469131469727 42681
1981 282.87176316040058 280.00018916670456 18.326822280883789 42702
1982 282.86965473295948 280.00018918999029 18.33807373046875 42724
1983 282.86754797789581 280.00018921325761 18.321405410766602 42745
1984 282.86544289369135 280.00018923650646 18.319635391235352 42767
1985 282.86333947882952 280.00018925973689 18.318021774291992 42788
1986 282.86123773179588 280.00018928294895 18.327709197998047 42810
1987 282.85913765107756 280.0001893061426 18.317655563354492 42831
1988 282.85703923516377 280.00018932931772 18.319740295410156 42853
1989 282.8549424825456 280.00018935247459 18.32130241394043 42874
1990 282.85284739171584 280.0001893756131 18.32343864440918 42896
1991 282.85075396116918 280.0001893987332 18.322969436645508 42917
1992 282.84866218940215 280.00018942183505 18.321666717529297 42939
1993 282.84657207491324 280.00018944491853 18.320156097412109 42960
1994 282.84448361620258 280.00018946798377 18.326301574707031 42982
1995 282.84239681177235 280.00018949103077 18.324375152587891 43003
1996 282.84031166012642 280.00018951405946 18.32890510559082 43025
1997 282.83822815977061 280.00018953706996 18.330364227294922 43047
1998 282.83614630921232 280.00018956006221 18.333438873291016 43068
1999 282.83406610696107 280.00018958303627 18.323749542236328 43090
2000 282.83198755152796 280.00018960599209 18.327655792236328 43111
