iteration internal-T external-T loop-time(ms) calcT-time(ms) wall-time(ms)
0 300 280 18.375312805175781 2.9355731010437012 21
1 299.19999999999999 280.00000883531476 18.375520706176758 2.9432809352874756 43
2 298.52813741741738 280.0000162554615 18.373697280883789 2.9452080726623535 65
3 297.94710600452674 280.00002267245571 18.326301574707031 2.9619789123535156 86
4 297.43349718286197 280.00002834482524 18.328750610351562 2.9447920322418213 108
5 296.97180041472416 280.00003344387056 18.322395324707031 2.9994270801544189 129
6 296.55130638030687 280.00003808786704 18.333749771118164 2.973750114440918 151
7 296.16435677203572 280.00004236139398 18.297708511352539 2.9620840549468994 173
8 295.80530500684142 280.00004632681322 18.287500381469727 2.9616150856018066 194
9 295.46987441645172 280.00005003135669 18.275936126708984 2.9876039028167725 216
10 295.15474864618375 280.00005351165095 18.281301498413086 2.9705729484558105 238
11 294.85730236363128 280.00005679669039 18.277812957763672 2.9774999618530273 259
12 294.57541936238107 280.00005990984664 18.291250228881836 2.9621870517730713 281
13 294.30736659798424 280.0000628702598 18.282394409179688 2.9396870136260986 302
14 294.05170493986634 280.00006569382384 18.266302108764648 2.9580199718475342 324
15 293.80722459684324 280.00006839389982 18.275312423706055 2.9755730628967285 346
16 293.57289749130234 280.00007098184204 18.275520324707031 2.91880202293396 367
17 293.34784151461503 280.0000734673925 18.264583587646484 2.9759891033172607 389
18 293.1312932699164 280.00007585898231 18.259166717529297 2.9573960304260254 410
19 292.92258698416197 280.00007816396453 18.264322280883789 2.9690101146697998 432
20 292.72113797695755 280.00008038879622 18.265052795410156 2.911250114440918 453
21 292.52642954511953 280.00008253918406 18.25390625 2.9446349143981934 475
22 292.33800244261971 280.00008462020008 18.249374389648438 2.9342179298400879 496
23 292.15544635734591 280.00008663637567 18.268020629882812 2.9541149139404297 518
24 291.97839294191681 280.00008859177899 18.264791488647461 2.9762499332427979 540
25 291.80651006684599 280.00009049007815 18.262968063354492 2.9370319843292236 561
26 291.63949704460504 280.00009233459394 18.254219055175781 2.9402599334716797 583
27 291.47708063188128 280.00009412834402 18.261249542236328 2.9297909736633301 604
28 291.31901166082787 280.00009587408044 18.249635696411133 2.8998439311981201 626
29 291.16506218269768 280.00009757432053 18.24901008605957 2.9300000667572021 647
30 291.01502303191194 280.00009923137452 18.25098991394043 2.9306249618530273 669
31 290.86870173745945 280.00010084736783 18.244270324707031 2.973750114440918 690
32 290.72592072306355 280.0001024242618 18.249479293823242 2.9649479389190674 712
33 290.58651574885124 280.00010396387034 18.244792938232422 2.9654169082641602 733
34 290.45033455612861 280.00010546787496 18.251823425292969 2.9593749046325684 755
35 290.31723568386673 280.00010693783804 18.239582061767578 2.9161460399627686 776
36 290.18708743107362 280.00010837521393 18.236249923706055 2.9373440742492676 798
37 290.05976694368979 280.0001097813597 18.240884780883789 2.9837501049041748 819
38 289.93515940824278 280.00011115754319 18.240573883056641 2.9304690361022949 841
39 289.81315733741167 280.00011250495157 18.249166488647461 2.9596869945526123 862
40 289.6936599350297 280.00011382469802 18.245729446411133 3.0071349143981934 884
41 289.57657253000582 280.00011511782816 18.304582595825195 3.0146360397338867 906
42 289.46180607024894 280.00011638532533 18.25666618347168 3.0054690837860107 927
43 289.34927666901166 280.00011762811619 18.255937576293945 2.973750114440918 949
44 289.23890519717514 280.00011884707453 18.249322891235352 2.9496359825134277 971
45 289.1306169159231 280.0001200430259 18.248228073120117 3.2743229866027832 993
46 289.02434114502586 280.00012121675076 18.285469055175781 3.1227600574493408 1014
47 288.92001096261174 280.00012236898823 18.314895629882812 3.1789588928222656 1036
48 288.81756293285309 280.00012350043897 18.315052032470703 2.9566669464111328 1058
49 288.71693685846407 280.00012461176777 18.268072128295898 2.9728639125823975 1080
50 288.61807555530766 280.00012570360616 18.243801116943359 2.9849998950958252 1101
51 288.52092464674763 280.00012677655479 18.245521545410156 2.98260498046875 1123
52 288.42543237567719 280.00012783118513 18.236459732055664 2.9648439884185791 1144
53 288.33154943240402 280.00012886804177 18.245260238647461 2.9864580631256104 1166
54 288.23922879679174 280.00012988764411 18.237760543823242 2.9535419940948486 1188
55 288.14842559324154 280.00013089048775 18.24005126953125 2.957813024520874 1209
56 288.05909695726479 280.00013187704599 18.235780715942383 2.9735939502716064 1231
57 287.97120191253401 280.00013284777145 18.235208511352539 2.9864060878753662 1252
58 287.88470125742828 280.00013380309719 18.230363845825195 2.9532289505004883 1274
59 287.79955746019078 280.00013474343746 18.236249923706055 2.9593229293823242 1295
60 287.71573456191783 280.00013566918955 18.240781784057617 2.8996360301971436 1317
61 287.63319808667342 280.00013658073425 18.232969284057617 2.9369800090789795 1338
62 287.55191495810391 280.00013747843678 18.233125686645508 2.9823429584503174 1360
63 287.47185342198782 280.00013836264782 18.302343368530273 2.9677081108093262 1382
64 287.39298297421027 280.00013923370443 18.243959426879883 2.9504680633544922 1403
65 287.31527429371033 280.00014009193018 18.240156173706055 2.9476559162139893 1425
66 287.23869917998297 280.00014093763673 18.236040115356445 2.9483339786529541 1446
67 287.16323049476711 280.00014177112371 18.244895935058594 2.9468228816986084 1468
68 287.08884210758015 280.00014259267977 18.236509323120117 2.9529690742492676 1489
69 287.01550884479389 280.00014340258281 18.238489151000977 2.9758338928222656 1511
70 286.94320644197416 280.00014420110091 18.229063034057617 2.9097909927368164 1532
71 286.87191149923098 280.00014498849248 18.234531402587891 2.9704170227050781 1554
72 286.80160143935132 280.00014576500689 18.232917785644531 2.9650518894195557 1575
73 286.73225446850324 280.00014653088476 18.235260009765625 2.9448959827423096 1597
74 286.66384953932084 280.00014728635864 18.242603302001953 2.9516150951385498 1618
75 286.59636631619645 280.00014803165305 18.232656478881836 2.9377079010009766 1640
76 286.52978514261821 280.00014876698503 18.233333587646484 2.9549999237060547 1661
77 286.46408701040968 280.00014949256462 18.231718063354492 2.9727089405059814 1683
78 286.39925353073409 280.00015020859485 18.226667404174805 2.9602088928222656 1704
79 286.33526690674267 280.00015091527229 18.238073348999023 2.9701559543609619 1726
80 286.27210990775279 280.00015161278731 18.236406326293945 2.9178640842437744 1747
81 286.20976584485186 280.00015230132408 18.244165420532227 2.9782290458679199 1769
82 286.14821854783156 280.00015298106121 18.229635238647461 2.9311459064483643 1790
83 286.08745234336385 280.00015365217189 18.232761383056641 2.9928650856018066 1812
84 286.02745203433705 280.00015431482393 18.245052337646484 2.9611461162567139 1833
85 285.96820288027772 280.00015496918007 18.240364074707031 2.95619797706604 1855
86 285.90969057878766 280.00015561539828 18.264686584472656 2.9109370708465576 1876
87 285.85190124793263 280.00015625363199 18.24005126953125 2.9642190933227539 1898
88 285.79482140952234 280.00015688402993 18.241302490234375 2.9607810974121094 1920
89 285.73843797322797 280.00015750673663 18.245000839233398 2.9782290458679199 1941
90 285.68273822148444 280.0001581218927 18.252967834472656 3.0034890174865723 1963
91 285.62770979513112 280.00015872963451 18.244686126708984 2.9526560306549072 1984
92 285.57334067974665 280.00015933009479 18.237968444824219 2.9655730724334717 2006
93 285.51961919263601 280.00015992340263 18.24395751953125 2.9583330154418945 2027
94 285.46653397043366 280.00016050968344 18.233592987060547 2.9242711067199707 2049
95 285.41407395728464 280.0001610890593 18.241874694824219 2.9216659069061279 2070
96 285.36222839357293 280.00016166164926 18.227447509765625 2.9360411167144775 2092
97 285.31098680516493 280.00016222756864 18.22947883605957 2.9686450958251953 2113
98 285.26033899313961 280.00016278693033 18.227134704589844 2.9108328819274902 2135
99 285.21027502397806 280.00016333984399 18.235311508178711 2.9505729675292969 2156
100 285.16078522018836 280.00016388641649 18.253021240234375 2.9636459350585938 2178
101 285.1118601513416 280.00016442675195 18.228124618530273 2.9705209732055664 2200
102 285.06349062549612 280.00016496095196 18.235885620117188 2.9268229007720947 2221
103 285.01566768099224 280.00016548911549 18.228490829467773 2.9694790840148926 2243
104 284.96838257859446 280.00016601133888 18.239738464355469 2.9134900569915771 2264
105 284.92162679396631 280.00016652771654 18.235313415527344 2.9706249237060547 2286
106 284.87539201045945 280.00016703834012 18.237083435058594 2.9116148948669434 2307
107 284.82967011220012 280.00016754329931 18.243385314941406 2.9513020515441895 2329
108 284.78445317746105 280.00016804268171 18.224843978881836 2.9415099620819092 2350
109 284.73973347230083 280.00016853657246 18.231561660766602 2.9657299518585205 2372
110 284.69550344446094 280.0001690250553 18.228073120117188 2.9542191028594971 2393
111 284.65175571750598 280.00016950821146 18.230728149414062 2.980417013168335 2415
112 284.60848308519616 280.00016998612051 18.22755241394043 2.9267189502716064 2436
113 284.56567850608059 280.0001704588604 18.22380256652832 2.9007298946380615 2458
114 284.52333509830163 280.00017092650722 18.228019714355469 2.9402599334716797 2479
115 284.48144613459971 280.00017138913495 18.22833251953125 2.935884952545166 2501
116 284.44000503750959 280.00017184681639 18.220104217529297 2.945573091506958 2522
117 284.39900537474 280.00017229962253 18.226093292236328 2.9817190170288086 2544
118 284.35844085472672 280.00017274762291 18.224218368530273 2.9478650093078613 2565
119 284.31830532235364 280.0001731908855 18.22755241394043 2.9594790935516357 2587
120 284.27859275483144 280.00017362947682 18.232603073120117 2.9382290840148926 2608
121 284.23929725773007 280.00017406346188 18.240625381469727 2.947551965713501 2630
122 284.2004130611561 280.00017449290442 18.232812881469727 2.9287500381469727 2651
123 284.16193451606847 280.00017491786701 18.232551574707031 2.9960939884185791 2673
124 284.12385609072953 280.00017533841066 18.228801727294922 2.9394268989562988 2694
125 284.08617236728134 280.00017575459509 18.225833892822266 2.9782299995422363 2716
126 284.04887803844645 280.00017616647904 18.231042861938477 2.9338030815124512 2737
127 284.01196790434375 280.00017657411985 18.227760314941406 2.9781250953674316 2759
128 283.97543686941822 280.0001769775738 18.239635467529297 2.9696879386901855 2780
129 283.93927993947699 280.00017737689609 18.236562728881836 2.9538540840148926 2802
130 283.90349221882985 280.00017777214077 18.231821060180664 2.9520840644836426 2823
131 283.86806890752746 280.000178163361 18.241666793823242 2.9655721187591553 2845
132 283.83300529869581 280.00017855060855 18.236198425292969 2.9624478816986084 2867
133 283.79829677596121 280.00017893393442 18.236146926879883 2.9504680633544922 2888
134 283.76393881096317 280.00017931338874 18.228542327880859 2.9269790649414062 2910
135 283.72992696095122 280.0001796890204 18.237552642822266 2.97182297706604 2931
136 283.69625686646322 280.00018006087777 18.233905792236328 2.9545309543609619 2953
137 283.66292424908039 280.00018042900797 18.228958129882812 3.0691149234771729 2974
138 283.62992490925831 280.00018079345745 18.232135772705078 2.9759891033172607 2996
139 283.59725472422866 280.00018115427167 18.232656478881836 2.9630200862884521 3017
140 283.56490964597089 280.00018151149527 18.245260238647461 2.9564590454101562 3039
141 283.53288569925002 280.00018186517235 18.243125915527344 2.9491140842437744 3060
142 283.5011789797187 280.00018221534589 18.239114761352539 2.9269790649414062 3082
143 283.46978565208059 280.00018256205828 18.231927871704102 2.9697399139404297 3104
144 283.43870194831317 280.00018290535115 18.235780715942383 2.9578120708465576 3125
145 283.40792416594809 280.00018324526553 18.233749389648438 2.9704689979553223 3147
146 283.37744866640594 280.00018358184133 18.229999542236328 2.9398961067199707 3168
147 283.34727187338461 280.00018391511816 18.232969284057617 2.9357290267944336 3190
148 283.31739027129777 280.00018424513485 18.225885391235352 2.964946985244751 3211
149 283.28780040376449 280.00018457192959 18.247135162353516 2.9396870136260986 3233
150 283.25849887214395 280.00018489553992 18.223854064941406 2.9583330154418945 3254
151 283.22948233411779 280.00018521600265 18.230207443237305 2.9562499523162842 3276
152 283.20074750231572 280.00018553335428 18.221458435058594 2.963749885559082 3297
153 283.17229114298402 280.00018584763041 18.231042861938477 2.9246869087219238 3319
154 283.14411007469459 280.00018615886614 18.236719131469727 2.9454679489135742 3340
155 283.11620116709463 280.00018646709606 18.226926803588867 2.9257810115814209 3362
156 283.08856133969368 280.00018677235425 18.231405258178711 2.9848439693450928 3383
157 283.0611875606877 280.00018707467422 18.237396240234375 3.0464060306549072 3405
158 283.03407684581913 280.00018737408891 18.237604141235352 2.9645309448242188 3427
159 283.00722625727127 280.00018767063074 18.235208511352539 2.9720830917358398 3448
160 282.98063290259518 280.00018796433153 18.230571746826172 2.9401559829711914 3470
161 282.95429393367004 280.00018825522284 18.249322891235352 2.9538021087646484 3491
162 282.92820654569294 280.00018854333581 18.231145858764648 2.9610939025878906 3513
163 282.9023679761998 280.00018882870063 18.232240676879883 2.9614579677581787 3534
164 282.87677550411451 280.00018911134754 18.225051879882812 2.9303638935089111 3556
165 282.85142644882626 280.00018939130604 18.236875534057617 3.0035419464111328 3577
166 282.82631816929387 280.00018966860557 18.225156784057617 2.9745841026306152 3599
167 282.80144806317611 280.00018994327468 18.249843597412109 2.9614059925079346 3620
168 282.77681356598737 280.00019021534149 18.240312576293945 2.9615108966827393 3642
169 282.75241215027751 280.00019048483426 18.231042861938477 2.9764060974121094 3664
170 282.72824132483561 280.00019075178028 18.231510162353516 2.9544789791107178 3685
171 282.70429863391621 280.00019101620677 18.225208282470703 2.980104923248291 3707
172 282.68058165648739 280.00019127814045 18.221353530883789 2.956355094909668 3728
173 282.65708800550118 280.00019153760769 18.223489761352539 2.931926965713501 3750
174 282.63381532718336 280.00019179463442 18.221250534057617 2.9651041030883789 3771
175 282.61076130034365 280.00019204924666 18.23729133605957 2.9757289886474609 3793
176 282.58792363570569 280.00019230146899 18.232290267944336 3.008073091506958 3814
177 282.56530007525487 280.00019255132685 18.242916107177734 2.9900000095367432 3836
178 282.54288839160489 280.00019279884469 18.24281120300293 2.9867188930511475 3858
179 282.52068638738149 280.00019304404674 18.245937347412109 2.975938081741333 3879
180 282.49869189462322 280.00019328695709 18.227500915527344 2.9629690647125244 3901
181 282.47690277419827 280.00019352759938 18.230052947998047 2.9589579105377197 3922
182 282.4553169152378 280.00019376599658 18.235469818115234 2.949531078338623 3944
183 282.43393223458412 280.00019400217212 18.225364685058594 2.9522919654846191 3965
184 282.41274667625351 280.00019423614839 18.226667404174805 2.9722919464111328 3987
185 282.39175821091425 280.00019446794806 18.225156784057617 2.976823091506958 4008
186 282.37096483537812 280.00019469759309 18.234323501586914 2.9394280910491943 4030
187 282.35036457210487 280.00019492510546 18.220207214355469 2.9814059734344482 4051
188 282.32995546872104 280.0001951505065 18.230728149414062 2.9550518989562988 4073
189 282.30973559755012 280.00019537381758 18.236822128295898 2.9869790077209473 4095
190 282.28970305515583 280.00019559505984 18.226823806762695 2.9263019561767578 4116
191 282.26985596189695 280.00019581425397 18.225259780883789 2.9714059829711914 4138
192 282.2501924614939 280.0001960314205 18.226511001586914 2.8982288837432861 4159
193 282.23071072060611 280.00019624657972 18.218332290649414 2.9522919654846191 4181
194 282.21140892842055 280.00019645975146 18.225521087646484 2.943958044052124 4202
195 282.19228529625059 280.00019667095557 18.212396621704102 2.9421360492706299 4224
196 282.17333805714509 280.0001968802116 18.237604141235352 2.9215629100799561 4245
197 282.15456546550729 280.00019708753882 18.223905563354492 2.9485409259796143 4267
198 282.13596579672338 280.00019729295616 18.219114303588867 2.9822390079498291 4288
199 282.11753734679996 280.0001974964826 18.2265625 2.9539580345153809 4310
200 282.09927843201109 280.00019769813662 18.230417251586914 2.9554679393768311 4331
201 282.08118738855336 280.00019789793674 18.236457824707031 2.9830729961395264 4353
202 282.06326257220991 280.00019809590111 18.228593826293945 2.9339070320129395 4374
203 282.04550235802265 280.0001982920474 18.233697891235352 2.9830200672149658 4396
204 282.02790513997195 280.00019848639357 18.227968215942383 2.9135410785675049 4418
205 282.01046933066436 280.00019867895708 18.219114303588867 2.9546349048614502 4439
206 281.9931933610282 280.00019886975542 18.214269638061523 2.9511981010437012 4461
207 281.97607568001541 280.00019905880566 18.215988159179688 2.9501559734344482 4482
208 281.95911475431149 280.00019924612451 18.218698501586914 2.9478640556335449 4504
209 281.94230906805137 280.00019943172884 18.213802337646484 2.9603650569915771 4525
210 281.92565712254299 280.00019961563527 18.214895248413086 2.9732809066772461 4547
211 281.90915743599589 280.0001997978602 18.217916488647461 2.9728128910064697 4568
212 281.89280854325739 280.00019997841974 18.220365524291992 2.949009895324707 4590
213 281.87660899555425 280.00020015733003 18.222448348999023 2.9835410118103027 4611
214 281.8605573602398 280.00020033460652 18.217187881469727 2.962083101272583 4633
215 281.8446522205478 280.00020051026513 18.236978530883789 2.9496350288391113 4654
216 281.82889217535069 280.00020068432127 18.214738845825195 2.9509899616241455 4676
217 281.8132758389246 280.0002008567904 18.220468521118164 2.95005202293396 4697
218 281.79780184071791 280.0002010276873 18.223125457763672 2.9492180347442627 4719
219 281.78246882512667 280.00020119702742 18.244010925292969 2.9472401142120361 4740
220 281.76727545127346 280.00020136482527 18.21796989440918 2.9519269466400146 4762
221 281.75222039279214 280.0002015310954 18.216926574707031 2.9729690551757812 4784
222 281.73730233761643 280.00020169585252 18.229114532470703 2.9215099811553955 4805
223 281.72251998777375 280.00020185911097 18.215885162353516 2.9660930633544922 4827
224 281.70787205918299 280.00020202088484 18.213020324707031 2.9780728816986084 4848
225 281.69335728145671 280.00020218118811 18.215469360351562 3.0172920227050781 4870
226 281.67897439770741 280.00020234003483 18.222394943237305 2.9322400093078613 4891
227 281.66472216435835 280.00020249743841 18.218437194824219 2.9781250953674316 4913
228 281.65059935095718 280.00020265341283 18.209739685058594 2.9578640460968018 4934
229 281.63660473999488 280.00020280797139 18.230207443237305 2.9773440361022949 4956
230 281.6227371267272 280.00020296112723 18.215311050415039 2.9617710113525391 4977
231 281.60899531899997 280.00020311289364 18.212551116943359 2.9492189884185791 4999
232 281.59537813707902 280.00020326328382 18.213228225708008 2.9448440074920654 5020
233 281.58188441348142 280.00020341231044 18.217344284057617 2.9750521183013916 5042
234 281.56851299281232 280.00020355998635 18.206718444824219 2.9320309162139893 5063
235 281.55526273160359 280.0002037063241 18.219478607177734 2.9659891128540039 5085
236 281.54213249815581 280.00020385133621 18.216405868530273 2.9666669368743896 5106
237 281.52912117238367 280.00020399503529 18.21661376953125 2.9573960304260254 5128
238 281.51622764566451 280.00020413743323 18.208541870117188 2.9300000667572021 5149
239 281.50345082068918 280.0002042785423 18.212551116943359 2.9546360969543457 5171
240 281.49078961131607 280.00020441837444 18.216093063354492 2.9274470806121826 5192
241 281.47824294242776 280.00020455694175 18.227344512939453 2.9732809066772461 5214
242 281.46580974979094 280.00020469425567 18.224895477294922 2.9492709636688232 5235
243 281.45348897991789 280.00020483032796 18.224166870117188 2.9619789123535156 5257
244 281.44127958993136 280.00020496517044 18.219011306762695 2.9279689788818359 5278
245 281.42918054743188 280.00020509879386 18.214792251586914 2.987760066986084 5300
246 281.41719083036668 280.00020523120997 18.215469360351562 2.9665110111236572 5321
247 281.40530942690225 280.00020536242988 18.219427108764648 2.9522919654846191 5343
248 281.39353533529805 280.00020549246477 18.226459503173828 2.9170830249786377 5364
249 281.38186756378298 280.00020562132522 18.217811584472656 2.9602079391479492 5386
250 281.3703051304343 280.00020574902243 18.224895477294922 2.9380209445953369 5407
251 281.35884706305791 280.00020587556696 18.213020324707031 2.9386980533599854 5429
252 281.34749239907137 280.00020600096951 18.211406707763672 2.964634895324707 5450
253 281.33624018538882 280.00020612524054 18.211978912353516 2.9270839691162109 5472
254 281.32508947830769 280.00020624839061 18.210886001586914 2.9434900283813477 5493
255 281.31403934339721 280.00020637042985 18.223386764526367 2.9806249141693115 5515
256 281.30308885538926 280.0002064913686 18.212656021118164 2.9604170322418213 5536
257 281.29223709807115 280.00020661121698 18.226667404174805 2.9495830535888672 5558
258 281.28148316417889 280.000206729985 18.215730667114258 2.9336450099945068 5579
259 281.270826155294 280.00020684768236 18.213594436645508 2.9728128910064697 5601
260 281.26026518174126 280.00020696431949 18.217084884643555 2.9650518894195557 5622
261 281.24979936248712 280.00020707990535 18.222969055175781 2.9823949337005615 5644
262 281.23942782504162 280.00020719445013 18.232864379882812 2.9680209159851074 5665
263 281.22914970536078 280.00020730796319 18.211666107177734 2.9968750476837158 5687
264 281.21896414775006 280.00020742045393 18.214895248413086 2.9528639316558838 5708
265 281.20887030477093 280.00020753193178 18.220834732055664 2.9526040554046631 5730
266 281.19886733714736 280.000207642406 18.20979118347168 2.9717180728912354 5751
267 281.18895441367425 280.00020775188574 18.217395782470703 2.9943230152130127 5773
268 281.1791307111281 280.00020786038004 18.216146469116211 2.9654688835144043 5794
269 281.16939541417759 280.00020796789818 18.230676651000977 2.9496870040893555 5816
270 281.15974771529676 280.00020807444878 18.224218368530273 2.9700520038604736 5838
271 281.1501868146787 280.00020818004072 18.221719741821289 2.9806249141693115 5859
272 281.14071192015115 280.0002082846828 18.219427108764648 2.988332986831665 5881
273 281.13132224709273 280.00020838838367 18.223333358764648 2.9877080917358398 5902
274 281.12201701835124 280.00020849115197 18.213333129882812 2.9665100574493408 5924
275 281.11279546416199 280.0002085929961 18.217655181884766 2.9485409259796143 5945
276 281.10365682206856 280.00020869392466 18.228490829467773 2.9406249523162842 5967
277 281.09460033684394 280.00020879394566 18.220624923706055 2.9653639793395996 5988
278 281.08562526041283 280.00020889306779 18.213438034057617 2.9710419178009033 6010
279 281.07673085177544 280.0002089912989 18.217292785644531 2.9944789409637451 6031
280 281.06791637693226 280.00020908864707 18.226457595825195 2.9994790554046631 6053
281 281.0591811088093 280.00020918512075 18.241302490234375 3.0865631103515625 6075
282 281.05052432718543 280.0002092807274 18.259218215942383 3.1613540649414062 6097
283 281.04194531861975 280.00020937547538 18.257291793823242 2.9818220138549805 6118
284 281.03344337638083 280.0002094693719 18.228229522705078 2.976823091506958 6140
285 281.02501780037562 280.0002095624252 18.227396011352539 2.995884895324707 6161
286 281.01666789708122 280.00020965464273 18.220365524291992 2.9395830631256104 6183
287 281.00839297947556 280.00020974603217 18.221979141235352 2.941978931427002 6204
288 281.00019236697085 280.00020983660079 18.229167938232422 2.94057297706604 6226
289 280.99206538534634 280.00020992635643 18.223854064941406 2.9587500095367432 6247
290 280.98401136668298 280.00021001530615 18.227500915527344 2.91880202293396 6269
291 280.97602964929871 280.00021010345739 18.218334197998047 2.9693229198455811 6290
292 280.96811957768426 280.00021019081737 18.215885162353516 2.9789071083068848 6312
293 280.96028050244047 280.00021027739325 18.225156784057617 2.9568231105804443 6333
294 280.95251178021545 280.00021036319202 18.218854904174805 2.941093921661377 6355
295 280.94481277364366 280.00021044822108 18.221458435058594 2.9354689121246338 6376
296 280.93718285128472 280.00021053248696 18.211875915527344 2.9533860683441162 6398
297 280.92962138756405 280.00021061599688 18.230312347412109 2.9791150093078613 6420
298 280.92212776271299 280.00021069875754 18.277603149414062 2.9527599811553955 6441
299 280.91470136271113 280.00021078077577 18.220260620117188 2.9745309352874756 6463
300 280.90734157922793 280.00021086205822 18.222082138061523 2.9429171085357666 6484
301 280.90004780956627 280.00021094261166 18.219270706176758 2.9686980247497559 6506
302 280.89281945660588 280.00021102244278 18.224531173706055 2.9525001049041748 6527
303 280.88565592874784 280.00021110155768 18.215051651000977 2.9696359634399414 6549
304 280.87855663985988 280.00021117996329 18.215311050415039 2.9367179870605469 6570
305 280.87152100922174 280.00021125766574 18.215885162353516 2.9549479484558105 6592
306 280.86454846147188 280.00021133467158 18.216875076293945 2.9614589214324951 6613
307 280.85763842655439 280.00021141098699 18.217657089233398 2.9468750953674316 6635
308 280.8507903396669 280.00021148661824 18.216354370117188 2.9519801139831543 6656
309 280.84400364120859 280.00021156157163 18.215677261352539 2.9467179775238037 6678
310 280.83727777672959 280.00021163585296 18.210624694824219 2.9613020420074463 6699
311 280.83061219688 280.0002117094686 18.211353302001953 2.9553649425506592 6721
312 280.82400635736013 280.00021178242451 18.210208892822266 2.92494797706604 6742
313 280.81745971887153 280.00021185472644 18.212396621704102 2.9911460876464844 6764
314 280.81097174706792 280.00021192638059 18.206666946411133 2.9336979389190674 6785
315 280.80454191250715 280.00021199739246 18.206666946411133 2.9472920894622803 6807
316 280.79816969060363 280.00021206776819 18.215885162353516 2.9526560306549072 6828
317 280.7918545615812 280.00021213751353 18.217708587646484 2.973228931427002 6850
318 280.78559601042667 280.00021220663371 18.215625762939453 2.9319279193878174 6871
319 280.77939352684376 280.00021227513486 18.214948654174805 2.9728639125823975 6893
320 280.77324660520759 280.00021234302244 18.215103149414062 2.9608330726623535 6914
321 280.76715474451981 280.00021241030169 18.217967987060547 2.9746870994567871 6936
322 280.76111744836396 280.0002124769785 18.208906173706055 2.9480209350585938 6957
323 280.75513422486188 280.00021254305818 18.217552185058594 2.9433329105377197 6979
324 280.74920458662967 280.00021260854601 18.204896926879883 2.941615104675293 7000
325 280.74332805073522 280.00021267344715 18.205156326293945 2.9747920036315918 7022
326 280.73750413865537 280.00021273776724 18.204843521118164 2.9370310306549072 7043
327 280.73173237623371 280.00021280151145 18.210832595825195 2.9239060878753662 7065
328 280.72601229363954 280.00021286468507 18.209218978881836 2.9266669750213623 7086
329 280.72034342532595 280.00021292729275 18.210260391235352 2.9699480533599854 7108
330 280.71472530998983 280.00021298934001 18.220260620117188 2.9293749332427979 7129
331 280.70915749053114 280.0002130508318 18.20703125 2.9398961067199707 7150
332 280.70363951401339 280.00021311177312 18.206874847412109 2.9132289886474609 7172
333 280.69817093162374 280.00021317216891 18.211353302001953 2.9617710113525391 7193
334 280.69275129863462 280.00021323202407 18.209478378295898 2.9373440742492676 7215
335 280.68738017436476 280.00021329134353 18.210052490234375 2.9825520515441895 7236
336 280.68205712214109 280.00021335013219 18.218593597412109 2.970937967300415 7258
337 280.67678170926104 280.00021340839459 18.211250305175781 2.9571359157562256 7279
338 280.67155350695521 280.00021346613551 18.207916259765625 2.9117710590362549 7301
339 280.66637209035025 280.00021352335995 18.205572128295898 2.9593229293823242 7322
340 280.66123703843255 280.00021358007211 18.204374313354492 2.9483850002288818 7344
341 280.65614793401159 280.00021363627695 18.201093673706055 2.9617190361022949 7365
342 280.65110436368457 280.0002136919789 18.202968597412109 2.9410409927368164 7387
343 280.64610591780053 280.00021374718244 18.196561813354492 2.9456770420074463 7408
344 280.64115219042571 280.00021380189196 18.209426879882812 2.9517710208892822 7430
345 280.63624277930853 280.00021385611234 18.205156326293945 2.9871881008148193 7451
346 280.6313772858453 280.0002139098475 18.203697204589844 2.9558329582214355 7473
347 280.62655531504601 280.00021396310206 18.205312728881836 2.9843230247497559 7494
348 280.62177647550084 280.00021401588026 18.19984245300293 2.9443230628967285 7516
349 280.61704037934709 280.00021406818644 18.215936660766602 2.9402608871459961 7537
350 280.61234664223576 280.00021412002468 18.214479446411133 2.9466660022735596 7559
351 280.60769488329885 280.00021417139948 18.216926574707031 2.9477090835571289 7580
352 280.60308472511736 280.00021422231464 18.211145401000977 2.9550518989562988 7602
353 280.59851579368927 280.00021427277466 18.208436965942383 2.9484899044036865 7623
354 280.59398771839756 280.00021432278328 18.207916259765625 2.9444270133972168 7645
355 280.58950013197915 280.00021437234489 18.207084655761719 2.9695320129394531 7666
356 280.58505267049372 280.00021442146317 18.2109375 2.9628639221191406 7688
357 280.58064497329275 280.0002144701424 18.214948654174805 2.9669790267944336 7709
358 280.57627668298966 280.00021451838643 18.217552185058594 2.9406249523162842 7731
359 280.57194744542903 280.00021456619913 18.213384628295898 2.9791150093078613 7752
360 280.56765690965739 280.00021461358443 18.209999084472656 2.9313540458679199 7774
361 280.56340472789304 280.00021466054608 18.208280563354492 2.9525001049041748 7795
362 280.55919055549737 280.00021470708811 18.213594436645508 2.9696869850158691 7817
363 280.55501405094549 280.0002147532141 18.221822738647461 2.9534900188446045 7838
364 280.55087487579777 280.00021479892774 18.203489303588867 2.9278650283813477 7860
365 280.54677269467152 280.0002148442328 18.206302642822266 2.9694790840148926 7881
366 280.54270717521268 280.00021488913296 18.204792022705078 2.9284369945526123 7903
367 280.53867798806795 280.00021493363181 18.204010009765625 2.9860939979553223 7924
368 280.53468480685768 280.00021497773321 18.200677871704102 2.9201560020446777 7946
369 280.53072730814785 280.00021502144034 18.20234489440918 2.9571359157562256 7967
370 280.52680517142352 280.00021506475701 18.211093902587891 2.9342710971832275 7989
371 280.52291807906221 280.00021510768642 18.200729370117188 2.9407289028167725 8010
372 280.51906571630678 280.00021515023258 18.203489303588867 2.9479160308837891 8032
373 280.51524777123967 280.00021519239846 18.202499389648438 2.9700520038604736 8053
374 280.51146393475693 280.00021523418764 18.199792861938477 2.9615631103515625 8075
375 280.50771390054194 280.00021527560375 18.206510543823242 2.9762499332427979 8096
376 280.50399736504056 280.00021531664964 18.203384399414062 2.9557819366455078 8118
377 280.50031402743559 280.00021535732901 18.21484375 2.9352600574493408 8139
378 280.49666358962145 280.00021539764481 18.217916488647461 2.9297389984130859 8161
379 280.49304575617992 280.00021543760067 18.204843521118164 2.9667708873748779 8182
380 280.48946023435531 280.00021547719967 18.202499389648438 2.9540629386901855 8204
381 280.48590673403021 280.00021551644517 18.201250076293945 2.9729170799255371 8225
382 280.48238496770148 280.00021555534011 18.202186584472656 2.977708101272583 8247
383 280.4788946504562 280.00021559388756 18.197290420532227 2.9740629196166992 8268
384 280.47543549994833 280.00021563209089 18.210781097412109 2.925990104675293 8290
385 280.47200723637519 280.00021566995321 18.200313568115234 2.9496879577636719 8311
386 280.46860958245418 280.00021570747737 18.196094512939453 2.9079689979553223 8333
387 280.46524226340011 280.00021574466655 18.194480895996094 2.9661979675292969 8354
388 280.46190500690216 280.00021578152359 18.193906784057617 2.9366669654846191 8376
389 280.45859754310135 280.00021581805174 18.1953125 2.9521360397338867 8397
390 280.45531960456873 280.00021585425384 18.210103988647461 2.9624478816986084 8419
391 280.4520709262826 280.00021589013267 18.217239379882812 2.9530200958251953 8440
392 280.44885124560716 280.00021592569135 18.207551956176758 2.9273428916931152 8462
393 280.44566030227037 280.00021596093256 18.20213508605957 2.9545309543609619 8483
394 280.442497838343 280.00021599585915 18.21270751953125 2.9349470138549805 8505
395 280.43936359821691 280.00021603047418 18.198749542236328 2.9463019371032715 8526
396 280.43625732858408 280.00021606478032 18.205417633056641 2.9527609348297119 8548
397 280.43317877841599 280.00021609878024 18.197759628295898 2.9620308876037598 8569
398 280.43012769894244 280.00021613247685 18.201667785644531 2.9584369659423828 8591
399 280.42710384363153 280.00021616587264 18.189113616943359 2.9682810306549072 8612
400 280.4241069681691 280.00021619897075 18.194427490234375 2.9305210113525391 8634
401 280.42113683043868 280.00021623177327 18.191770553588867 2.9739589691162109 8655
402 280.41819319050171 280.00021626428315 18.193281173706055 2.9678130149841309 8677
403 280.41527581057744 280.00021629650325 18.196928024291992 2.9390630722045898 8698
404 280.41238445502381 280.00021632843573 18.194896697998047 2.9488539695739746 8719
405 280.40951889031777 280.00021636008341 18.19984245300293 2.9719269275665283 8741
406 280.40667888503617 280.00021639144893 18.189115524291992 2.9228639602661133 8762
407 280.40386420983674 280.00021642253461 18.19416618347168 2.972553014755249 8784
408 280.40107463743954 280.00021645334306 18.191041946411133 3.0441150665283203 8806
409 280.39830994260768 280.00021648387673 18.239219665527344 2.9951040744781494 8827
410 280.39556990212941 280.000216514138 18.219375610351562 3.0347390174865723 8849
411 280.39285429479952 280.00021654412967 18.213125228881836 2.9831769466400146 8870
412 280.39016290140103 280.00021657385366 18.204374313354492 2.9792709350585938 8892
413 280.38749550468788 280.00021660331288 18.198490142822266 2.9535939693450928 8913
414 280.3848518893663 280.00021663250948 18.193593978881836 2.9591670036315918 8935
415 280.38223184207754 280.00021666144545 18.190988540649414 2.9453129768371582 8956
416 280.37963515138063 280.00021669012381 18.192031860351562 2.9780728816986084 8978
417 280.37706160773439 280.00021671854631 18.204219818115234 2.9534380435943604 8999
418 280.37451100348096 280.00021674671564 18.190834045410156 2.9231250286102295 9021
419 280.3719831328284 280.00021677463377 18.194843292236328 2.9519269466400146 9042
420 280.36947779183367 280.0002168023031 18.197813034057617 2.9595310688018799 9064
421 280.36699477838681 280.00021682972584 18.193334579467773 2.979896068572998 9085
422 280.36453389219298 280.00021685690427 18.187759399414062 2.9453129768371582 9107
423 280.36209493475752 280.00021688384032 18.197135925292969 2.9088540077209473 9128
424 280.3596777093685 280.00021691053655 18.202604293823242 2.9684898853302002 9150
425 280.35728202108163 280.00021693699495 18.195728302001953 2.9610409736633301 9171
426 280.35490767670353 280.00021696321755 18.189010620117188 2.9506769180297852 9193
427 280.35255448477648 280.00021698920654 18.190677642822266 2.9665100574493408 9214
428 280.35022225556241 280.00021701496399 18.199165344238281 2.9468750953674316 9235
429 280.34791080102741 280.00021704049198 18.197238922119141 2.9601559638977051 9257
430 280.34561993482686 280.00021706579258 18.192239761352539 2.9493749141693115 9278
431 280.34334947228939 280.00021709086798 18.204896926879883 2.9845309257507324 9300
432 280.34109923040234 280.00021711571992 18.20390510559082 2.9553120136260986 9321
433 280.3388690277967 280.00021714035068 18.195363998413086 2.9765629768371582 9343
434 280.33665868473236 280.00021716476203 18.190313339233398 2.9717710018157959 9364
435 280.33446802308322 280.00021718895613 18.198905944824219 2.9415628910064697 9386
436 280.33229686632285 280.00021721293456 18.187084197998047 2.9534890651702881 9407
437 280.33014503950983 280.0002172366996 18.193906784057617 2.9773440361022949 9429
438 280.32801236927384 280.00021726025312 18.200729370117188 2.9243230819702148 9450
439 280.3258986838012 280.00021728359695 18.193750381469727 2.9542191028594971 9472
440 280.32380381282093 280.00021730673308 18.195781707763672 2.9676039218902588 9493
441 280.32172758759094 280.00021732966314 18.197916030883789 2.9695310592651367 9515
442 280.31966984088405 280.00021735238931 18.190521240234375 2.9526569843292236 9536
443 280.31763040697467 280.00021737491312 18.192813873291016 2.9517180919647217 9558
444 280.31560912162507 280.00021739723644 18.196510314941406 2.9562499523162842 9579
445 280.31360582207185 280.00021741936115 18.203073501586914 2.9842710494995117 9601
446 280.31162034701299 280.00021744128907 18.187656402587891 2.9399480819702148 9622
447 280.30965253659457 280.0002174630219 18.205936431884766 2.9818229675292969 9644
448 280.3077022323975 280.00021748456129 18.194583892822266 2.9408330917358398 9665
449 280.30576927742504 280.00021750590906 18.201822280883789 2.9715099334716797 9687
450 280.30385351608959 280.00021752706704 18.208333969116211 2.9814589023590088 9708
451 280.3019547942003 280.00021754803674 18.201665878295898 2.9437499046325684 9730
452 280.30007295895035 280.00021756882001 18.202604293823242 2.9806249141693115 9751
453 280.29820785890462 280.00021758941841 18.192604064941406 2.9560410976409912 9773
454 280.29635934398709 280.00021760983367 18.191822052001953 3.0171360969543457 9794
455 280.29452726546896 280.00021763006743 18.198125839233398 2.9810938835144043 9816
456 280.29271147595625 280.00021765012133 18.195261001586914 2.9447400569915771 9837
457 280.29091182937799 280.00021766999691 18.204011917114258 3.0200529098510742 9859
458 280.28912818097416 280.00021768969572 18.207969665527344 2.9443230628967285 9880
459 280.28736038728408 280.00021770921956 18.212343215942383 2.9631249904632568 9902
460 280.28560830613458 280.00021772856968 18.198020935058594 2.9432299137115479 9923
461 280.28387179662832 280.00021774774791 18.191041946411133 3.002500057220459 9945
462 280.28215071913274 280.00021776675584 18.19609260559082 2.9722399711608887 9966
463 280.28044493526818 280.00021778559483 18.191354751586914 2.9720311164855957 9988
464 280.27875430789697 280.0002178042663 18.203384399414062 2.9671869277954102 10009
465 280.27707870111203 280.0002178227719 18.192916870117188 2.9657809734344482 10031
466 280.27541798022617 280.00021784111311 18.192239761352539 2.971250057220459 10052
467 280.27377201176051 280.00021785929141 18.190521240234375 2.9329690933227539 10074
468 280.27214066343424 280.00021787730833 18.185834884643555 2.963749885559082 10095
469 280.27052380415347 280.00021789516518 18.183385848999023 2.9827089309692383 10117
470 280.26892130400091 280.00021791286332 18.189634323120117 2.9077599048614502 10138
471 280.26733303422469 280.00021793040435 18.194374084472656 2.9580199718475342 10160
472 280.26575886722861 280.00021794778974 18.186563491821289 2.9347920417785645 10181
473 280.26419867656131 280.00021796502074 18.181041717529297 2.9842710494995117 10203
474 280.26265233690594 280.00021798209877 18.180208206176758 2.9359900951385498 10224
475 280.26111972407028 280.0002179990251 18.186407089233398 2.9665100574493408 10246
476 280.2596007149765 280.00021801580129 18.190469741821289 2.9120309352874756 10267
477 280.25809518765107 280.00021803242856 18.206771850585938 2.9560410976409912 10288
478 280.25660302121457 280.00021804890832 18.194478988647461 2.949167013168335 10310
479 280.25512409587276 280.00021806524171 18.187969207763672 2.9568231105804443 10331
480 280.25365829290575 280.00021808143032 18.183488845825195 2.9931249618530273 10353
481 280.25220549465917 280.00021809747511 18.190469741821289 2.9522919654846191 10374
482 280.25076558453401 280.0002181133778 18.183490753173828 2.9542710781097412 10396
483 280.24933844697767 280.00021812913923 18.179582595825195 2.9659380912780762 10417
484 280.24792396747392 280.00021814476105 18.194583892822266 2.9405210018157959 10439
485 280.24652203253447 280.00021816024412 18.197969436645508 2.9538030624389648 10460
486 280.24513252968882 280.00021817558991 18.192083358764648 2.9482290744781494 10482
487 280.24375534747566 280.0002181907999 18.198698043823242 2.962083101272583 10503
488 280.24239037543373 280.00021820587466 18.189739227294922 2.9536979198455811 10525
489 280.24103750409267 280.00021822081601 18.198749542236328 3.0393218994140625 10547
490 280.23969662496449 280.00021823562491 18.210573196411133 2.9319789409637451 10568
491 280.23836763053413 280.00021825030245 18.189844131469727 2.9670310020446777 10589
492 280.23705041425131 280.0002182648501 18.204011917114258 2.9715108871459961 10611
493 280.23574487052178 280.00021827926867 18.193334579467773 2.9782290458679199 10633
494 280.23445089469828 280.00021829355961 18.191926956176758 2.9586460590362549 10654
495 280.23316838307255 280.00021830772374 18.195363998413086 2.9890620708465576 10676
496 280.23189723286663 280.00021832176253 18.188802719116211 2.9478650093078613 10697
497 280.23063734222478 280.00021833567695 18.195781707763672 2.950416088104248 10719
498 280.22938861020475 280.00021834946813 18.184530258178711 2.9220321178436279 10740
499 280.22815093676996 280.00021836313715 18.200363159179688 2.9496350288391113 10761
500 280.22692422278112 280.00021837668521 18.184635162353516 2.911613941192627 10783
501 280.22570836998858 280.00021839011316 18.183645248413086 2.9760420322418213 10804
502 280.22450328102383 280.00021840342237 18.200416564941406 2.9277598857879639 10826
503 280.22330885939186 280.00021841661368 18.19645881652832 2.957603931427002 10847
504 280.22212500946318 280.00021842968829 18.200885772705078 2.9473960399627686 10869
505 280.2209516364664 280.00021844264722 18.190103530883789 2.930156946182251 10890
506 280.21978864648008 280.00021845549145 18.193853378295898 2.9765629768371582 10912
507 280.21863594642531 280.0002184682221 18.196874618530273 2.9329690933227539 10933
508 280.21749344405828 280.00021848083992 18.183124542236328 2.9593749046325684 10955
509 280.21636104796249 280.00021849334632 18.18864631652832 2.9559369087219238 10976
510 280.21523866754154 280.00021850574205 18.185155868530273 2.9420309066772461 10998
511 280.21412621301158 280.00021851802813 18.201562881469727 2.9419269561767578 11019
512 280.21302359539436 280.00021853020559 18.184322357177734 2.9678120613098145 11041
513 280.21193072650948 280.00021854227538 18.204061508178711 2.9601039886474609 11062
514 280.21084751896797 280.0002185542387 18.183698654174805 2.9742190837860107 11084
515 280.20977388616438 280.00021856609595 18.189010620117188 2.9614059925079346 11105
516 280.20870974227006 280.0002185778485 18.203542709350586 3.2734379768371582 11127
517 280.20765500222655 280.00021858949714 18.241666793823242 3.2640628814697266 11149
518 280.20660958173812 280.00021860104289 18.261249542236328 2.9596879482269287 11171
519 280.2055733972652 280.00021861248661 18.203073501586914 2.9914059638977051 11192
520 280.20454636601778 280.00021862382948 18.201301574707031 2.9452080726623535 11214
521 280.20352840594808 280.00021863507192 18.192394256591797 2.9430210590362549 11235
522 280.20251943574465 280.00021864621505 18.193855285644531 2.9427609443664551 11257
523 280.20151937482507 280.00021865726001 18.191303253173828 2.9621870517730713 11278
524 280.20052814332985 280.0002186682072 18.189634323120117 2.9592189788818359 11300
525 280.1995456621159 280.00021867905787 18.204843521118164 2.973750114440918 11321
526 280.19857185274986 280.00021868981287 18.185260772705078 2.95619797706604 11343
527 280.19760663750196 280.00021870047283 18.187759399414062 2.9289588928222656 11364
528 280.19664993933964 280.0002187110386 18.186927795410156 2.9433341026306152 11386
529 280.19570168192132 280.00021872151143 18.192708969116211 2.9859380722045898 11407
530 280.19476178958996 280.00021873189161 18.182186126708984 2.9373950958251953 11429
531 280.19383018736744 280.00021874218044 18.188905715942383 2.9525001049041748 11450
532 280.19290680094792 280.00021875237843 18.201406478881836 2.9562499523162842 11471
533 280.19199155669207 280.00021876248655 18.199792861938477 2.9549999237060547 11493
534 280.19108438162124 280.00021877250549 18.194894790649414 2.939115047454834 11514
535 280.19018520341103 280.00021878243615 18.196561813354492 2.9992179870605469 11536
536 280.189293950386 280.00021879227927 18.19708251953125 2.9552609920501709 11558
537 280.18841055151353 280.00021880203576 18.187759399414062 2.9726040363311768 11579
538 280.18753493639809 280.00021881170596 18.19432258605957 2.9458329677581787 11601
539 280.18666703527543 280.00021882129124 18.188438415527344 2.9459900856018066 11622
540 280.18580677900724 280.00021883079211 18.203176498413086 2.9276039600372314 11644
541 280.18495409907524 280.00021884020919 18.187761306762695 2.9564070701599121 11665
542 280.18410892757561 280.00021884954344 18.194061279296875 2.9782290458679199 11686
543 280.18327119721368 280.00021885879545 18.190103530883789 2.9370839595794678 11708
544 280.18244084129833 280.00021886796594 18.185155868530273 2.9584379196166992 11729
545 280.18161779373651 280.00021887705577 18.190208435058594 2.9156770706176758 11751
546 280.18080198902811 280.00021888606574 18.188333511352539 2.9348440170288086 11772
547 280.1799933622604 280.00021889499635 18.19041633605957 2.9849479198455811 11794
548 280.17919184910284 280.00021890384835 18.192811965942383 2.9722399711608887 11815
549 280.17839738580193 280.00021891262242 18.202499389648438 2.9417710304260254 11837
550 280.17760990917606 280.00021892131952 18.195207595825195 2.9433329105377197 11858
551 280.17682935661003 280.00021892994005 18.193073272705078 2.9607288837432861 11880
552 280.17605566605039 280.00021893848475 18.189739227294922 2.9878120422363281 11901
553 280.17528877600029 280.00021894695442 18.190624237060547 2.9540619850158691 11923
554 280.17452862551443 280.00021895534957 18.186771392822266 2.9167709350585938 11944
555 280.17377515419389 280.00021896367116 18.192291259765625 2.9780209064483643 11966
556 280.17302830218182 280.00021897191942 18.190729141235352 2.9223439693450928 11987
557 280.1722880101579 280.00021898009538 18.192239761352539 2.9405200481414795 12009
558 280.17155421933415 280.00021898819938 18.185832977294922 2.9363539218902588 12030
559 280.17082687144949 280.00021899623232 18.189634323120117 2.989375114440918 12051
560 280.17010590876578 280.00021900419483 18.189634323120117 2.9086968898773193 12073
561 280.16939127406232 280.0002190120872 18.195573806762695 2.9614059925079346 12094
562 280.1686829106319 280.0002190199105 18.193696975708008 2.9491140842437744 12116
563 280.16798076227565 280.0002190276652 18.184219360351562 2.9390621185302734 12137
564 280.16728477329906 280.0002190353519 18.194061279296875 2.9520320892333984 12159
565 280.16659488850672 280.00021904297091 18.199583053588867 2.9939589500427246 12180
566 280.16591105319873 280.0002190505233 18.187864303588867 2.9289579391479492 12202
567 280.16523321316532 280.00021905800946 18.188177108764648 2.9719789028167725 12223
568 280.16456131468317 280.00021906543009 18.181875228881836 2.9047389030456543 12245
569 280.16389530451073 280.00021907278557 18.190780639648438 2.9529690742492676 12266
570 280.16323512988384 280.00021908007653 18.187864303588867 2.9454169273376465 12288
571 280.16258073851185 280.00021908730383 18.189739227294922 2.9317700862884521 12309
572 280.16193207857282 280.0002190944677 18.186040878295898 2.9682290554046631 12331
573 280.16128909870957 280.00021910156892 18.192707061767578 2.9377090930938721 12352
574 280.16065174802571 280.00021910860795 18.187551498413086 2.9542710781097412 12373
575 280.16001997608123 280.00021911558531 18.188020706176758 2.9679679870605469 12395
576 280.15939373288842 280.00021912250156 18.192239761352539 2.9194269180297852 12416
577 280.1587729689079 280.00021912935739 18.18651008605957 2.9569270610809326 12438
578 280.15815763504463 280.00021913615319 18.192968368530273 2.9298439025878906 12459
579 280.15754768264406 280.00021914288959 18.18244743347168 2.9735410213470459 12481
580 280.15694306348763 280.00021914956722 18.191146850585938 2.942500114440918 12502
581 280.15634372978951 280.00021915618618 18.192031860351562 2.9748439788818359 12524
582 280.15574963419232 280.0002191627475 18.181613922119141 2.907135009765625 12545
583 280.15516072976334 280.00021916925141 18.199426651000977 2.9338018894195557 12567
584 280.15457696999096 280.00021917569865 18.187551498413086 2.9510419368743896 12588
585 280.15399830878061 280.00021918208938 18.196771621704102 2.9397919178009033 12610
586 280.15342470045101 280.0002191884243 18.191614151000977 3.0297920703887939 12631
587 280.15285609973057 280.00021919470413 18.221094131469727 2.9540629386901855 12653
588 280.15229246175403 280.00021920092911 18.201665878295898 3.0074999332427979 12675
589 280.15173374205818 280.00021920709958 18.205417633056641 3.0375521183013916 12696
590 280.15117989657858 280.00021921321627 18.206405639648438 2.9199481010437012 12718
591 280.15063088164607 280.00021921927976 18.197551727294922 2.9762499332427979 12739
592 280.15008665398318 280.00021922529021 18.197343826293945 2.9462499618530273 12761
593 280.14954717070049 280.00021923124842 18.197603225708008 2.9703121185302734 12782
594 280.14901238929326 280.00021923715462 18.194271087646484 2.9496870040893555 12804
595 280.14848226763792 280.00021924300933 18.195989608764648 2.9403650760650635 12825
596 280.1479567639887 280.0002192488131 18.199270248413086 2.9386460781097412 12847
597 280.14743583697401 280.00021925456628 18.19354248046875 3.0014579296112061 12868
598 280.14691944559382 280.00021926026932 18.205728530883789 2.9791150093078613 12890
599 280.14640754921527 280.00021926592291 18.209531784057617 2.9821350574493408 12911
600 280.14590010757007 280.0002192715271 18.195625305175781 2.9304690361022949 12933
601 280.14539708075114 280.00021927708258 18.204896926879883 2.9748959541320801 12954
602 280.14489842920938 280.00021928258985 18.19630241394043 2.9421360492706299 12976
603 280.14440411375011 280.0002192880491 18.194738388061523 2.956510066986084 12997
604 280.14391409553036 280.00021929346076 18.195365905761719 2.9539580345153809 13019
605 280.14342833605536 280.0002192988257 18.192291259765625 2.9824481010437012 13040
606 280.14294679717585 280.00021930414391 18.195833206176758 2.9260408878326416 13062
607 280.1424694410843 280.00021930941591 18.185468673706055 2.9794270992279053 13083
608 280.1419962303126 280.00021931464204 18.184114456176758 2.9365620613098145 13105
609 280.14152712772858 280.00021931982286 18.186197280883789 2.9320840835571289 13126
610 280.14106209653278 280.00021932495883 18.193384170532227 2.9643750190734863 13148
611 280.14060110025622 280.00021933005019 18.190469741821289 2.9455199241638184 13169
612 280.14014410275655 280.00021933509714 18.190103530883789 2.917186975479126 13190
613 280.13969106821611 280.00021934010061 18.190364837646484 2.9683859348297119 13212
614 280.13924196113771 280.0002193450606 18.186979293823242 2.9015109539031982 13233
615 280.13879674634325 280.00021934997767 18.186094284057617 2.9554169178009033 13255
616 280.13835538896956 280.00021935485205 18.191770553588867 2.9605729579925537 13276
617 280.13791785446631 280.00021935968431 18.195781707763672 2.924375057220459 13298
618 280.13748410859313 280.00021936447456 18.190990447998047 2.9639589786529541 13319
619 280.1370541174166 280.00021936922354 18.190624237060547 2.9844269752502441 13341
620 280.13662784730769 280.00021937393126 18.187082290649414 2.9092190265655518 13362
621 280.13620526493895 280.00021937859833 18.183021545410156 2.9574480056762695 13384
622 280.13578633728167 280.0002193832251 18.188333511352539 2.9449479579925537 13405
623 280.1353710316036 280.00021938781168 18.186145782470703 2.9513020515441895 13427
624 280.13495931546572 280.00021939235882 18.191614151000977 2.9618229866027832 13448
625 280.13455115672025 280.00021939686656 18.193384170532227 2.9826040267944336 13469
626 280.13414652350747 280.00021940133536 18.187240600585938 2.9592189788818359 13491
627 280.13374538425359 280.00021940576556 18.204063415527344 2.9495830535888672 13512
628 280.13334770766772 280.00021941015757 18.185989379882812 2.9516150951385498 13534
629 280.13295346273981 280.00021941451172 18.180625915527344 2.96875 13555
630 280.13256261873772 280.00021941882824 18.186042785644531 2.9458329677581787 13577
631 280.13217514520511 280.00021942310764 18.178853988647461 2.9695320129394531 13598
632 280.13179101195874 280.00021942734986 18.183645248413086 2.9211459159851074 13620
633 280.13141018908584 280.00021943155576 18.18244743347168 2.9617190361022949 13641
634 280.13103264694217 280.00021943572546 18.19432258605957 2.9674999713897705 13663
635 280.13065835614901 280.00021943985911 18.189479827880859 2.9649479389190674 13684
636 280.13028728759167 280.00021944395735 18.186874389648438 2.9451560974121094 13706
637 280.12991941241586 280.00021944802006 18.192916870117188 2.9393229484558105 13727
638 280.12955470202667 280.00021945204816 18.183853149414062 2.946666955947876 13749
639 280.12919312808515 280.00021945604135 18.186250686645508 2.9614589214324951 13770
640 280.12883466250685 280.00021946000038 18.18864631652832 2.9427089691162109 13792
641 280.12847927745889 280.0002194639253 18.193958282470703 3.0056779384613037 13813
642 280.1281269453583 280.00021946781646 18.202499389648438 2.9659380912780762 13835
643 280.12777763886913 280.00021947167426 18.199478149414062 2.9965100288391113 13856
644 280.12743133090095 280.00021947549891 18.199426651000977 2.9594790935516357 13878
645 280.1270879946058 280.00021947929082 18.191354751586914 2.9229168891906738 13899
646 280.126747603377 280.00021948305005 18.188959121704102 2.9158859252929688 13921
647 280.12641013084612 280.00021948677721 18.184011459350586 2.9380209445953369 13942
648 280.12607555088135 280.00021949047238 18.191457748413086 2.9526040554046631 13964
649 280.12574383758522 280.00021949413588 18.184375762939453 2.9360420703887939 13985
650 280.12541496529246 280.00021949776794 18.185155868530273 2.9598441123962402 14007
651 280.12508890856799 280.00021950136897 18.17656135559082 2.9689579010009766 14028
652 280.12476564220475 280.0002195049392 18.185260772705078 2.944688081741333 14050
653 280.12444514122188 280.00021950847889 18.190000534057617 2.9617190361022949 14071
654 280.12412738086249 280.00021951198823 18.1875 2.9216659069061279 14093
655 280.12381233659153 280.00021951546762 18.18828010559082 2.9733850955963135 14114
656 280.12349998409428 280.00021951891722 18.18635368347168 2.9410419464111328 14135
657 280.1231902992738 280.00021952233749 18.187446594238281 2.9731249809265137 14157
658 280.12288325824954 280.00021952572843 18.18864631652832 2.9266149997711182 14178
659 280.12257883735475 280.00021952909049 18.187864303588867 2.9710938930511475 14200
660 280.12227701313515 280.0002195324239 18.190052032470703 2.9467709064483643 14221
661 280.12197776234672 280.00021953572883 18.201353073120117 2.9630730152130127 14243
662 280.12168106195406 280.0002195390058 18.18635368347168 2.9246869087219238 14264
663 280.12138688912796 280.00021954225468 18.188957214355469 2.97182297706604 14286
664 280.12109522124427 280.00021954547589 18.189947128295898 2.9326040744781494 14307
665 280.12080603588169 280.00021954866952 18.182708740234375 2.9729690551757812 14329
666 280.12051931081982 280.00021955183627 18.185832977294922 2.966249942779541 14350
667 280.12023502403758 280.0002195549759 18.19078254699707 2.9545319080352783 14372
668 280.11995315371161 280.00021955808899 18.188177108764648 2.9148440361022949 14393
669 280.11967367821399 280.00021956117553 18.184165954589844 2.972135066986084 14415
670 280.11939657611072 280.00021956423598 18.189947128295898 2.9422399997711182 14436
671 280.11912182616021 280.00021956727034 18.188905715942383 2.9641139507293701 14458
672 280.11884940731125 280.00021957027894 18.179010391235352 2.950261116027832 14479
673 280.11857929870143 280.00021957326203 18.183177947998047 2.9562499523162842 14500
674 280.11831147965546 280.00021957621993 18.18651008605957 2.9582819938659668 14522
675 280.11804592968338 280.00021957915254 18.192499160766602 2.988853931427002 14543
676 280.11778262847895 280.00021958206048 18.184635162353516 2.9671869277954102 14565
677 280.11752155591813 280.00021958494386 18.181407928466797 2.9391670227050781 14586
678 280.11726269205747 280.00021958780275 18.185312271118164 2.9302608966827393 14608
679 280.11700601713204 280.00021959063758 18.193021774291992 2.9536459445953369 14629
680 280.11675151155436 280.00021959344838 18.186874389648438 2.9551570415496826 14651
681 280.11649915591266 280.00021959623541 18.195730209350586 2.9525001049041748 14672
682 280.11624893096899 280.00021959899897 18.182655334472656 2.9530210494995117 14694
683 280.11600081765823 280.0002196017391 18.191146850585938 3.0173959732055664 14715
684 280.11575479708597 280.00021960445628 18.200052261352539 2.9365620613098145 14737
685 280.1155108505273 280.00021960715043 18.194635391235352 2.9709899425506592 14758
686 280.11526895942546 280.00021960982184 18.186250686645508 2.9766149520874023 14780
687 280.11502910538979 280.00021961247091 18.194061279296875 2.9876561164855957 14801
688 280.1147912701947 280.00021961509748 18.189167022705078 2.9309899806976318 14823
689 280.11455543577802 280.00021961770216 18.182395935058594 2.9608330726623535 14844
690 280.11432158423935 280.00021962028495 18.182134628295898 3.0335409641265869 14866
691 280.11408969783923 280.00021962284586 18.187082290649414 2.9277598857879639 14887
692 280.11385975899697 280.00021962538523 18.181198120117188 2.9631249904632568 14909
693 280.11363175028964 280.00021962790339 18.183542251586914 2.9549479484558105 14930
694 280.1134056544505 280.00021963040041 18.183280944824219 2.935312032699585 14952
695 280.11318145436769 280.00021963287656 18.184686660766602 2.9381248950958252 14973
696 280.11295913308277 280.00021963533197 18.182863235473633 2.958698034286499 14995
697 280.11273867378935 280.00021963776669 18.188333511352539 2.9705729484558105 15016
698 280.11252005983187 280.00021964018117 18.17656135559082 2.9459900856018066 15038
699 280.11230327470389 280.0002196425753 18.180416107177734 2.9547390937805176 15059
700 280.11208830204737 280.00021964494954 18.177759170532227 2.9503118991851807 15081
701 280.11187512565056 280.00021964730382 18.17692756652832 2.9326040744781494 15102
702 280.11166372944734 280.00021964963855 18.178438186645508 2.9516661167144775 15124
703 280.11145409751549 280.00021965195373 18.179010391235352 2.9667699337005615 15145
704 280.11124621407583 280.00021965424969 18.171823501586914 2.9317700862884521 15167
705 280.11104006349035 280.00021965652644 18.169687271118164 2.9519269466400146 15188
706 280.11083563026148 280.00021965878415 18.172969818115234 2.9617700576782227 15209
707 280.11063289903058 280.00021966102327 18.173488616943359 2.9538540840148926 15231
708 280.11043185457675 280.00021966324363 18.238489151000977 2.9378130435943604 15252
709 280.1102324818155 280.0002196654454 18.175676345825195 2.9684898853302002 15274
710 280.11003476579776 280.00021966762904 18.173177719116211 2.9546349048614502 15295
711 280.10983869170832 280.00021966979449 18.172760009765625 2.9460420608520508 15317
712 280.10964424486497 280.00021967194203 18.171092987060547 2.9254159927368164 15338
713 280.10945141071716 280.00021967407173 18.174427032470703 2.9849998950958252 15360
714 280.10926017484468 280.0002196761838 18.175363540649414 2.9228129386901855 15381
715 280.10907052295676 280.00021967827826 18.176874160766602 2.9516670703887939 15403
716 280.1088824408908 280.00021968035549 18.173749923706055 2.9744269847869873 15424
717 280.10869591461102 280.00021968241566 18.166719436645508 2.9792709350585938 15446
718 280.10851093020767 280.00021968445844 18.17265510559082 2.9382290840148926 15467
719 280.10832747389571 280.00021968648457 18.179323196411133 2.9470310211181641 15488
720 280.10814553201368 280.0002196884941 18.169895172119141 2.9686460494995117 15510
721 280.10796509102261 280.00021969048692 18.175104141235352 2.9621870517730713 15531
722 280.10778613750495 280.00021969246336 18.166093826293945 2.9708330631256104 15553
723 280.10760865816349 280.00021969442332 18.184427261352539 2.958698034286499 15574
724 280.10743263982027 280.00021969636742 18.171926498413086 2.9592709541320801 15596
725 280.10725806941537 280.00021969829544 18.179479598999023 2.9838540554046631 15617
726 280.1070849340062 280.00021970020748 18.174739837646484 2.9460420608520508 15639
727 280.10691322076599 280.00021970210389 18.176666259765625 2.9895310401916504 15660
728 280.10674291698319 280.00021970398478 18.168020248413086 2.9505209922790527 15682
729 280.10657401006017 280.00021970585021 18.172916412353516 2.9744269847869873 15703
730 280.10640648751217 280.0002197077003 18.173280715942383 2.9297919273376465 15725
731 280.10624033696655 280.0002197095352 18.16895866394043 2.9544799327850342 15746
732 280.10607554616138 280.00021971135516 18.172395706176758 2.9513540267944336 15767
733 280.1059121029449 280.00021971316045 18.180103302001953 2.9708859920501709 15789
734 280.10574999527438 280.00021971495073 18.179010391235352 2.9426560401916504 15810
735 280.10558921121475 280.00021971672635 18.175155639648438 2.9757819175720215 15832
736 280.1054297389382 280.0002197184877 18.17854118347168 2.9389579296112061 15853
737 280.10527156672299 280.0002197202345 18.180261611938477 2.9769790172576904 15875
738 280.10511468295238 280.00021972196731 18.172708511352539 2.9534370899200439 15896
739 280.10495907611374 280.00021972368569 18.16796875 2.9452080726623535 15918
740 280.10480473479805 280.00021972539037 18.173801422119141 2.9614059925079346 15939
741 280.10465164769806 280.000219727081 18.174739837646484 2.9247910976409912 15961
742 280.10449980360835 280.00021972875794 18.174167633056641 2.9196350574493408 15982
743 280.10434919142369 280.00021973042141 18.171926498413086 3.0083329677581787 16004
744 280.10419980013853 280.00021973207123 18.191093444824219 2.9608860015869141 16025
745 280.10405161884614 280.00021973370787 18.178436279296875 2.9784369468688965 16047
746 280.10390463673735 280.00021973533114 18.169010162353516 2.9675519466400146 16068
747 280.10375884310008 280.00021973694129 18.169322967529297 2.9394268989562988 16090
748 280.1036142273183 280.00021973853836 18.168802261352539 2.9511458873748779 16111
749 280.10347077887099 280.00021974012265 18.177968978881836 2.979374885559082 16133
750 280.10332848733174 280.00021974169414 18.168853759765625 2.9752089977264404 16154
751 280.10318734236745 280.0002197432529 18.177082061767578 3.0917708873748779 16176
752 280.10304733373766 280.00021974479927 18.175624847412109 3.2019269466400146 16198
753 280.1029084512939 280.00021974633302 18.218906402587891 3.0151040554046631 16219
754 280.10277068497845 280.0002197478546 18.199583053588867 3.0394790172576904 16241
755 280.10263402482411 280.00021974936396 18.191875457763672 2.9605209827423096 16262
756 280.10249846095269 280.00021975086111 18.170936584472656 2.9623439311981201 16284
757 280.10236398357483 280.00021975234637 18.172447204589844 2.9543230533599854 16305
758 280.10223058298885 280.00021975381952 18.169895172119141 2.987968921661377 16327
759 280.10209824958014 280.00021975528108 18.200260162353516 2.9918229579925537 16348
760 280.10196697382014 280.00021975673093 18.181301116943359 2.9846351146697998 16370
761 280.10183674626575 280.00021975816918 18.176250457763672 2.9588019847869873 16391
762 280.10170755755883 280.00021975959601 18.164844512939453 2.9570310115814209 16413
763 280.10157939842475 280.00021976101141 18.168542861938477 2.9529690742492676 16434
764 280.10145225967233 280.0002197624155 18.168228149414062 2.9616138935089111 16456
765 280.10132613219281 280.00021976380845 18.171510696411133 2.9801559448242188 16477
766 280.10120100695872 280.00021976519037 18.170936584472656 2.9806249141693115 16499
767 280.10107687502403 280.0002197665612 18.179948806762695 2.9649999141693115 16520
768 280.10095372752261 280.00021976792141 18.174531936645508 2.9873960018157959 16542
769 280.10083155566798 280.00021976927064 18.183542251586914 2.9545838832855225 16563
770 280.10071035075237 280.00021977060925 18.171146392822266 2.997812032699585 16585
771 280.10059010414602 280.00021977193728 18.170782089233398 2.9767189025878906 16606
772 280.1004708072968 280.0002197732548 18.170364379882812 2.9630730152130127 16628
773 280.10035245172901 280.00021977456191 18.167448043823242 2.9244270324707031 16649
774 280.10023502904306 280.00021977585874 18.16682243347168 2.9142711162567139 16670
775 280.10011853091453 280.00021977714539 18.181301116943359 2.9444789886474609 16692
776 280.10000294909389 280.00021977842192 18.174686431884766 2.942188024520874 16714
777 280.09988827540542 280.00021977968839 18.173540115356445 2.9645309448242188 16735
778 280.09977450174671 280.00021978094497 18.182605743408203 2.9829161167144775 16757
779 280.09966162008806 280.00021978219161 18.188333511352539 2.9592189788818359 16778
780 280.09954962247167 280.00021978342841 18.172084808349609 3.0308330059051514 16800
781 280.09943850101109 280.00021978465577 18.196094512939453 2.979896068572998 16821
782 280.09932824789081 280.00021978587341 18.181510925292969 2.9607810974121094 16843
783 280.09921885536517 280.00021978708162 18.174583435058594 2.9592709541320801 16864
784 280.09911031575791 280.00021978828016 18.176822662353516 2.9574480056762695 16886
785 280.09900262146175 280.00021978946967 18.168905258178711 2.9573440551757812 16907
786 280.09889576493771 280.00021979064979 18.165573120117188 2.9601039886474609 16929
787 280.09878973871412 280.00021979182088 18.169792175292969 2.9628129005432129 16950
788 280.09868453538638 280.00021979298265 18.171302795410156 2.953125 16971
789 280.09858014761659 280.0002197941356 18.169271469116211 2.9543230533599854 16993
790 280.09847656813218 280.00021979527952 18.174480438232422 2.9338541030883789 17014
791 280.09837378972611 280.00021979641463 18.166927337646484 2.9556770324707031 17036
792 280.09827180525576 280.00021979754098 18.164167404174805 2.995729923248291 17057
793 280.09817060764283 280.00021979865852 18.190105438232422 2.9744789600372314 17079
794 280.09807018987215 280.00021979976748 18.170467376708984 2.9925000667572021 17100
795 280.09797054499165 280.00021980086808 18.174167633056641 2.9764060974121094 17122
796 280.09787166611153 280.00021980196016 18.168540954589844 2.9123439788818359 17143
797 280.09777354640374 280.00021980304376 18.164583206176758 2.9727089405059814 17165
798 280.09767617910154 280.00021980411918 18.165468215942383 2.9497919082641602 17186
799 280.09757955749882 280.00021980518619 18.163593292236328 2.9279680252075195 17208
800 280.0974836749495 280.00021980624513 18.168178558349609 2.9526560306549072 17229
801 280.0973885248672 280.00021980729599 18.171926498413086 2.9753649234771729 17251
802 280.09729410072464 280.00021980833884 18.17109489440918 2.9554688930511475 17272
803 280.09720039605281 280.00021980937368 18.180364608764648 2.9461979866027832 17294
804 280.09710740444103 280.00021981040061 18.170417785644531 2.9813539981842041 17315
805 280.09701511953585 280.00021981141998 18.178905487060547 2.9645829200744629 17337
806 280.0969235350409 280.0002198124314 18.168489456176758 2.9515109062194824 17358
807 280.09683264471624 280.00021981343519 18.172500610351562 2.9582300186157227 17379
808 280.09674244237794 280.00021981443143 18.167448043823242 2.9599480628967285 17401
809 280.09665292189737 280.00021981542 18.168750762939453 2.9745841026306152 17422
810 280.09656407720087 280.00021981640134 18.167030334472656 2.9498429298400879 17444
811 280.09647590226939 280.00021981737513 18.162603378295898 2.9720311164855957 17465
812 280.09638839113757 280.00021981834158 18.16015625 2.942863941192627 17487
813 280.09630153789391 280.00021981930075 18.159530639648438 2.9491140842437744 17508
814 280.09621533667956 280.00021982025288 18.159948348999023 2.9627089500427246 17530
815 280.09612978168832 280.00021982119773 18.162187576293945 2.9568231105804443 17551
816 280.0960448671662 280.00021982213553 18.166458129882812 2.9385409355163574 17573
817 280.09596058741056 280.00021982306635 18.170259475708008 2.9452600479125977 17594
818 280.09587693676997 280.00021982399011 18.166509628295898 2.9684889316558838 17615
819 280.09579390964376 280.00021982490711 18.164011001586914 2.9332818984985352 17637
820 280.09571150048134 280.00021982581723 18.162656784057617 2.9134368896484375 17658
821 280.09562970378192 280.00021982672069 18.164531707763672 2.9618749618530273 17680
822 280.09554851409422 280.00021982761729 18.162551879882812 2.9559900760650635 17701
823 280.09546792601537 280.0002198285074 18.155780792236328 2.9673960208892822 17723
824 280.09538793419136 280.00021982939074 18.160572052001953 2.9638540744781494 17744
825 280.0953085333162 280.00021983026761 18.159843444824219 2.9549999237060547 17765
826 280.09522971813107 280.00021983113822 18.162136077880859 2.9790620803833008 17787
827 280.09515148342473 280.00021983200213 18.182552337646484 2.9305729866027832 17808
828 280.09507382403228 280.00021983285978 18.16343879699707 2.9628651142120361 17830
829 280.09499673483549 280.00021983371124 18.164115905761719 2.98921799659729 17851
830 280.09492021076176 280.00021983455633 18.16520881652832 2.9495830535888672 17873
831 280.09484424678413 280.00021983539546 18.16583251953125 2.9616661071777344 17894
832 280.09476883792047 280.00021983622815 18.156822204589844 2.9344789981842041 17916
833 280.09469397923357 280.00021983705494 18.166093826293945 2.9389579296112061 17937
834 280.09461966583041 280.00021983787559 18.164896011352539 2.9311978816986084 17959
835 280.09454589286167 280.00021983869038 18.163854598999023 2.9731769561767578 17980
836 280.09447265552177 280.00021983949927 18.157760620117188 2.9485940933227539 18001
837 280.09439994904807 280.00021984030218 18.15953254699707 2.9220840930938721 18023
838 280.09432776872058 280.00021984109941 18.165521621704102 2.9210939407348633 18044
839 280.0942561098617 280.00021984189084 18.166561126708984 2.9476039409637451 18066
840 280.09418496783582 280.00021984267647 18.157447814941406 2.916874885559082 18087
841 280.09411433804871 280.00021984345659 18.159011840820312 2.9774479866027832 18109
842 280.09404421594752 280.00021984423103 18.156562805175781 2.9445309638977051 18130
843 280.09397459702001 280.00021984499983 18.167709350585938 2.9625000953674316 18152
844 280.09390547679459 280.00021984576324 18.163333892822266 2.9220321178436279 18173
845 280.09383685083969 280.00021984652113 18.158384323120117 2.9146881103515625 18194
846 280.09376871476331 280.00021984727357 18.153385162353516 2.944688081741333 18216
847 280.09370106421312 280.00021984802089 18.164791107177734 2.9670829772949219 18237
848 280.09363389487555 280.00021984876264 18.155729293823242 2.9130198955535889 18259
849 280.09356720247587 280.00021984949922 18.159999847412109 2.9441659450531006 18280
850 280.09350098277753 280.00021985023051 18.160833358764648 2.9174470901489258 18301
851 280.09343523158208 280.00021985095663 18.165365219116211 2.9704689979553223 18323
852 280.09336994472858 280.0002198516778 18.169166564941406 2.9603650569915771 18344
853 280.0933051180935 280.00021985239368 18.151718139648438 2.9607288837432861 18366
854 280.09324074759019 280.00021985310468 18.157499313354492 2.9507811069488525 18387
855 280.09317682916878 280.00021985381051 18.15916633605957 2.9779679775238037 18409
856 280.09311335881557 280.00021985451139 18.159687042236328 2.9927079677581787 18430
857 280.09305033255288 280.0002198552076 18.162395477294922 2.9732809066772461 18452
858 280.09298774643861 280.00021985589882 18.158489227294922 2.929426908493042 18473
859 280.09292559656609 280.00021985658515 18.159843444824219 2.9701049327850342 18494
860 280.09286387906371 280.00021985726676 18.150833129882812 2.9408860206604004 18516
861 280.09280259009444 280.00021985794365 18.153228759765625 3.0041658878326416 18537
862 280.09274172585572 280.00021985861582 18.154426574707031 2.966249942779541 18559
863 280.09268128257906 280.00021985928339 18.154167175292969 2.9616670608520508 18580
864 280.09262125652981 280.00021985994647 18.148853302001953 2.9157819747924805 18602
865 280.09256164400676 280.00021986060477 18.149530410766602 2.9411981105804443 18623
866 280.09250244134171 280.00021986125864 18.15135383605957 2.9554688930511475 18644
867 280.09244364489956 280.00021986190791 18.148490905761719 2.9578649997711182 18666
868 280.09238525107781 280.00021986255297 18.165313720703125 2.9420309066772461 18687
869 280.09232725630613 280.00021986319342 18.155729293823242 2.9434380531311035 18709
870 280.09226965704607 280.00021986382939 18.145990371704102 2.9675519466400146 18730
871 280.0922124497913 280.00021986446131 18.16291618347168 2.9476571083068848 18752
872 280.09215563106653 280.00021986508875 18.156562805175781 2.9706768989562988 18773
873 280.09209919742779 280.0002198657121 18.157760620117188 2.9390630722045898 18795
874 280.09204314546196 280.00021986633107 18.159530639648438 3.0288019180297852 18816
875 280.09198747178652 280.000219866946 18.172708511352539 2.9895830154418945 18838
876 280.09193217304926 280.00021986755667 18.180103302001953 2.980781078338623 18859
877 280.09187724592806 280.00021986816336 18.180990219116211 2.9788548946380615 18881
878 280.09182268713045 280.0002198687659 18.160051345825195 2.9572389125823975 18902
879 280.0917684933936 280.00021986936434 18.144792556762695 2.9813539981842041 18924
880 280.09171466148388 280.00021986995893 18.160207748413086 2.9767711162567139 18945
881 280.09166118819661 280.00021987054947 18.157604217529297 2.956718921661377 18967
882 280.09160807035607 280.0002198711361 18.152082443237305 2.9122390747070312 18988
883 280.09155530481451 280.00021987171885 18.152238845825195 2.9563539028167725 19010
884 280.09150288845285 280.00021987229781 18.158437728881836 2.9541139602661133 19031
885 280.09145081817968 280.00021987287289 18.150989532470703 2.9277079105377197 19052
886 280.09139909093159 280.00021987344411 18.153072357177734 2.9097390174865723 19074
887 280.0913477036724 280.00021987401163 18.153697967529297 2.9796879291534424 19095
888 280.09129665339321 280.00021987457558 18.15625 2.9541668891906738 19117
889 280.09124593711198 280.0002198751356 18.154842376708984 2.9986979961395264 19138
890 280.09119555187357 280.00021987569215 18.171979904174805 2.9493749141693115 19160
891 280.09114549474941 280.00021987624478 18.165416717529297 2.9873960018157959 19181
892 280.09109576283669 280.00021987679412 18.165311813354492 2.9351038932800293 19203
893 280.09104635325923 280.00021987733982 18.152084350585938 2.9803640842437744 19224
894 280.09099726316623 280.00021987788199 18.157499313354492 2.9089059829711914 19245
895 280.09094848973257 280.00021987842075 18.161823272705078 2.9397919178009033 19267
896 280.09090003015848 280.00021987895593 18.150417327880859 2.9324479103088379 19288
897 280.09085188166921 280.00021987948759 18.153280258178711 2.9680209159851074 19310
898 280.09080404151484 280.00021988001595 18.155416488647461 2.9261980056762695 19331
899 280.09075650697031 280.00021988054095 18.157812118530273 2.9507300853729248 19353
900 280.09070927533486 280.00021988106261 18.160520553588867 2.9332289695739746 19374
901 280.09066234393168 280.00021988158085 18.155885696411133 2.9738020896911621 19396
902 280.09061571010835 280.00021988209596 18.159271240234375 2.9760940074920654 19417
903 280.09056937123597 280.00021988260767 18.156717300415039 2.9738020896911621 19438
904 280.09052332470947 280.0002198831163 18.15723991394043 2.9594790935516357 19460
905 280.09047756794678 280.00021988362158 18.150417327880859 2.933021068572998 19481
906 280.09043209838916 280.00021988412379 18.151561737060547 2.9021880626678467 19503
907 280.09038691350059 280.00021988462277 18.151979446411133 2.9613020420074463 19524
908 280.09034201076838 280.00021988511878 18.15546989440918 2.9272398948669434 19545
909 280.09029738770164 280.0002198856115 18.154947280883789 2.9749479293823242 19567
910 280.09025304183211 280.00021988610132 18.150468826293945 2.9470829963684082 19588
911 280.09020897071377 280.00021988658801 18.149791717529297 2.9538021087646484 19610
912 280.09016517192237 280.00021988707175 18.148906707763672 2.9376559257507324 19631
913 280.09012164305528 280.00021988755248 18.152864456176758 2.9744789600372314 19653
914 280.09007838173164 280.00021988803013 18.155937194824219 2.9426040649414062 19674
915 280.09003538559182 280.00021988850506 18.155364990234375 2.9739580154418945 19695
916 280.08999265229727 280.00021988897703 18.145364761352539 2.9208850860595703 19717
917 280.08995017953038 280.0002198894461 18.154165267944336 2.9840629100799561 19738
918 280.08990796499461 280.00021988991227 18.157032012939453 2.9638540744781494 19760
919 280.08986600641362 280.00021989037572 18.162082672119141 2.9841139316558838 19781
920 280.08982430153168 280.00021989083626 18.15234375 2.9298429489135742 19803
921 280.08978284811315 280.00021989129419 18.151510238647461 2.9704680442810059 19824
922 280.08974164394255 280.00021989174928 18.148229598999023 2.939115047454834 19846
923 280.08970068682407 280.00021989220147 18.152656555175781 3.0056769847869873 19867
924 280.08965997458199 280.00021989265116 18.165468215942383 2.9722919464111328 19889
925 280.08961950505949 280.00021989309818 18.158489227294922 2.978801965713501 19910
926 280.08957927611959 280.00021989354246 18.154218673706055 2.9757289886474609 19932
927 280.08953928564421 280.00021989398414 18.152500152587891 2.9720311164855957 19953
928 280.0894995315341 280.0002198944232 18.16468620300293 2.9546880722045898 19975
929 280.08946001170921 280.00021989485953 18.154531478881836 2.9805729389190674 19996
930 280.08942072410787 280.00021989529347 18.149271011352539 2.9660940170288086 20018
931 280.08938166668702 280.00021989572491 18.150936126708984 2.928333044052124 20039
932 280.08934283742173 280.00021989615379 18.168489456176758 2.9368751049041748 20060
933 280.08930423430542 280.00021989658006 18.139947891235352 2.9658329486846924 20082
934 280.0892658553492 280.00021989700389 18.152292251586914 2.8965630531311035 20103
935 280.08922769858242 280.00021989742538 18.150625228881836 2.9840099811553955 20125
936 280.08918976205155 280.00021989784437 18.144947052001953 2.973438024520874 20146
937 280.08915204382117 280.00021989826087 18.143646240234375 2.936614990234375 20168
938 280.08911454197278 280.00021989867508 18.144687652587891 2.9368751049041748 20189
939 280.08907725460517 280.00021989908686 18.148176193237305 2.9442179203033447 20210
940 280.08904017983417 280.0002198994963 18.138750076293945 2.9156250953674316 20232
941 280.08900331579252 280.00021989990336 18.151250839233398 2.9546349048614502 20253
942 280.08896666062969 280.0002199003082 18.150157928466797 2.9822919368743896 20275
943 280.08893021251157 280.00021990071082 18.151615142822266 2.9355731010437012 20296
944 280.08889396962093 280.00021990111094 18.150728225708008 2.9479160308837891 20318
945 280.08885793015622 280.00021990150913 18.151874542236328 2.9359378814697266 20339
946 280.08882209233241 280.00021990190493 18.159843444824219 2.9621350765228271 20360
947 280.08878645438051 280.00021990229851 18.15057373046875 2.9429171085357666 20382
948 280.08875101454709 280.00021990268988 18.151718139648438 2.954740047454834 20403
949 280.0887157710946 280.00021990307914 18.147708892822266 2.979686975479126 20425
950 280.08868072230115 280.00021990346625 18.155313491821289 2.9374480247497559 20446
951 280.08864586646007 280.00021990385119 18.14958381652832 2.9848959445953369 20468
952 280.08861120188016 280.00021990423403 18.145624160766602 2.9676039218902588 20489
953 280.08857672688509 280.00021990461477 18.146875381469727 2.957240104675293 20510
954 280.08854243981415 280.00021990499346 18.146406173706055 2.929218053817749 20532
955 280.08850833902068 280.00021990536999 18.160884857177734 2.9790101051330566 20553
956 280.08847442287333 280.00021990574459 18.153280258178711 2.9838020801544189 20575
957 280.08844068975537 280.0002199061172 18.155000686645508 2.9741659164428711 20596
958 280.08840713806433 280.0002199064877 18.153646469116211 2.9647400379180908 20618
959 280.08837376621216 280.00021990685633 18.154010772705078 2.950624942779541 20639
960 280.08834057262499 280.0002199072228 18.144479751586914 2.9648950099945068 20661
961 280.08830755574326 280.00021990758751 18.160415649414062 2.9348440170288086 20682
962 280.08827471402111 280.00021990795022 18.142135620117188 2.9632809162139893 20703
963 280.08824204592679 280.00021990831101 18.141407012939453 2.9278640747070312 20725
964 280.08820954994201 280.00021990866986 18.143854141235352 2.9752609729766846 20746
965 280.08817722456223 280.0002199090269 18.141874313354492 2.9356250762939453 20768
966 280.0881450682964 280.000219909382 18.135103225708008 2.9267189502716064 20789
967 280.08811307966675 280.00021990973534 18.15900993347168 2.9465100765228271 20811
968 280.08808125720884 280.00021991008686 18.145051956176758 2.9719269275665283 20832
969 280.08804959947122 280.0002199104365 18.150415420532227 2.9435420036315918 20854
970 280.08801810501552 280.00021991078427 18.149375915527344 2.9900519847869873 20875
971 280.08798677241634 280.00021991113022 18.1640625 2.9594790935516357 20897
972 280.08795560026084 280.0002199114744 18.160781860351562 3.0033860206604004 20918
973 280.08792458714908 280.00021991181711 18.161563873291016 3.0136458873748779 20940
974 280.08789373169327 280.00021991215783 18.157188415527344 2.9448440074920654 20961
975 280.08786303251861 280.00021991249696 18.15156364440918 2.983489990234375 20983
976 280.08783248826217 280.00021991283427 18.140312194824219 2.9038538932800293 21004
977 280.08780209757333 280.00021991316987 18.141666412353516 2.9607810974121094 21025
978 280.08777185911373 280.00021991350377 18.145519256591797 2.9689579010009766 21047
979 280.08774177155681 280.00021991383608 18.162811279296875 2.9460420608520508 21068
980 280.08771183358783 280.00021991416679 18.145364761352539 2.9381771087646484 21090
981 280.08768204390412 280.00021991449574 18.145780563354492 2.9621880054473877 21111
982 280.08765240121448 280.00021991482316 18.142499923706055 2.933542013168335 21133
983 280.08762290423925 280.00021991514905 18.15119743347168 2.9656250476837158 21154
984 280.08759355171031 280.00021991547317 18.157707214355469 2.9676039218902588 21176
985 280.08756434237085 280.00021991579564 18.150728225708008 2.9731249809265137 21197
986 280.08753527497532 280.00021991611669 18.149843215942383 2.9532821178436279 21218
987 280.08750634828931 280.00021991643615 18.18359375 3.1122910976409912 21240
988 280.0874775610896 280.00021991675408 18.196353912353516 3.2939579486846924 21262
989 280.08744891216367 280.00021991707052 18.20802116394043 3.0339579582214355 21284
990 280.08742040031012 280.00021991738538 18.160469055175781 2.9521870613098145 21305
991 280.08739202433821 280.00021991769876 18.152864456176758 2.9674999713897705 21327
992 280.08736378306776 280.0002199180106 18.160989761352539 2.9484379291534424 21348
993 280.08733567532914 280.00021991832108 18.144947052001953 2.9650518894195557 21370
994 280.0873076999635 280.00021991863002 18.143905639648438 2.9214580059051514 21391
995 280.08727985582215 280.00021991893749 18.152030944824219 2.9366669654846191 21413
996 280.08725214176661 280.0002199192437 18.1484375 2.9592709541320801 21434
997 280.08722455666873 280.00021991954827 18.143802642822266 2.9636979103088379 21455
998 280.08719709941028 280.00021991985147 18.157760620117188 2.9605209827423096 21477
999 280.08716976888337 280.00021992015337 18.148906707763672 2.9473440647125244 21498
1000 280.0871425639898 280.00021992045384 18.147760391235352 2.9376559257507324 21520
1001 280.08711548364124 280.0002199207529 18.144323348999023 2.9719278812408447 21541
1002 280.08708852675903 280.00021992105064 18.141042709350586 2.9449479579925537 21563
1003 280.08706169227418 280.00021992134702 18.147603988647461 2.9817190170288086 21584
1004 280.08703497912751 280.00021992164199 18.162136077880859 2.9588019847869873 21606
1005 280.08700838626908 280.0002199219357 18.150312423706055 2.9679169654846191 21627
1006 280.08698191265842 280.00021992222821 18.146980285644531 2.977708101272583 21649
1007 280.08695555726439 280.00021992251908 18.152656555175781 2.971613883972168 21670
1008 280.08692931906506 280.00021992280892 18.142343521118164 2.955625057220459 21691
1009 280.0869031970476 280.0002199230974 18.151250839233398 2.9751560688018799 21713
1010 280.08687719020827 280.00021992338458 18.15119743347168 2.9372389316558838 21734
1011 280.08685129755258 280.00021992367061 18.150936126708984 2.9621880054473877 21756
1012 280.08682551809449 280.00021992395534 18.152551651000977 2.9635419845581055 21777
1013 280.08679985085701 280.00021992423876 18.150728225708008 2.980781078338623 21799
1014 280.08677429487199 280.0002199245211 18.165416717529297 2.9666659832000732 21820
1015 280.08674884917986 280.00021992480208 18.162864685058594 2.9949479103088379 21842
1016 280.08672351282951 280.00021992508186 18.151718139648438 2.9402608871459961 21863
1017 280.08669828487859 280.00021992536045 18.152238845825195 2.9781770706176758 21885
1018 280.08667316439306 280.00021992563791 18.147083282470703 2.9363539218902588 21906
1019 280.0866481504471 280.00021992591417 18.149999618530273 2.9629170894622803 21928
1020 280.08662324212344 280.00021992618929 18.142187118530273 2.9282810688018799 21949
1021 280.08659843851291 280.00021992646322 18.157447814941406 2.9693748950958252 21970
1022 280.08657373871438 280.00021992673601 18.150625228881836 2.9277079105377197 21992
1023 280.08654914183501 280.00021992700766 18.145313262939453 2.9704170227050781 22013
1024 280.08652464698963 280.00021992727829 18.143749237060547 2.9354169368743896 22035
1025 280.08650025330132 280.00021992754773 18.158802032470703 2.9844789505004883 22056
1026 280.08647595990084 280.00021992781598 18.148750305175781 2.9595839977264404 22078
1027 280.08645176592671 280.00021992808314 18.14552116394043 2.9448959827423096 22099
1028 280.08642767052527 280.00021992834917 18.13848876953125 2.9376559257507324 22120
1029 280.08640367285034 280.00021992861423 18.144374847412109 2.9953649044036865 22142
1030 280.08637977206354 280.0002199288781 18.144844055175781 2.9706249237060547 22163
1031 280.08635596733376 280.00021992914117 18.140104293823242 2.9717710018157959 22185
1032 280.08633225783751 280.00021992940304 18.146406173706055 2.9094789028167725 22206
1033 280.08630864275852 280.00021992966367 18.141719818115234 2.9453129768371582 22228
1034 280.08628512128791 280.00021992992362 18.14958381652832 2.9458339214324951 22249
1035 280.08626169262402 280.00021993018225 18.145416259765625 2.9730210304260254 22271
1036 280.08623835597245 280.00021993044004 18.136510848999023 2.9667699337005615 22292
1037 280.08621511054571 280.00021993069669 18.141145706176758 2.9333341121673584 22313
1038 280.08619195556349 280.00021993095254 18.136093139648438 2.9407811164855957 22335
1039 280.08616889025251 280.0002199312072 18.136823654174805 2.9891140460968018 22356
1040 280.08614591384634 280.000219931461 18.145519256591797 2.924583911895752 22378
1041 280.08612302558538 280.00021993171373 18.141927719116211 2.9966139793395996 22399
1042 280.0861002247168 280.00021993196549 18.147603988647461 2.9402599334716797 22421
1043 280.08607751049476 280.0002199322164 18.143854141235352 2.9469270706176758 22442
1044 280.08605488217961 280.00021993246634 18.134271621704102 2.9276039600372314 22463
1045 280.08603233903887 280.00021993271525 18.138698577880859 2.9663538932800293 22485
1046 280.08600988034618 280.00021993296338 18.141979217529297 2.9670839309692383 22506
1047 280.08598750538192 280.00021993321053 18.140209197998047 2.9413020610809326 22528
1048 280.08596521343293 280.00021993345661 18.142969131469727 2.9605200290679932 22549
1049 280.08594300379212 280.00021993370206 18.149322509765625 2.9866149425506592 22571
1050 280.08592087575909 280.00021993394625 18.143905639648438 2.9217190742492676 22592
1051 280.08589882863959 280.00021993418989 18.145624160766602 2.9719269275665283 22613
1052 280.08587686174548 280.00021993443249 18.139167785644531 2.9396359920501709 22635
1053 280.08585497439481 280.00021993467408 18.146980285644531 2.9361460208892822 22656
1054 280.08583316591177 280.00021993491498 18.151405334472656 2.9808850288391113 22678
1055 280.08581143562668 280.00021993515503 18.146511077880859 2.9823958873748779 22699
1056 280.08578978287568 280.00021993539417 18.148019790649414 2.9511981010437012 22721
1057 280.08576820700097 280.00021993563246 18.146978378295898 2.9398961067199707 22742
1058 280.08574670735061 280.00021993586984 18.15057373046875 2.9442710876464844 22763
1059 280.08572528327841 280.00021993610648 18.14567756652832 2.9433848857879639 22785
1060 280.08570393414408 280.00021993634232 18.150625228881836 2.9323439598083496 22806
1061 280.08568265931297 280.00021993657725 18.152030944824219 2.9589059352874756 22828
1062 280.0856614581561 280.00021993681139 18.15916633605957 2.964634895324707 22849
1063 280.08564033005024 280.00021993704479 18.150104522705078 2.9147400856018066 22871
1064 280.08561927437756 280.00021993727717 18.140676498413086 2.9355731010437012 22892
1065 280.08559829052598 280.00021993750903 18.151094436645508 2.9961459636688232 22914
1066 280.08557737788863 280.00021993774004 18.161771774291992 2.9847919940948486 22935
1067 280.08555653586421 280.00021993797014 18.151927947998047 2.9615108966827393 22957
1068 280.08553576385674 280.00021993819962 18.144479751586914 2.9578649997711182 22978
1069 280.08551506127571 280.00021993842819 18.153905868530273 2.9963018894195557 23000
1070 280.08549442753576 280.00021993865613 18.14729118347168 2.9613020420074463 23021
1071 280.08547386205674 280.00021993888316 18.152292251586914 2.9570310115814209 23043
1072 280.08545336426374 280.00021993910957 18.148542404174805 2.9459900856018066 23064
1073 280.08543293358713 280.00021993933524 18.143489837646484 2.946666955947876 23085
1074 280.08541256946199 280.00021993956022 18.140104293823242 2.9596359729766846 23107
1075 280.08539227132889 280.00021993978436 18.154739379882812 2.9674999713897705 23128
1076 280.08537203863324 280.0002199400077 18.141927719116211 2.9627079963684082 23150
1077 280.08535187082515 280.00021994023047 18.144062042236328 2.9671878814697266 23171
1078 280.08533176736006 280.00021994045255 18.137552261352539 2.9367179870605469 23193
1079 280.08531172769801 280.00021994067384 18.141666412353516 2.9174480438232422 23214
1080 280.085291751304 280.00021994089445 18.136510848999023 2.9204170703887939 23235
1081 280.08527183764778 280.00021994111449 18.151405334472656 2.9349479675292969 23257
1082 280.08525198620379 280.00021994133368 18.138280868530273 2.978593111038208 23278
1083 280.08523219645105 280.0002199415523 18.150730133056641 2.964792013168335 23300
1084 280.0852124678737 280.00021994177013 18.13770866394043 2.9470839500427246 23321
1085 280.08519279995977 280.00021994198733 18.148906707763672 2.9489059448242188 23343
1086 280.08517319220272 280.00021994220384 18.143228530883789 2.9176039695739746 23364
1087 280.08515364409971 280.00021994241968 18.136928558349609 2.9850530624389648 23386
1088 280.08513415515301 280.00021994263494 18.132604598999023 2.9335410594940186 23407
1089 280.08511472486902 280.00021994284964 18.140260696411133 2.9794790744781494 23428
1090 280.08509535275851 280.00021994306354 18.141145706176758 2.9323439598083496 23450
1091 280.08507603833704 280.00021994327687 18.131406784057617 2.9127600193023682 23471
1092 280.08505678112391 280.00021994348953 18.134738922119141 2.9440109729766846 23493
1093 280.08503758064319 280.0002199437015 18.131301879882812 2.9269270896911621 23514
1094 280.08501843642296 280.00021994391301 18.135677337646484 2.9465620517730713 23535
1095 280.08499934799562 280.00021994412384 18.137344360351562 2.9957809448242188 23557
1096 280.08498031489756 280.00021994433399 18.142917633056641 2.9415109157562256 23578
1097 280.08496133666966 280.00021994454369 18.143854141235352 2.9514069557189941 23600
1098 280.08494241285666 280.00021994475259 18.135885238647461 2.9240620136260986 23621
1099 280.08492354300728 280.00021994496103 18.137344360351562 2.9689579010009766 23642
1100 280.08490472667455 280.00021994516879 18.137552261352539 2.9310939311981201 23664
1101 280.08488596341527 280.0002199453761 18.135364532470703 2.9325520992279053 23685
1102 280.08486725279027 280.00021994558267 18.135520935058594 2.9360940456390381 23707
1103 280.08484859436447 280.00021994578879 18.140573501586914 2.9338018894195557 23728
1104 280.08482998770626 280.00021994599422 18.137292861938477 2.9514060020446777 23749
1105 280.08481143238828 280.00021994619919 18.138437271118164 2.9592709541320801 23771
1106 280.08479292798683 280.0002199464036 18.135051727294922 2.9172389507293701 23792
1107 280.084774474082 280.00021994660733 18.151145935058594 3.0153129100799561 23814
1108 280.0847560702577 280.0002199468106 18.160207748413086 2.9426040649414062 23835
1109 280.08473771610136 280.00021994701331 18.15119743347168 2.9776039123535156 23857
1110 280.08471941120445 280.00021994721544 18.147499084472656 2.9537498950958252 23878
1111 280.08470115516172 280.00021994741701 18.136510848999023 2.9904689788818359 23900
1112 280.08468294757176 280.00021994761829 18.137083053588867 2.9044270515441895 23921
1113 280.08466478803655 280.00021994781872 18.136823654174805 2.9357290267944336 23942
1114 280.08464667616192 280.0002199480187 18.129270553588867 2.9277091026306152 23964
1115 280.08462861155704 280.00021994821833 18.137447357177734 2.972135066986084 23985
1116 280.08461059383444 280.00021994841723 18.13593864440918 2.9326050281524658 24007
1117 280.08459262261033 280.00021994861578 18.139894485473633 2.9466149806976318 24028
1118 280.08457469750431 280.00021994881365 18.139947891235352 2.9616670608520508 24050
1119 280.08455681813928 280.00021994901124 18.140884399414062 2.9484379291534424 24071
1120 280.08453898414155 280.00021994920814 18.142551422119141 2.9358859062194824 24092
1121 280.08452119514089 280.00021994940465 18.134426116943359 2.947343111038208 24114
1122 280.08450345077017 280.00021994960059 18.136978149414062 2.9495830535888672 24135
1123 280.08448575066558 280.00021994979608 18.138906478881836 2.9519789218902588 24157
1124 280.08446809446673 280.00021994999094 18.139791488647461 2.9733860492706299 24178
1125 280.08445048181625 280.00021995018557 18.142969131469727 2.9720311164855957 24200
1126 280.08443291236 280.00021995037963 18.13182258605957 2.9466660022735596 24221
1127 280.08441538574721 280.00021995057313 18.143646240234375 2.9727609157562256 24242
1128 280.08439790162981 280.00021995076628 18.145624160766602 2.9700000286102295 24264
1129 280.08438045966335 280.00021995095892 18.156301498413086 2.9704689979553223 24285
1130 280.08436305950596 280.00021995115105 18.14744758605957 2.9209890365600586 24307
1131 280.08434570081926 280.00021995134273 18.145469665527344 2.9694790840148926 24328
1132 280.08432838326758 280.00021995153389 18.143386840820312 2.9661979675292969 24350
1133 280.08431110651833 280.00021995172489 18.138334274291992 2.9842178821563721 24371
1134 280.08429387024188 280.0002199519152 18.145051956176758 2.9823439121246338 24393
1135 280.08427667411178 280.00021995210517 18.138072967529297 2.9822399616241455 24414
1136 280.08425951780413 280.00021995229457 18.13770866394043 2.9485940933227539 24436
1137 280.08424240099805 280.00021995248363 18.142135620117188 2.9350519180297852 24457
1138 280.08422532337568 280.0002199526723 18.135885238647461 2.9346349239349365 24478
1139 280.08420828462164 280.00021995286045 18.139219284057617 2.9803130626678467 24500
1140 280.08419128442375 280.00021995304814 18.143749237060547 2.9197399616241455 24521
1141 280.08417432247245 280.0002199532355 18.13770866394043 2.928541898727417 24543
1142 280.08415739846095 280.00021995342246 18.143592834472656 2.9592700004577637 24564
1143 280.08414051208507 280.00021995360885 18.140520095825195 2.9408330917358398 24585
1144 280.08412366304367 280.00021995379501 18.137239456176758 2.9197390079498291 24607
1145 280.0841068510378 280.00021995398066 18.13984489440918 2.9503118991851807 24628
1146 280.08409007577166 280.00021995416591 18.133697509765625 2.9618749618530273 24650
1147 280.08407333695197 280.00021995435077 18.139686584472656 2.9557809829711914 24671
1148 280.08405663428778 280.00021995453528 18.144687652587891 2.9850521087646484 24693
1149 280.08403996749098 280.00021995471928 18.133125305175781 2.9769790172576904 24714
1150 280.08402333627618 280.000219954903 18.138280868530273 2.9709899425506592 24736
1151 280.08400674036011 280.00021995508632 18.13557243347168 2.9726040363311768 24757
1152 280.08399017946232 280.00021995526919 18.130313873291016 2.9204690456390381 24778
1153 280.08397365330489 280.00021995545171 18.130989074707031 2.9878120422363281 24800
1154 280.0839571616122 280.00021995563378 18.131406784057617 2.9813539981842041 24821
1155 280.08394070411123 280.00021995581557 18.143957138061523 2.9627079963684082 24843
1156 280.08392428053128 280.00021995599707 18.138332366943359 2.9852609634399414 24864
1157 280.08390789060417 280.000219956178 18.171770095825195 2.9803121089935303 24886
1158 280.08389153406409 280.00021995635871 18.148386001586914 2.9735410213470459 24907
1159 280.08387521064742 280.00021995653901 18.13848876953125 2.9905729293823242 24929
1160 280.08385892009323 280.00021995671898 18.144584655761719 3.0093750953674316 24950
1161 280.08384266214262 280.00021995689849 18.158281326293945 2.9604170322418213 24972
1162 280.08382643653908 280.00021995707755 18.141874313354492 2.9527080059051514 24993
1163 280.08381024302844 280.00021995725649 18.151042938232422 3.0417189598083496 25015
1164 280.08379408135886 280.00021995743492 18.147552490234375 2.9779679775238037 25036
1165 280.08377795128041 280.00021995761313 18.14177131652832 2.9525001049041748 25058
1166 280.08376185254588 280.00021995779082 18.143020629882812 2.9654169082641602 25079
1167 280.08374578490981 280.00021995796828 18.136041641235352 2.9696869850158691 25101
1168 280.08372974812931 280.00021995814541 18.130937576293945 2.9454169273376465 25122
1169 280.08371374196327 280.00021995832225 18.139165878295898 2.9808850288391113 25143
1170 280.08369776617303 280.00021995849869 18.131458282470703 2.9673430919647217 25165
1171 280.08368182052186 280.00021995867479 18.132707595825195 2.9442710876464844 25186
1172 280.08366590477539 280.00021995885055 18.133697509765625 2.970937967300415 25208
1173 280.08365001870101 280.00021995902603 18.142709732055664 2.9496879577636719 25229
1174 280.08363416206839 280.00021995920116 18.1488037109375 2.9639589786529541 25251
1175 280.08361833464926 280.00021995937595 18.138490676879883 2.9940109252929688 25272
1176 280.08360253621726 280.00021995955035 18.143697738647461 2.9165630340576172 25293
1177 280.08358676654808 280.00021995972452 18.14354133605957 2.9883849620819092 25315
1178 280.08357102541964 280.0002199598984 18.140937805175781 2.9104690551757812 25336
1179 280.0835553126114 280.00021996007189 18.138959884643555 2.9325520992279053 25358
1180 280.08353962790511 280.00021996024515 18.136823654174805 2.9557809829711914 25379
1181 280.08352397108439 280.00021996041801 18.13984489440918 2.9394268989562988 25401
1182 280.08350834193476 280.0002199605907 18.139165878295898 2.9433341026306152 25422
1183 280.08349274024368 280.00021996076299 18.139270782470703 2.9493229389190674 25444
1184 280.08347716580039 280.00021996093494 18.139738082885742 2.9748439788818359 25465
1185 280.0834616183962 280.00021996110672 18.148229598999023 2.9423439502716064 25486
1186 280.08344609782409 280.00021996127811 18.146041870117188 2.977186918258667 25508
1187 280.08343060387904 280.0002199614492 18.140781402587891 2.9797921180725098 25529
1188 280.08341513635764 280.00021996162008 18.138229370117188 2.9385418891906738 25551
1189 280.08339969505857 280.00021996179066 18.135885238647461 2.9680209159851074 25572
1190 280.08338427978219 280.00021996196085 18.136249542236328 2.9370319843292236 25594
1191 280.08336889033035 280.00021996213087 18.134115219116211 2.9338550567626953 25615
1192 280.08335352650721 280.00021996230055 18.134218215942383 2.981874942779541 25637
1193 280.0833381881182 280.00021996246988 18.13947868347168 2.9305210113525391 25658
1194 280.08332287497075 280.00021996263911 18.136562347412109 2.9567708969116211 25679
1195 280.08330758687379 280.00021996280788 18.133438110351562 2.9549479484558105 25701
1196 280.08329232363809 280.00021996297647 18.139219284057617 2.9845321178436279 25722
1197 280.08327708507625 280.00021996314479 18.135780334472656 2.9756770133972168 25744
1198 280.08326187100215 280.0002199633127 18.133230209350586 2.9465630054473877 25765
1199 280.0832466812318 280.00021996348056 18.13770866394043 2.9674999713897705 25787
1200 280.08323151558221 280.00021996364802 18.137083053588867 2.9814059734344482 25808
1201 280.08321637387274 280.00021996381525 18.141511917114258 2.9715619087219238 25829
1202 280.08320125592383 280.0002199639822 18.138385772705078 2.9665100574493408 25851
1203 280.08318616155782 280.00021996414893 18.138282775878906 2.9706768989562988 25872
1204 280.08317109059828 280.00021996431548 18.133228302001953 2.9373960494995117 25894
1205 280.08315604287088 280.00021996448152 18.135625839233398 2.9351561069488525 25915
1206 280.0831410182023 280.00021996464756 18.133594512939453 2.9552600383758545 25937
1207 280.08312601642103 280.0002199648132 18.136510848999023 2.9467189311981201 25958
1208 280.08311103735701 280.00021996497856 18.128437042236328 2.9448959827423096 25979
1209 280.08309608084187 280.00021996514386 18.134687423706055 2.957395076751709 26001
1210 280.08308114670848 280.0002199653087 18.133176803588867 2.9506769180297852 26022
1211 280.08306623479132 280.00021996547338 18.1484375 2.9493749141693115 26044
1212 280.08305134492633 280.00021996563783 18.138280868530273 2.8902080059051514 26065
1213 280.08303647695084 280.00021996580199 18.137344360351562 2.9780209064483643 26086
1214 280.08302163070374 280.00021996596598 18.133125305175781 2.9354159832000732 26108
1215 280.08300680602537 280.00021996612969 18.136093139648438 2.9853649139404297 26129
1216 280.08299200275729 280.00021996629323 18.13395881652832 2.9690620899200439 26151
1217 280.08297722074263 280.00021996645643 18.133855819702148 2.9509379863739014 26172
1218 280.08296245982586 280.00021996661945 18.136980056762695 2.9360930919647217 26194
1219 280.08294771985288 280.00021996678225 18.132604598999023 2.9632289409637451 26215
1220 280.08293300067095 280.00021996694483 18.151042938232422 2.9501559734344482 26236
1221 280.08291830212858 280.00021996710717 18.132551193237305 2.9510419368743896 26258
1222 280.08290362407564 280.00021996726923 18.134790420532227 3.0014579296112061 26279
1223 280.08288896636344 280.00021996743118 18.163177490234375 3.1234900951385498 26301
1224 280.08287432884464 280.0002199675929 18.187759399414062 3.1775519847869873 26323
1225 280.08285971137309 280.00021996775433 18.167812347412109 2.9440619945526123 26344
1226 280.08284511380396 280.00021996791548 18.142396926879883 2.9555211067199707 26366
1227 280.08283053599376 280.00021996807646 18.144374847412109 2.987760066986084 26387
1228 280.08281597780007 280.00021996823722 18.140155792236328 2.9355731010437012 26409
1229 280.082801439082 280.00021996839786 18.150625228881836 2.9605209827423096 26430
1230 280.08278691969986 280.0002199685581 18.14958381652832 2.9530730247497559 26452
1231 280.08277241951504 280.0002199687184 18.148334503173828 2.9950520992279053 26473
1232 280.08275793839039 280.00021996887813 18.138229370117188 2.9691140651702881 26495
1233 280.08274347618965 280.00021996903803 18.127656936645508 2.9742190837860107 26516
1234 280.08272903277816 280.00021996919753 18.130155563354492 2.9332818984985352 26537
1235 280.08271460802206 280.00021996935681 18.137447357177734 2.946458101272583 26559
1236 280.08270020178901 280.00021996951585 18.131093978881836 2.9361979961395264 26580
1237 280.08268581394771 280.00021996967473 18.121978759765625 2.9732820987701416 26602
1238 280.08267144436792 280.00021996983355 18.128332138061523 2.9603118896484375 26623
1239 280.08265709292073 280.00021996999197 18.134426116943359 2.9502599239349365 26644
1240 280.08264275947823 280.00021997015028 18.130832672119141 2.9448959827423096 26666
1241 280.08262844391379 280.00021997030842 18.116405487060547 2.961198091506958 26687
1242 280.08261414610172 280.00021997046622 18.133907318115234 2.9640629291534424 26709
1243 280.08259986591759 280.00021997062402 18.142082214355469 2.9442710876464844 26730
1244 280.08258560323804 280.00021997078159 18.131771087646484 2.9110410213470459 26752
1245 280.08257135794071 280.00021997093876 18.134843826293945 2.9623959064483643 26773
1246 280.0825571299045 280.00021997109599 18.1328125 2.8987500667572021 26794
1247 280.08254291900914 280.00021997125293 18.128854751586914 2.957395076751709 26816
1248 280.08252872513566 280.00021997140971 18.128854751586914 2.9609899520874023 26837
1249 280.08251454816605 280.00021997156625 18.141250610351562 2.9603641033172607 26859
1250 280.08250038798326 280.00021997172263 18.134635925292969 2.957240104675293 26880
1251 280.08248624447151 280.00021997187889 18.135208129882812 2.9804680347442627 26902
1252 280.08247211751575 280.00021997203493 18.138853073120117 2.9298439025878906 26923
1253 280.08245800700206 280.00021997219079 18.136041641235352 2.9393229484558105 26945
1254 280.08244391281767 280.00021997234643 18.133125305175781 2.9496870040893555 26966
1255 280.08242983485059 280.0002199725019 18.139896392822266 2.9892709255218506 26987
1256 280.08241577298998 280.00021997265719 18.140937805175781 2.9386460781097412 27009
1257 280.08240172712595 280.00021997281232 18.14161491394043 2.98744797706604 27030
1258 280.0823876971495 280.00021997296733 18.14552116394043 2.958698034286499 27052
1259 280.08237368295261 280.00021997312211 18.146459579467773 2.9418749809265137 27073
1260 280.08235968442824 280.00021997327667 18.129739761352539 2.9533329010009766 27095
1261 280.08234570147044 280.00021997343106 18.131093978881836 2.9556770324707031 27116
1262 280.08233173397389 280.00021997358527 18.133125305175781 2.9342179298400879 27138
1263 280.08231778183449 280.00021997373943 18.134635925292969 2.9150528907775879 27159
1264 280.08230384494897 280.00021997389325 18.13005256652832 2.9404680728912354 27180
1265 280.08228992321483 280.00021997404707 18.130573272705078 2.9516661167144775 27202
1266 280.08227601653056 280.00021997420072 18.129062652587891 2.9246349334716797 27223
1267 280.08226212479576 280.00021997435414 18.132865905761719 2.9581770896911621 27245
1268 280.08224824791051 280.00021997450739 18.134687423706055 2.9262499809265137 27266
1269 280.08223438577619 280.00021997466047 18.13067626953125 2.9634900093078613 27287
1270 280.08222053829473 280.00021997481338 18.143489837646484 2.9505209922790527 27309
1271 280.08220670536912 280.00021997496623 18.133541107177734 2.9813539981842041 27330
1272 280.08219288690304 280.00021997511863 18.126510620117188 2.9484379291534424 27352
1273 280.08217908280119 280.00021997527125 18.13104248046875 2.9726040363311768 27373
1274 280.08216529296908 280.00021997542353 18.132656097412109 2.9756250381469727 27395
1275 280.08215151731275 280.00021997557565 18.128438949584961 2.9341139793395996 27416
1276 280.08213775573961 280.0002199757277 18.133750915527344 2.901249885559082 27437
1277 280.08212400815756 280.00021997587953 18.129062652587891 2.955312967300415 27459
1278 280.08211027447533 280.00021997603119 18.128801345825195 2.9492189884185791 27480
1279 280.08209655460234 280.00021997618262 18.135988235473633 2.9672920703887939 27502
1280 280.08208284844915 280.00021997633405 18.132030487060547 2.9824481010437012 27523
1281 280.08206915592666 280.00021997648531 18.139842987060547 2.9713020324707031 27545
1282 280.082055476947 280.00021997663623 18.13380241394043 2.9396359920501709 27566
1283 280.08204181142293 280.00021997678738 18.140104293823242 2.9618749618530273 27587
1284 280.08202815926768 280.00021997693807 18.130468368530273 2.9673440456390381 27609
1285 280.08201452039572 280.0002199770887 18.129011154174805 2.9132289886474609 27630
1286 280.08200089472189 280.00021997723906 18.135156631469727 2.9440629482269287 27652
1287 280.08198728216195 280.00021997738941 18.131093978881836 2.9398961067199707 27673
1288 280.08197368263245 280.00021997753964 18.13182258605957 2.964792013168335 27694
1289 280.08196009605052 280.00021997768971 18.130834579467773 2.9294788837432861 27716
1290 280.08194652233414 280.00021997783961 18.129114151000977 2.9214060306549072 27737
1291 280.08193296140206 280.00021997798933 18.127552032470703 2.9364058971405029 27759
1292 280.08191941317352 280.00021997813906 18.131355285644531 2.9400520324707031 27780
1293 280.08190587756866 280.00021997828844 18.138385772705078 2.9282290935516357 27801
1294 280.08189235450828 280.00021997843794 18.124843597412109 2.9548430442810059 27823
1295 280.0818788439139 280.00021997858704 18.141302108764648 2.9632809162139893 27844
1296 280.08186534570763 280.00021997873614 18.13395881652832 2.9533851146697998 27866
1297 280.08185185981239 280.00021997888513 18.132759094238281 2.9598960876464844 27887
1298 280.08183838615173 280.00021997903394 18.122917175292969 2.9307289123535156 27908
1299 280.08182492464977 280.00021997918265 18.129478454589844 2.9732809066772461 27930
1300 280.08181147523152 280.00021997933112 18.130521774291992 2.9425520896911621 27951
1301 280.08179803782247 280.00021997947948 18.136405944824219 2.9451560974121094 27973
1302 280.08178461234871 280.00021997962773 18.130573272705078 2.9574999809265137 27994
1303 280.08177119873721 280.00021997977598 18.131406784057617 2.9423959255218506 28016
1304 280.08175779691538 280.00021997992388 18.126459121704102 2.9608330726623535 28037
1305 280.08174440681137 280.00021998007185 18.124530792236328 2.9707291126251221 28058
1306 280.08173102835383 280.00021998021964 18.131717681884766 2.9583330154418945 28080
1307 280.0817176614724 280.00021998036721 18.127500534057617 2.9231250286102295 28101
1308 280.08170430609675 280.00021998051477 18.125209808349609 2.9140100479125977 28123
1309 280.08169096215778 280.00021998066211 18.129426956176758 2.9528648853302002 28144
1310 280.08167762958647 280.00021998080933 18.137603759765625 2.8941669464111328 28165
1311 280.08166430831471 280.00021998095644 18.128957748413086 2.9528119564056396 28187
1312 280.08165099827499 280.00021998110338 18.138540267944336 2.9498960971832275 28208
1313 280.08163769940018 280.00021998125044 18.1328125 2.9517700672149658 28230
1314 280.08162441162409 280.00021998139709 18.126615524291992 2.9234371185302734 28251
1315 280.08161113488069 280.00021998154381 18.133541107177734 2.9537498950958252 28272
1316 280.08159786910483 280.00021998169029 18.125782012939453 2.9428129196166992 28294
1317 280.08158461423176 280.00021998183661 18.126459121704102 2.9921360015869141 28315
1318 280.08157137019754 280.00021998198298 18.129583358764648 2.960468053817749 28337
1319 280.08155813693844 280.00021998212901 18.124427795410156 2.941457986831665 28358
1320 280.08154491439149 280.0002199822751 18.129062652587891 2.948646068572998 28379
1321 280.08153170249443 280.00021998242096 18.128698348999023 2.9404160976409912 28401
1322 280.08151850118509 280.00021998256676 18.127031326293945 2.9277598857879639 28422
1323 280.08150531040235 280.00021998271251 18.126979827880859 2.9681251049041748 28444
1324 280.08149213008534 280.00021998285808 18.127134323120117 2.9293229579925537 28465
1325 280.08147896017368 280.00021998300343 18.135208129882812 2.9619801044464111 28486
1326 280.0814658006077 280.00021998314884 18.133073806762695 2.9270830154418945 28508
1327 280.08145265132816 280.00021998329402 18.132499694824219 2.9760940074920654 28529
1328 280.08143951227629 280.00021998343919 18.129114151000977 2.9393229484558105 28551
1329 280.08142638339382 280.00021998358409 18.124635696411133 2.9456770420074463 28572
1330 280.08141326462322 280.00021998372898 18.127292633056641 2.9238541126251221 28593
1331 280.08140015590732 280.00021998387382 18.124582290649414 2.9604170322418213 28615
1332 280.08138705718926 280.00021998401843 18.123802185058594 2.951509952545166 28636
1333 280.08137396841289 280.00021998416292 18.136198043823242 2.9447400569915771 28658
1334 280.0813608895225 280.00021998430753 18.128593444824219 2.9433848857879639 28679
1335 280.0813478204629 280.00021998445186 18.131511688232422 2.9201040267944336 28700
1336 280.08133476117933 280.00021998459607 18.130365371704102 2.9354679584503174 28722
1337 280.08132171161759 280.00021998474023 18.127082824707031 2.9638020992279053 28743
1338 280.08130867172378 280.00021998488427 18.128541946411133 2.9305200576782227 28765
1339 280.08129564144463 280.00021998502808 18.12614631652832 2.9682290554046631 28786
1340 280.08128262072722 280.00021998517178 18.13218879699707 3.1728649139404297 28808
1341 280.08126960951927 280.0002199853156 18.158958435058594 3.0174999237060547 28829
1342 280.08125660776869 280.00021998545907 18.155624389648438 2.9777600765228271 28851
1343 280.08124361542423 280.00021998560271 18.154792785644531 2.9864060878753662 28872
1344 280.0812306324346 280.00021998574601 18.143436431884766 2.9375 28894
1345 280.08121765874927 280.00021998588926 18.134792327880859 2.9564590454101562 28915
1346 280.08120469431816 280.0002199860325 18.142082214355469 2.9522390365600586 28937
1347 280.08119173909154 280.00021998617552 18.136354446411133 2.9544789791107178 28958
1348 280.08117879301994 280.00021998631854 18.126405715942383 2.9113540649414062 28979
1349 280.08116585605472 280.00021998646139 18.129167556762695 2.991718053817749 29001
1350 280.08115292814739 280.00021998660418 18.156927108764648 2.9585421085357666 29022
1351 280.08114000924985 280.00021998674691 18.141510009765625 2.986562967300415 29044
1352 280.08112709931459 280.00021998688948 18.112499237060547 2.9655210971832275 29065
1353 280.08111419829442 280.00021998703198 18.147760391235352 2.9372398853302002 29087
1354 280.08110130614244 280.00021998717443 18.13166618347168 2.9602599143981934 29108
1355 280.08108842281246 280.00021998731665 18.126302719116211 2.9463539123535156 29130
1356 280.08107554825841 280.00021998745882 18.142343521118164 2.9196879863739014 29151
1357 280.08106268243472 280.00021998760093 18.134271621704102 2.9539060592651367 29172
1358 280.08104982529625 280.00021998774287 18.142032623291016 2.993333101272583 29194
1359 280.08103697679826 280.00021998788469 18.142343521118164 2.9913539886474609 29215
1360 280.08102413689625 280.00021998802657 18.146926879882812 2.9843230247497559 29237
1361 280.08101130554627 280.00021998816823 18.141510009765625 2.9982819557189941 29258
1362 280.08099848270467 280.00021998830994 18.142864227294922 2.9646360874176025 29280
1363 280.08098566832825 280.00021998845148 18.119739532470703 2.9877610206604004 29301
1364 280.0809728623741 280.00021998859296 18.139999389648438 2.9754691123962402 29323
1365 280.08096006479963 280.00021998873427 18.137552261352539 2.971980094909668 29344
1366 280.08094727556289 280.00021998887547 18.128385543823242 2.9522910118103027 29366
1367 280.08093449462189 280.00021998901673 18.126562118530273 2.9284379482269287 29387
1368 280.08092172193545 280.00021998915764 18.129426956176758 2.9666140079498291 29409
1369 280.08090895746227 280.0002199892985 18.13343620300293 2.9897921085357666 29430
1370 280.08089620116192 280.00021998943953 18.132968902587891 2.9647910594940186 29451
1371 280.08088345299382 280.00021998958033 18.129999160766602 2.9751040935516357 29473
1372 280.08087071291806 280.00021998972102 18.129375457763672 2.955988883972168 29494
1373 280.08085798089496 280.00021998986159 18.131614685058594 2.9809370040893555 29516
1374 280.08084525688525 280.00021999000217 18.127031326293945 2.9448959827423096 29537
1375 280.08083254085 280.00021999014257 18.130624771118164 2.9962499141693115 29559
1376 280.08081983275042 280.00021999028297 18.132604598999023 2.951509952545166 29580
1377 280.08080713254839 280.0002199904232 18.125156402587891 2.932136058807373 29602
1378 280.08079444020575 280.00021999056338 18.12598991394043 2.9719789028167725 29623
1379 280.080781755685 280.0002199907035 18.150781631469727 2.9462499618530273 29644
1380 280.08076907894878 280.00021999084356 18.123697280883789 2.9696879386901855 29666
1381 280.08075640995997 280.00021999098351 18.129791259765625 2.9846360683441162 29687
1382 280.0807437486821 280.00021999112329 18.125572204589844 2.9116671085357666 29709
1383 280.08073109507865 280.00021999126301 18.134687423706055 2.9361460208892822 29730
1384 280.08071844911359 280.00021999140273 18.128854751586914 2.940363883972168 29751
1385 280.08070581075128 280.00021999154228 18.130207061767578 2.9932289123535156 29773
1386 280.0806931799562 280.00021999168166 18.129375457763672 2.9445309638977051 29794
1387 280.08068055669304 280.00021999182104 18.129894256591797 2.9142179489135742 29816
1388 280.08066794092724 280.00021999196042 18.128698348999023 2.9678640365600586 29837
1389 280.08065533262419 280.00021999209963 18.136354446411133 2.9902079105377197 29859
1390 280.08064273174955 280.0002199922389 18.139791488647461 2.9314060211181641 29880
1391 280.08063013826961 280.00021999237794 18.132759094238281 2.9415619373321533 29901
1392 280.0806175521505 280.00021999251697 18.132499694824219 2.9298439025878906 29923
1393 280.08060497335885 280.00021999265596 18.130781173706055 2.9728128910064697 29944
1394 280.08059240186179 280.00021999279465 18.124063491821289 2.9247920513153076 29966
1395 280.08057983762626 280.00021999293341 18.129011154174805 2.9814579486846924 29987
1396 280.0805672806199 280.00021999307222 18.128072738647461 2.9507820606231689 30008
1397 280.08055473081055 280.00021999321081 18.130937576293945 2.9667189121246338 30030
1398 280.08054218816613 280.00021999334928 18.122968673706055 2.9590110778808594 30051
1399 280.08052965265495 280.00021999348775 18.133333206176758 2.9841139316558838 30073
1400 280.08051712424566 280.00021999362616 18.131092071533203 2.9370830059051514 30094
1401 280.08050460290701 280.00021999376446 18.121927261352539 2.964271068572998 30116
1402 280.0804920886082 280.0002199939027 18.125625610351562 2.9527609348297119 30137
1403 280.08047958131868 280.00021999404078 18.122499465942383 2.9954171180725098 30159
1404 280.08046708100795 280.00021999417885 18.131093978881836 2.9456250667572021 30180
1405 280.08045458764599 280.00021999431675 18.129842758178711 2.955833911895752 30201
1406 280.080442101203 280.00021999445471 18.122655868530273 2.957082986831665 30223
1407 280.08042962164927 280.00021999459256 18.130781173706055 2.9757289886474609 30244
1408 280.08041714895558 280.00021999473017 18.122655868530273 2.950624942779541 30265
1409 280.08040468309287 280.0002199948679 18.128280639648438 2.985260009765625 30287
1410 280.0803922240321 280.00021999500552 18.129426956176758 2.9442710876464844 30308
1411 280.08037977174496 280.00021999514303 18.129114151000977 2.9356770515441895 30330
1412 280.08036732620292 280.00021999528047 18.121667861938477 2.9231250286102295 30351
1413 280.08035488737795 280.00021999541792 18.128280639648438 2.939687967300415 30372
1414 280.08034245524209 280.0002199955552 18.122812271118164 2.9251570701599121 30394
1415 280.08033002976777 280.00021999569242 18.124582290649414 2.961406946182251 30415
1416 280.08031761092758 280.00021999582958 18.118490219116211 2.9255731105804443 30437
1417 280.08030519869442 280.00021999596663 18.127708435058594 2.9005730152130127 30458
1418 280.08029279304122 280.00021999610357 18.125885009765625 2.9289059638977051 30479
1419 280.08028039394145 280.00021999624056 18.126874923706055 2.9600000381469727 30501
1420 280.08026800136849 280.00021999637733 18.126562118530273 2.9664061069488525 30522
1421 280.08025561529621 280.00021999651437 18.126718521118164 2.9710419178009033 30544
1422 280.08024323569845 280.00021999665103 18.126718521118164 2.9189579486846924 30565
1423 280.0802308625494 280.00021999678768 18.12791633605957 2.9479160308837891 30586
1424 280.0802184958236 280.00021999692416 18.123958587646484 2.9269270896911621 30608
1425 280.08020613549559 280.00021999706075 18.123386383056641 2.9416670799255371 30629
1426 280.08019378154006 280.00021999719729 18.133281707763672 2.9257290363311768 30651
1427 280.08018143393247 280.0002199973336 18.133073806762695 2.9995310306549072 30672
1428 280.08016909264762 280.00021999746991 18.135156631469727 2.9601559638977051 30693
1429 280.0801567576612 280.00021999760605 18.126718521118164 2.9541139602661133 30715
1430 280.08014442894898 280.00021999774214 18.123802185058594 2.9368751049041748 30736
1431 280.08013210648659 280.00021999787833 18.124687194824219 2.9708330631256104 30758
1432 280.08011979025031 280.00021999801436 18.120885848999023 2.9757289886474609 30779
1433 280.08010748021633 280.00021999815027 18.136875152587891 2.974323034286499 30801
1434 280.08009517636123 280.00021999828613 18.123750686645508 2.9772920608520508 30822
1435 280.08008287866159 280.00021999842193 18.128490447998047 2.98921799659729 30844
1436 280.08007058709427 280.00021999855767 18.123592376708984 2.9493749141693115 30865
1437 280.08005830163648 280.00021999869335 18.122865676879883 2.9543750286102295 30886
1438 280.08004602226544 280.00021999882904 18.129999160766602 2.9613540172576904 30908
1439 280.0800337489585 280.00021999896467 18.128488540649414 2.9604170322418213 30929
1440 280.08002148169345 280.00021999910018 18.128854751586914 2.948646068572998 30951
1441 280.08000922044795 280.00021999923553 18.138853073120117 2.9130730628967285 30972
1442 280.07999696520022 280.00021999937087 18.126041412353516 2.9763550758361816 30994
1443 280.07998471592839 280.00021999950621 18.122655868530273 2.946458101272583 31015
1444 280.07997247261073 280.00021999964133 18.144792556762695 3.0584380626678467 31037
1445 280.07996023522594 280.0002199997765 18.154270172119141 2.9805209636688232 31058
1446 280.07994800375275 280.00021999991156 18.133750915527344 2.9643750190734863 31080
1447 280.07993577817001 280.00022000004651 18.14354133605957 2.9748959541320801 31101
1448 280.07992355845693 280.00022000018163 18.130311965942383 2.9617710113525391 31122
1449 280.07991134459263 280.00022000031646 18.126874923706055 2.9378130435943604 31144
1450 280.07989913655672 280.00022000045129 18.128593444824219 2.9699480533599854 31165
1451 280.07988693432873 280.00022000058613 18.128593444824219 2.9508850574493408 31187
1452 280.07987473788842 280.00022000072073 18.122657775878906 2.9175000190734863 31208
1453 280.07986254721578 280.00022000085528 18.118021011352539 2.9550518989562988 31230
1454 280.07985036229098 280.00022000098994 18.125051498413086 2.9270839691162109 31251
1455 280.07983818309418 280.00022000112449 18.129322052001953 2.9576570987701416 31272
1456 280.07982600960599 280.00022000125881 18.119895935058594 2.9490621089935303 31294
1457 280.07981384180698 280.0002200013933 18.1328125 2.9701559543609619 31315
1458 280.07980167967787 280.00022000152757 18.133125305175781 2.9989581108093262 31337
1459 280.07978952319957 280.00022000166189 18.151771545410156 3.0830729007720947 31358
1460 280.07977737235331 280.00022000179604 18.184947967529297 3.130781888961792 31380
1461 280.07976522712028 280.00022000193013 18.156301498413086 2.958906888961792 31402
1462 280.07975308748172 280.00022000206422 18.132240295410156 2.9483859539031982 31423
1463 280.07974095341933 280.0002200021982 18.129636764526367 2.955625057220459 31445
1464 280.07972882491492 280.0002200023323 18.128021240234375 2.9503118991851807 31466
1465 280.07971670195013 280.00022000246605 18.139583587646484 2.9736459255218506 31487
1466 280.07970458450717 280.00022000259997 18.138229370117188 2.9224998950958252 31509
1467 280.07969247256813 280.00022000273367 18.128646850585938 2.9643230438232422 31530
1468 280.07968036611527 280.00022000286737 18.127239227294922 2.9608330726623535 31552
1469 280.07966826513109 280.000220003001 18.120624542236328 2.9548959732055664 31573
1470 280.07965616959814 280.00022000313464 18.124322891235352 2.9573431015014648 31594
1471 280.07964407949925 280.00022000326817 18.122917175292969 2.9481770992279053 31616
1472 280.07963199481719 280.00022000340158 18.130155563354492 2.9379160404205322 31637
1473 280.07961991553509 280.00022000353505 18.124374389648438 2.9741659164428711 31659
1474 280.07960784163606 280.0002200036684 18.122657775878906 2.9144270420074463 31680
1475 280.07959577310334 280.00022000380164 18.127969741821289 2.9921879768371582 31701
1476 280.07958370992054 280.00022000393477 18.131458282470703 2.9848439693450928 31723
1477 280.07957165207102 280.00022000406807 18.158073425292969 2.9822399616241455 31744
1478 280.07955959953864 280.00022000420114 18.129375457763672 2.9682810306549072 31766
1479 280.07954755230713 280.00022000433421 18.141197204589844 2.9390110969543457 31787
1480 280.07953551036059 280.00022000446728 18.128385543823242 2.9490621089935303 31809
1481 280.07952347368308 280.00022000460007 18.139167785644531 2.9583849906921387 31830
1482 280.07951144225876 280.00022000473302 18.129165649414062 2.9718749523162842 31852
1483 280.07949941607211 280.00022000486581 18.12598991394043 2.962291955947876 31873
1484 280.07948739510744 280.00022000499854 18.121822357177734 2.9483859539031982 31894
1485 280.07947537934962 280.00022000513127 18.129531860351562 2.9591140747070312 31916
1486 280.07946336878319 280.00022000526394 18.124895095825195 2.9188549518585205 31937
1487 280.0794513633931 280.00022000539656 18.132551193237305 2.9660940170288086 31959
1488 280.07943936316423 280.000220005529 18.129322052001953 2.941978931427002 31980
1489 280.07942736808189 280.00022000566156 18.131353378295898 2.9532809257507324 32001
1490 280.07941537813116 280.00022000579395 18.132968902587891 2.9498960971832275 32023
1491 280.07940339329741 280.00022000592634 18.129062652587891 2.9540109634399414 32044
1492 280.0793914135661 280.00022000605861 18.126771926879883 2.9489579200744629 32066
1493 280.0793794389229 280.00022000619094 18.125625610351562 2.9660420417785645 32087
1494 280.07936746935343 280.0002200063231 18.123697280883789 2.9342710971832275 32109
1495 280.07935550484353 280.00022000645527 18.130416870117188 2.9591660499572754 32130
1496 280.07934354537912 280.00022000658731 18.130104064941406 2.9492709636688232 32151
1497 280.07933159094637 280.00022000671919 18.145259857177734 2.9732809066772461 32173
1498 280.07931964153119 280.00022000685129 18.13166618347168 2.9353649616241455 32194
1499 280.07930769712004 280.00022000698328 18.128280639648438 2.9406769275665283 32216
1500 280.07929575769936 280.00022000711499 18.128332138061523 2.939115047454834 32237
1501 280.07928382325542 280.00022000724687 18.126510620117188 2.9324469566345215 32258
1502 280.07927189377506 280.00022000737857 18.130313873291016 2.9456250667572021 32280
1503 280.07925996924473 280.00022000751034 18.125209808349609 2.9419269561767578 32301
1504 280.07924804965137 280.00022000764204 18.124374389648438 2.9808330535888672 32323
1505 280.07923613498201 280.00022000777352 18.129634857177734 2.973750114440918 32344
1506 280.07922422522353 280.00022000790511 18.129583358764648 2.9490630626678467 32365
1507 280.07921232036307 280.00022000803648 18.123802185058594 2.931926965713501 32387
1508 280.07920042038791 280.00022000816796 18.13494873046875 2.9501039981842041 32408
1509 280.07918852528536 280.00022000829932 18.126459121704102 2.9746870994567871 32430
1510 280.07917663504287 280.00022000843063 18.132030487060547 2.953125 32451
1511 280.07916474964787 280.00022000856183 18.133541107177734 2.9609379768371582 32473
1512 280.07915286908815 280.00022000869308 18.131771087646484 3.0001559257507324 32494
1513 280.07914099335136 280.00022000882433 18.146406173706055 2.9882299900054932 32515
1514 280.07912912242523 280.00022000895541 18.135885238647461 2.947551965713501 32537
1515 280.07911725629788 280.00022000908643 18.122812271118164 2.9510419368743896 32558
1516 280.07910539495725 280.00022000921746 18.131198883056641 2.9392709732055664 32580
1517 280.07909353839142 280.00022000934854 18.130937576293945 2.948646068572998 32601
1518 280.07908168658855 280.00022000947934 18.126823425292969 2.9320321083068848 32623
1519 280.07906983953711 280.00022000961002 18.125677108764648 2.9433848857879639 32644
1520 280.07905799722533 280.00022000974093 18.128437042236328 2.924583911895752 32665
1521 280.07904615964179 280.00022000987167 18.129634857177734 2.918489933013916 32687
1522 280.079034326775 280.00022001000235 18.124948501586914 2.9089059829711914 32708
1523 280.07902249861371 280.00022001013298 18.136041641235352 2.963176965713501 32729
1524 280.07901067514655 280.0002200102636 18.133073806762695 2.9633328914642334 32751
1525 280.07899885636255 280.00022001039417 18.138750076293945 2.9614059925079346 32772
1526 280.07898704225045 280.00022001052457 18.132135391235352 2.948124885559082 32794
1527 280.07897523279939 280.00022001065497 18.133853912353516 2.9238541126251221 32815
1528 280.07896342799842 280.00022001078537 18.129844665527344 2.9489068984985352 32837
1529 280.07895162783672 280.00022001091571 18.132917404174805 2.9497389793395996 32858
1530 280.07893983230366 280.00022001104594 18.128438949584961 2.9351038932800293 32879
1531 280.07892804138845 280.00022001117617 18.128229141235352 2.9406769275665283 32901
1532 280.07891625508063 280.00022001130634 18.124479293823242 2.9775519371032715 32922
1533 280.07890447336973 280.00022001143657 18.128229141235352 2.9613540172576904 32944
1534 280.0788926962453 280.00022001156651 18.125728607177734 2.9621360301971436 32965
1535 280.07888092369706 280.00022001169646 18.131093978881836 2.9545829296112061 32986
1536 280.07886915571476 280.00022001182657 18.140884399414062 2.9598960876464844 33008
1537 280.07885739228817 280.00022001195646 18.125936508178711 2.9659368991851807 33029
1538 280.0788456334073 280.0002200120864 18.124427795410156 2.9393229484558105 33051
1539 280.07883387906219 280.00022001221606 18.128385543823242 3.0088019371032715 33072
1540 280.07882212924289 280.00022001234584 18.149271011352539 2.9462499618530273 33094
1541 280.07881038393947 280.00022001247549 18.126041412353516 2.9579169750213623 33115
1542 280.07879864314219 280.00022001260521 18.141822814941406 2.9396350383758545 33137
1543 280.07878690684146 280.00022001273487 18.135103225708008 2.9670319557189941 33158
1544 280.07877517502754 280.00022001286436 18.126302719116211 2.9548439979553223 33180
1545 280.0787634476909 280.00022001299402 18.137187957763672 2.9663538932800293 33201
1546 280.07875172482215 280.0002200131234 18.135311126708984 2.946458101272583 33222
1547 280.07874000641186 280.00022001325289 18.135990142822266 2.9708850383758545 33244
1548 280.07872829245059 280.0002200133822 18.131719589233398 2.9814579486846924 33265
1549 280.07871658292919 280.00022001351147 18.124063491821289 2.9493229389190674 33287
1550 280.0787048778385 280.00022001364073 18.124948501586914 2.9448959827423096 33308
1551 280.07869317716927 280.00022001377005 18.125312805175781 2.9498438835144043 33330
1552 280.07868148091256 280.0002200138992 18.125833511352539 2.9407820701599121 33351
1553 280.0786697890594 280.00022001402829 18.145208358764648 2.9453639984130859 33372
1554 280.07865810160087 280.00022001415738 18.125938415527344 2.9878649711608887 33394
1555 280.07864641852802 280.00022001428636 18.135885238647461 2.973750114440918 33415
1556 280.07863473983218 280.00022001441528 18.136875152587891 2.9960939884185791 33437
1557 280.07862306550459 280.00022001454431 18.134426116943359 2.9479680061340332 33458
1558 280.07861139553671 280.00022001467329 18.13885498046875 2.9536449909210205 33480
1559 280.0785997299198 280.00022001480204 18.128177642822266 2.9346349239349365 33501
1560 280.0785880686455 280.00022001493079 18.126459121704102 2.9610419273376465 33522
1561 280.07857641170523 280.00022001505954 18.128698348999023 2.9539060592651367 33544
1562 280.07856475909074 280.0002200151884 18.128332138061523 2.9407811164855957 33565
1563 280.07855311079351 280.00022001531704 18.125364303588867 2.9623439311981201 33587
1564 280.07854146680546 280.00022001544556 18.125885009765625 2.9688019752502441 33608
1565 280.0785298271183 280.00022001557414 18.123020172119141 2.9493749141693115 33629
1566 280.07851819172396 280.00022001570255 18.128072738647461 2.9568231105804443 33651
1567 280.07850656061424 280.00022001583108 18.129791259765625 2.9643750190734863 33672
1568 280.0784949337812 280.00022001595948 18.126197814941406 2.9495830535888672 33694
1569 280.07848331121704 280.00022001608784 18.120052337646484 2.9275519847869873 33715
1570 280.07847169291358 280.00022001621625 18.125207901000977 2.9463019371032715 33736
1571 280.07846007886309 280.00022001634449 18.117969512939453 2.9328129291534424 33758
1572 280.07844846905778 280.00022001647267 18.118385314941406 2.9518229961395264 33779
1573 280.07843686349003 280.00022001660079 18.128854751586914 3.1890621185302734 33801
1574 280.07842526215205 280.00022001672897 18.156354904174805 2.953125 33822
1575 280.07841366503624 280.00022001685699 18.146093368530273 3.0964579582214355 33844
1576 280.07840207213508 280.00022001698494 18.151666641235352 2.9502599239349365 33865
1577 280.07839048344107 280.00022001711295 18.135469436645508 2.9725520610809326 33887
1578 280.07837889894677 280.00022001724091 18.148698806762695 2.9366660118103027 33908
1579 280.07836731864478 280.0002200173688 18.132396697998047 2.9713020324707031 33930
1580 280.07835574252772 280.0002200174967 18.12031364440918 2.9698441028594971 33951
1581 280.07834417058837 280.00022001762454 18.130573272705078 2.9764060974121094 33973
1582 280.07833260281944 280.00022001775227 18.134426116943359 2.9483330249786377 33994
1583 280.07832103921379 280.00022001787994 18.124114990234375 2.9525001049041748 34015
1584 280.0783094797643 280.00022001800761 18.12109375 2.9178121089935303 34037
1585 280.07829792446393 280.00022001813528 18.125572204589844 2.941093921661377 34058
1586 280.07828637330562 280.00022001826272 18.116613388061523 2.9544270038604736 34080
1587 280.07827482628232 280.00022001839034 18.118072509765625 2.9438540935516357 34101
1588 280.07826328338723 280.00022001851784 18.122135162353516 2.9491140842437744 34122
1589 280.07825174461345 280.00022001864522 18.122917175292969 2.9887499809265137 34144
1590 280.07824020995412 280.00022001877272 18.123645782470703 2.9368751049041748 34165
1591 280.07822867940257 280.00022001889994 18.129947662353516 2.9538021087646484 34187
1592 280.07821715295188 280.00022001902738 18.129062652587891 2.9596359729766846 34208
1593 280.07820563059556 280.00022001915448 18.123073577880859 2.9369790554046631 34229
1594 280.07819411232691 280.0002200192817 18.12031364440918 2.9592709541320801 34251
1595 280.07818259813928 280.00022001940903 18.123384475708008 2.9508850574493408 34272
1596 280.07817108802624 280.00022001953613 18.114166259765625 2.9413540363311768 34294
1597 280.07815958198137 280.00022001966312 18.122604370117188 2.9350519180297852 34315
1598 280.07814807999796 280.00022001979016 18.118228912353516 2.9371359348297119 34336
1599 280.07813658206993 280.00022001991726 18.121250152587891 2.9745829105377197 34358
1600 280.07812508819075 280.00022002004403 18.119375228881836 2.9511981010437012 34379
1601 280.07811359835409 280.00022002017101 18.119115829467773 2.9530730247497559 34401
1602 280.07810211255378 280.00022002029789 18.12421989440918 2.9525001049041748 34422
1603 280.07809063078361 280.00022002042454 18.129322052001953 2.9444789886474609 34443
1604 280.07807915303732 280.00022002055147 18.122655868530273 2.9724481105804443 34465
1605 280.07806767930884 280.00022002067811 18.131509780883789 2.9792709350585938 34486
1606 280.07805620959203 280.00022002080482 18.12224006652832 2.9670839309692383 34508
1607 280.07804474388092 280.00022002093141 18.121927261352539 2.9769790172576904 34529
1608 280.07803328216943 280.00022002105806 18.128801345825195 2.9511981010437012 34551
1609 280.07802182445175 280.00022002118448 18.121770858764648 2.9603118896484375 34572
1610 280.0780103707217 280.00022002131107 18.123384475708008 2.912708044052124 34593
1611 280.0779989209737 280.00022002143749 18.116874694824219 2.9479160308837891 34615
1612 280.07798747520167 280.00022002156385 18.12286376953125 2.9369270801544189 34636
1613 280.07797603339986 280.00022002169021 18.119115829467773 2.952239990234375 34658
1614 280.07796459556272 280.00022002181663 18.129219055175781 2.9404160976409912 34679
1615 280.07795316168426 280.00022002194288 18.146718978881836 2.9528648853302002 34700
1616 280.07794173175893 280.00022002206919 18.118906021118164 2.9233338832855225 34722
1617 280.07793030578108 280.00022002219515 18.126510620117188 2.9599480628967285 34743
1618 280.0779188837451 280.00022002232146 18.122030258178711 2.9655730724334717 34765
1619 280.07790746564547 280.00022002244748 18.123020172119141 2.9517190456390381 34786
1620 280.07789605147656 280.00022002257367 18.122188568115234 2.9306249618530273 34807
1621 280.07788464123291 280.00022002269969 18.123594284057617 2.9661459922790527 34829
1622 280.07787323490925 280.00022002282549 18.130311965942383 2.9479689598083496 34850
1623 280.07786183249993 280.00022002295157 18.129478454589844 3.0203640460968018 34872
1624 280.07785043399969 280.00022002307742 18.133384704589844 2.9814059734344482 34893
1625 280.07783903940305 280.00022002320321 18.139896392822266 2.9751560688018799 34915
1626 280.07782764870501 280.00022002332906 18.119218826293945 2.9385409355163574 34936
1627 280.07781626190001 280.0002200234548 18.124530792236328 2.9057810306549072 34957
1628 280.07780487898293 280.00022002358048 18.124792098999023 2.9326560497283936 34979
1629 280.0777934999486 280.00022002370616 18.120000839233398 2.9777090549468994 35000
1630 280.07778212479178 280.00022002383184 18.118906021118164 2.9795310497283936 35021
1631 280.07777075350731 280.00022002395735 18.129634857177734 2.9920840263366699 35043
1632 280.07775938609024 280.00022002408298 18.120208740234375 2.96390700340271 35064
1633 280.07774802253533 280.00022002420837 18.119426727294922 2.9594271183013916 35086
1634 280.07773666283788 280.00022002433394 18.118698120117188 2.964792013168335 35107
1635 280.07772530699242 280.00022002445934 18.125104904174805 2.9653639793395996 35129
1636 280.07771395499441 280.00022002458473 18.136770248413086 2.9943749904632568 35150
1637 280.07770260683861 280.00022002471002 18.130365371704102 2.9445829391479492 35172
1638 280.07769126252026 280.00022002483536 18.134166717529297 2.9507820606231689 35193
1639 280.07767992203458 280.00022002496047 18.136562347412109 2.9698960781097412 35215
1640 280.07766858537656 280.00022002508581 18.121978759765625 2.9373428821563721 35236
1641 280.0776572525416 280.00022002521087 18.138540267944336 2.9625000953674316 35258
1642 280.07764592352476 280.00022002533598 18.12890625 2.9442179203033447 35279
1643 280.07763459832125 280.00022002546115 18.125415802001953 2.9400520324707031 35300
1644 280.07762327692666 280.00022002558615 18.119688034057617 2.9587500095367432 35322
1645 280.07761195933597 280.00022002571109 18.135208129882812 2.9538540840148926 35343
1646 280.07760064554475 280.0002200258362 18.124166488647461 2.9238018989562988 35365
1647 280.07758933554823 280.00022002596097 18.1171875 2.966249942779541 35386
1648 280.07757802934202 280.00022002608586 18.12598991394043 2.9602599143981934 35407
1649 280.0775667269213 280.00022002621057 18.121353149414062 2.944166898727417 35429
1650 280.0775554282817 280.00022002633551 18.124061584472656 2.9927079677581787 35450
1651 280.07754413341877 280.00022002646011 18.124635696411133 2.9596879482269287 35472
1652 280.07753284232791 280.00022002658494 18.125364303588867 2.9459381103515625 35493
1653 280.07752155500475 280.00022002670954 18.134010314941406 2.9708850383758545 35515
1654 280.07751027144479 280.0002200268342 18.129165649414062 2.9336459636688232 35536
1655 280.07749899164378 280.00022002695869 18.129062652587891 2.9568750858306885 35557
1656 280.07748771559727 280.00022002708323 18.125728607177734 2.96875 35579
1657 280.0774764433009 280.00022002720777 18.118490219116211 2.9317190647125244 35600
1658 280.07746517475033 280.0002200273322 18.118749618530273 2.9751560688018799 35622
1659 280.07745390994143 280.00022002745669 18.124322891235352 2.98744797706604 35643
1660 280.07744264886981 280.00022002758101 18.140676498413086 2.9594271183013916 35664
1661 280.07743139153132 280.00022002770538 18.114999771118164 2.9300520420074463 35686
1662 280.07742013792176 280.0002200278297 18.121822357177734 2.971613883972168 35707
1663 280.07740888803687 280.00022002795379 18.117551803588867 2.9719269275665283 35729
1664 280.07739764187261 280.00022002807805 18.119583129882812 2.9516139030456543 35750
1665 280.07738639942477 280.00022002820225 18.119167327880859 2.9440109729766846 35771
1666 280.07737516068926 280.0002200283264 18.113386154174805 2.9565110206604004 35793
1667 280.07736392566198 280.00022002845049 18.117603302001953 2.9518749713897705 35814
1668 280.07735269433903 280.00022002857446 18.124427795410156 2.9578120708465576 35836
1669 280.07734146671612 280.00022002869849 18.12224006652832 2.949009895324707 35857
1670 280.07733024278963 280.00022002882247 18.11505126953125 2.9480209350585938 35878
1671 280.07731902255529 280.00022002894644 18.125469207763672 2.9674999713897705 35900
1672 280.07730780600917 280.00022002907019 18.123958587646484 2.9504170417785645 35921
1673 280.07729659314742 280.000220029194 18.125 2.9554688930511475 35943
1674 280.07728538396611 280.00022002931786 18.126823425292969 2.9516150951385498 35964
1675 280.07727417846132 280.00022002944161 18.113384246826172 2.9336979389190674 35985
1676 280.07726297662924 280.0002200295653 18.124271392822266 2.9191141128540039 36007
1677 280.07725177846612 280.00022002968905 18.12401008605957 2.9430210590362549 36028
1678 280.07724058396798 280.00022002981274 18.120000839233398 2.9514579772949219 36050
1679 280.07722939313112 280.00022002993626 18.123958587646484 2.9435420036315918 36071
1680 280.07721820595168 280.00022003005978 18.145780563354492 2.9619269371032715 36092
1681 280.07720702242602 280.00022003018324 18.120834350585938 2.9844269752502441 36114
1682 280.0771958425504 280.00022003030682 18.120260238647461 2.9429678916931152 36135
1683 280.0771846663211 280.00022003043034 18.129531860351562 2.9471879005432129 36157
1684 280.07717349373445 280.00022003055352 18.123437881469727 2.9445829391479492 36178
1685 280.07716232478668 280.00022003067693 18.129062652587891 2.9345829486846924 36199
1686 280.0771511594744 280.00022003080028 18.128438949584961 2.9375519752502441 36221
1687 280.07713999779372 280.00022003092351 18.125885009765625 2.969635009765625 36242
1688 280.07712883974131 280.00022003104669 18.132135391235352 2.9319789409637451 36264
1689 280.07711768531328 280.00022003117004 18.120468139648438 2.9213020801544189 36285
1690 280.0771065345063 280.00022003129322 18.11994743347168 2.9328649044036865 36306
1691 280.07709538731677 280.00022003141629 18.119895935058594 2.9573960304260254 36328
1692 280.0770842437413 280.00022003153924 18.121875762939453 2.9573440551757812 36349
1693 280.07707310377623 280.00022003166231 18.125728607177734 2.9785420894622803 36371
1694 280.07706196741805 280.00022003178532 18.122655868530273 2.9574999809265137 36392
1695 280.07705083466345 280.00022003190833 18.170936584472656 3.0034370422363281 36414
1696 280.07703970550898 280.00022003203117 18.198177337646484 3.3042709827423096 36436
1697 280.0770285799511 280.00022003215412 18.154895782470703 2.9509899616241455 36457
1698 280.07701745798653 280.00022003227701 18.139270782470703 2.9389059543609619 36478
1699 280.07700633961184 280.00022003239968 18.128801345825195 2.9626040458679199 36500
1700 280.07699522482363 280.00022003252241 18.122917175292969 2.9488019943237305 36521
1701 280.07698411361866 280.00022003264513 18.117240905761719 2.9454169273376465 36543
1702 280.07697300599352 280.0002200327678 18.114948272705078 2.9478130340576172 36564
1703 280.07696190194503 280.00022003289047 18.125677108764648 2.9729690551757812 36586
1704 280.07695080146971 280.00022003301308 18.118228912353516 2.9453639984130859 36607
1705 280.07693970456444 280.00022003313569 18.13182258605957 2.9614059925079346 36628
1706 280.07692861122592 280.00022003325819 18.114322662353516 2.9444270133972168 36650
1707 280.07691752145087 280.00022003338063 18.11895751953125 2.9730210304260254 36671
1708 280.07690643523614 280.00022003350296 18.117603302001953 2.9660940170288086 36693
1709 280.07689535257856 280.00022003362545 18.118854522705078 2.96567702293396 36714
1710 280.07688427347495 280.00022003374784 18.124427795410156 2.9349479675292969 36735
1711 280.07687319792194 280.00022003387022 18.129791259765625 2.9774479866027832 36757
1712 280.07686212591665 280.00022003399243 18.127656936645508 2.9249999523162842 36778
1713 280.07685105745583 280.00022003411465 18.125051498413086 2.9468750953674316 36800
1714 280.07683999253635 280.0002200342368 18.098489761352539 2.9281249046325684 36821
1715 280.07682893115509 280.00022003435913 18.12598991394043 2.96875 36842
1716 280.07681787330915 280.00022003448112 18.122968673706055 2.9689590930938721 36864
1717 280.07680681899518 280.00022003460327 18.121561050415039 2.959583044052124 36885
1718 280.07679576821039 280.00022003472526 18.115625381469727 2.9460411071777344 36907
1719 280.07678472095159 280.00022003484725 18.119218826293945 2.9461460113525391 36928
1720 280.07677367721584 280.00022003496917 18.12385368347168 2.9207289218902588 36949
1721 280.07676263700006 280.00022003509122 18.123176574707031 2.985990047454834 36971
1722 280.07675160030129 280.00022003521298 18.142135620117188 2.9819800853729248 36992
1723 280.07674056711664 280.00022003533491 18.115676879882812 2.9552600383758545 37014
1724 280.0767295374431 280.00022003545678 18.117134094238281 2.9871358871459961 37035
1725 280.0767185112777 280.00022003557859 18.119010925292969 2.9433341026306152 37057
1726 280.0767074886175 280.00022003570035 18.125520706176758 2.9892189502716064 37078
1727 280.0766964694597 280.00022003582194 18.127082824707031 2.9645829200744629 37100
1728 280.0766854538013 280.00022003594353 18.116302490234375 2.9365100860595703 37121
1729 280.0766744416394 280.00022003606523 18.124687194824219 2.9884378910064697 37142
1730 280.0766634329712 280.00022003618682 18.129791259765625 2.9576559066772461 37164
1731 280.07665242779382 280.00022003630829 18.126041412353516 2.9039580821990967 37185
1732 280.07664142610452 280.00022003642988 18.102655410766602 2.9757809638977051 37207
1733 280.07663042790028 280.00022003655124 18.120521545410156 2.9746880531311035 37228
1734 280.07661943317845 280.00022003667266 18.113958358764648 2.9709889888763428 37250
1735 280.07660844193612 280.00022003679419 18.115364074707031 2.9633851051330566 37271
1736 280.07659745417061 280.00022003691549 18.11505126953125 2.9703640937805176 37292
1737 280.07658646987915 280.00022003703674 18.119062423706055 2.9503118991851807 37314
1738 280.07657548905888 280.00022003715804 18.116718292236328 2.9469790458679199 37335
1739 280.07656451170703 280.00022003727923 18.114114761352539 2.9649479389190674 37357
1740 280.07655353782104 280.00022003740054 18.111354827880859 2.950937032699585 37378
1741 280.07654256739806 280.00022003752167 18.113229751586914 2.9833331108093262 37399
1742 280.07653160043549 280.0002200376428 18.129478454589844 2.9714579582214355 37421
1743 280.07652063693058 280.00022003776382 18.111457824707031 2.9658329486846924 37442
1744 280.07650967688062 280.00022003788479 18.090469360351562 2.9866139888763428 37464
1745 280.07649872028304 280.00022003800586 18.125417709350586 2.9568231105804443 37485
1746 280.07648776713501 280.00022003812688 18.111822128295898 2.9610939025878906 37507
1747 280.07647681743413 280.00022003824785 18.118488311767578 2.9417710304260254 37528
1748 280.07646587117762 280.00022003836875 18.115207672119141 2.9242179393768311 37549
1749 280.07645492836286 280.00022003848949 18.11229133605957 2.9306249618530273 37571
1750 280.07644398898736 280.00022003861028 18.122186660766602 2.9267709255218506 37592
1751 280.07643305304833 280.00022003873119 18.112707138061523 2.9507811069488525 37613
1752 280.07642212054333 280.00022003885186 18.11796760559082 2.902656078338623 37635
1753 280.0764111914699 280.00022003897249 18.116926193237305 2.9625520706176758 37656
1754 280.07640026582521 280.00022003909328 18.118801116943359 2.9289059638977051 37678
1755 280.07638934360693 280.00022003921379 18.114322662353516 2.9373440742492676 37699
1756 280.07637842481245 280.00022003933441 18.108749389648438 2.9080729484558105 37720
1757 280.07636750943931 280.00022003945503 18.114374160766602 2.9864070415496826 37742
1758 280.0763565974849 280.00022003957542 18.108020782470703 2.9083850383758545 37763
1759 280.07634568894679 280.00022003969599 18.114479064941406 2.9582290649414062 37785
1760 280.0763347838224 280.0002200398165 18.117603302001953 2.9638550281524658 37806
1761 280.07632388210948 280.00022003993678 18.122865676879883 2.9799480438232422 37827
1762 280.07631298380534 280.00022004005723 18.11994743347168 2.9289579391479492 37849
1763 280.0763020889076 280.00022004017757 18.112863540649414 2.9932808876037598 37870
1764 280.07629119741381 280.00022004029779 18.116458892822266 2.9158849716186523 37892
1765 280.07628030932159 280.00022004041801 18.116249084472656 2.9755210876464844 37913
1766 280.07626942462844 280.00022004053824 18.11036491394043 2.9471879005432129 37934
1767 280.07625854333202 280.00022004065852 18.112760543823242 2.9345829486846924 37956
1768 280.07624766542978 280.00022004077857 18.107917785644531 2.9549479484558105 37977
1769 280.07623679091949 280.00022004089868 18.114479064941406 2.9613020420074463 37999
1770 280.07622591979879 280.00022004101868 18.107448577880859 2.9632289409637451 38020
1771 280.07621505206515 280.00022004113885 18.108072280883789 2.9531779289245605 38041
1772 280.07620418771637 280.00022004125873 18.113750457763672 2.9199481010437012 38063
1773 280.07619332675 280.00022004137867 18.111927032470703 2.9633851051330566 38084
1774 280.07618246916365 280.00022004149861 18.111875534057617 2.9160420894622803 38105
1775 280.07617161495523 280.00022004161843 18.113542556762695 2.9525530338287354 38127
1776 280.07616076412222 280.0002200417382 18.118282318115234 2.9682300090789795 38148
1777 280.07614991666225 280.00022004185809 18.11604118347168 2.9860420227050781 38170
1778 280.07613907257314 280.00022004197791 18.111927032470703 2.9752609729766846 38191
1779 280.07612823185258 280.00022004209757 18.114219665527344 2.9456250667572021 38212
1780 280.0761173944984 280.00022004221728 18.120573043823242 2.9365630149841309 38234
1781 280.07610656050804 280.00022004233693 18.117969512939453 2.9666149616241455 38255
1782 280.07609572987946 280.00022004245659 18.112916946411133 2.9352600574493408 38277
1783 280.07608490261038 280.00022004257607 18.110572814941406 2.9949479103088379 38298
1784 280.07607407869853 280.00022004269567 18.107448577880859 2.9448959827423096 38320
1785 280.07606325814163 280.0002200428151 18.112812042236328 2.9551041126251221 38341
1786 280.07605244093742 280.00022004293476 18.106666564941406 2.9500000476837158 38362
1787 280.0760416270839 280.00022004305418 18.105260848999023 2.9460940361022949 38384
1788 280.07603081657868 280.00022004317344 18.110313415527344 2.976301908493042 38405
1789 280.07602000941955 280.00022004329281 18.107812881469727 2.9619789123535156 38427
1790 280.07600920560429 280.00022004341201 18.104791641235352 2.9356770515441895 38448
1791 280.07599840513086 280.0002200435315 18.112863540649414 2.9174480438232422 38469
1792 280.07598760799698 280.00022004365064 18.109323501586914 2.9478120803833008 38491
1793 280.07597681420054 280.00022004376984 18.109218597412109 2.9387500286102295 38512
1794 280.07596602373928 280.00022004388899 18.109531402587891 2.9738550186157227 38533
1795 280.07595523661126 280.00022004400819 18.117500305175781 2.9774999618530273 38555
1796 280.07594445281404 280.00022004412727 18.107603073120117 2.9222919940948486 38576
1797 280.07593367234563 280.00022004424636 18.113645553588867 2.9894790649414062 38598
1798 280.07592289520409 280.00022004436534 18.115259170532227 2.9786980152130127 38619
1799 280.07591212138703 280.00022004448442 18.111822128295898 2.9458849430084229 38640
1800 280.07590135089242 280.00022004460328 18.107448577880859 2.9355731010437012 38662
1801 280.07589058371821 280.0002200447222 18.116874694824219 2.9149999618530273 38683
1802 280.07587981986234 280.00022004484106 18.109531402587891 2.9103128910064697 38705
1803 280.07586905932254 280.00022004496003 18.116926193237305 2.9443750381469727 38726
1804 280.07585830209683 280.00022004507872 18.111093521118164 2.9455199241638184 38747
1805 280.07584754818328 280.00022004519747 18.114009857177734 2.9657809734344482 38769
1806 280.07583679757965 280.00022004531621 18.112865447998047 2.9254679679870605 38790
1807 280.07582605028392 280.00022004543496 18.135833740234375 3.0924999713897705 38812
1808 280.07581530629409 280.00022004555359 18.132291793823242 2.9391140937805176 38833
1809 280.07580456560805 280.00022004567217 18.136249542236328 3.034635066986084 38855
1810 280.07579382822388 280.00022004579068 18.134010314941406 2.9379160404205322 38876
1811 280.07578309413941 280.00022004590932 18.121198654174805 2.9505729675292969 38898
1812 280.07577236335271 280.00022004602789 18.113958358764648 2.9376039505004883 38919
1813 280.0757616358618 280.0002200461463 18.123020172119141 2.9281249046325684 38940
1814 280.07575091166444 280.0002200462647 18.106874465942383 2.9669270515441895 38962
1815 280.07574019075895 280.00022004638328 18.109895706176758 2.9421360492706299 38983
1816 280.07572947314321 280.00022004650157 18.112812042236328 2.9647390842437744 39005
1817 280.07571875881519 280.00022004661986 18.110729217529297 2.9397399425506592 39026
1818 280.07570804777299 280.00022004673821 18.108749389648438 2.9048960208892822 39047
1819 280.07569734001459 280.00022004685644 18.110990524291992 2.9517190456390381 39069
1820 280.07568663553798 280.00022004697473 18.115364074707031 2.9672920703887939 39090
1821 280.07567593434135 280.0002200470928 18.116355895996094 2.926353931427002 39112
1822 280.07566523642254 280.00022004721097 18.116510391235352 2.9468228816986084 39133
1823 280.07565454177984 280.00022004732915 18.116823196411133 2.9549479484558105 39154
1824 280.07564385041115 280.0002200474471 18.110885620117188 3.0342710018157959 39176
1825 280.07563316231455 280.00022004756522 18.128280639648438 2.9417190551757812 39197
1826 280.07562247748825 280.00022004768317 18.120677947998047 2.9641671180725098 39219
1827 280.07561179593012 280.00022004780124 18.095571517944336 2.9269790649414062 39240
1828 280.07560111763848 280.00022004791913 18.112760543823242 3.0547909736633301 39262
1829 280.07559044261126 280.00022004803708 18.134271621704102 2.9868230819702148 39283
1830 280.0755797708465 280.00022004815492 18.125 2.9643230438232422 39305
1831 280.07556910234251 280.00022004827275 18.120155334472656 2.9609370231628418 39326
1832 280.07555843709736 280.00022004839047 18.110208511352539 2.9255208969116211 39347
1833 280.07554777510899 280.0002200485082 18.107290267944336 2.9913539886474609 39369
1834 280.07553711637576 280.00022004862592 18.105728149414062 2.9420828819274902 39390
1835 280.07552646089567 280.00022004874364 18.11052131652832 2.9688019752502441 39412
1836 280.07551580866686 280.00022004886125 18.103282928466797 2.966562032699585 39433
1837 280.07550515968751 280.00022004897886 18.111457824707031 2.9576570987701416 39455
1838 280.07549451395573 280.00022004909653 18.122552871704102 2.9407811164855957 39476
1839 280.07548387146966 280.00022004921402 18.113332748413086 3.0037500858306885 39497
1840 280.07547323222747 280.00022004933146 18.122343063354492 2.9336459636688232 39519
1841 280.07546259622745 280.00022004944896 18.11328125 2.9463019371032715 39540
1842 280.07545196346763 280.00022004956645 18.082969665527344 2.9264590740203857 39561
1843 280.07544133394629 280.00022004968389 18.114114761352539 2.9368751049041748 39583
1844 280.07543070766144 280.00022004980121 18.106042861938477 2.9438540935516357 39604
1845 280.07542008461144 280.00022004991848 18.116092681884766 2.9284379482269287 39626
1846 280.07540946479446 280.00022005003569 18.108125686645508 2.9894270896911621 39647
1847 280.07539884820858 280.00022005015308 18.116353988647461 2.9765629768371582 39668
1848 280.07538823485214 280.00022005027023 18.112916946411133 2.9561460018157959 39690
1849 280.07537762472327 280.00022005038744 18.110416412353516 2.9617710113525391 39711
1850 280.07536701782021 280.00022005050454 18.105052947998047 2.9142189025878906 39733
1851 280.0753564141412 280.00022005062169 18.104999542236328 2.9484379291534424 39754
1852 280.07534581368446 280.00022005073873 18.110834121704102 2.925990104675293 39775
1853 280.07533521644814 280.00022005085583 18.107603073120117 2.9527609348297119 39797
1854 280.07532462243063 280.00022005097276 18.107187271118164 2.9621880054473877 39818
1855 280.07531403162994 280.00022005108985 18.111457824707031 2.9793229103088379 39840
1856 280.07530344404455 280.00022005120672 18.11427116394043 2.9552080631256104 39861
1857 280.07529285967263 280.00022005132359 18.133438110351562 3.0017189979553223 39883
1858 280.07528227851242 280.00022005144046 18.116458892822266 2.9495830535888672 39904
1859 280.07527170056221 280.00022005155728 18.112083435058594 2.9891149997711182 39925
1860 280.07526112582013 280.00022005167403 18.101770401000977 2.9131770133972168 39947
1861 280.07525055428465 280.00022005179085 18.112552642822266 2.9262499809265137 39968
1862 280.07523998595394 280.00022005190749 18.107187271118164 2.9479689598083496 39989
1863 280.0752294208263 280.0002200520243 18.108854293823242 2.9644269943237305 40011
1864 280.07521885890003 280.00022005214083 18.107187271118164 2.9616150856018066 40032
1865 280.07520830017336 280.00022005225748 18.107187271118164 2.945051908493042 40054
1866 280.07519774464464 280.00022005237406 18.104063034057617 2.9489591121673584 40075
1867 280.07518719231217 280.00022005249065 18.107759475708008 2.9535939693450928 40096
1868 280.07517664317419 280.00022005260712 18.107187271118164 2.9533851146697998 40118
1869 280.0751660972291 280.00022005272365 18.106302261352539 2.9554679393768311 40139
1870 280.07515555447515 280.00022005284006 18.109375 2.9690110683441162 40161
1871 280.07514501491062 280.00022005295637 18.107032775878906 2.9618229866027832 40182
1872 280.07513447853393 280.00022005307278 18.102760314941406 2.9403650760650635 40203
1873 280.07512394534331 280.00022005318914 18.102396011352539 2.9518229961395264 40225
1874 280.07511341533723 280.00022005330555 18.102500915527344 2.9498960971832275 40246
1875 280.07510288851381 280.00022005342163 18.118541717529297 2.9855210781097412 40268
1876 280.07509236487158 280.00022005353787 18.105312347412109 2.9943230152130127 40289
1877 280.07508184440877 280.00022005365423 18.111146926879883 2.9604690074920654 40311
1878 280.07507132712379 280.00022005377019 18.108749389648438 2.9684369564056396 40332
1879 280.07506081301506 280.00022005388644 18.103906631469727 2.9223439693450928 40353
1880 280.07505030208068 280.00022005400245 18.102655410766602 2.9570839405059814 40375
1881 280.07503979431925 280.00022005411847 18.106927871704102 2.9595320224761963 40396
1882 280.07502928972912 280.00022005423449 18.105207443237305 2.950624942779541 40418
1883 280.07501878830851 280.00022005435051 18.107448577880859 2.9568231105804443 40439
1884 280.07500829005591 280.00022005446641 18.10468864440918 2.941457986831665 40460
1885 280.07499779496959 280.00022005458231 18.103282928466797 2.9385409355163574 40482
1886 280.07498730304809 280.00022005469816 18.103229522705078 2.9589059352874756 40503
1887 280.0749768142897 280.00022005481401 18.108854293823242 2.9707810878753662 40524
1888 280.07496632869277 280.00022005492991 18.101511001586914 2.9609370231628418 40546
1889 280.0749558462557 280.00022005504553 18.104217529296875 2.950624942779541 40567
1890 280.07494536697698 280.00022005516138 18.10270881652832 2.9354169368743896 40589
1891 280.07493489085493 280.000220055277 18.109739303588867 2.9434380531311035 40610
1892 280.07492441788793 280.00022005539284 18.101667404174805 2.9510419368743896 40631
1893 280.07491394807448 280.00022005550841 18.110937118530273 2.9671359062194824 40653
1894 280.07490348141289 280.00022005562397 18.102136611938477 2.9558849334716797 40674
1895 280.07489301790167 280.00022005573953 18.100311279296875 2.965156078338623 40695
1896 280.07488255753913 280.00022005585504 18.103282928466797 2.9584379196166992 40717
1897 280.07487210032383 280.00022005597054 18.103801727294922 2.9731249809265137 40738
1898 280.07486164625408 280.00022005608594 18.09880256652832 2.9364058971405029 40760
1899 280.07485119532834 280.00022005620127 18.109115600585938 2.9331769943237305 40781
1900 280.07484074754501 280.00022005631689 18.101249694824219 2.9591670036315918 40802
1901 280.07483030290263 280.00022005643211 18.106771469116211 2.9668231010437012 40824
1902 280.07481986139948 280.00022005654745 18.098228454589844 2.9326560497283936 40845
1903 280.07480942303408 280.00022005666278 18.110937118530273 2.9633851051330566 40867
1904 280.07479898780491 280.00022005677801 18.10270881652832 2.9101040363311768 40888
1905 280.07478855571043 280.00022005689317 18.100364685058594 2.9736459255218506 40909
1906 280.07477812674904 280.00022005700839 18.1015625 2.9425520896911621 40931
1907 280.07476770091927 280.00022005712344 18.10078239440918 2.9589579105377197 40952
1908 280.07475727821941 280.00022005723866 18.10859489440918 2.9577078819274902 40973
1909 280.0747468586481 280.00022005735377 18.108020782470703 2.9733860492706299 40995
1910 280.07473644220374 280.00022005746871 18.105415344238281 2.95182204246521 41016
1911 280.07472602888481 280.00022005758376 18.103490829467773 2.9470310211181641 41038
1912 280.07471561868977 280.0002200576987 18.106040954589844 2.9401040077209473 41059
1913 280.07470521161713 280.00022005781369 18.120832443237305 2.966041088104248 41080
1914 280.07469480766525 280.00022005792852 18.104427337646484 2.945781946182251 41102
1915 280.07468440683277 280.00022005804345 18.114219665527344 2.9319789409637451 41123
1916 280.0746740091181 280.00022005815828 18.107343673706055 2.9316670894622803 41145
1917 280.07466361451975 280.00022005827321 18.113073348999023 2.9521360397338867 41166
1918 280.07465322303619 280.00022005838781 18.110313415527344 3.0079689025878906 41187
1919 280.07464283466589 280.00022005850263 18.121511459350586 3.0058329105377197 41209
1920 280.07463244940743 280.00022005861734 18.114740371704102 2.9466660022735596 41230
1921 280.07462206725921 280.000220058732 18.108646392822266 2.9826560020446777 41252
1922 280.07461168821982 280.00022005884665 18.097030639648438 2.9242699146270752 41273
1923 280.07460131228771 280.00022005896113 18.104791641235352 3.0143229961395264 41295
1924 280.07459093946142 280.00022005907573 18.106250762939453 2.950624942779541 41316
1925 280.07458056973945 280.00022005919021 18.100780487060547 2.9691150188446045 41337
1926 280.07457020312035 280.00022005930464 18.105207443237305 2.9765110015869141 41359
1927 280.07455983960256 280.00022005941918 18.099584579467773 2.9682290554046631 41380
1928 280.07454947918472 280.00022005953377 18.102916717529297 2.9352610111236572 41402
1929 280.07453912186526 280.00022005964803 18.099010467529297 2.9817190170288086 41423
1930 280.07452876764273 280.00022005976234 18.089895248413086 2.9355731010437012 41444
1931 280.07451841651562 280.00022005987665 18.167552947998047 3.2698431015014648 41466
1932 280.07450806848254 280.00022005999091 18.162605285644531 3.1794788837432861 41488
1933 280.07449772354204 280.00022006010516 18.168073654174805 2.9610419273376465 41510
1934 280.07448738169256 280.00022006021953 18.113750457763672 2.9756770133972168 41531
1935 280.07447704293264 280.0002200603335 18.113542556762695 2.9839060306549072 41553
1936 280.07446670726097 280.00022006044787 18.100469589233398 2.9520308971405029 41574
1937 280.07445637467595 280.00022006056196 18.105884552001953 2.9777600765228271 41595
1938 280.07444604517622 280.00022006067599 18.102916717529297 2.9771881103515625 41617
1939 280.07443571876024 280.00022006079007 18.11328125 2.9590098857879639 41638
1940 280.07442539542666 280.00022006090398 18.100624084472656 2.9719789028167725 41660
1941 280.07441507517404 280.00022006101807 18.102447509765625 2.9742178916931152 41681
1942 280.07440475800081 280.00022006113198 18.101667404174805 2.962291955947876 41702
1943 280.0743944439057 280.00022006124584 18.10645866394043 2.9472401142120361 41724
1944 280.07438413288708 280.0002200613597 18.104635238647461 2.9325520992279053 41745
1945 280.07437382494373 280.00022006147367 18.103801727294922 2.988490104675293 41767
1946 280.07436352007403 280.00022006158736 18.108592987060547 2.9282820224761963 41788
1947 280.07435321827677 280.00022006170121 18.109634399414062 2.9819269180297852 41809
1948 280.0743429195503 280.0002200618149 18.110832214355469 2.9482810497283936 41831
1949 280.07433262389327 280.00022006192859 18.105989456176758 2.9626560211181641 41852
1950 280.07432233130442 280.00022006204222 18.116302490234375 2.9290099143981934 41874
1951 280.07431204178215 280.00022006215596 18.108436584472656 2.9933860301971436 41895
1952 280.074301755325 280.00022006226953 18.101978302001953 2.9578649997711182 41917
1953 280.07429147193176 280.00022006238316 18.107395172119141 2.972865104675293 41938
1954 280.07428119160085 280.00022006249662 18.09473991394043 2.9480729103088379 41959
1955 280.07427091433101 280.0002200626102 18.104114532470703 2.9762499332427979 41981
1956 280.0742606401206 280.00022006272354 18.094844818115234 2.9406249523162842 42002
1957 280.07425036896848 280.00022006283695 18.106250762939453 2.9707810878753662 42023
1958 280.07424010087317 280.00022006295046 18.100156784057617 2.9132809638977051 42045
1959 280.07422983583314 280.00022006306375 18.095157623291016 2.9806768894195557 42066
1960 280.07421957384713 280.0002200631771 18.100311279296875 2.9436459541320801 42088
1961 280.07420931491373 280.00022006329039 18.106405258178711 2.9744789600372314 42109
1962 280.07419905903151 280.00022006340373 18.105312347412109 2.9510419368743896 42130
1963 280.07418880619912 280.00022006351685 18.10723876953125 2.9605209827423096 42152
1964 280.07417855641506 280.00022006363019 18.102083206176758 2.9519789218902588 42173
1965 280.0741683096781 280.00022006374337 18.106718063354492 2.9786980152130127 42195
1966 280.07415806598681 280.00022006385649 18.100990295410156 2.9559369087219238 42216
1967 280.07414782533976 280.00022006396961 18.106979370117188 2.9940629005432129 42237
1968 280.07413758773566 280.00022006408255 18.103801727294922 2.9039590358734131 42259
1969 280.07412735317297 280.00022006419562 18.099113464355469 2.9623959064483643 42280
1970 280.07411712165049 280.00022006430856 18.101249694824219 2.9103128910064697 42302
1971 280.0741068931668 280.00022006442157 18.100364685058594 2.9731249809265137 42323
1972 280.07409666772048 280.00022006453452 18.11619758605957 2.9496359825134277 42344
1973 280.07408644531023 280.00022006464741 18.099113464355469 2.938385009765625 42366
1974 280.07407622593462 280.0002200647603 18.104999542236328 2.9427599906921387 42387
1975 280.07406600959229 280.00022006487313 18.104011535644531 2.925990104675293 42408
1976 280.07405579628193 280.00022006498585 18.095884323120117 2.9385941028594971 42430
1977 280.07404558600217 280.00022006509863 18.103282928466797 2.9471349716186523 42451
1978 280.07403537875166 280.00022006521135 18.10447883605957 2.9378120899200439 42473
1979 280.07402517452897 280.00022006532407 18.096302032470703 2.9188539981842041 42494
1980 280.07401497333274 280.00022006543679 18.101770401000977 2.9546871185302734 42515
1981 280.07400477516182 280.00022006554946 18.096250534057617 2.9478640556335449 42537
1982 280.07399458001464 280.00022006566206 18.112865447998047 2.9593229293823242 42558
1983 280.07398438788999 280.00022006577461 18.103124618530273 2.9849479198455811 42579
1984 280.0739741987864 280.00022006588711 18.098594665527344 2.9017179012298584 42601
1985 280.07396401270262 280.00022006599966 18.101821899414062 2.9383330345153809 42622
1986 280.07395382963728 280.00022006611209 18.102396011352539 2.9809889793395996 42643
1987 280.07394364958901 280.00022006622447 18.109739303588867 2.9501039981842041 42665
1988 280.07393347255663 280.00022006633696 18.098125457763672 2.9572920799255371 42686
1989 280.07392329853855 280.00022006644929 18.106302261352539 2.9422399997711182 42708
1990 280.07391312753356 280.00022006656155 18.099687576293945 2.9357290267944336 42729
1991 280.07390295954036 280.00022006667393 18.101354598999023 2.9538021087646484 42750
1992 280.07389279455759 280.0002200667862 18.101457595825195 2.9504170417785645 42772
1993 280.073882632584 280.00022006689835 18.104011535644531 2.9471869468688965 42793
1994 280.07387247361805 280.00022006701062 18.103593826293945 2.9706249237060547 42815
1995 280.07386231765867 280.00022006712277 18.10369873046875 2.9197390079498291 42836
1996 280.07385216470436 280.00022006723486 18.104219436645508 2.9331250190734863 42857
1997 280.07384201475389 280.00022006734713 18.101509094238281 2.9391660690307617 42879
1998 280.07383186780589 280.000220067459 18.098592758178711 2.9635410308837891 42900
1999 280.07382172385911 280.00022006757104 18.100261688232422 2.9828650951385498 42921
2000 280.07381158291213 280.00022006768307 18.100990295410156 2.9494268894195557 42943
