iteration internal-T external-T loop-time(ms) calcT-time(ms) wall-time(ms)
0 300 280 20.050989151000977 2.9498960971832275 23
1 299.19999999999999 280.00000883531476 20.018125534057617 2.9547920227050781 46
2 298.52813741741738 280.0000162554615 20.012186050415039 2.9352080821990967 69
3 297.94710600452674 280.00002267245571 19.978801727294922 2.9786980152130127 93
4 297.43349718286197 280.00002834482524 19.975833892822266 2.9340109825134277 116
5 296.97180041472416 280.00003344387056 19.964166641235352 2.9433860778808594 139
6 296.55130638030687 280.00003808786704 19.982917785644531 2.9332809448242188 162
7 296.16435677203572 280.00004236139398 19.958438873291016 2.9067189693450928 185
8 295.80530500684142 280.00004632681322 19.929843902587891 2.905364990234375 208
9 295.46987441645172 280.00005003135669 19.919427871704102 2.9405210018157959 231
10 295.15474864618375 280.00005351165095 19.94921875 2.9357819557189941 254
11 294.85730236363128 280.00005679669039 19.909063339233398 2.9278650283813477 277
12 294.57541936238107 280.00005990984664 19.979063034057617 2.9251561164855957 301
13 294.30736659798424 280.0000628702598 19.918750762939453 2.9509899616241455 324
14 294.05170493986634 280.00006569382384 19.908021926879883 2.934999942779541 347
15 293.80722459684324 280.00006839389982 19.91093635559082 2.9612500667572021 370
16 293.57289749130234 280.00007098184204 19.90411376953125 2.934791088104248 393
17 293.34784151461503 280.0000734673925 19.902448654174805 2.9425520896911621 416
18 293.1312932699164 280.00007585898231 19.912448883056641 2.933021068572998 439
19 292.92258698416197 280.00007816396453 19.930103302001953 2.9183850288391113 462
20 292.72113797695755 280.00008038879622 19.906770706176758 2.9020841121673584 485
21 292.52642954511953 280.00008253918406 19.904270172119141 2.9535930156707764 508
22 292.33800244261971 280.00008462020008 19.937187194824219 2.9660940170288086 532
23 292.15544635734591 280.00008663637567 19.89921760559082 2.9568231105804443 555
24 291.97839294191681 280.00008859177899 19.896198272705078 2.9232289791107178 578
25 291.80651006684599 280.00009049007815 19.947187423706055 2.9403650760650635 601
26 291.63949704460504 280.00009233459394 19.895053863525391 2.9084370136260986 624
27 291.47708063188128 280.00009412834402 19.915468215942383 2.9449999332427979 647
28 291.31901166082787 280.00009587408044 19.902135848999023 2.9337499141693115 670
29 291.16506218269768 280.00009757432053 19.903230667114258 2.9546349048614502 693
30 291.01502303191194 280.00009923137452 19.89729118347168 2.9303638935089111 716
31 290.86870173745945 280.00010084736783 19.895572662353516 2.9528119564056396 739
32 290.72592072306355 280.0001024242618 19.891666412353516 2.9166660308837891 762
33 290.58651574885124 280.00010396387034 19.896093368530273 2.9548430442810059 785
34 290.45033455612861 280.00010546787496 19.91291618347168 2.9063019752502441 808
35 290.31723568386673 280.00010693783804 19.899322509765625 2.9511458873748779 832
36 290.18708743107362 280.00010837521393 19.890209197998047 2.914686918258667 855
37 290.05976694368979 280.0001097813597 19.890729904174805 2.9369790554046631 878
38 289.93515940824278 280.00011115754319 19.892864227294922 2.9231770038604736 901
39 289.81315733741167 280.00011250495157 19.908750534057617 3.1103129386901855 924
40 289.6936599350297 280.00011382469802 19.916719436645508 2.9260940551757812 947
41 289.57657253000582 280.00011511782816 19.952552795410156 2.9176559448242188 970
42 289.46180607024894 280.00011638532533 19.889739990234375 2.9776039123535156 994
43 289.34927666901166 280.00011762811619 19.907863616943359 3.025676965713501 1017
44 289.23890519717514 280.00011884707453 19.916301727294922 3.0571870803833008 1040
45 289.1306169159231 280.0001200430259 19.923229217529297 2.9944789409637451 1063
46 289.02434114502586 280.00012121675076 19.890312194824219 2.9549999237060547 1087
47 288.92001096261174 280.00012236898823 19.90625 2.9481770992279053 1110
48 288.81756293285309 280.00012350043897 19.888750076293945 2.9289588928222656 1133
49 288.71693685846407 280.00012461176777 19.87598991394043 2.9692709445953369 1156
50 288.61807555530766 280.00012570360616 19.944738388061523 2.9651570320129395 1179
51 288.52092464674763 280.00012677655479 19.938541412353516 2.9406249523162842 1202
52 288.42543237567719 280.00012783118513 19.885103225708008 2.9334900379180908 1225
53 288.33154943240402 280.00012886804177 19.888177871704102 2.9373440742492676 1248
54 288.23922879679174 280.00012988764411 19.875886917114258 2.9241669178009033 1271
55 288.14842559324154 280.00013089048775 19.873489379882812 2.9603641033172607 1294
56 288.05909695726479 280.00013187704599 19.877603530883789 2.9287500381469727 1317
57 287.97120191253401 280.00013284777145 19.873281478881836 2.960676908493042 1340
58 287.88470125742828 280.00013380309719 19.940832138061523 2.96567702293396 1364
59 287.79955746019078 280.00013474343746 19.893178939819336 2.9708859920501709 1387
60 287.71573456191783 280.00013566918955 19.894947052001953 2.9277079105377197 1410
61 287.63319808667342 280.00013658073425 19.935104370117188 2.9543230533599854 1433
62 287.55191495810391 280.00013747843678 19.876041412353516 2.8980209827423096 1456
63 287.47185342198782 280.00013836264782 19.874635696411133 2.9309899806976318 1479
64 287.39298297421027 280.00013923370443 19.869375228881836 2.9291660785675049 1502
65 287.31527429371033 280.00014009193018 19.903438568115234 2.9592189788818359 1525
66 287.23869917998297 280.00014093763673 19.941198348999023 2.9459381103515625 1548
67 287.16323049476711 280.00014177112371 19.886198043823242 2.9478130340576172 1571
68 287.08884210758015 280.00014259267977 19.889427185058594 2.9435420036315918 1595
69 287.01550884479389 280.00014340258281 19.897811889648438 2.9669790267944336 1618
70 286.94320644197416 280.00014420110091 19.894947052001953 2.9014060497283936 1641
71 286.87191149923098 280.00014498849248 19.893072128295898 2.9599471092224121 1664
72 286.80160143935132 280.00014576500689 19.861562728881836 2.917396068572998 1687
73 286.73225446850324 280.00014653088476 19.862396240234375 2.9620320796966553 1710
74 286.66384953932084 280.00014728635864 19.875417709350586 2.9391660690307617 1733
75 286.59636631619645 280.00014803165305 19.869010925292969 2.9255731105804443 1756
76 286.52978514261821 280.00014876698503 19.856353759765625 2.905364990234375 1779
77 286.46408701040968 280.00014949256462 19.860885620117188 2.9461460113525391 1802
78 286.39925353073409 280.00015020859485 19.87677001953125 2.9408860206604004 1825
79 286.33526690674267 280.00015091527229 19.887500762939453 2.9706249237060547 1848
80 286.27210990775279 280.00015161278731 19.930261611938477 2.9434370994567871 1871
81 286.20976584485186 280.00015230132408 19.86994743347168 2.9529690742492676 1894
82 286.14821854783156 280.00015298106121 19.869270324707031 2.9068748950958252 1917
83 286.08745234336385 280.00015365217189 19.867448806762695 2.9590630531311035 1940
84 286.02745203433705 280.00015431482393 19.920469284057617 2.8798439502716064 1963
85 285.96820288027772 280.00015496918007 19.873073577880859 2.9347400665283203 1986
86 285.90969057878766 280.00015561539828 19.893697738647461 2.9795830249786377 2010
87 285.85190124793263 280.00015625363199 19.93828010559082 2.9468750953674316 2033
88 285.79482140952234 280.00015688402993 19.893802642822266 2.9808330535888672 2056
89 285.73843797322797 280.00015750673663 19.872604370117188 2.9474999904632568 2079
90 285.68273822148444 280.0001581218927 19.884792327880859 2.9975519180297852 2102
91 285.62770979513112 280.00015872963451 19.861093521118164 2.9520308971405029 2125
92 285.57334067974665 280.00015933009479 19.879375457763672 2.9423439502716064 2148
93 285.51961919263601 280.00015992340263 19.886928558349609 2.9536459445953369 2172
94 285.46653397043366 280.00016050968344 19.872135162353516 2.9442710876464844 2195
95 285.41407395728464 280.0001610890593 19.876979827880859 2.9446361064910889 2218
96 285.36222839357293 280.00016166164926 19.865573883056641 2.9360420703887939 2241
97 285.31098680516493 280.00016222756864 19.88770866394043 2.9423439502716064 2264
98 285.26033899313961 280.00016278693033 19.868698120117188 2.958125114440918 2287
99 285.21027502397806 280.00016333984399 19.89161491394043 2.9391670227050781 2310
100 285.16078522018836 280.00016388641649 19.888177871704102 2.9232809543609619 2333
101 285.1118601513416 280.00016442675195 19.911771774291992 2.9367709159851074 2356
102 285.06349062549612 280.00016496095196 19.926979064941406 2.92364501953125 2379
103 285.01566768099224 280.00016548911549 19.859895706176758 2.9682810306549072 2402
104 284.96838257859446 280.00016601133888 19.870988845825195 2.9381248950958252 2425
105 284.92162679396631 280.00016652771654 19.85546875 2.9190618991851807 2448
106 284.87539201045945 280.00016703834012 19.898853302001953 2.9231770038604736 2471
107 284.82967011220012 280.00016754329931 19.871770858764648 2.96567702293396 2495
108 284.78445317746105 280.00016804268171 19.868125915527344 2.919374942779541 2518
109 284.73973347230083 280.00016853657246 19.860103607177734 2.9579689502716064 2541
110 284.69550344446094 280.0001690250553 19.906980514526367 2.9272909164428711 2564
111 284.65175571750598 280.00016950821146 19.885417938232422 2.9653639793395996 2587
112 284.60848308519616 280.00016998612051 19.861562728881836 2.9019269943237305 2610
113 284.56567850608059 280.0001704588604 19.86817741394043 2.9133849143981934 2633
114 284.52333509830163 280.00017092650722 19.875938415527344 2.9290618896484375 2656
115 284.48144613459971 280.00017138913495 19.861457824707031 2.9205729961395264 2679
116 284.44000503750959 280.00017184681639 19.872186660766602 2.9535419940948486 2702
117 284.39900537474 280.00017229962253 19.885988235473633 2.9493229389190674 2725
118 284.35844085472672 280.00017274762291 19.878646850585938 2.9055728912353516 2748
119 284.31830532235364 280.0001731908855 19.869531631469727 2.9455718994140625 2771
120 284.27859275483144 280.00017362947682 19.865886688232422 2.9257810115814209 2794
121 284.23929725773007 280.00017406346188 19.913177490234375 2.936614990234375 2817
122 284.2004130611561 280.00017449290442 19.887134552001953 2.9134368896484375 2840
123 284.16193451606847 280.00017491786701 19.871875762939453 2.9660420417785645 2863
124 284.12385609072953 280.00017533841066 19.87385368347168 2.9251561164855957 2886
125 284.08617236728134 280.00017575459509 19.896509170532227 2.9302079677581787 2909
126 284.04887803844645 280.00017616647904 19.868072509765625 2.9358329772949219 2932
127 284.01196790434375 280.00017657411985 19.861822128295898 2.8883860111236572 2955
128 283.97543686941822 280.0001769775738 19.873332977294922 2.9464058876037598 2978
129 283.93927993947699 280.00017737689609 19.89630126953125 2.9758861064910889 3001
130 283.90349221882985 280.00017777214077 19.864009857177734 2.8647909164428711 3024
131 283.86806890752746 280.000178163361 19.873697280883789 2.9401049613952637 3047
132 283.83300529869581 280.00017855060855 19.898229598999023 2.9061460494995117 3070
133 283.79829677596121 280.00017893393442 19.870468139648438 2.9435410499572754 3094
134 283.76393881096317 280.00017931338874 19.866979598999023 2.9104690551757812 3117
135 283.72992696095122 280.0001796890204 19.884271621704102 2.9451560974121094 3140
136 283.69625686646322 280.00018006087777 19.865833282470703 2.908958911895752 3163
137 283.66292424908039 280.00018042900797 19.862239837646484 2.9348440170288086 3186
138 283.62992490925831 280.00018079345745 19.861042022705078 2.9557290077209473 3209
139 283.59725472422866 280.00018115427167 19.870260238647461 2.9149479866027832 3232
140 283.56490964597089 280.00018151149527 19.864063262939453 2.9588539600372314 3255
141 283.53288569925002 280.00018186517235 19.870052337646484 2.9465110301971436 3278
142 283.5011789797187 280.00018221534589 19.869844436645508 2.9122390747070312 3301
143 283.46978565208059 280.00018256205828 19.924999237060547 2.9262499809265137 3324
144 283.43870194831317 280.00018290535115 19.869113922119141 2.9383330345153809 3347
145 283.40792416594809 280.00018324526553 19.858854293823242 2.9597389698028564 3370
146 283.37744866640594 280.00018358184133 19.861146926879883 2.8777608871459961 3393
147 283.34727187338461 280.00018391511816 19.875728607177734 2.9501039981842041 3416
148 283.31739027129777 280.00018424513485 19.908542633056641 2.9080729484558105 3439
149 283.28780040376449 280.00018457192959 19.896562576293945 2.9390621185302734 3462
150 283.25849887214395 280.00018489553992 19.873332977294922 2.9044790267944336 3485
151 283.22948233411779 280.00018521600265 19.860000610351562 2.9740629196166992 3508
152 283.20074750231572 280.00018553335428 19.861040115356445 2.9356770515441895 3531
153 283.17229114298402 280.00018584763041 19.862709045410156 2.9222390651702881 3554
154 283.14411007469459 280.00018615886614 19.875469207763672 2.9396870136260986 3577
155 283.11620116709463 280.00018646709606 19.891197204589844 2.9309380054473877 3600
156 283.08856133969368 280.00018677235425 19.851249694824219 2.8985419273376465 3623
157 283.0611875606877 280.00018707467422 19.88343620300293 2.9081768989562988 3646
158 283.03407684581913 280.00018737408891 19.874061584472656 2.9451570510864258 3669
159 283.00722625727127 280.00018767063074 19.868959426879883 2.9765629768371582 3692
160 282.98063290259518 280.00018796433153 19.894479751586914 2.9336459636688232 3715
161 282.95429393367004 280.00018825522284 19.876926422119141 2.9337499141693115 3738
162 282.92820654569294 280.00018854333581 19.856822967529297 2.8921871185302734 3761
163 282.9023679761998 280.00018882870063 19.858177185058594 2.9618220329284668 3784
164 282.87677550411451 280.00018911134754 19.859531402587891 2.9296350479125977 3807
165 282.85142644882626 280.00018939130604 19.869426727294922 2.9436459541320801 3830
166 282.82631816929387 280.00018966860557 19.862552642822266 2.927656888961792 3853
167 282.80144806317611 280.00018994327468 19.954687118530273 2.9271879196166992 3877
168 282.77681356598737 280.00019021534149 19.868749618530273 2.958906888961792 3900
169 282.75241215027751 280.00019048483426 19.93281364440918 2.9318749904632568 3923
170 282.72824132483561 280.00019075178028 19.875417709350586 2.9412500858306885 3946
171 282.70429863391621 280.00019101620677 19.860000610351562 2.9743750095367432 3969
172 282.68058165648739 280.00019127814045 19.865207672119141 2.9331250190734863 3992
173 282.65708800550118 280.00019153760769 19.864688873291016 2.9655210971832275 4015
174 282.63381532718336 280.00019179463442 19.870000839233398 2.9098429679870605 4038
175 282.61076130034365 280.00019204924666 19.874687194824219 2.9532289505004883 4061
176 282.58792363570569 280.00019230146899 19.912239074707031 2.9008851051330566 4084
177 282.56530007525487 280.00019255132685 19.859270095825195 2.9725000858306885 4107
178 282.54288839160489 280.00019279884469 19.886875152587891 2.9346880912780762 4130
179 282.52068638738149 280.00019304404674 19.912448883056641 2.9431250095367432 4153
180 282.49869189462322 280.00019328695709 19.874792098999023 2.9249999523162842 4176
181 282.47690277419827 280.00019352759938 19.904687881469727 2.8994789123535156 4199
182 282.4553169152378 280.00019376599658 19.858697891235352 2.9580729007720947 4222
183 282.43393223458412 280.00019400217212 19.864530563354492 2.9253649711608887 4245
184 282.41274667625351 280.00019423614839 19.871040344238281 2.9526569843292236 4268
185 282.39175821091425 280.00019446794806 19.86036491394043 2.9435939788818359 4291
186 282.37096483537812 280.00019469759309 19.859531402587891 2.9470310211181641 4315
187 282.35036457210487 280.00019492510546 19.854061126708984 2.92671799659729 4338
188 282.32995546872104 280.0001951505065 19.854375839233398 2.9205210208892822 4361
189 282.30973559755012 280.00019537381758 19.865156173706055 2.9004170894622803 4384
190 282.28970305515583 280.00019559505984 19.860000610351562 2.9617710113525391 4407
191 282.26985596189695 280.00019581425397 19.853958129882812 2.9585940837860107 4430
192 282.2501924614939 280.0001960314205 19.857551574707031 2.9185409545898438 4453
193 282.23071072060611 280.00019624657972 19.857448577880859 2.9077610969543457 4476
194 282.21140892842055 280.00019645975146 19.857656478881836 2.9065630435943604 4499
195 282.19228529625059 280.00019667095557 19.905780792236328 2.9061450958251953 4522
196 282.17333805714509 280.0001968802116 19.906770706176758 2.917917013168335 4545
197 282.15456546550729 280.00019708753882 19.866302490234375 2.950624942779541 4568
198 282.13596579672338 280.00019729295616 19.931510925292969 2.9568231105804443 4591
199 282.11753734679996 280.0001974964826 19.854948043823242 2.9272921085357666 4614
200 282.09927843201109 280.00019769813662 19.851198196411133 2.9669270515441895 4637
201 282.08118738855336 280.00019789793674 19.868072509765625 2.9156770706176758 4660
202 282.06326257220991 280.00019809590111 19.863021850585938 2.913593053817749 4683
203 282.04550235802265 280.0001982920474 19.878124237060547 2.9417710304260254 4706
204 282.02790513997195 280.00019848639357 19.852447509765625 2.9351561069488525 4729
205 282.01046933066436 280.00019867895708 19.911094665527344 2.9444270133972168 4752
206 281.9931933610282 280.00019886975542 19.921041488647461 2.9164590835571289 4776
207 281.97607568001541 280.00019905880566 19.86213493347168 2.9155209064483643 4799
208 281.95911475431149 280.00019924612451 19.852447509765625 2.8921349048614502 4822
209 281.94230906805137 280.00019943172884 19.859842300415039 2.9640100002288818 4845
210 281.92565712254299 280.00019961563527 19.857187271118164 2.947761058807373 4868
211 281.90915743599589 280.0001997978602 19.854740142822266 2.9260408878326416 4891
212 281.89280854325739 280.00019997841974 19.841146469116211 2.9700000286102295 4914
213 281.87660899555425 280.00020015733003 19.913541793823242 2.9433848857879639 4937
214 281.8605573602398 280.00020033460652 19.864063262939453 2.9016149044036865 4960
215 281.8446522205478 280.00020051026513 19.863594055175781 2.9298961162567139 4983
216 281.82889217535069 280.00020068432127 19.84880256652832 2.9204680919647217 5006
217 281.8132758389246 280.0002008567904 19.852291107177734 2.9577078819274902 5029
218 281.79780184071791 280.0002010276873 19.874635696411133 2.944688081741333 5052
219 281.78246882512667 280.00020119702742 19.849948883056641 2.9417181015014648 5075
220 281.76727545127346 280.00020136482527 19.846719741821289 2.90625 5098
221 281.75222039279214 280.0002015310954 19.853385925292969 2.9401040077209473 5121
222 281.73730233761643 280.00020169585252 19.857030868530273 2.9272921085357666 5144
223 281.72251998777375 280.00020185911097 19.851406097412109 2.9295320510864258 5167
224 281.70787205918299 280.00020202088484 19.847240447998047 2.919374942779541 5190
225 281.69335728145671 280.00020218118811 19.880104064941406 2.92671799659729 5213
226 281.67897439770741 280.00020234003483 19.888593673706055 2.945573091506958 5236
227 281.66472216435835 280.00020249743841 19.853021621704102 2.9401559829711914 5259
228 281.65059935095718 280.00020265341283 19.873020172119141 2.9232809543609619 5282
229 281.63660473999488 280.00020280797139 19.858438491821289 2.976301908493042 5305
230 281.6227371267272 280.00020296112723 19.84296989440918 2.9394268989562988 5328
231 281.60899531899997 280.00020311289364 19.850103378295898 2.9583849906921387 5351
232 281.59537813707902 280.00020326328382 19.852655410766602 2.9115619659423828 5374
233 281.58188441348142 280.00020341231044 19.85447883605957 2.9321880340576172 5397
234 281.56851299281232 280.00020355998635 19.845624923706055 2.9310939311981201 5420
235 281.55526273160359 280.0002037063241 19.84864616394043 2.91880202293396 5443
236 281.54213249815581 280.00020385133621 19.874427795410156 2.8964579105377197 5466
237 281.52912117238367 280.00020399503529 19.93067741394043 2.9172389507293701 5489
238 281.51622764566451 280.00020413743323 19.85041618347168 2.9480729103088379 5512
239 281.50345082068918 280.0002042785423 19.854738235473633 2.9320828914642334 5535
240 281.49078961131607 280.00020441837444 19.867551803588867 2.909635066986084 5558
241 281.47824294242776 280.00020455694175 19.881353378295898 2.9301049709320068 5581
242 281.46580974979094 280.00020469425567 19.856927871704102 2.8858330249786377 5604
243 281.45348897991789 280.00020483032796 19.850833892822266 2.9802610874176025 5627
244 281.44127958993136 280.00020496517044 19.928228378295898 2.9384379386901855 5651
245 281.42918054743188 280.00020509879386 19.893020629882812 3.0478639602661133 5674
246 281.41719083036668 280.00020523120997 19.877447128295898 2.9300520420074463 5697
247 281.40530942690225 280.00020536242988 19.855989456176758 2.926875114440918 5720
248 281.39353533529805 280.00020549246477 19.951042175292969 2.9493749141693115 5743
249 281.38186756378298 280.00020562132522 19.846979141235352 2.9210419654846191 5766
250 281.3703051304343 280.00020574902243 19.849948883056641 2.918489933013916 5789
251 281.35884706305791 280.00020587556696 19.845937728881836 2.9614059925079346 5812
252 281.34749239907137 280.00020600096951 19.907083511352539 2.8918230533599854 5835
253 281.33624018538882 280.00020612524054 19.857448577880859 2.9600520133972168 5858
254 281.32508947830769 280.00020624839061 19.854270935058594 2.9016139507293701 5881
255 281.31403934339721 280.00020637042985 19.855676651000977 2.9459381103515625 5904
256 281.30308885538926 280.0002064913686 19.856302261352539 2.9092710018157959 5927
257 281.29223709807115 280.00020661121698 19.850311279296875 2.9316139221191406 5950
258 281.28148316417889 280.000206729985 19.924427032470703 2.9333329200744629 5973
259 281.270826155294 280.00020684768236 19.843906402587891 2.9445829391479492 5996
260 281.26026518174126 280.00020696431949 19.848228454589844 2.9083859920501709 6019
261 281.24979936248712 280.00020707990535 19.846822738647461 2.9559369087219238 6042
262 281.23942782504162 280.00020719445013 19.88005256652832 2.980781078338623 6066
263 281.22914970536078 280.00020730796319 19.948280334472656 3.2421870231628418 6089
264 281.21896414775006 280.00020742045393 19.881145477294922 2.9853129386901855 6112
265 281.20887030477093 280.00020753193178 19.863073348999023 2.9560940265655518 6136
266 281.19886733714736 280.000207642406 19.875312805175781 2.9258859157562256 6159
267 281.18895441367425 280.00020775188574 19.852291107177734 2.9393749237060547 6182
268 281.1791307111281 280.00020786038004 19.850936889648438 2.9469270706176758 6205
269 281.16939541417759 280.00020796789818 19.861562728881836 2.9529170989990234 6228
270 281.15974771529676 280.00020807444878 19.866771697998047 2.9480209350585938 6251
271 281.1501868146787 280.00020818004072 19.853124618530273 2.9306769371032715 6274
272 281.14071192015115 280.0002082846828 19.853437423706055 2.9458849430084229 6297
273 281.13132224709273 280.00020838838367 19.897239685058594 2.944843053817749 6320
274 281.12201701835124 280.00020849115197 19.858177185058594 2.9304690361022949 6343
275 281.11279546416199 280.0002085929961 19.895990371704102 2.9550518989562988 6366
276 281.10365682206856 280.00020869392466 19.870000839233398 2.9469790458679199 6389
277 281.09460033684394 280.00020879394566 19.863958358764648 2.9281249046325684 6412
278 281.08562526041283 280.00020889306779 19.888698577880859 3.0169799327850342 6435
279 281.07673085177544 280.0002089912989 19.872030258178711 2.9383330345153809 6459
280 281.06791637693226 280.00020908864707 19.866874694824219 2.950624942779541 6482
281 281.0591811088093 280.00020918512075 19.857915878295898 2.9757299423217773 6505
282 281.05052432718543 280.0002092807274 19.852344512939453 2.9381248950958252 6528
283 281.04194531861975 280.00020937547538 19.919635772705078 2.9237499237060547 6551
284 281.03344337638083 280.0002094693719 19.857864379882812 2.919374942779541 6574
285 281.02501780037562 280.0002095624252 19.85270881652832 2.9585409164428711 6597
286 281.01666789708122 280.00020965464273 19.871250152587891 2.9232809543609619 6620
287 281.00839297947556 280.00020974603217 19.852813720703125 2.9534370899200439 6643
288 281.00019236697085 280.00020983660079 19.849687576293945 2.947551965713501 6666
289 280.99206538534634 280.00020992635643 19.851615905761719 2.9885420799255371 6689
290 280.98401136668298 280.00021001530615 19.932968139648438 2.9446361064910889 6712
291 280.97602964929871 280.00021010345739 19.850103378295898 2.9673960208892822 6735
292 280.96811957768426 280.00021019081737 19.845989227294922 2.92057204246521 6758
293 280.96028050244047 280.00021027739325 19.850519180297852 2.9352090358734131 6781
294 280.95251178021545 280.00021036319202 19.86015510559082 2.9195311069488525 6804
295 280.94481277364366 280.00021044822108 19.885417938232422 2.9480209350585938 6828
296 280.93718285128472 280.00021053248696 19.860416412353516 2.9398949146270752 6851
297 280.92962138756405 280.00021061599688 19.864114761352539 2.9604170322418213 6874
298 280.92212776271299 280.00021069875754 19.901823043823242 2.9117701053619385 6897
299 280.91470136271113 280.00021078077577 19.85218620300293 2.9238018989562988 6920
300 280.90734157922793 280.00021086205822 19.83708381652832 2.8836979866027832 6943
301 280.90004780956627 280.00021094261166 19.84197998046875 2.8996880054473877 6966
302 280.89281945660588 280.00021102244278 19.901041030883789 2.9348959922790527 6989
303 280.88565592874784 280.00021110155768 19.877864837646484 2.9582810401916504 7012
304 280.87855663985988 280.00021117996329 19.893386840820312 2.8976559638977051 7035
305 280.87152100922174 280.00021125766574 19.838281631469727 2.9602088928222656 7058
306 280.86454846147188 280.00021133467158 19.845052719116211 2.9541139602661133 7081
307 280.85763842655439 280.00021141098699 19.842134475708008 2.9059379100799561 7104
308 280.8507903396669 280.00021148661824 19.881198883056641 2.9131250381469727 7127
309 280.84400364120859 280.00021156157163 19.847082138061523 2.930311918258667 7150
310 280.83727777672959 280.00021163585296 19.843334197998047 2.8909890651702881 7173
311 280.83061219688 280.0002117094686 19.835416793823242 2.9175000190734863 7196
312 280.82400635736013 280.00021178242451 19.850833892822266 2.9302608966827393 7219
313 280.81745971887153 280.00021185472644 19.879999160766602 2.9525530338287354 7242
314 280.81097174706792 280.00021192638059 19.84588623046875 2.8813021183013916 7265
315 280.80454191250715 280.00021199739246 19.849479675292969 2.9790101051330566 7288
316 280.79816969060363 280.00021206776819 19.843906402587891 2.9264059066772461 7311
317 280.7918545615812 280.00021213751353 19.899271011352539 2.9355208873748779 7334
318 280.78559601042667 280.00021220663371 19.840728759765625 2.9158859252929688 7357
319 280.77939352684376 280.00021227513486 19.841146469116211 2.9480729103088379 7380
320 280.77324660520759 280.00021234302244 19.851875305175781 2.9234371185302734 7403
321 280.76715474451981 280.00021241030169 19.845104217529297 2.9869790077209473 7426
322 280.76111744836396 280.0002124769785 19.865728378295898 2.9168229103088379 7449
323 280.75513422486188 280.00021254305818 19.866302490234375 2.9304690361022949 7472
324 280.74920458662967 280.00021260854601 19.893646240234375 2.8980729579925537 7495
325 280.74332805073522 280.00021267344715 19.830728530883789 2.9704689979553223 7518
326 280.73750413865537 280.00021273776724 19.8359375 2.9199481010437012 7541
327 280.73173237623371 280.00021280151145 19.915260314941406 2.9130210876464844 7564
328 280.72601229363954 280.00021286468507 19.878490447998047 2.9294788837432861 7587
329 280.72034342532595 280.00021292729275 19.838645935058594 2.9241139888763428 7610
330 280.71472530998983 280.00021298934001 19.837917327880859 2.9258339405059814 7633
331 280.70915749053114 280.0002130508318 19.836458206176758 2.9265100955963135 7656
332 280.70363951401339 280.00021311177312 19.872396469116211 2.9336979389190674 7679
333 280.69817093162374 280.00021317216891 19.829217910766602 2.9546880722045898 7702
334 280.69275129863462 280.00021323202407 19.871145248413086 2.941615104675293 7725
335 280.68738017436476 280.00021329134353 19.83708381652832 2.932811975479126 7748
336 280.68205712214109 280.00021335013219 19.834478378295898 2.9163539409637451 7771
337 280.67678170926104 280.00021340839459 19.849218368530273 2.9201569557189941 7794
338 280.67155350695521 280.00021346613551 19.862865447998047 2.9144790172576904 7817
339 280.66637209035025 280.00021352335995 19.834218978881836 2.9378130435943604 7840
340 280.66123703843255 280.00021358007211 19.829635620117188 2.901249885559082 7863
341 280.65614793401159 280.00021363627695 19.84260368347168 2.9641149044036865 7886
342 280.65110436368457 280.0002136919789 19.831666946411133 2.9283850193023682 7909
343 280.64610591780053 280.00021374718244 19.836875915527344 2.9294788837432861 7932
344 280.64115219042571 280.00021380189196 19.839218139648438 2.89546799659729 7955
345 280.63624277930853 280.00021385611234 19.830469131469727 2.9613020420074463 7978
346 280.6313772858453 280.0002139098475 19.827865600585938 2.9334380626678467 8001
347 280.62655531504601 280.00021396310206 19.832290649414062 2.9213020801544189 8024
348 280.62177647550084 280.00021401588026 19.87578010559082 2.9313020706176758 8047
349 280.61704037934709 280.00021406818644 19.838489532470703 2.9198958873748779 8070
350 280.61234664223576 280.00021412002468 19.836875915527344 2.9293229579925537 8093
351 280.60769488329885 280.00021417139948 19.854686737060547 2.9459888935089111 8116
352 280.60308472511736 280.00021422231464 19.836196899414062 2.9423439502716064 8139
353 280.59851579368927 280.00021427277466 19.869115829467773 2.9636979103088379 8162
354 280.59398771839756 280.00021432278328 19.825468063354492 2.9215619564056396 8185
355 280.58950013197915 280.00021437234489 19.868230819702148 2.9115099906921387 8208
356 280.58505267049372 280.00021442146317 19.837448120117188 2.9131250381469727 8231
357 280.58064497329275 280.0002144701424 19.826093673706055 2.9428648948669434 8254
358 280.57627668298966 280.00021451838643 19.83671760559082 2.9228119850158691 8277
359 280.57194744542903 280.00021456619913 19.841978073120117 2.9426040649414062 8300
360 280.56765690965739 280.00021461358443 19.839479446411133 2.915416955947876 8323
361 280.56340472789304 280.00021466054608 19.835832595825195 2.9332289695739746 8346
362 280.55919055549737 280.00021470708811 19.837291717529297 2.9038538932800293 8369
363 280.55501405094549 280.0002147532141 19.854427337646484 2.9579160213470459 8392
364 280.55087487579777 280.00021479892774 19.842136383056641 2.9180729389190674 8415
365 280.54677269467152 280.0002148442328 19.833593368530273 2.9090619087219238 8438
366 280.54270717521268 280.00021488913296 19.853853225708008 2.9345839023590088 8461
367 280.53867798806795 280.00021493363181 19.824323654174805 2.9271879196166992 8484
368 280.53468480685768 280.00021497773321 19.823646545410156 2.8810410499572754 8507
369 280.53072730814785 280.00021502144034 19.827083587646484 2.9508330821990967 8530
370 280.52680517142352 280.00021506475701 19.837917327880859 2.9288539886474609 8553
371 280.52291807906221 280.00021510768642 19.840364456176758 2.9379169940948486 8576
372 280.51906571630678 280.00021515023258 19.834062576293945 2.9316658973693848 8599
373 280.51524777123967 280.00021519239846 19.874635696411133 2.9552080631256104 8622
374 280.51146393475693 280.00021523418764 19.830625534057617 2.9084370136260986 8645
375 280.50771390054194 280.00021527560375 19.844427108764648 2.9111449718475342 8668
376 280.50399736504056 280.00021531664964 19.833332061767578 2.9663019180297852 8691
377 280.50031402743559 280.00021535732901 19.828125 2.9033339023590088 8714
378 280.49666358962145 280.00021539764481 19.818698883056641 2.90317702293396 8737
379 280.49304575617992 280.00021543760067 19.847188949584961 2.9553649425506592 8760
380 280.48946023435531 280.00021547719967 19.820156097412109 2.9194788932800293 8783
381 280.48590673403021 280.00021551644517 19.837656021118164 2.9358859062194824 8806
382 280.48238496770148 280.00021555534011 19.82421875 2.9507811069488525 8829
383 280.4788946504562 280.00021559388756 19.842500686645508 2.9570310115814209 8852
384 280.47543549994833 280.00021563209089 19.880832672119141 2.9197399616241455 8875
385 280.47200723637519 280.00021566995321 19.856927871704102 2.9743750095367432 8898
386 280.46860958245418 280.00021570747737 19.828229904174805 2.9595310688018799 8921
387 280.46524226340011 280.00021574466655 19.824010848999023 2.9593219757080078 8944
388 280.46190500690216 280.00021578152359 19.833749771118164 2.9467709064483643 8967
389 280.45859754310135 280.00021581805174 19.816303253173828 2.9435410499572754 8990
390 280.45531960456873 280.00021585425384 19.872135162353516 2.9244270324707031 9013
391 280.4520709262826 280.00021589013267 19.846406936645508 2.9747390747070312 9036
392 280.44885124560716 280.00021592569135 19.828125 2.9219789505004883 9059
393 280.44566030227037 280.00021596093256 19.837135314941406 2.9601049423217773 9082
394 280.442497838343 280.00021599585915 19.814739227294922 2.9414069652557373 9105
395 280.43936359821691 280.00021603047418 19.857761383056641 2.9351561069488525 9129
396 280.43625732858408 280.00021606478032 19.851041793823242 2.9308340549468994 9152
397 280.43317877841599 280.00021609878024 19.829740524291992 2.9077610969543457 9174
398 280.43012769894244 280.00021613247685 19.850936889648438 2.9415628910064697 9198
399 280.42710384363153 280.00021616587264 19.845468521118164 2.9491140842437744 9221
400 280.4241069681691 280.00021619897075 19.827657699584961 2.9636979103088379 9244
401 280.42113683043868 280.00021623177327 19.821823120117188 2.9808330535888672 9267
402 280.41819319050171 280.00021626428315 19.823385238647461 2.9267699718475342 9290
403 280.41527581057744 280.00021629650325 19.826927185058594 2.9379689693450928 9313
404 280.41238445502381 280.00021632843573 19.825729370117188 2.9470310211181641 9336
405 280.40951889031777 280.00021636008341 19.820156097412109 2.9566140174865723 9359
406 280.40667888503617 280.00021639144893 19.818489074707031 2.9493229389190674 9382
407 280.40386420983674 280.00021642253461 19.876457214355469 2.9307820796966553 9405
408 280.40107463743954 280.00021645334306 19.820468902587891 2.916874885559082 9428
409 280.39830994260768 280.00021648387673 19.820209503173828 2.9077079296112061 9451
410 280.39556990212941 280.000216514138 19.822813034057617 2.9273960590362549 9473
411 280.39285429479952 280.00021654412967 19.847915649414062 2.9738540649414062 9497
412 280.39016290140103 280.00021657385366 19.818489074707031 2.9422399997711182 9520
413 280.38749550468788 280.00021660331288 19.830989837646484 2.9357810020446777 9543
414 280.3848518893663 280.00021663250948 19.817083358764648 2.965364933013916 9566
415 280.38223184207754 280.00021666144545 19.82244873046875 2.9670829772949219 9589
416 280.37963515138063 280.00021669012381 19.824687957763672 2.9749479293823242 9612
417 280.37706160773439 280.00021671854631 19.881406784057617 2.933021068572998 9635
418 280.37451100348096 280.00021674671564 19.818853378295898 2.9154689311981201 9658
419 280.3719831328284 280.00021677463377 19.863073348999023 2.9134891033172607 9681
420 280.36947779183367 280.0002168023031 19.824375152587891 2.9097399711608887 9704
421 280.36699477838681 280.00021682972584 19.820676803588867 2.9312500953674316 9727
422 280.36453389219298 280.00021685690427 19.818540573120117 2.95489501953125 9750
423 280.36209493475752 280.00021688384032 19.834062576293945 2.94057297706604 9773
424 280.3596777093685 280.00021691053655 19.862916946411133 2.8609371185302734 9796
425 280.35728202108163 280.00021693699495 19.820104598999023 2.9397909641265869 9819
426 280.35490767670353 280.00021696321755 19.834688186645508 2.9278650283813477 9842
427 280.35255448477648 280.00021698920654 19.815156936645508 2.9442191123962402 9865
428 280.35022225556241 280.00021701496399 19.870677947998047 2.9473960399627686 9888
429 280.34791080102741 280.00021704049198 19.812448501586914 2.9449479579925537 9911
430 280.34561993482686 280.00021706579258 19.818073272705078 2.9436979293823242 9934
431 280.34334947228939 280.00021709086798 19.832500457763672 2.946666955947876 9957
432 280.34109923040234 280.00021711571992 19.87224006652832 2.9068219661712646 9980
433 280.3388690277967 280.00021714035068 19.815677642822266 2.9551560878753662 10003
434 280.33665868473236 280.00021716476203 19.816093444824219 2.9051039218902588 10026
435 280.33446802308322 280.00021718895613 19.816614151000977 2.9059898853302002 10049
436 280.33229686632285 280.00021721293456 19.824323654174805 2.9429159164428711 10072
437 280.33014503950983 280.0002172366996 19.852968215942383 2.9572389125823975 10095
438 280.32801236927384 280.00021726025312 19.867708206176758 2.9231770038604736 10118
439 280.3258986838012 280.00021728359695 19.8671875 2.9564580917358398 10141
440 280.32380381282093 280.00021730673308 19.829427719116211 2.9449999332427979 10164
441 280.32172758759094 280.00021732966314 19.860416412353516 2.918281078338623 10187
442 280.31966984088405 280.00021735238931 19.816354751586914 2.9574480056762695 10210
443 280.31763040697467 280.00021737491312 19.820520401000977 2.9264590740203857 10233
444 280.31560912162507 280.00021739723644 19.820728302001953 2.9588539600372314 10256
445 280.31360582207185 280.00021741936115 19.891874313354492 2.9470310211181641 10279
446 280.31162034701299 280.00021744128907 19.821510314941406 2.9159889221191406 10302
447 280.30965253659457 280.0002174630219 19.813333511352539 2.9367189407348633 10325
448 280.3077022323975 280.00021748456129 19.852760314941406 2.9177610874176025 10348
449 280.30576927742504 280.00021750590906 19.822605133056641 2.9673960208892822 10371
450 280.30385351608959 280.00021752706704 19.820365905761719 2.9049999713897705 10394
451 280.3019547942003 280.00021754803674 19.825832366943359 2.9020309448242188 10417
452 280.30007295895035 280.00021756882001 19.822032928466797 2.9288020133972168 10440
453 280.29820785890462 280.00021758941841 19.821353912353516 2.9370310306549072 10463
454 280.29635934398709 280.00021760983367 19.815052032470703 2.9309380054473877 10486
455 280.29452726546896 280.00021763006743 19.831874847412109 2.9390110969543457 10509
456 280.29271147595625 280.00021765012133 19.81525993347168 2.91880202293396 10531
457 280.29091182937799 280.00021766999691 19.811302185058594 2.9448440074920654 10554
458 280.28912818097416 280.00021768969572 19.808385848999023 2.8925518989562988 10577
459 280.28736038728408 280.00021770921956 19.826562881469727 2.9548439979553223 10600
460 280.28560830613458 280.00021772856968 19.810989379882812 2.9155209064483643 10623
461 280.28387179662832 280.00021774774791 19.868541717529297 2.9496359825134277 10646
462 280.28215071913274 280.00021776675584 19.819217681884766 2.894218921661377 10669
463 280.28044493526818 280.00021778559483 19.887813568115234 2.9378130435943604 10692
464 280.27875430789697 280.0002178042663 19.820417404174805 2.9128649234771729 10715
465 280.27707870111203 280.0002178227719 19.819635391235352 2.9046878814697266 10738
466 280.27541798022617 280.00021784111311 19.815780639648438 2.9192190170288086 10761
467 280.27377201176051 280.00021785929141 19.834583282470703 2.9374480247497559 10784
468 280.27214066343424 280.00021787730833 19.819999694824219 2.932499885559082 10807
469 280.27052380415347 280.00021789516518 19.818592071533203 2.9589579105377197 10830
470 280.26892130400091 280.00021791286332 19.879219055175781 2.9200520515441895 10853
471 280.26733303422469 280.00021793040435 19.883073806762695 2.9276039600372314 10876
472 280.26575886722861 280.00021794778974 19.819374084472656 2.8872919082641602 10899
473 280.26419867656131 280.00021796502074 19.820417404174805 2.9172399044036865 10922
474 280.26265233690594 280.00021798209877 19.824531555175781 2.9328129291534424 10945
475 280.26111972407028 280.0002179990251 19.822187423706055 2.9479680061340332 10968
476 280.2596007149765 280.00021801580129 19.830989837646484 2.8974480628967285 10991
477 280.25809518765107 280.00021803242856 19.866718292236328 2.9572389125823975 11014
478 280.25660302121457 280.00021804890832 19.879114151000977 2.940363883972168 11037
479 280.25512409587276 280.00021806524171 19.827186584472656 2.9381771087646484 11060
480 280.25365829290575 280.00021808143032 19.846614837646484 2.9328649044036865 11083
481 280.25220549465917 280.00021809747511 19.821823120117188 2.9586460590362549 11106
482 280.25076558453401 280.0002181133778 19.870416641235352 3.2160420417785645 11130
483 280.24933844697767 280.00021812913923 19.843593597412109 3.3548429012298584 11153
484 280.24792396747392 280.00021814476105 19.876718521118164 2.9733850955963135 11177
485 280.24652203253447 280.00021816024412 19.833593368530273 2.9773440361022949 11200
486 280.24513252968882 280.00021817558991 19.818803787231445 2.9352090358734131 11223
487 280.24375534747566 280.0002181907999 19.816301345825195 2.9571878910064697 11246
488 280.24239037543373 280.00021820587466 19.825416564941406 2.9661979675292969 11269
489 280.24103750409267 280.00021822081601 19.839218139648438 2.9426040649414062 11292
490 280.23969662496449 280.00021823562491 19.823698043823242 2.894582986831665 11315
491 280.23836763053413 280.00021825030245 19.810728073120117 2.971250057220459 11338
492 280.23705041425131 280.0002182648501 19.870624542236328 2.9002079963684082 11361
493 280.23574487052178 280.00021827926867 19.846353530883789 2.8971350193023682 11384
494 280.23445089469828 280.00021829355961 19.847709655761719 2.9384899139404297 11407
495 280.23316838307255 280.00021830772374 19.892343521118164 2.9317700862884521 11430
496 280.23189723286663 280.00021832176253 19.845937728881836 2.9055209159851074 11453
497 280.23063734222478 280.00021833567695 19.818437576293945 2.9532809257507324 11476
498 280.22938861020475 280.00021834946813 19.868854522705078 2.9381248950958252 11499
499 280.22815093676996 280.00021836313715 19.82927131652832 2.9333329200744629 11522
500 280.22692422278112 280.00021837668521 19.842447280883789 2.9228649139404297 11545
501 280.22570836998858 280.00021839011316 19.81916618347168 2.9581770896911621 11568
502 280.22450328102383 280.00021840342237 19.883228302001953 2.9403131008148193 11591
503 280.22330885939186 280.00021841661368 19.836198806762695 2.9254159927368164 11614
504 280.22212500946318 280.00021842968829 19.819061279296875 2.9169790744781494 11637
505 280.2209516364664 280.00021844264722 19.818489074707031 2.9433329105377197 11660
506 280.21978864648008 280.00021845549145 19.817865371704102 2.9252090454101562 11683
507 280.21863594642531 280.0002184682221 19.817188262939453 2.8838539123535156 11706
508 280.21749344405828 280.00021848083992 19.813020706176758 2.9332289695739746 11729
509 280.21636104796249 280.00021849334632 19.826614379882812 2.9301559925079346 11752
510 280.21523866754154 280.00021850574205 19.831718444824219 2.9520308971405029 11775
511 280.21412621301158 280.00021851802813 19.825260162353516 2.9378640651702881 11798
512 280.21302359539436 280.00021853020559 19.818019866943359 2.9139590263366699 11821
513 280.21193072650948 280.00021854227538 19.828542709350586 2.9359889030456543 11844
514 280.21084751896797 280.0002185542387 19.879791259765625 2.9315099716186523 11867
515 280.20977388616438 280.00021856609595 19.849010467529297 2.9580209255218506 11890
516 280.20870974227006 280.0002185778485 19.850730895996094 2.8845310211181641 11913
517 280.20765500222655 280.00021858949714 19.838645935058594 2.9354679584503174 11936
518 280.20660958173812 280.00021860104289 19.831771850585938 2.9419269561767578 11959
519 280.2055733972652 280.00021861248661 19.876926422119141 2.955625057220459 11982
520 280.20454636601778 280.00021862382948 19.840103149414062 2.9224998950958252 12005
521 280.20352840594808 280.00021863507192 19.843177795410156 2.9530720710754395 12028
522 280.20251943574465 280.00021864621505 19.825052261352539 2.8817179203033447 12051
523 280.20151937482507 280.00021865726001 19.891979217529297 2.9292190074920654 12074
524 280.20052814332985 280.0002186682072 19.8359375 2.9002079963684082 12097
525 280.1995456621159 280.00021867905787 19.835468292236328 2.9570319652557373 12120
526 280.19857185274986 280.00021868981287 19.821823120117188 2.9260420799255371 12143
527 280.19760663750196 280.00021870047283 19.847030639648438 2.9339580535888672 12166
528 280.19664993933964 280.0002187110386 19.829530715942383 2.9011459350585938 12189
529 280.19570168192132 280.00021872151143 19.826562881469727 2.9303131103515625 12212
530 280.19476178958996 280.00021873189161 19.824895858764648 2.9574999809265137 12235
531 280.19383018736744 280.00021874218044 19.87421989440918 2.9379169940948486 12258
532 280.19290680094792 280.00021875237843 19.839323043823242 2.9273440837860107 12281
533 280.19199155669207 280.00021876248655 19.827812194824219 2.9349479675292969 12304
534 280.19108438162124 280.00021877250549 19.869634628295898 2.9485940933227539 12327
535 280.19018520341103 280.00021878243615 19.841302871704102 2.9530730247497559 12350
536 280.189293950386 280.00021879227927 19.814739227294922 2.900676965713501 12373
537 280.18841055151353 280.00021880203576 19.825571060180664 2.928541898727417 12396
538 280.18753493639809 280.00021881170596 19.851875305175781 2.9216139316558838 12419
539 280.18666703527543 280.00021882129124 19.864322662353516 2.9425520896911621 12442
540 280.18580677900724 280.00021883079211 19.80958366394043 2.9331779479980469 12465
541 280.18495409907524 280.00021884020919 19.82890510559082 2.9573440551757812 12488
542 280.18410892757561 280.00021884954344 19.861354827880859 2.9146349430084229 12511
543 280.18327119721368 280.00021885879545 19.848072052001953 2.9541139602661133 12534
544 280.18244084129833 280.00021886796594 19.822135925292969 2.9456770420074463 12557
545 280.18161779373651 280.00021887705577 19.813072204589844 2.926875114440918 12580
546 280.18080198902811 280.00021888606574 19.818593978881836 2.9182820320129395 12603
547 280.1799933622604 280.00021889499635 19.833072662353516 2.9388539791107178 12626
548 280.17919184910284 280.00021890384835 19.826198577880859 2.9344799518585205 12649
549 280.17839738580193 280.00021891262242 19.846874237060547 2.96697998046875 12672
550 280.17760990917606 280.00021892131952 19.80567741394043 2.899061918258667 12695
551 280.17682935661003 280.00021892994005 19.820520401000977 2.9168229103088379 12718
552 280.17605566605039 280.00021893848475 19.803749084472656 2.948124885559082 12741
553 280.17528877600029 280.00021894695442 19.818281173706055 2.9270319938659668 12764
554 280.17452862551443 280.00021895534957 19.826770782470703 2.9529170989990234 12787
555 280.17377515419389 280.00021896367116 19.815832138061523 2.9173440933227539 12810
556 280.17302830218182 280.00021897191942 19.807968139648438 2.9403119087219238 12833
557 280.1722880101579 280.00021898009538 19.828125 2.9442179203033447 12856
558 280.17155421933415 280.00021898819938 19.819948196411133 2.9018230438232422 12879
559 280.17082687144949 280.00021899623232 19.832603454589844 2.9792709350585938 12902
560 280.17010590876578 280.00021900419483 19.802396774291992 2.9171359539031982 12925
561 280.16939127406232 280.0002190120872 19.821823120117188 2.9381771087646484 12948
562 280.1686829106319 280.0002190199105 19.808437347412109 2.9436459541320801 12971
563 280.16798076227565 280.0002190276652 19.839323043823242 2.9590098857879639 12994
564 280.16728477329906 280.0002190353519 19.807500839233398 2.9474480152130127 13017
565 280.16659488850672 280.00021904297091 19.811040878295898 2.9201569557189941 13040
566 280.16591105319873 280.0002190505233 19.808853149414062 2.9474480152130127 13063
567 280.16523321316532 280.00021905800946 19.810832977294922 2.9364581108093262 13086
568 280.16456131468317 280.00021906543009 19.819740295410156 2.8632810115814209 13109
569 280.16389530451073 280.00021907278557 19.819583892822266 2.9119789600372314 13132
570 280.16323512988384 280.00021908007653 19.851301193237305 2.9590110778808594 13155
571 280.16258073851185 280.00021908730383 19.859531402587891 2.9610419273376465 13178
572 280.16193207857282 280.0002190944677 19.826614379882812 2.8738539218902588 13201
573 280.16128909870957 280.00021910156892 19.867343902587891 2.9431769847869873 13224
574 280.16065174802571 280.00021910860795 19.872865676879883 2.9313020706176758 13247
575 280.16001997608123 280.00021911558531 19.812343597412109 2.9528119564056396 13270
576 280.15939373288842 280.00021912250156 19.819063186645508 2.8701560497283936 13293
577 280.1587729689079 280.00021912935739 19.834583282470703 2.9778640270233154 13316
578 280.15815763504463 280.00021913615319 19.815521240234375 2.9311459064483643 13339
579 280.15754768264406 280.00021914288959 19.820259094238281 2.9439060688018799 13362
580 280.15694306348763 280.00021914956722 19.837604522705078 2.9059369564056396 13385
581 280.15634372978951 280.00021915618618 19.815311431884766 2.9184370040893555 13408
582 280.15574963419232 280.0002191627475 19.816875457763672 2.9211978912353516 13430
583 280.15516072976334 280.00021916925141 19.818853378295898 2.9181768894195557 13453
584 280.15457696999096 280.00021917569865 19.830469131469727 2.9250519275665283 13477
585 280.15399830878061 280.00021918208938 19.867082595825195 2.9195840358734131 13500
586 280.15342470045101 280.0002191884243 19.812707901000977 2.9216148853302002 13523
587 280.15285609973057 280.00021919470413 19.864688873291016 2.9961459636688232 13546
588 280.15229246175403 280.00021920092911 19.836719512939453 2.8948440551757812 13569
589 280.15173374205818 280.00021920709958 19.825885772705078 2.9772388935089111 13592
590 280.15117989657858 280.00021921321627 19.872188568115234 2.8968229293823242 13615
591 280.15063088164607 280.00021921927976 19.816614151000977 2.9345319271087646 13638
592 280.15008665398318 280.00021922529021 19.852811813354492 2.9261980056762695 13661
593 280.14954717070049 280.00021923124842 19.822500228881836 2.9505209922790527 13684
594 280.14901238929326 280.00021923715462 19.81817626953125 2.9253129959106445 13707
595 280.14848226763792 280.00021924300933 19.818750381469727 2.9569790363311768 13730
596 280.1479567639887 280.0002192488131 19.817916870117188 2.9363029003143311 13753
597 280.14743583697401 280.00021925456628 19.855884552001953 2.9527599811553955 13776
598 280.14691944559382 280.00021926026932 19.80958366394043 2.9166669845581055 13799
599 280.14640754921527 280.00021926592291 19.818906784057617 2.9805729389190674 13822
600 280.14590010757007 280.0002192715271 19.824323654174805 2.9518229961395264 13845
601 280.14539708075114 280.00021927708258 19.811458587646484 2.9364581108093262 13868
602 280.14489842920938 280.00021928258985 19.823905944824219 2.9089059829711914 13891
603 280.14440411375011 280.0002192880491 19.815834045410156 2.9534380435943604 13914
604 280.14391409553036 280.00021929346076 19.820833206176758 2.9156250953674316 13937
605 280.14342833605536 280.0002192988257 19.823646545410156 2.9440109729766846 13960
606 280.14294679717585 280.00021930414391 19.818124771118164 2.9449470043182373 13983
607 280.1424694410843 280.00021930941591 19.815208435058594 2.9638540744781494 14006
608 280.1419962303126 280.00021931464204 19.81151008605957 2.8918750286102295 14029
609 280.14152712772858 280.00021931982286 19.862916946411133 2.9546349048614502 14052
610 280.14106209653278 280.00021932495883 19.818437576293945 2.9339590072631836 14075
611 280.14060110025622 280.00021933005019 19.826406478881836 2.9258339405059814 14098
612 280.14014410275655 280.00021933509714 19.815988540649414 2.94057297706604 14121
613 280.13969106821611 280.00021934010061 19.842136383056641 2.9307808876037598 14144
614 280.13924196113771 280.0002193450606 19.817447662353516 2.9375 14167
615 280.13879674634325 280.00021934997767 19.8203125 2.9315099716186523 14190
616 280.13835538896956 280.00021935485205 19.84666633605957 2.90317702293396 14213
617 280.13791785446631 280.00021935968431 19.814113616943359 2.9396359920501709 14236
618 280.13748410859313 280.00021936447456 19.821718215942383 2.9542191028594971 14259
619 280.1370541174166 280.00021936922354 19.832916259765625 2.9690620899200439 14282
620 280.13662784730769 280.00021937393126 19.816667556762695 2.9206249713897705 14305
621 280.13620526493895 280.00021937859833 19.850103378295898 2.9546349048614502 14328
622 280.13578633728167 280.0002193832251 19.820468902587891 2.8863019943237305 14351
623 280.1353710316036 280.00021938781168 19.825260162353516 2.9326040744781494 14374
624 280.13495931546572 280.00021939235882 19.810728073120117 2.9311459064483643 14397
625 280.13455115672025 280.00021939686656 19.862342834472656 2.9371349811553955 14420
626 280.13414652350747 280.00021940133536 19.847082138061523 2.9123950004577637 14443
627 280.13374538425359 280.00021940576556 19.814010620117188 2.9796359539031982 14466
628 280.13334770766772 280.00021941015757 19.888698577880859 2.9211978912353516 14489
629 280.13295346273981 280.00021941451172 19.865573883056641 2.9265100955963135 14512
630 280.13256261873772 280.00021941882824 19.817708969116211 2.8916668891906738 14535
631 280.13217514520511 280.00021942310764 19.820417404174805 2.9433341026306152 14558
632 280.13179101195874 280.00021942734986 19.815103530883789 2.9326040744781494 14581
633 280.13141018908584 280.00021943155576 19.828645706176758 2.9613540172576904 14604
634 280.13103264694217 280.00021943572546 19.822759628295898 2.8864059448242188 14627
635 280.13065835614901 280.00021943985911 19.849636077880859 2.9268229007720947 14650
636 280.13028728759167 280.00021944395735 19.811979293823242 2.9345309734344482 14673
637 280.12991941241586 280.00021944802006 19.816875457763672 2.9423959255218506 14696
638 280.12955470202667 280.00021945204816 19.815313339233398 2.9014580249786377 14719
639 280.12919312808515 280.00021945604135 19.856874465942383 2.9427080154418945 14742
640 280.12883466250685 280.00021946000038 19.812707901000977 2.9323430061340332 14764
641 280.12847927745889 280.0002194639253 19.878124237060547 2.9384899139404297 14788
642 280.1281269453583 280.00021946781646 19.814739227294922 2.9214589595794678 14810
643 280.12777763886913 280.00021947167426 19.823490142822266 2.9239060878753662 14834
644 280.12743133090095 280.00021947549891 19.825052261352539 2.9307808876037598 14856
645 280.1270879946058 280.00021947929082 19.871511459350586 2.9129691123962402 14880
646 280.126747603377 280.00021948305005 19.838489532470703 2.9498960971832275 14903
647 280.12641013084612 280.00021948677721 19.798593521118164 2.9217178821563721 14925
648 280.12607555088135 280.00021949047238 19.845781326293945 2.9427609443664551 14949
649 280.12574383758522 280.00021949413588 19.854999542236328 2.9728119373321533 14972
650 280.12541496529246 280.00021949776794 19.82911491394043 2.9276039600372314 14995
651 280.12508890856799 280.00021950136897 19.822343826293945 2.949167013168335 15018
652 280.12476564220475 280.0002195049392 19.816457748413086 2.9000000953674316 15041
653 280.12444514122188 280.00021950847889 19.853282928466797 2.9593229293823242 15064
654 280.12412738086249 280.00021951198823 19.828697204589844 2.9187500476837158 15087
655 280.12381233659153 280.00021951546762 19.808332443237305 2.9389059543609619 15110
656 280.12349998409428 280.00021951891722 19.854063034057617 2.9291660785675049 15133
657 280.1231902992738 280.00021952233749 19.821823120117188 2.9253649711608887 15156
658 280.12288325824954 280.00021952572843 19.80744743347168 2.9369790554046631 15178
659 280.12257883735475 280.00021952909049 19.816511154174805 2.960313081741333 15201
660 280.12227701313515 280.0002195324239 19.848594665527344 2.9549999237060547 15225
661 280.12197776234672 280.00021953572883 19.826562881469727 2.9351561069488525 15248
662 280.12168106195406 280.0002195390058 19.814895629882812 2.9289588928222656 15270
663 280.12138688912796 280.00021954225468 19.813125610351562 2.9400529861450195 15293
664 280.12109522124427 280.00021954547589 19.810209274291992 2.9228119850158691 15316
665 280.12080603588169 280.00021954866952 19.804948806762695 2.9389579296112061 15339
666 280.12051931081982 280.00021955183627 19.807291030883789 2.9376039505004883 15362
667 280.12023502403758 280.0002195549759 19.819374084472656 2.9150519371032715 15385
668 280.11995315371161 280.00021955808899 19.878541946411133 2.926875114440918 15408
669 280.11967367821399 280.00021956117553 19.832864761352539 2.9453120231628418 15431
670 280.11939657611072 280.00021956423598 19.803436279296875 2.9149479866027832 15454
671 280.11912182616021 280.00021956727034 19.809635162353516 2.9759891033172607 15477
672 280.11884940731125 280.00021957027894 19.80645751953125 2.8871359825134277 15500
673 280.11857929870143 280.00021957326203 19.816301345825195 2.9532289505004883 15523
674 280.11831147965546 280.00021957621993 19.862447738647461 2.8943750858306885 15546
675 280.11804592968338 280.00021957915254 19.811145782470703 2.9393229484558105 15569
676 280.11778262847895 280.00021958206048 19.878490447998047 2.9237499237060547 15592
677 280.11752155591813 280.00021958494386 19.843540191650391 2.8819270133972168 15615
678 280.11726269205747 280.00021958780275 19.816354751586914 2.8981249332427979 15638
679 280.11700601713204 280.00021959063758 19.821666717529297 2.8776569366455078 15661
680 280.11675151155436 280.00021959344838 19.834999084472656 2.9330730438232422 15684
681 280.11649915591266 280.00021959623541 19.8355712890625 2.936614990234375 15707
682 280.11624893096899 280.00021959899897 19.832500457763672 2.919011116027832 15730
683 280.11600081765823 280.0002196017391 19.841978073120117 2.9617710113525391 15753
684 280.11575479708597 280.00021960445628 19.903646469116211 2.9465100765228271 15776
685 280.1155108505273 280.00021960715043 19.809322357177734 2.8984889984130859 15799
686 280.11526895942546 280.00021960982184 19.815572738647461 2.9385929107666016 15822
687 280.11502910538979 280.00021961247091 19.798540115356445 2.926353931427002 15845
688 280.1147912701947 280.00021961509748 19.843282699584961 2.8970310688018799 15868
689 280.11455543577802 280.00021961770216 19.805885314941406 2.9439060688018799 15891
690 280.11432158423935 280.00021962028495 19.800573348999023 2.9232809543609619 15914
691 280.11408969783923 280.00021962284586 19.803176879882812 2.9592189788818359 15937
692 280.11385975899697 280.00021962538523 19.789634704589844 2.9048430919647217 15960
693 280.11363175028964 280.00021962790339 19.806562423706055 2.9567708969116211 15983
694 280.1134056544505 280.00021963040041 19.795469284057617 2.9304170608520508 16006
695 280.11318145436769 280.00021963287656 19.801406860351562 2.9195311069488525 16029
696 280.11295913308277 280.00021963533197 19.804479598999023 2.9334371089935303 16052
697 280.11273867378935 280.00021963776669 19.809427261352539 2.9534370899200439 16075
698 280.11252005983187 280.00021964018117 19.857082366943359 2.9238018989562988 16098
699 280.11230327470389 280.0002196425753 19.855365753173828 2.9342188835144043 16121
700 280.11208830204737 280.00021964494954 19.803020477294922 2.9293749332427979 16144
701 280.11187512565056 280.00021964730382 19.804323196411133 2.9471349716186523 16167
702 280.11166372944734 280.00021964963855 19.826145172119141 2.9713540077209473 16190
703 280.11145409751549 280.00021965195373 19.900209426879883 3.0594799518585205 16213
704 280.11124621407583 280.00021965424969 19.869321823120117 2.9460411071777344 16236
705 280.11104006349035 280.00021965652644 19.814426422119141 2.9282290935516357 16259
706 280.11083563026148 280.00021965878415 19.801250457763672 2.9540619850158691 16282
707 280.11063289903058 280.00021966102327 19.828176498413086 2.9175519943237305 16305
708 280.11043185457675 280.00021966324363 19.833749771118164 2.9673960208892822 16328
709 280.1102324818155 280.0002196654454 19.835781097412109 2.9816670417785645 16352
710 280.11003476579776 280.00021966762904 19.807760238647461 2.8840110301971436 16374
711 280.10983869170832 280.00021966979449 19.821666717529297 2.9246869087219238 16397
712 280.10964424486497 280.00021967194203 19.805936813354492 2.9134891033172607 16420
713 280.10945141071716 280.00021967407173 19.804374694824219 2.9286980628967285 16443
714 280.10926017484468 280.0002196761838 19.804792404174805 2.9381771087646484 16466
715 280.10907052295676 280.00021967827826 19.795261383056641 2.9057810306549072 16489
716 280.1088824408908 280.00021968035549 19.797657012939453 2.9513020515441895 16512
717 280.10869591461102 280.00021968241566 19.803853988647461 2.9857809543609619 16535
718 280.10851093020767 280.00021968445844 19.823749542236328 2.9376559257507324 16558
719 280.10832747389571 280.00021968648457 19.803749084472656 2.9347920417785645 16581
720 280.10814553201368 280.0002196884941 19.805261611938477 2.9161980152130127 16604
721 280.10796509102261 280.00021969048692 19.814895629882812 2.9355719089508057 16627
722 280.10778613750495 280.00021969246336 19.801458358764648 2.9236969947814941 16650
723 280.10760865816349 280.00021969442332 19.87286376953125 2.9243230819702148 16673
724 280.10743263982027 280.00021969636742 19.796457290649414 2.9256770610809326 16696
725 280.10725806941537 280.00021969829544 19.805364608764648 2.9468228816986084 16719
726 280.1070849340062 280.00021970020748 19.790105819702148 2.9115109443664551 16742
727 280.10691322076599 280.00021970210389 19.801042556762695 2.930833101272583 16765
728 280.10674291698319 280.00021970398478 19.81854248046875 2.9252080917358398 16788
729 280.10657401006017 280.00021970585021 19.806875228881836 2.9142189025878906 16811
730 280.10640648751217 280.0002197077003 19.836093902587891 2.9496350288391113 16834
731 280.10624033696655 280.0002197095352 19.811771392822266 2.9477601051330566 16857
732 280.10607554616138 280.00021971135516 19.793281555175781 2.9465100765228271 16880
733 280.1059121029449 280.00021971316045 19.792865753173828 2.8963019847869873 16903
734 280.10574999527438 280.00021971495073 19.79083251953125 2.9169270992279053 16926
735 280.10558921121475 280.00021971672635 19.818019866943359 2.9104170799255371 16949
736 280.1054297389382 280.0002197184877 19.790729522705078 2.9543230533599854 16972
737 280.10527156672299 280.0002197202345 19.790103912353516 2.9500000476837158 16995
738 280.10511468295238 280.00021972196731 19.797134399414062 2.9537498950958252 17018
739 280.10495907611374 280.00021972368569 19.819843292236328 2.9345839023590088 17041
740 280.10480473479805 280.00021972539037 19.785625457763672 2.9435420036315918 17064
741 280.10465164769806 280.000219727081 19.798280715942383 2.9148430824279785 17087
742 280.10449980360835 280.00021972875794 19.813959121704102 2.9083850383758545 17110
743 280.10434919142369 280.00021973042141 19.792760848999023 2.9880731105804443 17133
744 280.10419980013853 280.00021973207123 19.794374465942383 2.9115629196166992 17156
745 280.10405161884614 280.00021973370787 19.787031173706055 2.9426569938659668 17179
746 280.10390463673735 280.00021973533114 19.792343139648438 2.9063539505004883 17201
747 280.10375884310008 280.00021973694129 19.791875839233398 2.8973948955535889 17224
748 280.1036142273183 280.00021973853836 19.791875839233398 2.9323439598083496 17247
749 280.10347077887099 280.00021974012265 19.793853759765625 2.9443750381469727 17270
750 280.10332848733174 280.00021974169414 19.802761077880859 2.9216670989990234 17293
751 280.10318734236745 280.0002197432529 19.812240600585938 2.947551965713501 17316
752 280.10304733373766 280.00021974479927 19.795259475708008 2.9055728912353516 17339
753 280.1029084512939 280.00021974633302 19.805051803588867 2.9497919082641602 17362
754 280.10277068497845 280.0002197478546 19.803073883056641 2.9022390842437744 17385
755 280.10263402482411 280.00021974936396 19.824115753173828 2.9487500190734863 17408
756 280.10249846095269 280.00021975086111 19.808073043823242 2.9119789600372314 17431
757 280.10236398357483 280.00021975234637 19.798437118530273 2.9357810020446777 17454
758 280.10223058298885 280.00021975381952 19.796823501586914 2.9192190170288086 17477
759 280.10209824958014 280.00021975528108 19.79572868347168 2.9270310401916504 17500
760 280.10196697382014 280.00021975673093 19.790313720703125 2.9160408973693848 17523
761 280.10183674626575 280.00021975816918 19.787500381469727 2.9649999141693115 17546
762 280.10170755755883 280.00021975959601 19.795520782470703 2.9057290554046631 17569
763 280.10157939842475 280.00021976101141 19.828176498413086 2.9412500858306885 17592
764 280.10145225967233 280.0002197624155 19.793905258178711 2.9239590167999268 17615
765 280.10132613219281 280.00021976380845 19.820573806762695 2.9470319747924805 17638
766 280.10120100695872 280.00021976519037 19.797447204589844 2.9075000286102295 17660
767 280.10107687502403 280.0002197665612 19.808542251586914 2.9346868991851807 17683
768 280.10095372752261 280.00021976792141 19.811666488647461 2.9029688835144043 17706
769 280.10083155566798 280.00021976927064 19.799583435058594 2.9363019466400146 17729
770 280.10071035075237 280.00021977060925 19.795467376708984 2.9361460208892822 17752
771 280.10059010414602 280.00021977193728 19.799739837646484 2.9098958969116211 17775
772 280.1004708072968 280.0002197732548 19.796407699584961 2.8946869373321533 17798
773 280.10035245172901 280.00021977456191 19.78828239440918 2.9496870040893555 17821
774 280.10023502904306 280.00021977585874 19.791145324707031 2.8742189407348633 17844
775 280.10011853091453 280.00021977714539 19.805000305175781 2.9474999904632568 17867
776 280.10000294909389 280.00021977842192 19.794374465942383 2.8988549709320068 17890
777 280.09988827540542 280.00021977968839 19.789375305175781 2.9489068984985352 17913
778 280.09977450174671 280.00021978094497 19.790000915527344 2.9619789123535156 17936
779 280.09966162008806 280.00021978219161 19.790468215942383 2.9461979866027832 17959
780 280.09954962247167 280.00021978342841 19.794374465942383 2.9480719566345215 17982
781 280.09943850101109 280.00021978465577 19.798593521118164 2.9544789791107178 18005
782 280.09932824789081 280.00021978587341 19.789167404174805 2.9436459541320801 18028
783 280.09921885536517 280.00021978708162 19.793125152587891 2.950624942779541 18051
784 280.09911031575791 280.00021978828016 19.812604904174805 2.919166088104248 18074
785 280.09900262146175 280.00021978946967 19.839218139648438 2.9427080154418945 18097
786 280.09889576493771 280.00021979064979 19.822031021118164 2.95005202293396 18120
787 280.09878973871412 280.00021979182088 19.792240142822266 2.9257819652557373 18143
788 280.09868453538638 280.00021979298265 19.785312652587891 2.9074480533599854 18166
789 280.09858014761659 280.0002197941356 19.788646697998047 2.962291955947876 18189
790 280.09847656813218 280.00021979527952 19.889322280883789 2.913593053817749 18212
791 280.09837378972611 280.00021979641463 19.833280563354492 2.9244790077209473 18235
792 280.09827180525576 280.00021979754098 19.788490295410156 2.9431769847869873 18258
793 280.09817060764283 280.00021979865852 19.78338623046875 2.9518229961395264 18281
794 280.09807018987215 280.00021979976748 19.786510467529297 2.9289579391479492 18304
795 280.09797054499165 280.00021980086808 19.788801193237305 2.9096360206604004 18327
796 280.09787166611153 280.00021980196016 19.807708740234375 2.9402079582214355 18350
797 280.09777354640374 280.00021980304376 19.828750610351562 2.9322400093078613 18373
798 280.09767617910154 280.00021980411918 19.786405563354492 2.9230730533599854 18395
799 280.09757955749882 280.00021980518619 19.789167404174805 2.9161980152130127 18418
800 280.0974836749495 280.00021980624513 19.797500610351562 2.8810410499572754 18441
801 280.0973885248672 280.00021980729599 19.865104675292969 2.9385418891906738 18464
802 280.09729410072464 280.00021980833884 19.794792175292969 2.9137499332427979 18487
803 280.09720039605281 280.00021980937368 19.796926498413086 2.9246358871459961 18510
804 280.09710740444103 280.00021981040061 19.783645629882812 2.9290111064910889 18533
805 280.09701511953585 280.00021981141998 19.797552108764648 2.9271359443664551 18556
806 280.0969235350409 280.0002198124314 19.78125 2.9129691123962402 18579
807 280.09683264471624 280.00021981343519 19.806665420532227 2.9152600765228271 18602
808 280.09674244237794 280.00021981443143 19.78416633605957 2.9435420036315918 18625
809 280.09665292189737 280.00021981542 19.792396545410156 2.9417710304260254 18648
810 280.09656407720087 280.00021981640134 19.777864456176758 2.9142179489135742 18671
811 280.09647590226939 280.00021981737513 19.788021087646484 2.9498960971832275 18694
812 280.09638839113757 280.00021981834158 19.776874542236328 2.9328649044036865 18717
813 280.09630153789391 280.00021981930075 19.782917022705078 2.964792013168335 18740
814 280.09621533667956 280.00021982025288 19.782655715942383 2.9419269561767578 18763
815 280.09612978168832 280.00021982119773 19.813957214355469 2.934114933013916 18786
816 280.0960448671662 280.00021982213553 19.809167861938477 2.9472908973693848 18809
817 280.09596058741056 280.00021982306635 19.867551803588867 2.9694790840148926 18832
818 280.09587693676997 280.00021982399011 19.788385391235352 2.9252080917358398 18855
819 280.09579390964376 280.00021982490711 19.790468215942383 2.9307808876037598 18878
820 280.09571150048134 280.00021982581723 19.808853149414062 2.9444270133972168 18901
821 280.09562970378192 280.00021982672069 19.828020095825195 2.9837501049041748 18924
822 280.09554851409422 280.00021982761729 19.800365447998047 2.9311459064483643 18947
823 280.09546792601537 280.0002198285074 19.811717987060547 2.9379689693450928 18970
824 280.09538793419136 280.00021982939074 19.816301345825195 2.9401049613952637 18993
825 280.0953085333162 280.00021983026761 19.775468826293945 2.9272921085357666 19016
826 280.09522971813107 280.00021983113822 19.816249847412109 2.9376049041748047 19039
827 280.09515148342473 280.00021983200213 19.790000915527344 2.9364058971405029 19061
828 280.09507382403228 280.00021983285978 19.78338623046875 2.9088020324707031 19084
829 280.09499673483549 280.00021983371124 19.773801803588867 2.9647390842437744 19107
830 280.09492021076176 280.00021983455633 19.78515625 2.908437967300415 19130
831 280.09484424678413 280.00021983539546 19.853645324707031 2.9519789218902588 19153
832 280.09476883792047 280.00021983622815 19.827760696411133 2.9502089023590088 19176
833 280.09469397923357 280.00021983705494 19.833332061767578 2.9342710971832275 19199
834 280.09461966583041 280.00021983787559 19.774896621704102 2.9047389030456543 19222
835 280.09454589286167 280.00021983869038 19.777187347412109 2.9167189598083496 19245
836 280.09447265552177 280.00021983949927 19.792655944824219 2.9372389316558838 19268
837 280.09439994904807 280.00021984030218 19.779218673706055 2.9425520896911621 19291
838 280.09432776872058 280.00021984109941 19.773542404174805 2.9196879863739014 19314
839 280.0942561098617 280.00021984189084 19.772344589233398 2.9318749904632568 19337
840 280.09418496783582 280.00021984267647 19.777187347412109 2.9460940361022949 19360
841 280.09411433804871 280.00021984345659 19.771823883056641 2.9151558876037598 19383
842 280.09404421594752 280.00021984423103 19.864009857177734 2.9161460399627686 19406
843 280.09397459702001 280.00021984499983 19.77734375 2.9080209732055664 19429
844 280.09390547679459 280.00021984576324 19.783124923706055 2.9207820892333984 19452
845 280.09383685083969 280.00021984652113 19.790416717529297 2.9520831108093262 19475
846 280.09376871476331 280.00021984727357 19.76953125 2.9510419368743896 19497
847 280.09370106421312 280.00021984802089 19.769010543823242 2.9283859729766846 19520
848 280.09363389487555 280.00021984876264 19.793125152587891 2.9210939407348633 19543
849 280.09356720247587 280.00021984949922 19.777395248413086 2.949009895324707 19566
850 280.09350098277753 280.00021985023051 19.787603378295898 2.9404680728912354 19589
851 280.09343523158208 280.00021985095663 19.784479141235352 2.9413540363311768 19612
852 280.09336994472858 280.0002198516778 19.819219589233398 2.9460930824279785 19635
853 280.0933051180935 280.00021985239368 19.789531707763672 2.9382810592651367 19658
854 280.09324074759019 280.00021985310468 19.826301574707031 2.9124999046325684 19681
855 280.09317682916878 280.00021985381051 19.785676956176758 2.9323430061340332 19704
856 280.09311335881557 280.00021985451139 19.770936965942383 2.9155209064483643 19727
857 280.09305033255288 280.0002198552076 19.774740219116211 2.94057297706604 19750
858 280.09298774643861 280.00021985589882 19.781978607177734 2.9154689311981201 19773
859 280.09292559656609 280.00021985658515 19.780937194824219 2.9760420322418213 19796
860 280.09286387906371 280.00021985726676 19.773958206176758 2.9205210208892822 19819
861 280.09280259009444 280.00021985794365 19.804584503173828 2.9140110015869141 19842
862 280.09274172585572 280.00021985861582 19.790365219116211 2.9189059734344482 19865
863 280.09268128257906 280.00021985928339 19.782083511352539 2.9354689121246338 19888
864 280.09262125652981 280.00021985994647 19.805103302001953 2.9122920036315918 19911
865 280.09256164400676 280.00021986060477 19.786666870117188 2.9387500286102295 19934
866 280.09250244134171 280.00021986125864 19.78416633605957 2.9429690837860107 19957
867 280.09244364489956 280.00021986190791 19.770572662353516 2.9691669940948486 19980
868 280.09238525107781 280.00021986255297 19.784011840820312 2.9313540458679199 20002
869 280.09232725630613 280.00021986319342 19.78046989440918 2.9555730819702148 20025
870 280.09226965704607 280.00021986382939 19.811458587646484 2.9195830821990967 20048
871 280.0922124497913 280.00021986446131 19.829374313354492 2.9522910118103027 20072
872 280.09215563106653 280.00021986508875 19.820833206176758 2.9185938835144043 20094
873 280.09209919742779 280.0002198657121 19.784896850585938 2.9148430824279785 20117
874 280.09204314546196 280.00021986633107 19.785104751586914 2.9528129100799561 20140
875 280.09198747178652 280.000219866946 19.771041870117188 2.9593749046325684 20163
876 280.09193217304926 280.00021986755667 19.79359245300293 2.9227080345153809 20186
877 280.09187724592806 280.00021986816336 19.841667175292969 2.9048960208892822 20209
878 280.09182268713045 280.0002198687659 19.840000152587891 2.9224479198455811 20232
879 280.0917684933936 280.00021986936434 19.775051116943359 2.9185938835144043 20255
880 280.09171466148388 280.00021986995893 19.774114608764648 2.9057810306549072 20278
881 280.09166118819661 280.00021987054947 19.768697738647461 2.9505209922790527 20301
882 280.09160807035607 280.0002198711361 19.784011840820312 2.90625 20324
883 280.09155530481451 280.00021987171885 19.772968292236328 2.9530730247497559 20347
884 280.09150288845285 280.00021987229781 19.775936126708984 2.9592189788818359 20370
885 280.09145081817968 280.00021987287289 19.829792022705078 2.962968111038208 20393
886 280.09139909093159 280.00021987344411 19.766979217529297 2.9247910976409912 20416
887 280.0913477036724 280.00021987401163 19.769115447998047 2.9167709350585938 20439
888 280.09129665339321 280.00021987457558 19.812969207763672 2.9176039695739746 20462
889 280.09124593711198 280.0002198751356 19.769479751586914 2.9219799041748047 20485
890 280.09119555187357 280.00021987569215 19.759323120117188 2.9603650569915771 20508
891 280.09114549474941 280.00021987624478 19.788228988647461 2.9713020324707031 20531
892 280.09109576283669 280.00021987679412 19.776250839233398 2.9057810306549072 20554
893 280.09104635325923 280.00021987733982 19.767656326293945 2.9408330917358398 20576
894 280.09099726316623 280.00021987788199 19.761770248413086 2.9417710304260254 20599
895 280.09094848973257 280.00021987842075 19.807916641235352 2.9384369850158691 20622
896 280.09090003015848 280.00021987895593 19.769218444824219 2.9272398948669434 20645
897 280.09085188166921 280.00021987948759 19.772655487060547 2.947343111038208 20668
898 280.09080404151484 280.00021988001595 19.78515625 2.9329171180725098 20691
899 280.09075650697031 280.00021988054095 19.790468215942383 2.9294788837432861 20714
900 280.09070927533486 280.00021988106261 19.767864227294922 2.9218230247497559 20737
901 280.09066234393168 280.00021988158085 19.770469665527344 2.9157290458679199 20760
902 280.09061571010835 280.00021988209596 19.798177719116211 2.9134900569915771 20783
903 280.09056937123597 280.00021988260767 19.770208358764648 2.9002599716186523 20806
904 280.09052332470947 280.0002198831163 19.78046989440918 2.9269790649414062 20829
905 280.09047756794678 280.00021988362158 19.777082443237305 2.9809889793395996 20852
906 280.09043209838916 280.00021988412379 19.782291412353516 2.9456770420074463 20875
907 280.09038691350059 280.00021988462277 19.784687042236328 2.9320309162139893 20898
908 280.09034201076838 280.00021988511878 19.848125457763672 2.90625 20921
909 280.09029738770164 280.0002198856115 19.777656555175781 2.9153649806976318 20944
910 280.09025304183211 280.00021988610132 19.784584045410156 2.9325520992279053 20966
911 280.09020897071377 280.00021988658801 19.785469055175781 2.9828128814697266 20989
912 280.09016517192237 280.00021988707175 19.774686813354492 2.910938024520874 21012
913 280.09012164305528 280.00021988755248 19.775104522705078 2.9584379196166992 21035
914 280.09007838173164 280.00021988803013 19.773906707763672 2.9182291030883789 21058
915 280.09003538559182 280.00021988850506 19.776874542236328 2.9128129482269287 21081
916 280.08999265229727 280.00021988897703 19.78692626953125 2.9115619659423828 21104
917 280.08995017953038 280.0002198894461 19.779636383056641 2.9125521183013916 21127
918 280.08990796499461 280.00021988991227 19.768438339233398 2.9391660690307617 21150
919 280.08986600641362 280.00021989037572 19.779947280883789 2.9191150665283203 21173
920 280.08982430153168 280.00021989083626 19.770208358764648 2.9442191123962402 21196
921 280.08978284811315 280.00021989129419 19.776823043823242 2.9728119373321533 21219
922 280.08974164394255 280.00021989174928 19.774999618530273 3.3368749618530273 21242
923 280.08970068682407 280.00021989220147 19.834426879882812 3.3127601146697998 21266
924 280.08965997458199 280.00021989265116 19.835781097412109 3.0420839786529541 21289
925 280.08961950505949 280.00021989309818 19.822708129882812 2.9688019752502441 21312
926 280.08957927611959 280.00021989354246 19.778697967529297 2.9258859157562256 21335
927 280.08953928564421 280.00021989398414 19.778905868530273 2.9540109634399414 21358
928 280.0894995315341 280.0002198944232 19.767969131469727 2.9667708873748779 21381
929 280.08946001170921 280.00021989485953 19.777759552001953 2.9536979198455811 21404
930 280.08942072410787 280.00021989529347 19.775520324707031 2.9141139984130859 21427
931 280.08938166668702 280.00021989572491 19.774478912353516 2.9510939121246338 21450
932 280.08934283742173 280.00021989615379 19.77833366394043 2.9078640937805176 21473
933 280.08930423430542 280.00021989658006 19.774322509765625 2.9442179203033447 21496
934 280.0892658553492 280.00021989700389 19.779010772705078 2.9192190170288086 21519
935 280.08922769858242 280.00021989742538 19.768957138061523 2.9688539505004883 21542
936 280.08918976205155 280.00021989784437 19.784427642822266 2.9172921180725098 21565
937 280.08915204382117 280.00021989826087 19.775520324707031 2.9898960590362549 21588
938 280.08911454197278 280.00021989867508 19.797813415527344 2.9432809352874756 21611
939 280.08907725460517 280.00021989908686 19.78614616394043 2.9545829296112061 21634
940 280.08904017983417 280.0002198994963 19.848176956176758 2.9357810020446777 21657
941 280.08900331579252 280.00021989990336 19.801458358764648 2.9623439311981201 21680
942 280.08896666062969 280.0002199003082 19.780052185058594 2.9246349334716797 21703
943 280.08893021251157 280.00021990071082 19.773229598999023 2.9520320892333984 21726
944 280.08889396962093 280.00021990111094 19.806718826293945 2.9288020133972168 21749
945 280.08885793015622 280.00021990150913 19.779687881469727 2.9303638935089111 21772
946 280.08882209233241 280.00021990190493 19.798490524291992 2.9307808876037598 21794
947 280.08878645438051 280.00021990229851 19.773124694824219 2.9146881103515625 21817
948 280.08875101454709 280.00021990268988 19.778541564941406 2.9256770610809326 21840
949 280.0887157710946 280.00021990307914 19.796665191650391 2.9711461067199707 21863
950 280.08868072230115 280.00021990346625 19.777656555175781 2.950624942779541 21886
951 280.08864586646007 280.00021990385119 19.772083282470703 2.9434370994567871 21909
952 280.08861120188016 280.00021990423403 19.766719818115234 2.9559381008148193 21932
953 280.08857672688509 280.00021990461477 19.770000457763672 2.9560420513153076 21955
954 280.08854243981415 280.00021990499346 19.769790649414062 2.9367189407348633 21978
955 280.08850833902068 280.00021990536999 19.761615753173828 2.9188539981842041 22001
956 280.08847442287333 280.00021990574459 19.767864227294922 2.9244270324707031 22024
957 280.08844068975537 280.0002199061172 19.771562576293945 2.9642190933227539 22047
958 280.08840713806433 280.0002199064877 19.772396087646484 2.9064579010009766 22070
959 280.08837376621216 280.00021990685633 19.835260391235352 2.9534370899200439 22093
960 280.08834057262499 280.0002199072228 19.80583381652832 2.9297399520874023 22116
961 280.08830755574326 280.00021990758751 19.792186737060547 2.9483850002288818 22139
962 280.08827471402111 280.00021990795022 19.79588508605957 2.9489068984985352 22162
963 280.08824204592679 280.00021990831101 19.778802871704102 2.9480209350585938 22185
964 280.08820954994201 280.00021990866986 19.776771545410156 2.9634370803833008 22208
965 280.08817722456223 280.0002199090269 19.769166946411133 2.9423439502716064 22231
966 280.0881450682964 280.000219909382 19.776145935058594 2.9209370613098145 22253
967 280.08811307966675 280.00021990973534 19.79182243347168 2.9438540935516357 22277
968 280.08808125720884 280.00021991008686 19.773490905761719 2.9056251049041748 22299
969 280.08804959947122 280.0002199104365 19.806249618530273 2.9602599143981934 22322
970 280.08801810501552 280.00021991078427 19.775781631469727 2.9555718898773193 22346
971 280.08798677241634 280.00021991113022 19.771144866943359 2.9335939884185791 22368
972 280.08795560026084 280.0002199114744 19.767187118530273 2.9257810115814209 22391
973 280.08792458714908 280.00021991181711 19.772603988647461 2.9502079486846924 22414
974 280.08789373169327 280.00021991215783 19.765312194824219 2.9000520706176758 22437
975 280.08786303251861 280.00021991249696 19.800832748413086 2.9496879577636719 22460
976 280.08783248826217 280.00021991283427 19.814010620117188 2.9042708873748779 22483
977 280.08780209757333 280.00021991316987 19.834165573120117 2.9358339309692383 22506
978 280.08777185911373 280.00021991350377 19.781614303588867 2.934999942779541 22529
979 280.08774177155681 280.00021991383608 19.774271011352539 2.9199481010437012 22552
980 280.08771183358783 280.00021991416679 19.788385391235352 2.9388020038604736 22575
981 280.08768204390412 280.00021991449574 19.807708740234375 2.9529690742492676 22598
982 280.08765240121448 280.00021991482316 19.777187347412109 2.9121348857879639 22621
983 280.08762290423925 280.00021991514905 19.770572662353516 2.9443750381469727 22644
984 280.08759355171031 280.00021991547317 19.799062728881836 2.9209380149841309 22667
985 280.08756434237085 280.00021991579564 19.768228530883789 2.896198034286499 22690
986 280.08753527497532 280.00021991611669 19.766197204589844 2.9086980819702148 22713
987 280.08750634828931 280.00021991643615 19.77052116394043 2.979686975479126 22736
988 280.0874775610896 280.00021991675408 19.786823272705078 2.9328129291534424 22758
989 280.08744891216367 280.00021991707052 19.77229118347168 2.9401040077209473 22781
990 280.08742040031012 280.00021991738538 19.77244758605957 2.9002609252929688 22804
991 280.08739202433821 280.00021991769876 19.768646240234375 2.9189069271087646 22827
992 280.08736378306776 280.0002199180106 19.817863464355469 2.957603931427002 22850
993 280.08733567532914 280.00021991832108 19.773073196411133 2.9265110492706299 22873
994 280.0873076999635 280.00021991863002 19.831094741821289 2.9335939884185791 22896
995 280.08727985582215 280.00021991893749 19.799114227294922 2.9368751049041748 22919
996 280.08725214176661 280.0002199192437 19.781354904174805 2.9285941123962402 22942
997 280.08722455666873 280.00021991954827 19.77166748046875 2.9049479961395264 22965
998 280.08719709941028 280.00021991985147 19.773696899414062 2.9065620899200439 22988
999 280.08716976888337 280.00021992015337 19.772031784057617 2.9474480152130127 23011
1000 280.0871425639898 280.00021992045384 19.777292251586914 2.9443230628967285 23034
1001 280.08711548364124 280.0002199207529 19.780780792236328 2.9674999713897705 23057
1002 280.08708852675903 280.00021992105064 19.767187118530273 2.9208331108093262 23080
1003 280.08706169227418 280.00021992134702 19.809635162353516 2.9359900951385498 23103
1004 280.08703497912751 280.00021992164199 19.772239685058594 2.885261058807373 23126
1005 280.08700838626908 280.0002199219357 19.85218620300293 2.9426040649414062 23149
1006 280.08698191265842 280.00021992222821 19.776405334472656 2.9356250762939453 23171
1007 280.08695555726439 280.00021992251908 19.800573348999023 2.9298439025878906 23194
1008 280.08692931906506 280.00021992280892 19.775730133056641 2.8941669464111328 23217
1009 280.0869031970476 280.0002199230974 19.763959884643555 2.9259889125823975 23240
1010 280.08687719020827 280.00021992338458 19.761665344238281 2.8941669464111328 23263
1011 280.08685129755258 280.00021992367061 19.776874542236328 2.9372389316558838 23286
1012 280.08682551809449 280.00021992395534 19.769269943237305 2.9478640556335449 23309
1013 280.08679985085701 280.00021992423876 19.78026008605957 2.9365630149841309 23332
1014 280.08677429487199 280.0002199245211 19.754999160766602 2.9225521087646484 23355
1015 280.08674884917986 280.00021992480208 19.770364761352539 2.9231250286102295 23378
1016 280.08672351282951 280.00021992508186 19.764322280883789 2.9052081108093262 23401
1017 280.08669828487859 280.00021992536045 19.768072128295898 2.9291150569915771 23424
1018 280.08667316439306 280.00021992563791 19.767917633056641 2.9196879863739014 23447
1019 280.0866481504471 280.00021992591417 19.832342147827148 2.9434380531311035 23470
1020 280.08662324212344 280.00021992618929 19.819948196411133 2.9239060878753662 23493
1021 280.08659843851291 280.00021992646322 19.792448043823242 2.8949999809265137 23515
1022 280.08657373871438 280.00021992673601 19.861354827880859 2.9183330535888672 23538
1023 280.08654914183501 280.00021992700766 19.843593597412109 2.9377610683441162 23561
1024 280.08652464698963 280.00021992727829 19.787551879882812 2.9079170227050781 23584
1025 280.08650025330132 280.00021992754773 19.778020858764648 2.9130730628967285 23607
1026 280.08647595990084 280.00021992781598 19.77130126953125 2.9031250476837158 23630
1027 280.08645176592671 280.00021992808314 19.798177719116211 2.959583044052124 23653
1028 280.08642767052527 280.00021992834917 19.773593902587891 2.9050519466400146 23676
1029 280.08640367285034 280.00021992861423 19.776979446411133 2.9349479675292969 23699
1030 280.08637977206354 280.0002199288781 19.772499084472656 2.9260940551757812 23722
1031 280.08635596733376 280.00021992914117 19.774791717529297 2.9404690265655518 23745
1032 280.08633225783751 280.00021992940304 19.772188186645508 2.9045829772949219 23768
1033 280.08630864275852 280.00021992966367 19.830259323120117 2.9208331108093262 23791
1034 280.08628512128791 280.00021992992362 19.768646240234375 2.9257810115814209 23814
1035 280.08626169262402 280.00021993018225 19.799427032470703 2.9447920322418213 23837
1036 280.08623835597245 280.00021993044004 19.787969589233398 2.9352600574493408 23860
1037 280.08621511054571 280.00021993069669 19.793020248413086 2.9688019752502441 23883
1038 280.08619195556349 280.00021993095254 19.76854133605957 2.9207289218902588 23906
1039 280.08616889025251 280.0002199312072 19.778280258178711 2.9634890556335449 23928
1040 280.08614591384634 280.000219931461 19.776613235473633 2.8923439979553223 23951
1041 280.08612302558538 280.00021993171373 19.800937652587891 2.9613540172576904 23974
1042 280.0861002247168 280.00021993196549 19.762239456176758 2.934636116027832 23997
1043 280.08607751049476 280.0002199322164 19.763698577880859 2.9645318984985352 24020
1044 280.08605488217961 280.00021993246634 19.793281555175781 2.962083101272583 24043
1045 280.08603233903887 280.00021993271525 19.836250305175781 2.9588019847869873 24066
1046 280.08600988034618 280.00021993296338 19.760833740234375 2.9077610969543457 24089
1047 280.08598750538192 280.00021993321053 19.761665344238281 2.9331250190734863 24112
1048 280.08596521343293 280.00021993345661 19.838958740234375 2.8967189788818359 24135
1049 280.08594300379212 280.00021993370206 19.766510009765625 2.9369790554046631 24158
1050 280.08592087575909 280.00021993394625 19.799478530883789 2.8814060688018799 24181
1051 280.08589882863959 280.00021993418989 19.768177032470703 2.9648439884185791 24204
1052 280.08587686174548 280.00021993443249 19.764530181884766 2.9501049518585205 24227
1053 280.08585497439481 280.00021993467408 19.760469436645508 2.9415109157562256 24250
1054 280.08583316591177 280.00021993491498 19.799739837646484 2.9297389984130859 24273
1055 280.08581143562668 280.00021993515503 19.766458511352539 2.952239990234375 24296
1056 280.08578978287568 280.00021993539417 19.812917709350586 2.9455211162567139 24319
1057 280.08576820700097 280.00021993563246 19.811197280883789 2.9743750095367432 24342
1058 280.08574670735061 280.00021993586984 19.783853530883789 2.9545319080352783 24365
1059 280.08572528327841 280.00021993610648 19.766874313354492 2.9115109443664551 24388
1060 280.08570393414408 280.00021993634232 19.773698806762695 2.9439060688018799 24410
1061 280.08568265931297 280.00021993657725 19.775989532470703 2.9262499809265137 24433
1062 280.0856614581561 280.00021993681139 19.828645706176758 2.9421350955963135 24457
1063 280.08564033005024 280.00021993704479 19.780729293823242 2.9589059352874756 24480
1064 280.08561927437756 280.00021993727717 19.763957977294922 2.9039061069488525 24502
1065 280.08559829052598 280.00021993750903 19.796146392822266 2.9577600955963135 24525
1066 280.08557737788863 280.00021993774004 19.801250457763672 2.9312500953674316 24548
1067 280.08555653586421 280.00021993797014 19.813386917114258 2.9478120803833008 24572
1068 280.08553576385674 280.00021993819962 19.773229598999023 2.9582810401916504 24594
1069 280.08551506127571 280.00021993842819 19.769374847412109 2.9455211162567139 24617
1070 280.08549442753576 280.00021993865613 19.769842147827148 2.9386980533599854 24640
1071 280.08547386205674 280.00021993888316 19.787969589233398 2.956510066986084 24663
1072 280.08545336426374 280.00021993910957 19.798906326293945 2.9341659545898438 24686
1073 280.08543293358713 280.00021993933524 19.782447814941406 2.9577090740203857 24709
1074 280.08541256946199 280.00021993956022 19.80192756652832 2.9482810497283936 24732
1075 280.08539227132889 280.00021993978436 19.774948120117188 2.924375057220459 24755
1076 280.08537203863324 280.0002199400077 19.816926956176758 2.8980729579925537 24778
1077 280.08535187082515 280.00021994023047 19.780521392822266 2.925468921661377 24801
1078 280.08533176736006 280.00021994045255 19.809947967529297 2.9054160118103027 24824
1079 280.08531172769801 280.00021994067384 19.826719284057617 2.925468921661377 24847
1080 280.085291751304 280.00021994089445 19.802238464355469 2.8982810974121094 24870
1081 280.08527183764778 280.00021994111449 19.777759552001953 2.9598960876464844 24893
1082 280.08525198620379 280.00021994133368 19.827915191650391 2.8983330726623535 24916
1083 280.08523219645105 280.0002199415523 19.770156860351562 2.9364058971405029 24939
1084 280.0852124678737 280.00021994177013 19.793228149414062 2.9076559543609619 24962
1085 280.08519279995977 280.00021994198733 19.825000762939453 2.9498960971832275 24985
1086 280.08517319220272 280.00021994220384 19.764062881469727 2.940000057220459 25008
1087 280.08515364409971 280.00021994241968 19.760156631469727 2.9408860206604004 25031
1088 280.08513415515301 280.00021994263494 19.81953239440918 2.9299468994140625 25054
1089 280.08511472486902 280.00021994284964 19.772760391235352 2.9232809543609619 25077
1090 280.08509535275851 280.00021994306354 19.787864685058594 2.9306249618530273 25099
1091 280.08507603833704 280.00021994327687 19.771406173706055 2.9560420513153076 25122
1092 280.08505678112391 280.00021994348953 19.767864227294922 2.9311978816986084 25145
1093 280.08503758064319 280.0002199437015 19.812082290649414 2.8871870040893555 25168
1094 280.08501843642296 280.00021994391301 19.759426116943359 2.9176039695739746 25191
1095 280.08499934799562 280.00021994412384 19.803489685058594 2.9242188930511475 25214
1096 280.08498031489756 280.00021994433399 19.78026008605957 2.8948960304260254 25237
1097 280.08496133666966 280.00021994454369 19.785104751586914 2.9410419464111328 25260
1098 280.08494241285666 280.00021994475259 19.757030487060547 2.9068229198455811 25283
1099 280.08492354300728 280.00021994496103 19.766250610351562 2.9091670513153076 25306
1100 280.08490472667455 280.00021994516879 19.787656784057617 2.9158329963684082 25329
1101 280.08488596341527 280.0002199453761 19.786354064941406 2.9580729007720947 25352
1102 280.08486725279027 280.00021994558267 19.81755256652832 2.9463019371032715 25375
1103 280.08484859436447 280.00021994578879 19.764480590820312 2.9546880722045898 25398
1104 280.08482998770626 280.00021994599422 19.762552261352539 2.902656078338623 25421
1105 280.08481143238828 280.00021994619919 19.779895782470703 2.9710929393768311 25443
1106 280.08479292798683 280.0002199464036 19.795312881469727 2.9115099906921387 25466
1107 280.084774474082 280.00021994660733 19.765729904174805 2.9468228816986084 25489
1108 280.0847560702577 280.0002199468106 19.768228530883789 2.9167709350585938 25512
1109 280.08473771610136 280.00021994701331 19.76838493347168 2.902864933013916 25535
1110 280.08471941120445 280.00021994721544 19.808124542236328 2.9176559448242188 25558
1111 280.08470115516172 280.00021994741701 19.772552490234375 2.9652600288391113 25581
1112 280.08468294757176 280.00021994761829 19.775886535644531 2.9216659069061279 25604
1113 280.08466478803655 280.00021994781872 19.763906478881836 2.955625057220459 25627
1114 280.08464667616192 280.0002199480187 19.777135848999023 2.9285941123962402 25650
1115 280.08462861155704 280.00021994821833 19.767187118530273 2.9459900856018066 25673
1116 280.08461059383444 280.00021994841723 19.83531379699707 2.9354689121246338 25696
1117 280.08459262261033 280.00021994861578 19.761093139648438 2.9047400951385498 25719
1118 280.08457469750431 280.00021994881365 19.769063949584961 2.917396068572998 25742
1119 280.08455681813928 280.00021994901124 19.770729064941406 2.9739580154418945 25765
1120 280.08453898414155 280.00021994920814 19.862655639648438 2.9516150951385498 25788
1121 280.08452119514089 280.00021994940465 19.771926879882812 2.9541139602661133 25811
1122 280.08450345077017 280.00021994960059 19.782655715942383 2.9683339595794678 25834
1123 280.08448575066558 280.00021994979608 19.779947280883789 2.9441149234771729 25856
1124 280.08446809446673 280.00021994999094 19.779218673706055 2.8957290649414062 25879
1125 280.08445048181625 280.00021995018557 19.810104370117188 2.9543230533599854 25902
1126 280.08443291236 280.00021995037963 19.818386077880859 2.9280209541320801 25925
1127 280.08441538574721 280.00021995057313 19.763696670532227 2.9448959827423096 25948
1128 280.08439790162981 280.00021995076628 19.76953125 2.9488539695739746 25971
1129 280.08438045966335 280.00021995095892 19.771406173706055 2.9279170036315918 25994
1130 280.08436305950596 280.00021995115105 19.789323806762695 2.9275519847869873 26017
1131 280.08434570081926 280.00021995134273 19.759374618530273 2.9004170894622803 26040
1132 280.08432838326758 280.00021995153389 19.76057243347168 2.9209370613098145 26063
1133 280.08431110651833 280.00021995172489 19.757343292236328 2.949167013168335 26086
1134 280.08429387024188 280.0002199519152 19.758228302001953 2.8904690742492676 26109
1135 280.08427667411178 280.00021995210517 19.770156860351562 2.9692709445953369 26132
1136 280.08425951780413 280.00021995229457 19.762760162353516 2.9503130912780762 26155
1137 280.08424240099805 280.00021995248363 19.765468597412109 2.9474999904632568 26178
1138 280.08422532337568 280.0002199526723 19.781406402587891 2.9428119659423828 26201
1139 280.08420828462164 280.00021995286045 19.780780792236328 2.9438021183013916 26223
1140 280.08419128442375 280.00021995304814 19.769687652587891 2.9454159736633301 26246
1141 280.08417432247245 280.0002199532355 19.787187576293945 2.9393229484558105 26269
1142 280.08415739846095 280.00021995342246 19.767917633056641 3.0167710781097412 26292
1143 280.08414051208507 280.00021995360885 19.883594512939453 3.2177610397338867 26316
1144 280.08412366304367 280.00021995379501 19.794322967529297 2.9710938930511475 26339
1145 280.0841068510378 280.00021995398066 19.803646087646484 2.9514060020446777 26362
1146 280.08409007577166 280.00021995416591 19.797136306762695 2.9339070320129395 26385
1147 280.08407333695197 280.00021995435077 19.79119873046875 2.9277079105377197 26408
1148 280.08405663428778 280.00021995453528 19.766302108764648 2.9298439025878906 26431
1149 280.08403996749098 280.00021995471928 19.758020401000977 2.9576559066772461 26454
1150 280.08402333627618 280.000219954903 19.771509170532227 2.9160940647125244 26477
1151 280.08400674036011 280.00021995508632 19.770624160766602 2.950261116027832 26500
1152 280.08399017946232 280.00021995526919 19.76953125 2.9272921085357666 26523
1153 280.08397365330489 280.00021995545171 19.768177032470703 2.9514060020446777 26546
1154 280.0839571616122 280.00021995563378 19.760833740234375 2.9201040267944336 26569
1155 280.08394070411123 280.00021995581557 19.776250839233398 2.9153640270233154 26592
1156 280.08392428053128 280.00021995599707 19.757499694824219 2.9227609634399414 26615
1157 280.08390789060417 280.000219956178 19.782394409179688 2.957240104675293 26638
1158 280.08389153406409 280.00021995635871 19.769895553588867 3.0096869468688965 26661
1159 280.08387521064742 280.00021995653901 19.817916870117188 2.948124885559082 26684
1160 280.08385892009323 280.00021995671898 19.818958282470703 2.9631249904632568 26707
1161 280.08384266214262 280.00021995689849 19.787082672119141 2.9598441123962402 26730
1162 280.08382643653908 280.00021995707755 19.763645172119141 2.9290618896484375 26753
1163 280.08381024302844 280.00021995725649 19.796354293823242 2.9526040554046631 26776
1164 280.08379408135886 280.00021995743492 19.768802642822266 2.8816149234771729 26799
1165 280.08377795128041 280.00021995761313 19.757083892822266 2.9525520801544189 26822
1166 280.08376185254588 280.00021995779082 19.774635314941406 2.9425530433654785 26845
1167 280.08374578490981 280.00021995796828 19.788280487060547 2.9102609157562256 26868
1168 280.08372974812931 280.00021995814541 19.764739990234375 2.9096360206604004 26890
1169 280.08371374196327 280.00021995832225 19.800104141235352 2.945573091506958 26913
1170 280.08369776617303 280.00021995849869 19.80406379699707 2.9563539028167725 26936
1171 280.08368182052186 280.00021995867479 19.758697509765625 2.9617710113525391 26959
1172 280.08366590477539 280.00021995885055 19.758594512939453 2.9334890842437744 26982
1173 280.08365001870101 280.00021995902603 19.854270935058594 2.9434370994567871 27005
1174 280.08363416206839 280.00021995920116 19.791353225708008 2.9034380912780762 27028
1175 280.08361833464926 280.00021995937595 19.771875381469727 2.9266660213470459 27051
1176 280.08360253621726 280.00021995955035 19.765260696411133 2.9101040363311768 27074
1177 280.08358676654808 280.00021995972452 19.775781631469727 2.966249942779541 27097
1178 280.08357102541964 280.0002199598984 19.804843902587891 2.9327609539031982 27120
1179 280.0835553126114 280.00021996007189 19.773229598999023 2.9744279384613037 27143
1180 280.08353962790511 280.00021996024515 19.766666412353516 2.9157810211181641 27166
1181 280.08352397108439 280.00021996041801 19.761667251586914 2.9411458969116211 27189
1182 280.08350834193476 280.0002199605907 19.760990142822266 2.9204170703887939 27212
1183 280.08349274024368 280.00021996076299 19.78010368347168 2.9355208873748779 27235
1184 280.08347716580039 280.00021996093494 19.760990142822266 2.9002609252929688 27257
1185 280.0834616183962 280.00021996110672 19.793489456176758 2.9667708873748779 27280
1186 280.08344609782409 280.00021996127811 19.814531326293945 2.9504690170288086 27303
1187 280.08343060387904 280.0002199614492 19.775260925292969 2.9522919654846191 27326
1188 280.08341513635764 280.00021996162008 19.807395935058594 2.9227080345153809 27349
1189 280.08339969505857 280.00021996179066 19.783645629882812 2.9117190837860107 27372
1190 280.08338427978219 280.00021996196085 19.805469512939453 2.9158339500427246 27395
1191 280.08336889033035 280.00021996213087 19.769634246826172 2.9407289028167725 27418
1192 280.08335352650721 280.00021996230055 19.758333206176758 2.8955729007720947 27441
1193 280.0833381881182 280.00021996246988 19.762292861938477 2.9386980533599854 27464
1194 280.08332287497075 280.00021996263911 19.761093139648438 2.9295830726623535 27487
1195 280.08330758687379 280.00021996280788 19.767709732055664 2.9204690456390381 27510
1196 280.08329232363809 280.00021996297647 19.76447868347168 2.9439060688018799 27533
1197 280.08327708507625 280.00021996314479 19.767812728881836 2.9238018989562988 27556
1198 280.08326187100215 280.0002199633127 19.761667251586914 2.9140620231628418 27579
1199 280.0832466812318 280.00021996348056 19.810312271118164 2.9428648948669434 27602
1200 280.08323151558221 280.00021996364802 19.817134857177734 2.9442191123962402 27624
1201 280.08321637387274 280.00021996381525 19.791561126708984 2.9320840835571289 27647
1202 280.08320125592383 280.0002199639822 19.762083053588867 2.9192709922790527 27670
1203 280.08318616155782 280.00021996414893 19.817968368530273 2.9386980533599854 27693
1204 280.08317109059828 280.00021996431548 19.768592834472656 2.9232809543609619 27716
1205 280.08315604287088 280.00021996448152 19.813125610351562 2.960676908493042 27739
1206 280.0831410182023 280.00021996464756 19.757343292236328 2.9236979484558105 27762
1207 280.08312601642103 280.0002199648132 19.7890625 2.9149999618530273 27785
1208 280.08311103735701 280.00021996497856 19.762447357177734 2.9042708873748779 27808
1209 280.08309608084187 280.00021996514386 19.789115905761719 2.9574480056762695 27831
1210 280.08308114670848 280.0002199653087 19.771875381469727 2.9346880912780762 27854
1211 280.08306623479132 280.00021996547338 19.763906478881836 2.9370839595794678 27877
1212 280.08305134492633 280.00021996563783 19.762031555175781 2.9140100479125977 27900
1213 280.08303647695084 280.00021996580199 19.7890625 2.9326560497283936 27923
1214 280.08302163070374 280.00021996596598 19.799999237060547 2.9121348857879639 27946
1215 280.08300680602537 280.00021996612969 19.803646087646484 2.9665100574493408 27969
1216 280.08299200275729 280.00021996629323 19.757656097412109 2.9468228816986084 27992
1217 280.08297722074263 280.00021996645643 19.754791259765625 2.9530210494995117 28014
1218 280.08296245982586 280.00021996661945 19.782552719116211 2.8943750858306885 28037
1219 280.08294771985288 280.00021996678225 19.796197891235352 2.9265620708465576 28060
1220 280.08293300067095 280.00021996694483 19.762447357177734 2.9086449146270752 28083
1221 280.08291830212858 280.00021996710717 19.768594741821289 2.919687032699585 28106
1222 280.08290362407564 280.00021996726923 19.75718879699707 2.9288020133972168 28129
1223 280.08288896636344 280.00021996743118 19.838905334472656 2.9418230056762695 28152
1224 280.08287432884464 280.0002199675929 19.761198043823242 2.9175519943237305 28175
1225 280.08285971137309 280.00021996775433 19.764583587646484 2.9552600383758545 28198
1226 280.08284511380396 280.00021996791548 19.770624160766602 2.9172909259796143 28221
1227 280.08283053599376 280.00021996807646 19.769947052001953 2.9459888935089111 28244
1228 280.08281597780007 280.00021996823722 19.764219284057617 2.9151039123535156 28267
1229 280.082801439082 280.00021996839786 19.862813949584961 2.9279160499572754 28290
1230 280.08278691969986 280.0002199685581 19.769010543823242 2.9518749713897705 28313
1231 280.08277241951504 280.0002199687184 19.766040802001953 2.965886116027832 28336
1232 280.08275793839039 280.00021996887813 19.763698577880859 2.9441149234771729 28358
1233 280.08274347618965 280.00021996903803 19.756093978881836 2.9180729389190674 28381
1234 280.08272903277816 280.00021996919753 19.757135391235352 2.8811459541320801 28404
1235 280.08271460802206 280.00021996935681 19.751718521118164 2.9197919368743896 28427
1236 280.08270020178901 280.00021996951585 19.799114227294922 2.9288020133972168 28450
1237 280.08268581394771 280.00021996967473 19.765937805175781 2.9589059352874756 28473
1238 280.08267144436792 280.00021996983355 19.760208129882812 2.9323949813842773 28496
1239 280.08265709292073 280.00021996999197 19.758176803588867 2.9176559448242188 28519
1240 280.08264275947823 280.00021997015028 19.749687194824219 2.9007298946380615 28542
1241 280.08262844391379 280.00021997030842 19.795103073120117 2.9448959827423096 28565
1242 280.08261414610172 280.00021997046622 19.753801345825195 2.9641139507293701 28588
1243 280.08259986591759 280.00021997062402 19.755834579467773 2.9086980819702148 28611
1244 280.08258560323804 280.00021997078159 19.757396697998047 2.9088020324707031 28633
1245 280.08257135794071 280.00021997093876 19.783073425292969 2.965364933013916 28656
1246 280.0825571299045 280.00021997109599 19.747915267944336 2.9125521183013916 28679
1247 280.08254291900914 280.00021997125293 19.752552032470703 2.9159379005432129 28702
1248 280.08252872513566 280.00021997140971 19.765155792236328 2.9432289600372314 28725
1249 280.08251454816605 280.00021997156625 19.772811889648438 2.945051908493042 28748
1250 280.08250038798326 280.00021997172263 19.764688491821289 2.9023950099945068 28771
1251 280.08248624447151 280.00021997187889 19.772552490234375 2.957240104675293 28794
1252 280.08247211751575 280.00021997203493 19.795209884643555 2.9473440647125244 28817
1253 280.08245800700206 280.00021997219079 19.815000534057617 2.9494268894195557 28840
1254 280.08244391281767 280.00021997234643 19.761093139648438 2.9198949337005615 28863
1255 280.08242983485059 280.0002199725019 19.765417098999023 2.9377601146697998 28886
1256 280.08241577298998 280.00021997265719 19.764738082885742 2.9130730628967285 28909
1257 280.08240172712595 280.00021997281232 19.761093139648438 2.9525520801544189 28932
1258 280.0823876971495 280.00021997296733 19.780052185058594 2.9115109443664551 28955
1259 280.08237368295261 280.00021997312211 19.783176422119141 2.9510939121246338 28978
1260 280.08235968442824 280.00021997327667 19.748697280883789 2.9142711162567139 29001
1261 280.08234570147044 280.00021997343106 19.776510238647461 2.9505729675292969 29024
1262 280.08233173397389 280.00021997358527 19.760780334472656 2.93442702293396 29046
1263 280.08231778183449 280.00021997373943 19.756509780883789 2.9536459445953369 29069
1264 280.08230384494897 280.00021997389325 19.75 2.9316151142120361 29092
1265 280.08228992321483 280.00021997404707 19.766250610351562 2.9457809925079346 29115
1266 280.08227601653056 280.00021997420072 19.758646011352539 2.9388020038604736 29138
1267 280.08226212479576 280.00021997435414 19.766042709350586 2.9345319271087646 29161
1268 280.08224824791051 280.00021997450739 19.769426345825195 2.9007809162139893 29184
1269 280.08223438577619 280.00021997466047 19.761562347412109 2.9252080917358398 29207
1270 280.08222053829473 280.00021997481338 19.75489616394043 2.9187500476837158 29230
1271 280.08220670536912 280.00021997496623 19.747968673706055 2.9751040935516357 29253
1272 280.08219288690304 280.00021997511863 19.798072814941406 2.9380729198455811 29276
1273 280.08217908280119 280.00021997527125 19.744739532470703 2.9488539695739746 29299
1274 280.08216529296908 280.00021997542353 19.75078010559082 2.9411449432373047 29322
1275 280.08215151731275 280.00021997557565 19.758697509765625 2.9164071083068848 29344
1276 280.08213775573961 280.0002199757277 19.778644561767578 2.8798959255218506 29367
1277 280.08212400815756 280.00021997587953 19.741874694824219 2.9283859729766846 29390
1278 280.08211027447533 280.00021997603119 19.742082595825195 2.904062032699585 29413
1279 280.08209655460234 280.00021997618262 19.728021621704102 2.9115619659423828 29436
1280 280.08208284844915 280.00021997633405 19.724269866943359 2.9255731105804443 29458
1281 280.08206915592666 280.00021997648531 19.734739303588867 2.9193229675292969 29481
1282 280.082055476947 280.00021997663623 19.756614685058594 2.8952610492706299 29504
1283 280.08204181142293 280.00021997678738 19.735469818115234 2.9470310211181641 29527
1284 280.08202815926768 280.00021997693807 19.761613845825195 2.9424479007720947 29550
1285 280.08201452039572 280.0002199770887 19.74333381652832 2.9588019847869873 29573
1286 280.08200089472189 280.00021997723906 19.777761459350586 2.9259378910064697 29595
1287 280.08198728216195 280.00021997738941 19.737813949584961 2.8923959732055664 29618
1288 280.08197368263245 280.00021997753964 19.727968215942383 2.9039580821990967 29641
1289 280.08196009605052 280.00021997768971 19.733438491821289 2.9380729198455811 29664
1290 280.08194652233414 280.00021997783961 19.726354598999023 2.9133329391479492 29687
1291 280.08193296140206 280.00021997798933 19.743959426879883 2.95619797706604 29709
1292 280.08191941317352 280.00021997813906 19.735311508178711 2.9056251049041748 29732
1293 280.08190587756866 280.00021997828844 19.793281555175781 2.9432289600372314 29755
1294 280.08189235450828 280.00021997843794 19.741510391235352 2.9072909355163574 29778
1295 280.0818788439139 280.00021997858704 19.775833129882812 2.9312500953674316 29801
1296 280.08186534570763 280.00021997873614 19.734895706176758 2.916301965713501 29824
1297 280.08185185981239 280.00021997888513 19.743021011352539 2.90317702293396 29846
1298 280.08183838615173 280.00021997903394 19.73713493347168 2.9232809543609619 29869
1299 280.08182492464977 280.00021997918265 19.745208740234375 2.9426040649414062 29892
1300 280.08181147523152 280.00021997933112 19.732292175292969 2.911823034286499 29915
1301 280.08179803782247 280.00021997947948 19.72755241394043 2.92671799659729 29938
1302 280.08178461234871 280.00021997962773 19.743593215942383 2.8685929775238037 29960
1303 280.08177119873721 280.00021997977598 19.739166259765625 2.9423959255218506 29983
1304 280.08175779691538 280.00021997992388 19.727031707763672 2.8716659545898438 30006
1305 280.08174440681137 280.00021998007185 19.78046989440918 2.8990099430084229 30029
1306 280.08173102835383 280.00021998021964 19.726041793823242 2.9353640079498291 30052
1307 280.0817176614724 280.00021998036721 19.791145324707031 2.9266669750213623 30074
1308 280.08170430609675 280.00021998051477 19.743282318115234 2.9127600193023682 30097
1309 280.08169096215778 280.00021998066211 19.74494743347168 2.9091670513153076 30120
1310 280.08167762958647 280.00021998080933 19.752344131469727 2.8913021087646484 30143
1311 280.08166430831471 280.00021998095644 19.800678253173828 2.9254159927368164 30166
1312 280.08165099827499 280.00021998110338 19.732656478881836 2.8790099620819092 30189
1313 280.08163769940018 280.00021998125044 19.747186660766602 2.9260940551757812 30211
1314 280.08162441162409 280.00021998139709 19.766458511352539 2.8976039886474609 30234
1315 280.08161113488069 280.00021998154381 19.734479904174805 2.8907289505004883 30257
1316 280.08159786910483 280.00021998169029 19.763645172119141 2.9242179393768311 30280
1317 280.08158461423176 280.00021998183661 19.727811813354492 2.9185419082641602 30303
1318 280.08157137019754 280.00021998198298 19.727760314941406 2.8576560020446777 30325
1319 280.08155813693844 280.00021998212901 19.735729217529297 2.9310410022735596 30348
1320 280.08154491439149 280.0002199822751 19.812604904174805 2.8765099048614502 30371
1321 280.08153170249443 280.00021998242096 19.738801956176758 2.9392189979553223 30394
1322 280.08151850118509 280.00021998256676 19.737709045410156 2.9231250286102295 30417
1323 280.08150531040235 280.00021998271251 19.731563568115234 2.9183850288391113 30439
1324 280.08149213008534 280.00021998285808 19.734270095825195 2.9252090454101562 30462
1325 280.08147896017368 280.00021998300343 19.805313110351562 2.92010498046875 30485
1326 280.0814658006077 280.00021998314884 19.73338508605957 2.9006249904632568 30508
1327 280.08145265132816 280.00021998329402 19.74317741394043 2.9263019561767578 30531
1328 280.08143951227629 280.00021998343919 19.730573654174805 2.9209380149841309 30553
1329 280.08142638339382 280.00021998358409 19.728958129882812 2.8986449241638184 30576
1330 280.08141326462322 280.00021998372898 19.743280410766602 2.8815100193023682 30599
1331 280.08140015590732 280.00021998387382 19.768072128295898 2.9209890365600586 30622
1332 280.08138705718926 280.00021998401843 19.729166030883789 2.8685929775238037 30645
1333 280.08137396841289 280.00021998416292 19.746614456176758 2.8862500190734863 30667
1334 280.0813608895225 280.00021998430753 19.726770401000977 2.895313024520874 30690
1335 280.0813478204629 280.00021998445186 19.742082595825195 2.948854923248291 30713
1336 280.08133476117933 280.00021998459607 19.748594284057617 2.9175000190734863 30736
1337 280.08132171161759 280.00021998474023 19.739217758178711 2.9141139984130859 30758
1338 280.08130867172378 280.00021998488427 19.734947204589844 2.9270830154418945 30781
1339 280.08129564144463 280.00021998502808 19.803176879882812 2.9108340740203857 30804
1340 280.08128262072722 280.00021998517178 19.736822128295898 2.9304680824279785 30827
1341 280.08126960951927 280.0002199853156 19.776145935058594 2.9380729198455811 30850
1342 280.08125660776869 280.00021998545907 19.787551879882812 2.8928639888763428 30873
1343 280.08124361542423 280.00021998560271 19.739791870117188 2.9279689788818359 30896
1344 280.0812306324346 280.00021998574601 19.735416412353516 2.9427609443664551 30918
1345 280.08121765874927 280.00021998588926 19.736406326293945 2.9020829200744629 30941
1346 280.08120469431816 280.0002199860325 19.735000610351562 2.916301965713501 30964
1347 280.08119173909154 280.00021998617552 19.745208740234375 2.9145829677581787 30987
1348 280.08117879301994 280.00021998631854 19.739999771118164 2.9280200004577637 31010
1349 280.08116585605472 280.00021998646139 19.729740142822266 2.9439070224761963 31032
1350 280.08115292814739 280.00021998660418 19.734426498413086 2.9315109252929688 31055
1351 280.08114000924985 280.00021998674691 19.731302261352539 2.9433329105377197 31078
1352 280.08112709931459 280.00021998688948 19.726354598999023 2.9086461067199707 31101
1353 280.08111419829442 280.00021998703198 19.724895477294922 2.9363539218902588 31124
1354 280.08110130614244 280.00021998717443 19.732032775878906 2.9064059257507324 31147
1355 280.08108842281246 280.00021998731665 19.728437423706055 2.9471869468688965 31169
1356 280.08107554825841 280.00021998745882 19.721250534057617 2.8858330249786377 31192
1357 280.08106268243472 280.00021998760093 19.727500915527344 2.9069790840148926 31215
1358 280.08104982529625 280.00021998774287 19.749687194824219 2.9242711067199707 31238
1359 280.08103697679826 280.00021998788469 19.742343902587891 2.938230037689209 31261
1360 280.08102413689625 280.00021998802657 19.763072967529297 2.892240047454834 31283
1361 280.08101130554627 280.00021998816823 19.735000610351562 2.9390621185302734 31306
1362 280.08099848270467 280.00021998830994 19.724428176879883 2.8686459064483643 31329
1363 280.08098566832825 280.00021998845148 19.736719131469727 3.0578129291534424 31352
1364 280.0809728623741 280.00021998859296 19.831510543823242 2.9856250286102295 31375
1365 280.08096006479963 280.00021998873427 19.763385772705078 2.9312500953674316 31398
1366 280.08094727556289 280.00021998887547 19.769166946411133 2.9283850193023682 31421
1367 280.08093449462189 280.00021998901673 19.75505256652832 2.8953649997711182 31444
1368 280.08092172193545 280.00021998915764 19.729270935058594 2.9132809638977051 31467
1369 280.08090895746227 280.0002199892985 19.735780715942383 2.9136979579925537 31489
1370 280.08089620116192 280.00021998943953 19.729427337646484 2.8950519561767578 31512
1371 280.08088345299382 280.00021998958033 19.76348876953125 2.9197919368743896 31535
1372 280.08087071291806 280.00021998972102 19.739219665527344 2.9143750667572021 31558
1373 280.08085798089496 280.00021998986159 19.728229522705078 2.9332818984985352 31581
1374 280.08084525688525 280.00021999000217 19.774738311767578 2.925990104675293 31603
1375 280.08083254085 280.00021999014257 19.742708206176758 2.9289069175720215 31626
1376 280.08081983275042 280.00021999028297 19.735572814941406 2.8695309162139893 31649
1377 280.08080713254839 280.0002199904232 19.812707901000977 2.9352090358734131 31672
1378 280.08079444020575 280.00021999056338 19.727863311767578 2.9221360683441162 31695
1379 280.080781755685 280.0002199907035 19.754739761352539 2.9865100383758545 31718
1380 280.08076907894878 280.00021999084356 19.763957977294922 2.9220309257507324 31741
1381 280.08075640995997 280.00021999098351 19.77734375 2.9227080345153809 31763
1382 280.0807437486821 280.00021999112329 19.733957290649414 2.9271349906921387 31786
1383 280.08073109507865 280.00021999126301 19.72932243347168 2.9374480247497559 31809
1384 280.08071844911359 280.00021999140273 19.727239608764648 2.9255731105804443 31832
1385 280.08070581075128 280.00021999154228 19.747030258178711 2.935884952545166 31855
1386 280.0806931799562 280.00021999168166 19.765729904174805 2.9312500953674316 31878
1387 280.08068055669304 280.00021999182104 19.72593879699707 2.914531946182251 31900
1388 280.08066794092724 280.00021999196042 19.776405334472656 2.909843921661377 31923
1389 280.08065533262419 280.00021999209963 19.742031097412109 2.9255208969116211 31946
1390 280.08064273174955 280.0002199922389 19.730937957763672 2.9145309925079346 31969
1391 280.08063013826961 280.00021999237794 19.746509552001953 2.910728931427002 31992
1392 280.0806175521505 280.00021999251697 19.762136459350586 2.8946869373321533 32014
1393 280.08060497335885 280.00021999265596 19.720209121704102 2.8969790935516357 32037
1394 280.08059240186179 280.00021999279465 19.727865219116211 2.9175000190734863 32060
1395 280.08057983762626 280.00021999293341 19.739219665527344 2.9223959445953369 32083
1396 280.0805672806199 280.00021999307222 19.746250152587891 2.9282290935516357 32106
1397 280.08055473081055 280.00021999321081 19.766979217529297 2.9485421180725098 32129
1398 280.08054218816613 280.00021999334928 19.741874694824219 2.9286448955535889 32151
1399 280.08052965265495 280.00021999348775 19.737865447998047 2.9236979484558105 32174
1400 280.08051712424566 280.00021999362616 19.749166488647461 2.8948440551757812 32197
1401 280.08050460290701 280.00021999376446 19.804790496826172 2.9287500381469727 32220
1402 280.0804920886082 280.0002199939027 19.786615371704102 2.8947920799255371 32243
1403 280.08047958131868 280.00021999404078 19.724271774291992 2.9117190837860107 32265
1404 280.08046708100795 280.00021999417885 19.730365753173828 2.8892710208892822 32288
1405 280.08045458764599 280.00021999431675 19.729219436645508 2.9057290554046631 32311
1406 280.080442101203 280.00021999445471 19.728958129882812 2.839061975479126 32334
1407 280.08042962164927 280.00021999459256 19.72932243347168 2.9254679679870605 32357
1408 280.08041714895558 280.00021999473017 19.728645324707031 2.8999478816986084 32379
1409 280.08040468309287 280.0002199948679 19.733020782470703 2.8936460018157959 32402
1410 280.0803922240321 280.00021999500552 19.727863311767578 2.9088540077209473 32425
1411 280.08037977174496 280.00021999514303 19.743385314941406 2.8762500286102295 32448
1412 280.08036732620292 280.00021999528047 19.793281555175781 2.9058330059051514 32470
1413 280.08035488737795 280.00021999541792 19.751823425292969 2.8921360969543457 32493
1414 280.08034245524209 280.0002199955552 19.720832824707031 2.8996350765228271 32516
1415 280.08033002976777 280.00021999569242 19.740364074707031 2.9257810115814209 32539
1416 280.08031761092758 280.00021999582958 19.744165420532227 2.9100000858306885 32562
1417 280.08030519869442 280.00021999596663 19.739166259765625 2.9304161071777344 32584
1418 280.08029279304122 280.00021999610357 19.724584579467773 2.892240047454834 32607
1419 280.08028039394145 280.00021999624056 19.726406097412109 2.9166669845581055 32630
1420 280.08026800136849 280.00021999637733 19.725364685058594 2.8828639984130859 32653
1421 280.08025561529621 280.00021999651437 19.729219436645508 2.972707986831665 32676
1422 280.08024323569845 280.00021999665103 19.729530334472656 2.9126040935516357 32698
1423 280.0802308625494 280.00021999678768 19.739791870117188 2.8811979293823242 32721
1424 280.0802184958236 280.00021999692416 19.724948883056641 2.9202609062194824 32744
1425 280.08020613549559 280.00021999706075 19.733125686645508 2.9382290840148926 32767
1426 280.08019378154006 280.00021999719729 19.731666564941406 2.9007289409637451 32790
1427 280.08018143393247 280.0002199973336 19.753854751586914 2.889739990234375 32812
1428 280.08016909264762 280.00021999746991 19.737709045410156 2.9467189311981201 32835
1429 280.0801567576612 280.00021999760605 19.744531631469727 2.9011979103088379 32858
1430 280.08014442894898 280.00021999774214 19.739582061767578 2.9414589405059814 32881
1431 280.08013210648659 280.00021999787833 19.738906860351562 2.9094269275665283 32904
1432 280.08011979025031 280.00021999801436 19.732030868530273 2.91880202293396 32926
1433 280.08010748021633 280.00021999815027 19.744062423706055 2.9160940647125244 32949
1434 280.08009517636123 280.00021999828613 19.784999847412109 2.9054169654846191 32972
1435 280.08008287866159 280.00021999842193 19.736717224121094 2.915208101272583 32995
1436 280.08007058709427 280.00021999855767 19.743854522705078 2.911250114440918 33018
1437 280.08005830163648 280.00021999869335 19.774530410766602 2.9433329105377197 33040
1438 280.08004602226544 280.00021999882904 19.727083206176758 2.8608329296112061 33063
1439 280.0800337489585 280.00021999896467 19.813905715942383 2.866041898727417 33086
1440 280.08002148169345 280.00021999910018 19.732915878295898 2.9137499332427979 33109
1441 280.08000922044795 280.00021999923553 19.736457824707031 2.909843921661377 33132
1442 280.07999696520022 280.00021999937087 19.779010772705078 2.924375057220459 33155
1443 280.07998471592839 280.00021999950621 19.773229598999023 2.929948091506958 33177
1444 280.07997247261073 280.00021999964133 19.744844436645508 2.9375519752502441 33200
1445 280.07996023522594 280.0002199997765 19.737239837646484 2.9333860874176025 33223
1446 280.07994800375275 280.00021999991156 19.73927116394043 2.9242699146270752 33246
1447 280.07993577817001 280.00022000004651 19.743541717529297 2.9448959827423096 33269
1448 280.07992355845693 280.00022000018163 19.731510162353516 2.9134368896484375 33292
1449 280.07991134459263 280.00022000031646 19.750677108764648 2.9250519275665283 33314
1450 280.07989913655672 280.00022000045129 19.728437423706055 2.9321880340576172 33337
1451 280.07988693432873 280.00022000058613 19.727811813354492 2.9085938930511475 33360
1452 280.07987473788842 280.00022000072073 19.729166030883789 2.8966660499572754 33383
1453 280.07986254721578 280.00022000085528 19.71973991394043 2.900676965713501 33406
1454 280.07985036229098 280.00022000098994 19.720624923706055 2.9188539981842041 33428
1455 280.07983818309418 280.00022000112449 19.730052947998047 2.9457290172576904 33451
1456 280.07982600960599 280.00022000125881 19.742082595825195 2.896198034286499 33474
1457 280.07981384180698 280.0002200013933 19.721042633056641 2.9005210399627686 33497
1458 280.07980167967787 280.00022000152757 19.732187271118164 2.8939061164855957 33519
1459 280.07978952319957 280.00022000166189 19.751979827880859 2.9458849430084229 33542
1460 280.07977737235331 280.00022000179604 19.729843139648438 2.9055209159851074 33565
1461 280.07976522712028 280.00022000193013 19.741769790649414 2.9197390079498291 33588
1462 280.07975308748172 280.00022000206422 19.778957366943359 2.9048960208892822 33611
1463 280.07974095341933 280.0002200021982 19.728437423706055 2.9235939979553223 33634
1464 280.07972882491492 280.0002200023323 19.738489151000977 2.9196879863739014 33656
1465 280.07971670195013 280.00022000246605 19.723749160766602 2.9503650665283203 33679
1466 280.07970458450717 280.00022000259997 19.744895935058594 2.9329159259796143 33702
1467 280.07969247256813 280.00022000273367 19.729791641235352 2.9414060115814209 33725
1468 280.07968036611527 280.00022000286737 19.733436584472656 2.8992700576782227 33748
1469 280.07966826513109 280.000220003001 19.73906135559082 2.9381771087646484 33771
1470 280.07965616959814 280.00022000313464 19.737083435058594 2.9188539981842041 33793
1471 280.07964407949925 280.00022000326817 19.732448577880859 2.9570319652557373 33816
1472 280.07963199481719 280.00022000340158 19.719791412353516 2.9029688835144043 33839
1473 280.07961991553509 280.00022000353505 19.755989074707031 2.9288539886474609 33862
1474 280.07960784163606 280.0002200036684 19.72932243347168 2.9106769561767578 33885
1475 280.07959577310334 280.00022000380164 19.763645172119141 2.9383330345153809 33908
1476 280.07958370992054 280.00022000393477 19.725313186645508 2.9078130722045898 33930
1477 280.07957165207102 280.00022000406807 19.739896774291992 2.9232809543609619 33953
1478 280.07955959953864 280.00022000420114 19.780208587646484 2.9223430156707764 33976
1479 280.07954755230713 280.00022000433421 19.733802795410156 2.9340109825134277 33999
1480 280.07953551036059 280.00022000446728 19.748125076293945 2.9022400379180908 34022
1481 280.07952347368308 280.00022000460007 19.740625381469727 2.87015700340271 34044
1482 280.07951144225876 280.00022000473302 19.735416412353516 2.8896360397338867 34067
1483 280.07949941607211 280.00022000486581 19.74119758605957 2.9143750667572021 34090
1484 280.07948739510744 280.00022000499854 19.724531173706055 2.9093220233917236 34113
1485 280.07947537934962 280.00022000513127 19.71796989440918 2.9410929679870605 34135
1486 280.07946336878319 280.00022000526394 19.725051879882812 2.9030730724334717 34158
1487 280.0794513633931 280.00022000539656 19.734113693237305 2.9260408878326416 34181
1488 280.07943936316423 280.000220005529 19.722969055175781 2.8732290267944336 34204
1489 280.07942736808189 280.00022000566156 19.719947814941406 2.9100000858306885 34227
1490 280.07941537813116 280.00022000579395 19.724948883056641 2.8974480628967285 34249
1491 280.07940339329741 280.00022000592634 19.724166870117188 2.9170839786529541 34272
1492 280.0793914135661 280.00022000605861 19.757030487060547 2.9101040363311768 34295
1493 280.0793794389229 280.00022000619094 19.728073120117188 2.9173429012298584 34318
1494 280.07936746935343 280.0002200063231 19.734739303588867 2.8910939693450928 34341
1495 280.07935550484353 280.00022000645527 19.728281021118164 2.9100000858306885 34363
1496 280.07934354537912 280.00022000658731 19.723749160766602 2.9040100574493408 34386
1497 280.07933159094637 280.00022000671919 19.728750228881836 2.9250519275665283 34409
1498 280.07931964153119 280.00022000685129 19.726770401000977 2.918281078338623 34432
1499 280.07930769712004 280.00022000698328 19.742395401000977 2.8880729675292969 34454
1500 280.07929575769936 280.00022000711499 19.721094131469727 2.9209370613098145 34477
1501 280.07928382325542 280.00022000724687 19.762136459350586 2.9414060115814209 34500
1502 280.07927189377506 280.00022000737857 19.722396850585938 2.8460419178009033 34523
1503 280.07925996924473 280.00022000751034 19.722551345825195 2.910365104675293 34546
1504 280.07924804965137 280.00022000764204 19.72593879699707 2.8772909641265869 34568
1505 280.07923613498201 280.00022000777352 19.735313415527344 2.9091670513153076 34591
1506 280.07922422522353 280.00022000790511 19.73046875 2.9417190551757812 34614
1507 280.07921232036307 280.00022000803648 19.731771469116211 2.915208101272583 34637
1508 280.07920042038791 280.00022000816796 19.728853225708008 2.9227080345153809 34660
1509 280.07918852528536 280.00022000829932 19.75666618347168 2.9092190265655518 34682
1510 280.07917663504287 280.00022000843063 19.729114532470703 2.9236459732055664 34705
1511 280.07916474964787 280.00022000856183 19.769842147827148 2.909480094909668 34728
1512 280.07915286908815 280.00022000869308 19.735572814941406 2.8977599143981934 34751
1513 280.07914099335136 280.00022000882433 19.737083435058594 2.9039061069488525 34774
1514 280.07912912242523 280.00022000895541 19.725936889648438 2.9196360111236572 34797
1515 280.07911725629788 280.00022000908643 19.727655410766602 2.921875 34819
1516 280.07910539495725 280.00022000921746 19.727291107177734 2.9204680919647217 34842
1517 280.07909353839142 280.00022000934854 19.745155334472656 2.9592709541320801 34865
1518 280.07908168658855 280.00022000947934 19.73828125 2.9022400379180908 34888
1519 280.07906983953711 280.00022000961002 19.751197814941406 2.9457299709320068 34911
1520 280.07905799722533 280.00022000974093 19.736927032470703 2.918644905090332 34934
1521 280.07904615964179 280.00022000987167 19.772655487060547 2.9472401142120361 34957
1522 280.079034326775 280.00022001000235 19.739217758178711 2.9496870040893555 34979
1523 280.07902249861371 280.00022001013298 19.736354827880859 2.9346880912780762 35002
1524 280.07901067514655 280.0002200102636 19.728853225708008 2.8948960304260254 35025
1525 280.07899885636255 280.00022001039417 19.730989456176758 2.9439060688018799 35048
1526 280.07898704225045 280.00022001052457 19.760625839233398 2.9085938930511475 35071
1527 280.07897523279939 280.00022001065497 19.767292022705078 2.9075000286102295 35093
1528 280.07896342799842 280.00022001078537 19.734375 2.9109370708465576 35116
1529 280.07895162783672 280.00022001091571 19.723281860351562 2.9213020801544189 35139
1530 280.07893983230366 280.00022001104594 19.739582061767578 2.893125057220459 35162
1531 280.07892804138845 280.00022001117617 19.727760314941406 2.915416955947876 35185
1532 280.07891625508063 280.00022001130634 19.765207290649414 2.8547921180725098 35207
1533 280.07890447336973 280.00022001143657 19.723333358764648 2.9101049900054932 35230
1534 280.0788926962453 280.00022001156651 19.72947883605957 2.9192709922790527 35253
1535 280.07888092369706 280.00022001169646 19.732082366943359 2.9126570224761963 35276
1536 280.07886915571476 280.00022001182657 19.727655410766602 2.8963019847869873 35299
1537 280.07885739228817 280.00022001195646 19.737865447998047 2.9166669845581055 35322
1538 280.0788456334073 280.0002200120864 19.77130126953125 2.8984899520874023 35344
1539 280.07883387906219 280.00022001221606 19.728593826293945 2.9142711162567139 35367
1540 280.07882212924289 280.00022001234584 19.725624084472656 2.8996870517730713 35390
1541 280.07881038393947 280.00022001247549 19.735990524291992 2.9154160022735596 35413
1542 280.07879864314219 280.00022001260521 19.729009628295898 2.9070310592651367 35436
1543 280.07878690684146 280.00022001273487 19.728282928466797 2.9234890937805176 35458
1544 280.07877517502754 280.00022001286436 19.725833892822266 2.9082291126251221 35481
1545 280.0787634476909 280.00022001299402 19.745052337646484 2.9206249713897705 35504
1546 280.07875172482215 280.0002200131234 19.751510620117188 2.9046878814697266 35527
1547 280.07874000641186 280.00022001325289 19.745782852172852 2.9210939407348633 35550
1548 280.07872829245059 280.0002200133822 19.806407928466797 2.922760009765625 35572
1549 280.07871658292919 280.00022001351147 19.728490829467773 2.9342188835144043 35595
1550 280.0787048778385 280.00022001364073 19.754791259765625 2.888437032699585 35618
1551 280.07869317716927 280.00022001377005 19.726406097412109 2.9215619564056396 35641
1552 280.07868148091256 280.0002200138992 19.736354827880859 2.9095311164855957 35664
1553 280.0786697890594 280.00022001402829 19.747188568115234 2.8968229293823242 35686
1554 280.07865810160087 280.00022001415738 19.801250457763672 2.8924999237060547 35709
1555 280.07864641852802 280.00022001428636 19.736717224121094 2.941093921661377 35732
1556 280.07863473983218 280.00022001441528 19.731094360351562 2.8910410404205322 35755
1557 280.07862306550459 280.00022001454431 19.744426727294922 2.9175519943237305 35778
1558 280.07861139553671 280.00022001467329 19.773906707763672 2.8841149806976318 35800
1559 280.0785997299198 280.00022001480204 19.816249847412109 2.9890100955963135 35824
1560 280.0785880686455 280.00022001493079 19.742031097412109 2.9136979579925537 35846
1561 280.07857641170523 280.00022001505954 19.730155944824219 2.9625000953674316 35869
1562 280.07856475909074 280.0002200151884 19.740156173706055 2.9184379577636719 35892
1563 280.07855311079351 280.00022001531704 19.740104675292969 2.9323949813842773 35915
1564 280.07854146680546 280.00022001544556 19.719947814941406 2.9029688835144043 35938
1565 280.0785298271183 280.00022001557414 19.723386764526367 2.9422919750213623 35961
1566 280.07851819172396 280.00022001570255 19.730312347412109 2.9058849811553955 35983
1567 280.07850656061424 280.00022001583108 19.741979598999023 2.9523429870605469 36006
1568 280.0784949337812 280.00022001595948 19.736354827880859 2.8842699527740479 36029
1569 280.07848331121704 280.00022001608784 19.732292175292969 2.9259369373321533 36052
1570 280.07847169291358 280.00022001621625 19.725677490234375 2.9310410022735596 36075
1571 280.07846007886309 280.00022001634449 19.73515510559082 2.909843921661377 36097
1572 280.07844846905778 280.00022001647267 19.77911376953125 2.912708044052124 36120
1573 280.07843686349003 280.00022001660079 19.788436889648438 2.9264059066772461 36143
1574 280.07842526215205 280.00022001672897 19.777240753173828 2.9239060878753662 36166
1575 280.07841366503624 280.00022001685699 19.740415573120117 2.9247400760650635 36189
1576 280.07840207213508 280.00022001698494 19.730781555175781 2.932136058807373 36212
1577 280.07839048344107 280.00022001711295 19.72479248046875 2.9066669940948486 36234
1578 280.07837889894677 280.00022001724091 19.723333358764648 2.9474480152130127 36257
1579 280.07836731864478 280.0002200173688 19.723489761352539 2.928178071975708 36280
1580 280.07835574252772 280.0002200174967 19.723592758178711 2.8857290744781494 36303
1581 280.07834417058837 280.00022001762454 19.723541259765625 2.9122920036315918 36326
1582 280.07833260281944 280.00022001775227 19.723281860351562 2.941457986831665 36348
1583 280.07832103921379 280.00022001787994 19.781770706176758 2.9459888935089111 36371
1584 280.0783094797643 280.00022001800761 19.730781555175781 2.9134368896484375 36394
1585 280.07829792446393 280.00022001813528 19.740781784057617 2.9707291126251221 36417
1586 280.07828637330562 280.00022001826272 19.799219131469727 3.0103640556335449 36440
1587 280.07827482628232 280.00022001839034 19.749738693237305 2.9349479675292969 36463
1588 280.07826328338723 280.00022001851784 19.736354827880859 2.8994269371032715 36486
1589 280.07825174461345 280.00022001864522 19.731094360351562 2.9272921085357666 36509
1590 280.07824020995412 280.00022001877272 19.726926803588867 2.8805210590362549 36531
1591 280.07822867940257 280.00022001889994 19.797136306762695 2.9524478912353516 36554
1592 280.07821715295188 280.00022001902738 19.737968444824219 2.9492180347442627 36577
1593 280.07820563059556 280.00022001915448 19.732448577880859 2.9305729866027832 36600
1594 280.07819411232691 280.0002200192817 19.726249694824219 2.8988549709320068 36623
1595 280.07818259813928 280.00022001940903 19.726093292236328 2.8998429775238037 36646
1596 280.07817108802624 280.00022001953613 19.757448196411133 2.9040629863739014 36668
1597 280.07815958198137 280.00022001966312 19.774635314941406 2.9122910499572754 36691
1598 280.07814807999796 280.00022001979016 19.729375839233398 2.9106769561767578 36714
1599 280.07813658206993 280.00022001991726 19.732343673706055 2.9477078914642334 36737
1600 280.07812508819075 280.00022002004403 19.720417022705078 2.9507811069488525 36760
1601 280.07811359835409 280.00022002017101 19.745832443237305 2.9367709159851074 36783
1602 280.07810211255378 280.00022002029789 19.761770248413086 2.9084370136260986 36805
1603 280.07809063078361 280.00022002042454 19.78692626953125 2.9410419464111328 36828
1604 280.07807915303732 280.00022002055147 19.731927871704102 2.9030210971832275 36851
1605 280.07806767930884 280.00022002067811 19.725051879882812 2.9235420227050781 36874
1606 280.07805620959203 280.00022002080482 19.732343673706055 2.8690099716186523 36897
1607 280.07804474388092 280.00022002093141 19.733020782470703 2.904062032699585 36919
1608 280.07803328216943 280.00022002105806 19.754322052001953 2.8808860778808594 36942
1609 280.07802182445175 280.00022002118448 19.758541107177734 2.9222919940948486 36965
1610 280.0780103707217 280.00022002131107 19.738176345825195 2.8893749713897705 36988
1611 280.0779989209737 280.00022002143749 19.781198501586914 2.9355199337005615 37011
1612 280.07798747520167 280.00022002156385 19.729375839233398 2.9122920036315918 37034
1613 280.07797603339986 280.00022002169021 19.735261917114258 2.9082810878753662 37056
1614 280.07796459556272 280.00022002181663 19.719427108764648 2.8769268989562988 37079
1615 280.07795316168426 280.00022002194288 19.72770881652832 2.9155728816986084 37102
1616 280.07794173175893 280.00022002206919 19.729791641235352 2.8964059352874756 37125
1617 280.07793030578108 280.00022002219515 19.723281860351562 2.9041669368743896 37147
1618 280.0779188837451 280.00022002232146 19.726198196411133 2.8859889507293701 37170
1619 280.07790746564547 280.00022002244748 19.727239608764648 2.8988020420074463 37193
1620 280.07789605147656 280.00022002257367 19.726406097412109 2.8824999332427979 37216
1621 280.07788464123291 280.00022002269969 19.725624084472656 2.9444789886474609 37239
1622 280.07787323490925 280.00022002282549 19.751926422119141 2.8972909450531006 37261
1623 280.07786183249993 280.00022002295157 19.72718620300293 2.9133329391479492 37284
1624 280.07785043399969 280.00022002307742 19.72557258605957 2.8590109348297119 37307
1625 280.07783903940305 280.00022002320321 19.728385925292969 2.920989990234375 37330
1626 280.07782764870501 280.00022002332906 19.757448196411133 2.9074480533599854 37352
1627 280.07781626190001 280.0002200234548 19.726459503173828 2.9422910213470459 37375
1628 280.07780487898293 280.00022002358048 19.721197128295898 2.9100520610809326 37398
1629 280.0777934999486 280.00022002370616 19.726041793823242 2.9073960781097412 37421
1630 280.07778212479178 280.00022002383184 19.760103225708008 2.8830211162567139 37444
1631 280.07777075350731 280.00022002395735 19.740884780883789 2.9466660022735596 37467
1632 280.07775938609024 280.00022002408298 19.730155944824219 2.9102089405059814 37489
1633 280.07774802253533 280.00022002420837 19.738334655761719 2.922760009765625 37512
1634 280.07773666283788 280.00022002433394 19.731407165527344 2.9199481010437012 37535
1635 280.07772530699242 280.00022002445934 19.735729217529297 2.9129691123962402 37558
1636 280.07771395499441 280.00022002458473 19.744167327880859 2.9205200672149658 37581
1637 280.07770260683861 280.00022002471002 19.729740142822266 2.9209370613098145 37603
1638 280.07769126252026 280.00022002483536 19.728488922119141 2.8835420608520508 37626
1639 280.07767992203458 280.00022002496047 19.729635238647461 2.9252080917358398 37649
1640 280.07766858537656 280.00022002508581 19.729114532470703 2.8849480152130127 37672
1641 280.0776572525416 280.00022002521087 19.729583740234375 2.9286460876464844 37695
1642 280.07764592352476 280.00022002533598 19.780677795410156 2.9359889030456543 37717
1643 280.07763459832125 280.00022002546115 19.731042861938477 2.9401040077209473 37740
1644 280.07762327692666 280.00022002558615 19.72593879699707 2.9036459922790527 37763
1645 280.07761195933597 280.00022002571109 19.722812652587891 2.9471869468688965 37786
1646 280.07760064554475 280.0002200258362 19.763177871704102 2.881458044052124 37809
1647 280.07758933554823 280.00022002596097 19.726665496826172 2.9457290172576904 37831
1648 280.07757802934202 280.00022002608586 19.729740142822266 2.9230210781097412 37854
1649 280.0775667269213 280.00022002621057 19.740886688232422 2.9089059829711914 37877
1650 280.0775554282817 280.00022002633551 19.752552032470703 2.9136459827423096 37900
1651 280.07754413341877 280.00022002646011 19.742292404174805 2.9086980819702148 37923
1652 280.07753284232791 280.00022002658494 19.729427337646484 2.8771359920501709 37945
1653 280.07752155500475 280.00022002670954 19.731197357177734 2.8793749809265137 37968
1654 280.07751027144479 280.0002200268342 19.732759475708008 2.9031250476837158 37991
1655 280.07749899164378 280.00022002695869 19.732187271118164 2.9454159736633301 38014
1656 280.07748771559727 280.00022002708323 19.722864151000977 2.8796870708465576 38037
1657 280.0774764433009 280.00022002720777 19.729217529296875 2.9184370040893555 38059
1658 280.07746517475033 280.0002200273322 19.729686737060547 2.933906078338623 38082
1659 280.07745390994143 280.00022002745669 19.73046875 2.901979923248291 38105
1660 280.07744264886981 280.00022002758101 19.726613998413086 2.9183330535888672 38128
1661 280.07743139153132 280.00022002770538 19.734165191650391 2.934999942779541 38151
1662 280.07742013792176 280.0002200278297 19.734115600585938 2.9235939979553223 38173
1663 280.07740888803687 280.00022002795379 19.756927490234375 2.9330730438232422 38196
1664 280.07739764187261 280.00022002807805 19.743541717529297 2.9029688835144043 38219
1665 280.07738639942477 280.00022002820225 19.730886459350586 2.9364581108093262 38242
1666 280.07737516068926 280.0002200283264 19.734010696411133 2.8934369087219238 38265
1667 280.07736392566198 280.00022002845049 19.743541717529297 2.9387500286102295 38287
1668 280.07735269433903 280.00022002857446 19.732135772705078 2.9220829010009766 38310
1669 280.07734146671612 280.00022002869849 19.726198196411133 2.9166660308837891 38333
1670 280.07733024278963 280.00022002882247 19.720676422119141 2.9155728816986084 38356
1671 280.07731902255529 280.00022002894644 19.731771469116211 2.9451050758361816 38379
1672 280.07730780600917 280.00022002907019 19.71796989440918 2.9002609252929688 38401
1673 280.07729659314742 280.000220029194 19.745363235473633 2.8823959827423096 38424
1674 280.07728538396611 280.00022002931786 19.736875534057617 2.9128119945526123 38447
1675 280.07727417846132 280.00022002944161 19.75567626953125 2.917917013168335 38470
1676 280.07726297662924 280.0002200295653 19.725208282470703 2.8759379386901855 38493
1677 280.07725177846612 280.00022002968905 19.742134094238281 2.8579161167144775 38515
1678 280.07724058396798 280.00022002981274 19.71875 2.8926570415496826 38538
1679 280.07722939313112 280.00022002993626 19.729427337646484 2.9098958969116211 38561
1680 280.07721820595168 280.00022003005978 19.737863540649414 2.9302608966827393 38584
1681 280.07720702242602 280.00022003018324 19.816770553588867 2.9279170036315918 38607
1682 280.0771958425504 280.00022003030682 19.72755241394043 2.9225521087646484 38629
1683 280.0771846663211 280.00022003043034 19.743593215942383 2.8948440551757812 38652
1684 280.07717349373445 280.00022003055352 19.729843139648438 2.9044270515441895 38675
1685 280.07716232478668 280.00022003067693 19.732709884643555 2.9220309257507324 38698
1686 280.0771511594744 280.00022003080028 19.725833892822266 2.8938019275665283 38720
1687 280.07713999779372 280.00022003092351 19.727655410766602 2.9424479007720947 38743
1688 280.07712883974131 280.00022003104669 19.732761383056641 2.9415109157562256 38766
1689 280.07711768531328 280.00022003117004 19.72380256652832 2.9392709732055664 38789
1690 280.0771065345063 280.00022003129322 19.718282699584961 2.909843921661377 38812
1691 280.07709538731677 280.00022003141629 19.768489837646484 2.9381771087646484 38835
1692 280.0770842437413 280.00022003153924 19.740207672119141 2.9149999618530273 38857
1693 280.07707310377623 280.00022003166231 19.726406097412109 2.9489059448242188 38880
1694 280.07706196741805 280.00022003178532 19.722291946411133 2.8864068984985352 38903
1695 280.07705083466345 280.00022003190833 19.713907241821289 2.88932204246521 38926
1696 280.07703970550898 280.00022003203117 19.719583511352539 2.9264578819274902 38948
1697 280.0770285799511 280.00022003215412 19.743854522705078 2.9113540649414062 38971
1698 280.07701745798653 280.00022003227701 19.728803634643555 2.919166088104248 38994
1699 280.07700633961184 280.00022003239968 19.732343673706055 2.9128119945526123 39017
1700 280.07699522482363 280.00022003252241 19.731197357177734 2.925990104675293 39040
1701 280.07698411361866 280.00022003264513 19.734270095825195 2.8832809925079346 39062
1702 280.07697300599352 280.0002200327678 19.73338508605957 2.9204161167144775 39085
1703 280.07696190194503 280.00022003289047 19.727344512939453 2.9329679012298584 39108
1704 280.07695080146971 280.00022003301308 19.723749160766602 2.8997399806976318 39131
1705 280.07693970456444 280.00022003313569 19.726301193237305 2.8979690074920654 39154
1706 280.07692861122592 280.00022003325819 19.764530181884766 2.9266669750213623 39176
1707 280.07691752145087 280.00022003338063 19.733749389648438 2.8921880722045898 39199
1708 280.07690643523614 280.00022003350296 19.738958358764648 2.9077599048614502 39222
1709 280.07689535257856 280.00022003362545 19.725936889648438 2.9115629196166992 39245
1710 280.07688427347495 280.00022003374784 19.726406097412109 2.9345319271087646 39268
1711 280.07687319792194 280.00022003387022 19.731405258178711 2.8965630531311035 39290
1712 280.07686212591665 280.00022003399243 19.721406936645508 2.9319789409637451 39313
1713 280.07685105745583 280.00022003411465 19.72947883605957 2.9124999046325684 39336
1714 280.07683999253635 280.0002200342368 19.713386535644531 2.8919789791107178 39359
1715 280.07682893115509 280.00022003435913 19.731353759765625 2.9386980533599854 39381
1716 280.07681787330915 280.00022003448112 19.717552185058594 2.8867180347442627 39404
1717 280.07680681899518 280.00022003460327 19.737813949584961 2.9335939884185791 39427
1718 280.07679576821039 280.00022003472526 19.749635696411133 2.9232289791107178 39450
1719 280.07678472095159 280.00022003484725 19.726198196411133 2.9207808971405029 39473
1720 280.07677367721584 280.00022003496917 19.711406707763672 2.9552600383758545 39495
1721 280.07676263700006 280.00022003509122 19.752552032470703 2.8965098857879639 39518
1722 280.07675160030129 280.00022003521298 19.711771011352539 2.921144962310791 39541
1723 280.07674056711664 280.00022003533491 19.731145858764648 2.8863539695739746 39564
1724 280.0767295374431 280.00022003545678 19.710573196411133 2.9039590358734131 39587
1725 280.0767185112777 280.00022003557859 19.71989631652832 2.8871350288391113 39609
1726 280.0767074886175 280.00022003570035 19.729427337646484 2.9084889888763428 39632
1727 280.0766964694597 280.00022003582194 19.717292785644531 2.908750057220459 39655
1728 280.0766854538013 280.00022003594353 19.721719741821289 2.8799479007720947 39678
1729 280.0766744416394 280.00022003606523 19.713281631469727 2.9109899997711182 39701
1730 280.0766634329712 280.00022003618682 19.778697967529297 2.8901560306549072 39723
1731 280.07665242779382 280.00022003630829 19.726823806762695 2.9230210781097412 39746
1732 280.07664142610452 280.00022003642988 19.715051651000977 2.9253120422363281 39769
1733 280.07663042790028 280.00022003655124 19.711875915527344 2.901561975479126 39792
1734 280.07661943317845 280.00022003667266 19.710260391235352 2.905364990234375 39815
1735 280.07660844193612 280.00022003679419 19.770000457763672 2.9648430347442627 39837
1736 280.07659745417061 280.00022003691549 19.832916259765625 2.9476039409637451 39860
1737 280.07658646987915 280.00022003703674 19.858646392822266 2.943073034286499 39883
1738 280.07657548905888 280.00022003715804 19.866926193237305 2.9309890270233154 39906
1739 280.07656451170703 280.00022003727923 19.835990905761719 2.9540629386901855 39929
1740 280.07655353782104 280.00022003740054 19.833229064941406 2.927448034286499 39952
1741 280.07654256739806 280.00022003752167 19.868749618530273 2.9251039028167725 39975
1742 280.07653160043549 280.0002200376428 19.83906364440918 2.8951570987701416 39998
1743 280.07652063693058 280.00022003776382 19.839948654174805 2.9086968898773193 40021
1744 280.07650967688062 280.00022003788479 19.831459045410156 2.9122400283813477 40044
1745 280.07649872028304 280.00022003800586 19.854061126708984 2.8948440551757812 40067
1746 280.07648776713501 280.00022003812688 19.840938568115234 2.9317710399627686 40090
1747 280.07647681743413 280.00022003824785 19.841667175292969 2.9428129196166992 40113
1748 280.07646587117762 280.00022003836875 19.847915649414062 2.9324479103088379 40136
1749 280.07645492836286 280.00022003848949 19.848176956176758 2.9078640937805176 40158
1750 280.07644398898736 280.00022003861028 19.846563339233398 2.9357290267944336 40181
1751 280.07643305304833 280.00022003873119 19.836771011352539 2.941978931427002 40204
1752 280.07642212054333 280.00022003885186 19.842187881469727 2.9131250381469727 40227
1753 280.0764111914699 280.00022003897249 19.839895248413086 2.9248950481414795 40250
1754 280.07640026582521 280.00022003909328 19.84552001953125 2.940208911895752 40273
1755 280.07638934360693 280.00022003921379 19.841302871704102 2.9430210590362549 40296
1756 280.07637842481245 280.00022003933441 19.837030410766602 2.9034891128540039 40319
1757 280.07636750943931 280.00022003945503 19.862707138061523 2.9402608871459961 40342
1758 280.0763565974849 280.00022003957542 19.837343215942383 2.917186975479126 40365
1759 280.07634568894679 280.00022003969599 19.84099006652832 2.9575519561767578 40388
1760 280.0763347838224 280.0002200398165 19.831562042236328 2.8848950862884521 40411
1761 280.07632388210948 280.00022003993678 19.827188491821289 2.9479169845581055 40433
1762 280.07631298380534 280.00022004005723 19.835832595825195 2.9428129196166992 40456
1763 280.0763020889076 280.00022004017757 19.831613540649414 2.9454159736633301 40479
1764 280.07629119741381 280.00022004029779 19.86036491394043 2.9338550567626953 40502
1765 280.07628030932159 280.00022004041801 19.831457138061523 2.9620308876037598 40525
1766 280.07626942462844 280.00022004053824 19.823541641235352 2.933021068572998 40548
1767 280.07625854333202 280.00022004065852 19.846874237060547 2.9499480724334717 40571
1768 280.07624766542978 280.00022004077857 19.835676193237305 2.9248440265655518 40594
1769 280.07623679091949 280.00022004089868 19.838542938232422 2.9065101146697998 40617
1770 280.07622591979879 280.00022004101868 19.822759628295898 2.9344789981842041 40640
1771 280.07621505206515 280.00022004113885 19.825260162353516 2.936614990234375 40663
1772 280.07620418771637 280.00022004125873 19.827917098999023 2.9374480247497559 40686
1773 280.07619332675 280.00022004137867 19.831405639648438 2.9591150283813477 40709
1774 280.07618246916365 280.00022004149861 19.849634170532227 2.926353931427002 40731
1775 280.07617161495523 280.00022004161843 19.838333129882812 2.9198439121246338 40754
1776 280.07616076412222 280.0002200417382 19.832864761352539 2.9149999618530273 40777
1777 280.07614991666225 280.00022004185809 19.881093978881836 2.917396068572998 40800
1778 280.07613907257314 280.00022004197791 19.905155181884766 2.9370310306549072 40823
1779 280.07612823185258 280.00022004209757 19.839530944824219 2.9672389030456543 40846
1780 280.0761173944984 280.00022004221728 19.829948425292969 2.9485421180725098 40869
1781 280.07610656050804 280.00022004233693 19.859739303588867 2.9224479198455811 40892
1782 280.07609572987946 280.00022004245659 19.838230133056641 2.9182291030883789 40915
1783 280.07608490261038 280.00022004257607 19.833124160766602 2.9388539791107178 40938
1784 280.07607407869853 280.00022004269567 19.839946746826172 2.8978641033172607 40961
1785 280.07606325814163 280.0002200428151 19.840625762939453 2.9386448860168457 40984
1786 280.07605244093742 280.00022004293476 19.84979248046875 2.9177079200744629 41007
1787 280.0760416270839 280.00022004305418 19.840417861938477 2.9091660976409912 41029
1788 280.07603081657868 280.00022004317344 19.832187652587891 2.9093220233917236 41052
1789 280.07602000941955 280.00022004329281 19.857135772705078 2.9213020801544189 41075
1790 280.07600920560429 280.00022004341201 19.837186813354492 2.9118750095367432 41098
1791 280.07599840513086 280.0002200435315 19.833436965942383 2.90140700340271 41121
1792 280.07598760799698 280.00022004365064 19.839532852172852 2.9075520038604736 41144
1793 280.07597681420054 280.00022004376984 19.832290649414062 2.9337499141693115 41167
1794 280.07596602373928 280.00022004388899 19.840625762939453 2.871406078338623 41190
1795 280.07595523661126 280.00022004400819 19.890104293823242 2.9406249523162842 41213
1796 280.07594445281404 280.00022004412727 19.833229064941406 2.9320309162139893 41236
1797 280.07593367234563 280.00022004424636 19.850000381469727 2.9529690742492676 41259
1798 280.07592289520409 280.00022004436534 19.938697814941406 2.8747920989990234 41282
1799 280.07591212138703 280.00022004448442 19.860782623291016 2.9369270801544189 41304
1800 280.07590135089242 280.00022004460328 19.835208892822266 2.9442710876464844 41327
1801 280.07589058371821 280.0002200447222 19.836875915527344 2.9092190265655518 41350
1802 280.07587981986234 280.00022004484106 19.836406707763672 2.9319789409637451 41373
1803 280.07586905932254 280.00022004496003 19.868230819702148 2.9606249332427979 41396
1804 280.07585830209683 280.00022004507872 19.838489532470703 2.9150519371032715 41419
1805 280.07584754818328 280.00022004519747 19.834062576293945 2.9406769275665283 41442
1806 280.07583679757965 280.00022004531621 19.892343521118164 3.0217709541320801 41465
1807 280.07582605028392 280.00022004543496 19.872865676879883 3.0422909259796143 41488
1808 280.07581530629409 280.00022004555359 19.865468978881836 2.9321351051330566 41511
1809 280.07580456560805 280.00022004567217 19.882083892822266 2.9352080821990967 41534
1810 280.07579382822388 280.00022004579068 19.843072891235352 2.9018750190734863 41557
1811 280.07578309413941 280.00022004590932 19.841823577880859 2.9297919273376465 41580
1812 280.07577236335271 280.00022004602789 19.829530715942383 2.9092700481414795 41603
1813 280.0757616358618 280.0002200461463 19.849584579467773 2.9353640079498291 41626
1814 280.07575091166444 280.0002200462647 19.867448806762695 2.9136459827423096 41649
1815 280.07574019075895 280.00022004638328 19.856094360351562 2.9615631103515625 41672
1816 280.07572947314321 280.00022004650157 19.840677261352539 2.9235939979553223 41695
1817 280.07571875881519 280.00022004661986 19.837604522705078 2.9520308971405029 41718
1818 280.07570804777299 280.00022004673821 19.851875305175781 2.9029169082641602 41741
1819 280.07569734001459 280.00022004685644 19.845781326293945 2.9407811164855957 41764
1820 280.07568663553798 280.00022004697473 19.82911491394043 2.9437499046325684 41787
1821 280.07567593434135 280.0002200470928 19.838750839233398 3.0018749237060547 41810
1822 280.07566523642254 280.00022004721097 19.849634170532227 2.9256250858306885 41833
1823 280.07565454177984 280.00022004732915 19.880365371704102 2.9529170989990234 41856
1824 280.07564385041115 280.0002200474471 19.847761154174805 2.9416139125823975 41879
1825 280.07563316231455 280.00022004756522 19.850259780883789 2.9719789028167725 41902
1826 280.07562247748825 280.00022004768317 19.830051422119141 2.9213540554046631 41925
1827 280.07561179593012 280.00022004780124 19.848541259765625 2.930311918258667 41948
1828 280.07560111763848 280.00022004791913 19.85609245300293 2.9229691028594971 41971
1829 280.07559044261126 280.00022004803708 19.83708381652832 2.9413540363311768 41993
1830 280.0755797708465 280.00022004815492 19.848072052001953 2.9246869087219238 42016
1831 280.07556910234251 280.00022004827275 19.844791412353516 2.9250519275665283 42039
1832 280.07555843709736 280.00022004839047 19.839115142822266 2.9277598857879639 42062
1833 280.07554777510899 280.0002200485082 19.910417556762695 2.921875 42085
1834 280.07553711637576 280.00022004862592 19.830104827880859 2.9046878814697266 42108
1835 280.07552646089567 280.00022004874364 19.847082138061523 2.9084370136260986 42131
1836 280.07551580866686 280.00022004886125 19.837135314941406 2.9312500953674316 42154
1837 280.07550515968751 280.00022004897886 19.84552001953125 2.9296879768371582 42177
1838 280.07549451395573 280.00022004909653 19.846979141235352 2.9211459159851074 42200
1839 280.07548387146966 280.00022004921402 19.830677032470703 2.9399468898773193 42223
1840 280.07547323222747 280.00022004933146 19.848333358764648 2.853801965713501 42246
1841 280.07546259622745 280.00022004944896 19.832759857177734 2.9265110492706299 42268
1842 280.07545196346763 280.00022004956645 19.834375381469727 2.9302599430084229 42291
1843 280.07544133394629 280.00022004968389 19.855207443237305 2.915208101272583 42314
1844 280.07543070766144 280.00022004980121 19.835832595825195 2.9114069938659668 42337
1845 280.07542008461144 280.00022004991848 19.840625762939453 2.9096870422363281 42360
1846 280.07540946479446 280.00022005003569 19.845104217529297 2.9102609157562256 42383
1847 280.07539884820858 280.00022005015308 19.838228225708008 2.9077088832855225 42406
1848 280.07538823485214 280.00022005027023 19.846511840820312 2.9231250286102295 42429
1849 280.07537762472327 280.00022005038744 19.843698501586914 2.9048440456390381 42452
1850 280.07536701782021 280.00022005050454 19.838958740234375 2.930311918258667 42475
1851 280.0753564141412 280.00022005062169 19.869792938232422 2.899791955947876 42497
1852 280.07534581368446 280.00022005073873 19.841249465942383 2.8971879482269287 42520
1853 280.07533521644814 280.00022005085583 19.856613159179688 2.9292190074920654 42543
1854 280.07532462243063 280.00022005097276 19.829896926879883 2.9076559543609619 42566
1855 280.07531403162994 280.00022005108985 19.838958740234375 2.9714579582214355 42589
1856 280.07530344404455 280.00022005120672 19.844375610351562 2.8949999809265137 42612
1857 280.07529285967263 280.00022005132359 19.825105667114258 2.9280729293823242 42635
1858 280.07528227851242 280.00022005144046 19.83104133605957 2.9158849716186523 42658
1859 280.07527170056221 280.00022005155728 19.85369873046875 2.9261460304260254 42681
1860 280.07526112582013 280.00022005167403 19.839895248413086 2.8849999904632568 42704
1861 280.07525055428465 280.00022005179085 19.841249465942383 2.9468750953674316 42726
1862 280.07523998595394 280.00022005190749 19.844427108764648 2.9395310878753662 42749
1863 280.0752294208263 280.0002200520243 19.864530563354492 2.9302608966827393 42772
1864 280.07521885890003 280.00022005214083 19.867864608764648 2.9009370803833008 42795
1865 280.07520830017336 280.00022005225748 19.828125 2.9555211067199707 42818
1866 280.07519774464464 280.00022005237406 19.832708358764648 2.9492189884185791 42841
1867 280.07518719231217 280.00022005249065 19.844791412353516 2.9305729866027832 42864
1868 280.07517664317419 280.00022005260712 19.877187728881836 2.9429171085357666 42887
1869 280.0751660972291 280.00022005272365 19.836563110351562 2.9463019371032715 42910
1870 280.07515555447515 280.00022005284006 19.833229064941406 2.9177079200744629 42933
1871 280.07514501491062 280.00022005295637 19.83203125 2.9354689121246338 42956
1872 280.07513447853393 280.00022005307278 19.835884094238281 2.9151039123535156 42979
1873 280.07512394534331 280.00022005318914 19.843542098999023 2.9272921085357666 43002
1874 280.07511341533723 280.00022005330555 19.841875076293945 2.9132809638977051 43025
1875 280.07510288851381 280.00022005342163 19.903854370117188 2.9224998950958252 43047
1876 280.07509236487158 280.00022005353787 19.831302642822266 2.9194269180297852 43070
1877 280.07508184440877 280.00022005365423 19.83885383605957 2.941978931427002 43093
1878 280.07507132712379 280.00022005377019 19.830572128295898 2.9604690074920654 43116
1879 280.07506081301506 280.00022005388644 19.842447280883789 2.9573431015014648 43139
1880 280.07505030208068 280.00022005400245 19.859323501586914 2.9292190074920654 43162
1881 280.07503979431925 280.00022005411847 19.859739303588867 2.9577090740203857 43185
1882 280.07502928972912 280.00022005423449 19.878437042236328 2.9489068984985352 43208
1883 280.07501878830851 280.00022005435051 19.832500457763672 2.9430210590362549 43231
1884 280.07500829005591 280.00022005446641 19.829999923706055 2.9291670322418213 43254
1885 280.07499779496959 280.00022005458231 19.848281860351562 2.9412500858306885 43277
1886 280.07498730304809 280.00022005469816 19.857290267944336 2.9183850288391113 43300
1887 280.0749768142897 280.00022005481401 19.834114074707031 2.9364058971405029 43323
1888 280.07496632869277 280.00022005492991 19.873125076293945 2.9150519371032715 43346
1889 280.0749558462557 280.00022005504553 19.846406936645508 2.9439070224761963 43368
1890 280.07494536697698 280.00022005516138 19.834686279296875 2.9272909164428711 43391
1891 280.07493489085493 280.000220055277 19.838594436645508 2.9575519561767578 43414
1892 280.07492441788793 280.00022005539284 19.832187652587891 2.9187500476837158 43437
1893 280.07491394807448 280.00022005550841 19.829374313354492 2.913438081741333 43460
1894 280.07490348141289 280.00022005562397 19.82713508605957 2.9265100955963135 43483
1895 280.07489301790167 280.00022005573953 19.872135162353516 2.9326040744781494 43506
1896 280.07488255753913 280.00022005585504 19.837188720703125 2.9133338928222656 43529
1897 280.07487210032383 280.00022005597054 19.82307243347168 2.9157810211181641 43552
1898 280.07486164625408 280.00022005608594 19.825832366943359 2.9473440647125244 43575
1899 280.07485119532834 280.00022005620127 19.832084655761719 2.9080729484558105 43598
1900 280.07484074754501 280.00022005631689 19.822917938232422 2.9311459064483643 43620
1901 280.07483030290263 280.00022005643211 19.856666564941406 2.9502079486846924 43643
1902 280.07481986139948 280.00022005654745 19.841249465942383 2.9077088832855225 43666
1903 280.07480942303408 280.00022005666278 19.836353302001953 2.8964059352874756 43689
1904 280.07479898780491 280.00022005677801 19.825624465942383 2.90932297706604 43712
1905 280.07478855571043 280.00022005689317 19.828384399414062 2.9496879577636719 43735
1906 280.07477812674904 280.00022005700839 19.833698272705078 2.9294788837432861 43758
1907 280.07476770091927 280.00022005712344 19.840469360351562 2.9122390747070312 43781
1908 280.07475727821941 280.00022005723866 19.843542098999023 2.898176908493042 43804
1909 280.0747468586481 280.00022005735377 19.859323501586914 2.9200000762939453 43827
1910 280.07473644220374 280.00022005746871 19.835521697998047 2.9067189693450928 43849
1911 280.07472602888481 280.00022005758376 19.858905792236328 2.898906946182251 43872
1912 280.07471561868977 280.0002200576987 19.825780868530273 2.9379689693450928 43895
1913 280.07470521161713 280.00022005781369 19.845363616943359 2.9116659164428711 43918
1914 280.07469480766525 280.00022005792852 19.862707138061523 2.8987500667572021 43941
1915 280.07468440683277 280.00022005804345 19.824323654174805 2.9321880340576172 43964
1916 280.0746740091181 280.00022005815828 19.874113082885742 2.9049999713897705 43987
1917 280.07466361451975 280.00022005827321 19.867708206176758 2.9315629005432129 44010
1918 280.07465322303619 280.00022005838781 19.823490142822266 2.8968749046325684 44033
1919 280.07464283466589 280.00022005850263 19.873281478881836 2.9549999237060547 44056
1920 280.07463244940743 280.00022005861734 19.868385314941406 2.8929169178009033 44079
1921 280.07462206725921 280.000220058732 19.853853225708008 2.9623439311981201 44102
1922 280.07461168821982 280.00022005884665 19.823541641235352 2.9001560211181641 44125
1923 280.07460131228771 280.00022005896113 19.830625534057617 2.9648439884185791 44148
1924 280.07459093946142 280.00022005907573 19.833541870117188 2.9293749332427979 44171
1925 280.07458056973945 280.00022005919021 19.831302642822266 2.964634895324707 44193
1926 280.07457020312035 280.00022005930464 19.890729904174805 2.9549999237060547 44216
1927 280.07455983960256 280.00022005941918 19.848281860351562 2.9598960876464844 44239
1928 280.07454947918472 280.00022005953377 19.825782775878906 2.9257290363311768 44262
1929 280.07453912186526 280.00022005964803 19.820573806762695 2.9559369087219238 44285
1930 280.07452876764273 280.00022005976234 19.828437805175781 2.9090619087219238 44308
1931 280.07451841651562 280.00022005987665 19.824844360351562 2.8969790935516357 44331
1932 280.07450806848254 280.00022005999091 19.821250915527344 2.9007809162139893 44354
1933 280.07449772354204 280.00022006010516 19.86213493347168 2.9408340454101562 44377
1934 280.07448738169256 280.00022006021953 19.857082366943359 2.9458849430084229 44400
1935 280.07447704293264 280.0002200603335 19.821405410766602 2.9390099048614502 44423
1936 280.07446670726097 280.00022006044787 19.821094512939453 2.9322400093078613 44446
1937 280.07445637467595 280.00022006056196 19.852603912353516 2.9220829010009766 44469
1938 280.07444604517622 280.00022006067599 19.860624313354492 2.90140700340271 44491
1939 280.07443571876024 280.00022006079007 19.818178176879883 2.941093921661377 44514
1940 280.07442539542666 280.00022006090398 19.856302261352539 2.9264059066772461 44537
1941 280.07441507517404 280.00022006101807 19.824947357177734 2.9187500476837158 44560
1942 280.07440475800081 280.00022006113198 19.832656860351562 2.9192190170288086 44583
1943 280.0743944439057 280.00022006124584 19.826301574707031 2.9209380149841309 44606
1944 280.07438413288708 280.0002200613597 19.832551956176758 2.9088020324707031 44629
1945 280.07437382494373 280.00022006147367 19.846771240234375 2.9488539695739746 44652
1946 280.07436352007403 280.00022006158736 19.820051193237305 2.9005730152130127 44675
1947 280.07435321827677 280.00022006170121 19.829427719116211 2.9407811164855957 44698
1948 280.0743429195503 280.0002200618149 19.822135925292969 2.9334380626678467 44720
1949 280.07433262389327 280.00022006192859 19.826719284057617 2.9108850955963135 44743
1950 280.07432233130442 280.00022006204222 19.819635391235352 2.9271869659423828 44766
1951 280.07431204178215 280.00022006215596 19.821613311767578 2.9278640747070312 44789
1952 280.074301755325 280.00022006226953 19.826145172119141 2.9181768894195557 44812
1953 280.07429147193176 280.00022006238316 19.812240600585938 2.9229168891906738 44835
1954 280.07428119160085 280.00022006249662 19.820156097412109 2.9133849143981934 44858
1955 280.07427091433101 280.0002200626102 19.876874923706055 2.9366669654846191 44881
1956 280.0742606401206 280.00022006272354 19.822656631469727 2.9460420608520508 44904
1957 280.07425036896848 280.00022006283695 19.823490142822266 2.9240109920501709 44927
1958 280.07424010087317 280.00022006295046 19.820051193237305 2.9191670417785645 44950
1959 280.07422983583314 280.00022006306375 19.851926803588867 2.9297389984130859 44972
1960 280.07421957384713 280.0002200631771 19.832344055175781 2.9196350574493408 44995
1961 280.07420931491373 280.00022006329039 19.828645706176758 2.9047911167144775 45018
1962 280.07419905903151 280.00022006340373 19.822343826293945 2.9457809925079346 45041
1963 280.07418880619912 280.00022006351685 19.81541633605957 2.9203119277954102 45064
1964 280.07417855641506 280.00022006363019 19.824323654174805 2.8992710113525391 45087
1965 280.0741683096781 280.00022006374337 19.837396621704102 2.916301965713501 45110
1966 280.07415806598681 280.00022006385649 19.812292098999023 2.9253640174865723 45133
1967 280.07414782533976 280.00022006396961 19.82093620300293 2.9128129482269287 45156
1968 280.07413758773566 280.00022006408255 19.832292556762695 2.9363019466400146 45179
1969 280.07412735317297 280.00022006419562 19.903802871704102 2.9178650379180908 45201
1970 280.07411712165049 280.00022006430856 19.820207595825195 2.9376571178436279 45224
1971 280.0741068931668 280.00022006442157 19.833124160766602 2.9009890556335449 45247
1972 280.07409666772048 280.00022006453452 19.811094284057617 2.9061980247497559 45270
1973 280.07408644531023 280.00022006464741 19.846197128295898 2.908750057220459 45293
1974 280.07407622593462 280.0002200647603 19.821771621704102 2.9239590167999268 45316
1975 280.07406600959229 280.00022006487313 19.819896697998047 2.924738883972168 45339
1976 280.07405579628193 280.00022006498585 19.847187042236328 2.9192709922790527 45362
1977 280.07404558600217 280.00022006509863 19.821979522705078 2.9101049900054932 45385
1978 280.07403537875166 280.00022006521135 19.849948883056641 2.9499480724334717 45408
1979 280.07402517452897 280.00022006532407 19.825155258178711 2.9327600002288818 45430
1980 280.07401497333274 280.00022006543679 19.886562347412109 2.9196360111236572 45453
1981 280.07400477516182 280.00022006554946 19.821615219116211 2.9271869659423828 45476
1982 280.07399458001464 280.00022006566206 19.839323043823242 2.902864933013916 45499
1983 280.07398438788999 280.00022006577461 19.817136764526367 2.9203650951385498 45522
1984 280.0739741987864 280.00022006588711 19.818855285644531 2.911823034286499 45545
1985 280.07396401270262 280.00022006599966 19.817865371704102 2.9599480628967285 45568
1986 280.07395382963728 280.00022006611209 19.822240829467773 2.9259369373321533 45591
1987 280.07394364958901 280.00022006622447 19.814792633056641 2.9246881008148193 45614
1988 280.07393347255663 280.00022006633696 19.808021545410156 2.8944270610809326 45636
1989 280.07392329853855 280.00022006644929 19.863645553588867 2.9208860397338867 45659
1990 280.07391312753356 280.00022006656155 19.810937881469727 2.921875 45682
1991 280.07390295954036 280.00022006667393 19.819738388061523 2.9375 45705
1992 280.07389279455759 280.0002200667862 19.815313339233398 2.8938539028167725 45728
1993 280.073882632584 280.00022006689835 19.853750228881836 2.933542013168335 45751
1994 280.07387247361805 280.00022006701062 19.811822891235352 2.9317190647125244 45774
1995 280.07386231765867 280.00022006712277 19.816770553588867 2.9206249713897705 45797
1996 280.07385216470436 280.00022006723486 19.821823120117188 2.9211978912353516 45820
1997 280.07384201475389 280.00022006734713 19.827707290649414 2.9392180442810059 45843
1998 280.07383186780589 280.000220067459 19.820884704589844 2.9414060115814209 45866
1999 280.07382172385911 280.00022006757104 19.809011459350586 2.9246349334716797 45888
2000 280.07381158291213 280.00022006768307 19.810417175292969 2.9156250953674316 45911
