iterat. internal-T external-T elapsed-time
0 300 280 0.11656393899966133
1 299.93339999999171 280.00000073555265 0.23336960300002829
2 299.86768806438675 280.0000014612578 0.34952941699975781
3 299.80284266857791 280.00000217742144 0.46606746999987081
4 299.73884295557366 280.00000288427617 0.58222176199979003
5 299.67566871193145 280.00000358194654 0.69889659000000393
6 299.61330034465084 280.00000427076952 0.81514317399978609
7 299.55171885925904 280.00000495089756 0.93187862399963706
8 299.49090583844264 280.00000562251671 1.0480965090000609
9 299.43084342172625 280.00000628585485 1.1654047879997051
10 299.37151428591193 280.00000694109485 1.2817925209997156
11 299.3129016262107 280.00000758841281 1.3984630739996646
12 299.2549891382879 280.00000822800615 1.5150128430000223
13 299.19776100083601 280.0000088600396 1.6317369909997979
14 299.14120185890607 280.00000948468744 1.7481568069997593
15 299.08529680787507 280.00001010212208 1.8651685639997595
16 299.03003137803722 280.00001071247817 1.9814483749996725
17 298.97539151974598 280.00001131593024 2.0987365979999595
18 298.92136358919896 280.00001191263141 2.2159499219997087
19 298.86793433470621 280.00001250269713 2.3333805439997377
20 298.81509088345456 280.00001308629936 2.45056475399997
21 298.76282072887324 280.00001366359527 2.5679611559999103
22 298.7111117183594 280.00001423467478 2.6851030210000317
23 298.65995204158475 280.00001479967926 2.8025161389996356
24 298.60933021905407 280.00001535875066 2.9195583109999461
25 298.55923509130673 280.00001591201135 3.0363257349999913
26 298.50965580839886 280.00001645957656 3.1527186710000024
27 298.46058181974018 280.00001700153956 3.2695636489997923
28 298.4120028644009 280.00001753805549 3.3860745560000396
29 298.36390896171167 280.0000180692378 3.5031836559996918
30 298.31629040220349 280.00001859512747 3.6195415389997834
31 298.26913773891027 280.00001911589356 3.7363897459999862
32 298.22244177896454 280.00001963161105 3.8527961679997134
33 298.17619357550331 280.00002014237788 3.9695521829999052
34 298.13038441984071 280.00002064828652 4.0858748529999502
35 298.08500583396778 280.00002114946363 4.2026127949998227
36 298.04004956326116 280.000021645961 4.3188324409998131
37 297.9955075695018 280.00002213789759 4.4355298089999451
38 297.95137202413218 280.00002262535071 4.5518463329999577
39 297.90763530166811 280.00002310836544 4.6685699509998813
40 297.86428997351732 280.00002358707536 4.7849105880000025
41 297.82132880181092 280.00002406155363 4.9015823790000468
42 297.77874473360299 280.00002453186147 5.0179278069999782
43 297.73653089519007 280.00002499806766 5.13458308700001
44 297.69468058668144 280.00002546026946 5.250903513999674
45 297.65318727665613 280.00002591853087 5.3676183789998504
46 297.61204459718789 280.00002637292039 5.4838893259998258
47 297.57124633878493 280.00002682348918 5.6006528899997647
48 297.53078644579557 280.00002727034729 5.7169283159996667
49 297.49065901167126 280.00002771352092 5.8336774499998683
50 297.45085827465658 280.00002815307749 5.9500113119997877
51 297.41137861341014 280.00002858911597 6.0667618519996722
52 297.37221454293172 280.00002902163101 6.1830393059999551
53 297.33336071053157 280.00002945074385 6.2997890649999135
54 297.29481189195189 280.00002987648924 6.4160911029998715
55 297.25656298765864 280.00003029891542 6.5328160699996261
56 297.21860901919695 280.000030718076 6.6490949300000466
57 297.18094512572287 280.00003113404341 6.7658827609998298
58 297.14356656056583 280.00003154685481 6.8826865279997946
59 297.1064686880448 280.00003195656939 6.9994448259999444
60 297.0696469802229 280.00003236322948 7.1157327460000488
61 297.03309701388531 280.00003276688574 7.2324554179999723
62 296.99681446758251 280.00003316760706 7.3487945889996809
63 296.96079511874467 280.00003356540287 7.4654932499997813
64 296.92503484090156 280.00003396034992 7.5818624739999905
65 296.88952960103626 280.00003435247731 7.6985967089999576
66 296.85427545694017 280.00003474182756 7.8149750969996603
67 296.8192685547333 280.00003512843818 7.9318728739999642
68 296.78450512638767 280.00003551236784 8.0482615239998267
69 296.74998148741577 280.0000358936565 8.1650180469996485
70 296.71569403454083 280.00003627232178 8.2813666439997178
71 296.68163924351012 280.00003664843831 8.3981312920000164
72 296.64781366694791 280.000037022019 8.5144323350000377
73 296.61421393226522 280.00003739310455 8.6312925069996709
74 296.58083673967013 280.00003776171417 8.7477127189999919
75 296.54767886016816 280.00003812792352 8.864532417999726
76 296.51473713374355 280.00003849173066 8.9809813259998919
77 296.4820084674692 280.00003885320086 9.0977481069999158
78 296.4494898337536 280.00003921233184 9.2141074299997854
79 296.41717826861924 280.00003956918073 9.3308994720000555
80 296.38507087002841 280.00003992378385 9.4472099909999088
81 296.35316479627568 280.00004027616001 9.5639778659997319
82 296.32145726438853 280.00004062634605 9.680314948999694
83 296.28994554864147 280.00004097435777 9.7970970920000582
84 296.25862697906609 280.00004132025043 9.9134560989996316
85 296.22749893999543 280.00004166402658 10.030192563999663
86 296.19655886871396 280.00004200573596 10.146575686999768
87 296.1658042540779 280.00004234538756 10.263352568999835
88 296.13523263521796 280.00004268303712 10.379751368999678
89 296.10484160028517 280.00004301867057 10.496507469999869
90 296.07462878517174 280.00004335235167 10.612880175999635
91 296.0445918723687 280.00004368407969 10.729622160999952
92 296.01472858976501 280.00004401389026 10.846024863999901
93 295.98503670954869 280.00004434181398 10.96284528599972
94 295.95551404709187 280.00004466786754 11.079222050999761
95 295.92615845988342 280.00004499207915 11.196058256000015
96 295.89696784651187 280.00004531446024 11.312403821999851
97 295.86794014565584 280.00004563504808 11.429205337999974
98 295.83907333511104 280.0000459538503 11.545553039999959
99 295.81036543084241 280.00004627090283 11.662353461999828
100 295.78181448605318 280.00004658623959 11.778797048999877
101 295.75341859031346 280.00004689985138 11.895990083000015
102 295.72517586866076 280.00004721177078 12.01235507399997
103 295.69708448080053 280.00004752200971 12.129148617999817
104 295.66914262022578 280.00004783061411 12.245503139999983
105 295.64134851348302 280.00004813756425 12.362287620999723
106 295.61370041934026 280.00004844292175 12.478676726999765
107 295.58619662806609 280.00004874668406 12.595442092999747
108 295.55883546069765 280.00004904885873 12.711827969999831
109 295.53161526830399 280.00004934947674 12.828592915999707
110 295.50453443131215 280.00004964856311 12.945069677999982
111 295.47759135882961 280.00004994612658 13.061815561999992
112 295.45078448797989 280.00005024218558 13.178217685999698
113 295.42411228326011 280.00005053676085 13.294974819999879
114 295.39757323594097 280.00005082985678 13.411355797999931
115 295.37116586345491 280.00005112149955 13.52812959899984
116 295.34488870878488 280.00005141171135 13.644469013999696
117 295.31874033990761 280.00005170050173 13.761248073999923
118 295.29271934926186 280.00005198787164 13.877750145999926
119 295.26682435315655 280.00005227386526 13.994591601999673
120 295.24105399127046 280.00005255847083 14.110902366999653
121 295.21540692614815 280.00005284171806 14.227695696999945
122 295.18988184267278 280.00005312362094 14.34400083699984
123 295.16447744758761 280.00005340419608 14.460783957999865
124 295.13919246904118 280.00005368343898 14.577172641999823
125 295.11402565609205 280.0000539613855 14.693960502999744
126 295.08897577827429 280.00005423804066 14.81035637199966
127 295.06404162518481 280.00005451343867 14.927140635999876
128 295.03922200597469 280.00005478754559 15.04359655799999
129 295.01451574903149 280.00005506041941 15.16038483300008
130 294.98992170152144 280.00005533203307 15.27676309699973
131 294.96543872897502 280.00005560242238 15.393526474999817
132 294.94106571494808 280.00005587160831 15.509914999999637
133 294.91680156060613 280.00005613957677 15.626659575999838
134 294.89264518439592 280.00005640636704 15.743037473999721
135 294.86859552164987 280.00005667197041 15.859821006999937
136 294.84465152425366 280.00005693640742 15.976241196000046
137 294.82081216031457 280.00005719969266 16.093133585000032
138 294.79707641381179 280.00005746184678 16.209596900999713
139 294.77344328429189 280.00005772285215 16.326409027999944
140 294.74991178654727 280.00005798273367 16.442789529000038
141 294.72648095028916 280.00005824151032 16.559596864000014
142 294.70314981988878 280.00005849918051 16.675946061999639
143 294.67991745403344 280.0000587557617 16.792896887999632
144 294.65678292548176 280.00005901126252 16.909658749999835
145 294.63374532077131 280.00005926568861 17.026480664999781
146 294.61080373993855 280.00005951905882 17.142834705000041
147 294.58795729626388 280.00005977138773 17.260298407999926
148 294.56520511600985 280.00006002266218 17.37670755299996
149 294.54254633815378 280.00006027291738 17.493474049999804
150 294.51998011416828 280.00006052214275 17.61024007900005
151 294.49750560776613 280.00006077035772 17.727002513999651
152 294.47512199465478 280.00006101755707 17.843453843999669
153 294.4528284623064 280.00006126377309 17.960282006999932
154 294.43062420976503 280.00006150899486 18.076686252999934
155 294.40850844738162 280.00006175324148 18.193443424999714
156 294.38648039663917 280.00006199652148 18.309860067000045
157 294.36453928991341 280.00006223884486 18.426647188000061
158 294.34268437029436 280.00006248020759 18.543014869999752
159 294.3209148913524 280.00006272063132 18.659811886999705
160 294.2992301169777 280.00006296011969 18.77620342199998
161 294.27762932117753 280.00006319868737 18.892994707000071
162 294.25611178787597 280.00006343632856 19.009454212000037
163 294.23467681074737 280.00006367306105 19.126273569999739
164 294.21332369303497 280.00006390888592 19.242675051999868
165 294.19205174737652 280.00006414381562 19.359534359000008
166 294.17086029562819 280.00006437784515 19.475881777999803
167 294.14974866869909 280.00006461101066 19.592670457999702
168 294.12871620640436 280.00006484330157 19.708991156999673
169 294.10776225728245 280.00006507471778 19.825835929999812
170 294.08688617844166 280.00006530527099 19.942234181000003
171 294.06608733543669 280.00006553497582 20.059007649999785
172 294.04536510209078 280.00006576382907 20.175386576999699
173 294.02471886034851 280.00006599185446 20.292172962999757
174 294.00414800015466 280.00006621903736 20.408588869999676
175 293.98365191930031 280.00006644540235 20.525365255999986
176 293.96323002328165 280.00006667095033 20.641787465999641
177 293.94288172519077 280.0000668956784 20.758558171999994
178 293.92260644554307 280.00006711960134 20.874991004999629
179 293.90240361219469 280.00006734272392 20.991807023999627
180 293.88227266018811 280.00006756505257 21.108212303000073
181 293.86221303163524 280.00006778659616 21.224986706999971
182 293.84222417561506 280.00006800734752 21.341343807999692
183 293.82230554801191 280.00006822732826 21.458193108999694
184 293.80245661146955 280.00006844654587 21.574565888000052
185 293.78267683520789 280.00006866499569 21.691539514999931
186 293.76296569495025 280.00006888268632 21.808164120999663
187 293.74332267282557 280.00006909963088 21.925184047999664
188 293.72374725721858 280.00006931583283 22.041583907999666
189 293.7042389427171 280.0000695312927 22.158411122999951
190 293.68479722997517 280.00006974600899 22.274791086999812
191 293.6654216256303 280.00006995999684 22.391619655999875
192 293.64611164219218 280.00007017325999 22.507942221999656
193 293.62686679797554 280.00007038580014 22.624751831999674
194 293.60768661697182 280.0000705976326 22.741101428999627
195 293.58857062876785 280.00007080874536 22.858014267999806
196 293.56951836847867 280.00007101916776 22.974440219999906
197 293.55052937663703 280.00007122888258 23.091213785000036
198 293.53160319910779 280.00007143791066 23.207646298999862
199 293.51273938700763 280.00007164625049 23.324413457999981
200 293.49393749663096 280.0000718538966 23.440826648999973
201 293.47519708933976 280.00007206086372 23.55760010899985
202 293.45651773154003 280.00007226715888 23.674026112999854
203 293.43789899453998 280.00007247279086 23.79080186300007
204 293.41934045450733 280.00007267775118 23.907213488999787
205 293.40084169239418 280.00007288205114 24.024039395999807
206 293.38240229385076 280.000073085699 24.140402999999878
207 293.36402184917262 280.0000732886927 24.257222500999887
208 293.34569995319669 280.00007349104027 24.373576469
209 293.32743620528424 280.00007369274562 24.490401750999808
210 293.30923020918453 280.00007389382199 24.606774208999923
211 293.29108157303108 280.00007409425712 24.723592928000016
212 293.27298990923697 280.00007429406458 24.83995548699977
213 293.25495483445712 280.00007449324232 24.956786184000066
214 293.23697596948369 280.0000746917998 25.073122335999869
215 293.21905293925522 280.00007488974734 25.189948292999816
216 293.20118537270707 280.00007508708217 25.306301163999706
217 293.18337290277947 280.00007528380559 25.423082536000038
218 293.16561516633089 280.00007547992601 25.539454678999846
219 293.14791180409793 280.00007567544634 25.656236155999977
220 293.13026246060593 280.00007587036066 25.772646839999652
221 293.11266678415654 280.00007606469046 25.889415239999835
222 293.09512442672764 280.000076258425 26.00582769399989
223 293.0776350439703 280.0000764515878 26.122593489999872
224 293.06019829511291 280.0000766441629 26.239015944999664
225 293.04281384292563 280.00007683615314 26.355817523000042
226 293.02548135367704 280.00007702759063 26.47223039399978
227 293.00820049707755 280.00007721843883 26.589027231999808
228 292.9909709462334 280.0000774087282 26.705398799999784
229 292.9737923775898 280.00007759844897 26.822537310999905
230 292.9566644708899 280.00007778761028 26.939062681999985
231 292.93958690914042 280.00007797621657 27.055926862999968
232 292.92255937854912 280.00007816427643 27.172285719999763
233 292.90558156848977 280.0000783517757 27.289083753999876
234 292.8886531714424 280.00007853874439 27.405444796999745
235 292.87177388297965 280.00007872516522 27.52227548799965
236 292.8549434016852 280.00007891103633 27.63867694999999
237 292.83816142916868 280.00007909638038 27.755526702999759
238 292.82142766996054 280.00007928118748 27.872026861999984
239 292.80474183150875 280.00007946546754 27.988840830999834
240 292.78810362415743 280.00007964921656 28.105228695999813
241 292.77151276103632 280.00007983245234 28.222023341999829
242 292.75496895810585 280.00008001515965 28.338451103999887
243 292.73847193407266 280.00008019735736 28.455263249999916
244 292.72202141037553 280.00008037903564 28.571705230999669
245 292.70561711111202 280.00008056020386 28.688527637999869
246 292.68925876304246 280.00008074086571 28.804941906999829
247 292.67294609555995 280.00008092102689 28.92176254099968
248 292.65667884059127 280.00008110068984 29.038292073999855
249 292.64045673264559 280.00008127984756 29.155080362999797
250 292.62427950872615 280.00008145851228 29.27149796499998
251 292.60814690833678 280.00008163667758 29.388296931999776
252 292.59205867339062 280.00008181435476 29.504662501999974
253 292.57601454825476 280.00008199154689 29.621473968999908
254 292.56001427965487 280.0000821682579 29.737854589999642
255 292.54405761667908 280.00008234449035 29.854669231999651
256 292.52814431074751 280.00008252024759 29.971086778999961
257 292.51227411554351 280.00008269553035 30.087949025999933
258 292.49644678705101 280.00008287032887 30.20440100199994
259 292.48066208347802 280.00008304465536 30.321218924999812
260 292.46491976521861 280.00008321851237 30.437618294999993
261 292.44921959487772 280.00008339190475 30.554403404999903
262 292.43356133719288 280.00008356483977 30.67079871299984
263 292.41794475903646 280.00008373731197 30.787604654000006
264 292.40236962937439 280.00008390932766 30.90403865799999
265 292.38683571923622 280.00008408088428 31.020880224999928
266 292.37134280171983 280.00008425198706 31.13730151999971
267 292.35589065192386 280.00008442264692 31.254102616999717
268 292.34047904697434 280.0000845928505 31.37054229899968
269 292.32510776592846 280.00008476260905 31.48733167599994
270 292.30977658982198 280.0000849319286 31.603771669999787
271 292.294485301598 280.00008510080721 31.720565422999698
272 292.27923368611346 280.00008526924387 31.837517666999702
273 292.26402153010764 280.00008543725096 31.954624706999766
274 292.24884862215038 280.0000856048265 32.071026415999768
275 292.23371475267481 280.0000857719657 32.187860323999757
276 292.21861971389035 280.00008593868142 32.304244792999725
277 292.20356329984185 280.00008610495894 32.421086044999811
278 292.18854530629926 280.00008627081615 32.537452857000062
279 292.17356553080714 280.00008643625728 32.654301557000053
280 292.15862377262994 280.00008660128486 32.77067034699985
281 292.14371983272798 280.00008676588124 32.887604515000021
282 292.12885351376377 280.00008693007055 33.004719364999801
283 292.11402462005867 280.00008709384485 33.12175020299992
284 292.09923295757932 280.0000872572017 33.238175764000061
285 292.08447833392358 280.00008742016547 33.355220611999812
286 292.06976055829097 280.00008758270559 33.471648985999764
287 292.05507944148945 280.00008774484917 33.588455077999697
288 292.040434795875 280.0000879065808 33.704904129999704
289 292.02582643538437 280.00008806791158 33.821732407999662
290 292.01125417546342 280.00008822885559 33.938171456999953
291 291.99671783309361 280.0000883893959 34.05497244199978
292 291.98221722675868 280.00008854953444 34.171451075999812
293 291.96775217641448 280.00008870929247 34.288242060999892
294 291.95332250350015 280.00008886865675 34.404669963999822
295 291.93892803088988 280.00008902762738 34.521424020999802
296 291.92456858290171 280.00008918622501 34.637802183000076
297 291.91024398527657 280.00008934442951 34.754598843999702
298 291.89595406514599 280.00008950224043 34.870964606999678
299 291.88169865104214 280.00008965967982 34.987858249000055
300 291.86747757285889 280.00008981673585 35.104207188999681
301 291.85329066184545 280.00008997342894 35.221033068999986
302 291.83913775060267 280.00009012973635 35.337385707000067
303 291.82501867304973 280.00009028566899 35.454237471999932
304 291.81093326442488 280.00009044123044 35.570607558999654
305 291.79688136125657 280.00009059642241 35.687409166999714
306 291.78286280136535 280.00009075125035 35.803853523999805
307 291.76887742383428 280.00009090570683 35.920683411000027
308 291.7549250690019 280.00009105979859 36.037122612000076
309 291.74100557846776 280.0000912135236 36.153887965999729
310 291.7271187950181 280.00009136688755 36.270423679000032
311 291.71326456271288 280.00009151989076 36.387200752999888
312 291.69944272676554 280.00009167253825 36.503622191999966
313 291.68565313360256 280.00009182483177 36.62040249499978
314 291.67189563083082 280.00009197676911 36.73682080899971
315 291.65817006720306 280.00009212836244 36.853950127999724
316 291.6444762926468 280.00009227959674 36.970414795999659
317 291.63081415821466 280.00009243048606 37.087245669999902
318 291.61718351608971 280.00009258101994 37.203677420000076
319 291.60358421958546 280.00009273121424 37.320484127999862
320 291.59001612310084 280.00009288106673 37.436864781999702
321 291.57647908213721 280.00009303057402 37.553717375999895
322 291.56297295327937 280.00009317973786 37.670109905999652
323 291.54949759418173 280.00009332855399 37.786943278999843
324 291.53605286355116 280.00009347704651 37.903437633000067
325 291.5226386211624 280.00009362520126 38.020277047000036
326 291.50925472779471 280.00009377301723 38.136651136999717
327 291.49590104529074 280.00009392049549 38.253517009999996
328 291.48257743649469 280.00009406763752 38.36987057899978
329 291.46928376525335 280.00009421445486 38.486682492
330 291.45601989641045 280.00009436093723 38.60311252099973
331 291.44278569580189 280.00009450709609 38.71991677699998
332 291.42958103023182 280.00009465292754 38.836373418999756
333 291.41640576748273 280.00009479843607 38.953184340999996
334 291.40325977628333 280.00009494363019 39.069639628000004
335 291.39014292630878 280.00009508849183 39.186479976999635
336 291.3770550881726 280.00009523303402 39.303234074999637
337 291.36399613343195 280.00009537726328 39.420054735999656
338 291.35096593453449 280.00009552117911 39.536461948999658
339 291.33796436485926 280.00009566477331 39.653265526999803
340 291.32499129868171 280.00009580804078 39.769649872999707
341 291.31204661117698 280.00009595100579 39.886459333999937
342 291.29913017837333 280.00009609365583 40.002904723000029
343 291.28624187720521 280.00009623599919 40.119739965999997
344 291.27338158547263 280.00009637802629 40.236147906000042
345 291.26054918179619 280.00009651975228 40.352946949999932
346 291.24774454569331 280.00009666116546 40.46933629599971
347 291.23496755749568 280.00009680226754 40.586160964999635
348 291.22221809837328 280.00009694307408 40.702517028999864
349 291.20949605031637 280.00009708357572 40.819397946999743
350 291.19680129613903 280.00009722378297 40.935783957999774
351 291.18413371946036 280.00009736368401 41.052571228000033
352 291.1714932047073 280.0000975032911 41.168957914999737
353 291.15887963709326 280.00009764260597 41.285756070999923
354 291.14629290261382 280.00009778161757 41.402216145999773
355 291.13373288804519 280.00009792032773 41.519003207999958
356 291.12119948095597 280.00009805874669 41.635449948999849
357 291.10869256964452 280.00009819687108 41.752291958999649
358 291.09621204319473 280.00009833472114 41.869282617999943
359 291.08375779141903 280.00009847226255 41.986137334999967
360 291.07132970488419 280.00009860952292 42.102551572999801
361 291.05892767489371 280.00009874648777 42.219368633999693
362 291.0465515934676 280.00009888316805 42.335743911999998
363 291.03420135335716 280.00009901956014 42.452544096999645
364 291.02187684803414 280.00009915567233 42.568916616000024
365 291.00957797167621 280.00009929150366 42.685742790999939
366 290.9973046191522 280.00009942705304 42.802155776999825
367 290.98505668602968 280.00009956231872 42.919090493999647
368 290.972834068579 280.00009969731207 43.035545198999898
369 290.96063666374118 280.00009983201755 43.152383559999635
370 290.94846436914298 280.00009996645423 43.268772638999963
371 290.93631708306845 280.00010010061288 43.385631885999828
372 290.92419470448147 280.00010023450221 43.502022891999786
373 290.91209713298974 280.00010036810488 43.618840053999975
374 290.90002426886548 280.00010050143914 43.73523444500006
375 290.88797601302002 280.00010063450082 43.852083584999946
376 290.8759522670058 280.00010076729092 43.968520578999687
377 290.86395293302775 280.0001008998114 44.085320082999715
378 290.85197791388453 280.00010103206517 44.201760930999626
379 290.84002711302924 280.00010116405048 44.318555070000002
380 290.82810043453333 280.00010129577061 44.434967635999783
381 290.81619778305287 280.00010142721715 44.551773182000034
382 290.80431906387918 280.00010155841733 44.668203977999838
383 290.79246418289466 280.00010168934392 44.78504082399968
384 290.78063304657928 280.00010182001051 44.901422189999721
385 290.76882556199638 280.00010195042074 45.018243983000048
386 290.75704163682371 280.00010208056119 45.134600920999674
387 290.7452811792819 280.00010221044778 45.251435162999769
388 290.7335440981953 280.00010234007163 45.367815904000054
389 290.7218303029419 280.00010246943305 45.484639675999915
390 290.71013970347752 280.00010259854281 45.60100718700005
391 290.69847221031966 280.00010272739632 45.717849397999998
392 290.68682773452639 280.00010285600621 45.834267792999981
393 290.6752061877271 280.00010298435558 45.951159325999924
394 290.66360748209416 280.0001031124529 46.067562096000074
395 290.65203153032508 280.00010324029876 46.184418001999802
396 290.64047824567302 280.00010336789296 46.300819834999857
397 290.62894754191211 280.00010349524183 46.417645375999655
398 290.61743933335782 280.00010362234309 46.534072418000051
399 290.60595353483734 280.00010374920214 46.650892438000028
400 290.59449006169831 280.00010387579823 46.767354166999667
401 290.58304882982065 280.00010400215945 46.884596955999768
402 290.57162975556611 280.00010412827413 47.001093735999802
403 290.56023275582157 280.00010425414092 47.117902296000011
404 290.54885774797594 280.000104379768 47.234372616999735
405 290.53750464990094 280.0001045051547 47.351157687000068
406 290.52617337998566 280.00010463029258 47.467596027999662
407 290.51486385709546 280.00010475519417 47.584427087999757
408 290.50357600056742 280.00010487987254 47.701004964999811
409 290.49230973025129 280.00010500429346 47.817880970999795
410 290.48106496644516 280.0001051284795 47.934368582999923
411 290.46984162994477 280.00010525243647 48.051277142999879
412 290.45863964199259 280.00010537614679 48.167659334999826
413 290.44745892430535 280.00010549962735 48.284490132999963
414 290.43629939907072 280.00010562287503 48.40088826300007
415 290.42516098893674 280.00010574588885 48.517745883999851
416 290.41404361698335 280.00010586866966 48.634205890999965
417 290.40294720675092 280.00010599122083 48.751670191999892
418 290.39187168224697 280.00010611353684 48.868343535999884
419 290.38081696789908 280.0001062356348 48.985205477999898
420 290.36978298856957 280.00010635750226 49.101967261000027
421 290.35876966959171 280.00010647913456 49.218802327000049
422 290.3477769366894 280.00010660054323 49.335245611999653
423 290.33680471604396 280.0001067217184 49.452126720999786
424 290.32585293424961 280.00010684266624 49.568588282999826
425 290.31492151833771 280.00010696339569 49.685434595000061
426 290.30401039573815 280.00010708389544 49.801899223999953
427 290.29311949431269 280.00010720417561 49.918707670999993
428 290.28224874231563 280.00010732423561 50.035134249999828
429 290.27139806843775 280.00010744406757 50.151992123999662
430 290.26056740176074 280.00010756368016 50.26841724399992
431 290.24975667176608 280.00010768308488 50.385266367999975
432 290.23896580834452 280.00010780225017 50.501660082999933
433 290.22819474176816 280.00010792121816 50.618511966999904
434 290.21744340272414 280.0001080399594 50.734902926999894
435 290.2067117222694 280.00010815847804 50.851810450999892
436 290.19599963184851 280.00010827678506 50.96822621299998
437 290.18530706331944 280.00010839486589 51.08512295699984
438 290.17463394888006 280.00010851274209 51.201531478999641
439 290.16398022112878 280.00010863040944 51.318392754999877
440 290.15334581304955 280.00010874785306 51.434826901999713
441 290.14273065796925 280.00010886508994 51.551675728999726
442 290.13213468960799 280.0001089821161 51.668068731999938
443 290.12155784203696 280.00010909892876 51.784930226999677
444 290.11100004971433 280.00010921553047 51.901813289000074
445 290.10046124743496 280.00010933193181 52.018658486999811
446 290.08994137035842 280.00010944810936 52.135067650999645
447 290.07944035400658 280.00010956408147 52.251910244999635
448 290.06895813424615 280.00010967984753 52.368331023999872
449 290.05849464730159 280.00010979540218 52.485129972999857
450 290.0480498297423 280.00010991075294 52.601602104999984
451 290.03762361847248 280.00011002590168 52.71839683799999
452 290.02721595075883 280.00011014085288 52.834848360999786
453 290.01682676419131 280.0001102555957 52.951807010999801
454 290.00645599670202 280.00011037013365 53.068242335999912
455 289.99610358656145 280.00011048446288 53.185121040000013
456 289.98576947236063 280.0001105985952 53.30151428299996
457 289.97545359303155 280.00011071252271 53.418387204999817
458 289.96515588782512 280.00011082625684 53.534790030999829
459 289.95487629633277 280.00011093978441 53.651657431999865
460 289.94461475844651 280.00011105311108 53.768061726999804
461 289.93437121439291 280.00011116623915 53.884972163999919
462 289.92414560471951 280.00011127918106 54.001426776999779
463 289.91393787026834 280.0001113919156 54.118279038999844
464 289.90374795220919 280.00011150445573 54.234688600000027
465 289.89357579203357 280.00011161679868 54.351533413999732
466 289.88342133152258 280.00011172894267 54.467985265999687
467 289.87328451275982 280.00011184088902 54.584810339999876
468 289.86316527814762 280.0001119526458 54.701268598999832
469 289.85306357039303 280.00011206421226 54.818107855999642
470 289.84297933249184 280.00011217558676 54.934523422999973
471 289.83291250772845 280.00011228676465 55.051400647999799
472 289.82286303970631 280.00011239775557 55.167848453999795
473 289.8128308722986 280.00011250855499 55.284671565999815
474 289.80281594968778 280.00011261916433 55.401075934999881
475 289.79281821633634 280.00011272958216 55.517878889999793
476 289.78283761698611 280.00011283980604 55.634284508999826
477 289.77287409667747 280.00011294983989 55.751125752999997
478 289.76292760073022 280.00011305968644 55.867544824999641
479 289.7529980747417 280.00011316935155 55.984416180999688
480 289.74308546458809 280.00011327882834 56.100775566999801
481 289.73318971641169 280.00011338812413 56.217630100999941
482 289.72331077665382 280.00011349722877 56.334003964999738
483 289.71344859200423 280.0001136061486 56.451070265999988
484 289.70360310944011 280.00011371488119 56.567433765999795
485 289.69377427621004 280.00011382343155 56.684306215999641
486 289.68396203980268 280.00011393180051 56.800878007999927
487 289.67416634800765 280.00011403997939 56.917898127999706
488 289.66438714884879 280.00011414798183 57.034347891999914
489 289.65462439061656 280.00011425580067 57.151166296999691
490 289.64487802188904 280.00011436343965 57.267623092999656
491 289.63514799146327 280.00011447089918 57.384402122999745
492 289.625434248418 280.0001145781913 57.500831939999898
493 289.61573674206818 280.0001146852959 57.617664145999697
494 289.60605542199465 280.00011479221808 57.734071416000006
495 289.59639023803123 280.0001148989565 57.850982126999952
496 289.58674114025246 280.00011500551545 57.967438729999685
497 289.57710807897735 280.00011511191138 58.084269649999897
498 289.56749100477538 280.00011521811643 58.200653337999938
499 289.55788986845744 280.00011532415482 58.317500403999929
500 289.54830462108788 280.00011543001102 58.433908621999763
501 289.53873521395496 280.0001155357001 58.55074120900008
502 289.52918159860155 280.00011564121706 58.667163854999671
503 289.51964372678782 280.00011574655656 58.784037337999962
504 289.51012155053206 280.00011585171598 58.900451873999828
505 289.50061502206847 280.00011595670765 59.017404891999831
506 289.49112409387965 280.00011606152657 59.133801146999758
507 289.48164871866391 280.00011616617257 59.250665936999667
508 289.47218884935432 280.0001162706485 59.367030317999706
509 289.46274443911545 280.00011637495572 59.483847036000043
510 289.45331544133688 280.00011647909054 59.600295112999902
511 289.44390180963427 280.00011658305965 59.717096885000046
512 289.43450349784916 280.00011668685124 59.833549197999673
513 289.42512046002184 280.00011679048043 59.950394941000013
514 289.41575265044935 280.00011689394182 60.066846471999725
515 289.40640002361869 280.00011699723001 60.18367705899982
516 289.3970625342468 280.00011710035722 60.300109320000047
517 289.38774013727317 280.00011720330804 60.416942875999666
518 289.37843278782947 280.0001173061093 60.533386802999757
519 289.36914044128343 280.00011740873322 60.650221400999726
520 289.35986305319938 280.00011751118939 60.766613826999674
521 289.35060057936607 280.00011761348395 60.883534011999927
522 289.34135297576154 280.00011771561935 60.999996912999904
523 289.33212019858354 280.00011781758644 61.116854547000003
524 289.32290220425261 280.00011791939613 61.23324927099975
525 289.3136989493542 280.00011802103649 61.350097529999857
526 289.30451039071829 280.00011812251756 61.466507671999807
527 289.2953364853376 280.00011822383578 61.583366919999662
528 289.28617719045155 280.00011832498836 61.69978403999994
529 289.27703246344947 280.00011842598002 61.816864030000033
530 289.26790226196442 280.00011852681473 61.933432309999716
531 289.25878654378823 280.00011862748994 62.050320063000072
532 289.24968526693738 280.00011872801116 62.16675370899975
533 289.24059838960903 280.00011882836804 62.283596046999719
534 289.23152587019553 280.00011892856713 62.400039014999948
535 289.22246766727358 280.00011902860507 62.516882446999716
536 289.21342373962892 280.00011912848794 62.633350154999789
537 289.20439404622482 280.00011922821216 62.750176510000074
538 289.19537854620569 280.00011932778744 62.866738710999925
539 289.18637719892354 280.00011942719368 62.983596949000002
540 289.17738996389647 280.00011952645173 63.100050818999989
541 289.16841680083689 280.00011962554765 63.216876348999904
542 289.15945766963785 280.00011972450051 63.333301312999993
543 289.15051253038467 280.00011982329272 63.45030100699978
544 289.14158134332661 280.00011992192009 63.566724356999657
545 289.13266406889983 280.00012002040347 63.683689311999842
546 289.12376066772453 280.00012011873497 63.800099863000014
547 289.11487110060733 280.00012021692072 63.916991969999799
548 289.10599532850233 280.00012031494566 64.033454812999935
549 289.09713331256353 280.00012041281406 64.150528583999858
550 289.08828501411404 280.00012051053744 64.267233506999673
551 289.0794503946538 280.0001206081069 64.38413649999984
552 289.07062941584087 280.00012070552094 64.501575264999701
553 289.06182203952125 280.000120802796 64.618541641999855
554 289.05302822770022 280.0001208999131 64.735348130999682
555 289.04424794256147 280.00012099689269 64.852440250999734
556 289.03548114644764 280.00012109371386 64.968943889999991
557 289.02672780187726 280.00012119039292 65.085781014000077
558 289.01798787151773 280.00012128690713 65.202365589999772
559 289.00926131823007 280.00012138328032 65.319542291999824
560 289.00054810500887 280.00012147951185 65.436528840999927
561 288.99184819503728 280.00012157559405 65.553376224999738
562 288.98316155164076 280.00012167153562 65.669869500000004
563 288.97448813832506 280.00012176732565 65.786709863999931
564 288.96582791873129 280.00012186298545 65.903409088999979
565 288.95718085668727 280.00012195847796 66.020365080999909
566 288.94854691615814 280.00012205382524 66.136778736999986
567 288.93992606126926 280.00012214902756 66.253665510999781
568 288.93131825631735 280.00012224409107 66.370097084000008
569 288.92272346573714 280.00012233902009 66.487070366999887
570 288.91414165412056 280.00012243379956 66.60353714699977
571 288.90557278623169 280.00012252843942 66.720421892999639
572 288.89701682694886 280.00012262293347 66.837306286000057
573 288.88847374134389 280.00012271728241 66.954378176999853
574 288.87994349461002 280.00012281149213 67.070965335999972
575 288.87142605210784 280.00012290555475 67.187950196999736
576 288.86292137933083 280.00012299947849 67.304594958000052
577 288.85442944193704 280.0001230932661 67.421598881999671
578 288.84595020571982 280.00012318692188 67.538507284999923
579 288.83748363662011 280.00012328042618 67.655561831999876
580 288.82902970073542 280.00012337379104 67.772082126999976
581 288.8205883642957 280.00012346701817 67.889081429999806
582 288.81215959366955 280.00012356010376 68.005830736999997
583 288.80374335538568 280.0001236530556 68.122719416999644
584 288.795339616104 280.00012374587038 68.239251070999671
585 288.78694834262524 280.00012383854505 68.356221571999868
586 288.7785695019021 280.00012393107869 68.472736402999999
587 288.77020306100025 280.0001240234767 68.589732634000029
588 288.76184898715491 280.00012411574272 68.70634053699996
589 288.75350724771681 280.00012420786783 68.823225691000061
590 288.74517781019182 280.00012429986634 68.939763661999677
591 288.73686064220561 280.00012439172241 69.056820374999916
592 288.72855571152576 280.00012448344177 69.1732560559999
593 288.72026298605687 280.00012457502532 69.290174906999709
594 288.71198243383475 280.00012466647632 69.406648503999804
595 288.70371402302777 280.00012475779567 69.523632562999865
596 288.69545772194294 280.00012484898048 69.640263031999893
597 288.68721349901278 280.00012494003045 69.757249181999669
598 288.6789813227922 280.00012503094291 69.873722116999943
599 288.67076116198177 280.00012512173225 69.990718012999878
600 288.66255298540926 280.00012521238409 70.10742490299981
601 288.65435676202497 280.00012530289843 70.224336790000052
602 288.64617246090666 280.00012539328753 70.340956024999741
603 288.63800005126546 280.00012548354943 70.457935463000013
604 288.62983950242676 280.00012557367404 70.574713601999974
605 288.62169078386165 280.00012566367508 70.691695539999728
606 288.61355386514566 280.00012575353509 70.808306977000029
607 288.60542871599256 280.00012584327249 70.925267473000076
608 288.59731530622582 280.00012593287664 71.041952033999678
609 288.5892136058153 280.00012602234989 71.159013517999938
610 288.58112358482396 280.00012611170047 71.275750994999726
611 288.57304521345509 280.00012620091775 71.392690813999707
612 288.56497846202819 280.00012629001009 71.509184492999793
613 288.55692330099328 280.00012637896737 71.626238423999894
614 288.54887970089095 280.00012646780095 71.742837523999697
615 288.54084763241104 280.00012655651301 71.860083186999873
616 288.53282706635133 280.00012664509586 71.976638962999914
617 288.52481797361372 280.0001267335515 72.093590046999907
618 288.51682032523127 280.00012682187725 72.210281758999827
619 288.50883409236195 280.00012691007066 72.327293830999679
620 288.50085924625785 280.00012699814243 72.443958876999659
621 288.4928957582884 280.0001270861045 72.560998552000001
622 288.48494359995829 280.00012717391957 72.67774927399978
623 288.47700274286871 280.00012726162703 72.794621516999996
624 288.46907315872909 280.00012734920494 72.911401628000021
625 288.46115481937596 280.00012743664752 73.02842970499978
626 288.45324769674625 280.00012752397845 73.144987683999716
627 288.44535176290316 280.00012761118182 73.262167113000032
628 288.4374669899907 280.00012769826361 73.378716289999829
629 288.4295933503019 280.00012778522444 73.495724053999766
630 288.42173081620621 280.00012787205742 73.612334323999676
631 288.41387936019311 280.00012795876967 73.729401779
632 288.40603895487379 280.00012804535498 73.846010449999994
633 288.39820957294586 280.00012813182377 73.962984270999641
634 288.39039118721911 280.00012821816773 74.079684971999995
635 288.38258377062596 280.00012830439908 74.196683635999761
636 288.37478729617089 280.00012839050504 74.313355586999933
637 288.36700173700285 280.00012847649293 74.430379876999723
638 288.35922706635529 280.00012856235634 74.546972401999938
639 288.3514632575571 280.00012864810139 74.663948305999838
640 288.34371028406065 280.0001287337293 74.780730526999832
641 288.33596811940851 280.00012881924044 74.897669050999866
642 288.3282367372484 280.00012890461988 75.014291277999746
643 288.32051611133545 280.00012898988786 75.131282040999849
644 288.31280621550695 280.00012907503418 75.247894684999665
645 288.305107023733 280.00012916006767 75.36491148999994
646 288.29741851005105 280.00012924498486 75.481451999000001
647 288.28974064862115 280.0001293297704 75.598300940999707
648 288.28207341369165 280.0001294144547 75.715058897999825
649 288.27441677961008 280.00012949901748 75.83221092299982
650 288.26677072082873 280.00012958345707 75.948861498000042
651 288.25913521189057 280.00012966778291 76.065852900999744
652 288.25151022743324 280.00012975200025 76.182482902999709
653 288.24389574221459 280.00012983609491 76.299560450999707
654 288.23629173104388 280.00012992007277 76.416338627999721
655 288.22869816886617 280.00013000393898 76.533512267999868
656 288.22111503070431 280.00013008768377 76.650144301999717
657 288.21354229167969 280.00013017131818 76.767120921999776
658 288.20597992700328 280.00013025484247 76.884204317999775
659 288.19842791198784 280.00013033824166 77.001283754999804
660 288.1908862220298 280.0001304215387 77.11781517999998
661 288.18335483262604 280.00013050471489 77.234746546999759
662 288.17583371935467 280.00013058778359 77.351365521999924
663 288.16832285790213 280.00013067073229 77.46837433599967
664 288.16082222403008 280.0001307535673 77.584857999999713
665 288.15333179360385 280.00013083629358 77.701786971999809
666 288.14585154255781 280.00013091890452 77.818263828999989
667 288.13838144694961 280.00013100140598 77.935412758999973
668 288.13092148289365 280.0001310838 78.051973051999994
669 288.12347162661354 280.00013116607232 78.168891412999983
670 288.1160318544089 280.00013124823641 78.285482903999764
671 288.10860214268951 280.00013133029171 78.402534856999864
672 288.1011824679133 280.00013141223724 78.5192744699998
673 288.09377280665603 280.00013149407062 78.636375692999991
674 288.08637313557699 280.00013157579929 78.752961097000025
675 288.07898343140641 280.00013165740825 78.869956555000044
676 288.07160367098572 280.0001317389092 78.986712484999771
677 288.06423383120506 280.00013182029625 79.103673048000019
678 288.05687388907529 280.00013190158847 79.220536788999652
679 288.04952382167858 280.0001319827623 79.337589746000049
680 288.0421836061646 280.00013206382903 79.454488225999739
681 288.03485321979571 280.0001321447844 79.571538317999966
682 288.02753263989302 280.00013222564075 79.688062532999993
683 288.02022184387374 280.00013230637921 79.804975608999939
684 288.01292080923128 280.00013238701467 79.921538795999822
685 288.00562951355175 280.00013246753906 80.038568123000005
686 287.9983479344819 280.00013254795419 80.155350628999713
687 287.99107604976371 280.00013262826633 80.272360633000062
688 287.98381383722432 280.00013270847552 80.389819744999841
689 287.97656127475659 280.00013278857068 80.506943444999706
690 287.96931834034655 280.00013286856773 80.623455746999753
691 287.96208501205831 280.00013294844416 80.740585180999915
692 287.95486126802109 280.00013302822441 80.857168122000076
693 287.94764708645647 280.00013310790553 80.974155223999787
694 287.9404424456601 280.00013318747142 81.090751289999844
695 287.93324732400731 280.00013326694085 81.207695266999963
696 287.92606169994161 280.00013334629267 81.324224666999726
697 287.91888555200211 280.00013342555184 81.44111437499987
698 287.91171885878435 280.00013350469783 81.557869656999628
699 287.90456159897735 280.00013358374292 81.674784988999818
700 287.89741375133144 280.00013366269064 81.791541115999735
701 287.89027529468501 280.00013374152797 81.908754791999854
702 287.88314620794 280.00013382025827 82.025886958999763
703 287.87602647007566 280.00013389889324 82.14279089899992
704 287.86891606016536 280.00013397742828 82.259427498999685
705 287.86181495732382 280.00013405584326 82.376481697999679
706 287.85472314076014 280.00013413417213 82.49312658000008
707 287.84764058975378 280.00013421238629 82.610301349999645
708 287.84056728365596 280.00013429050745 82.72706477499969
709 287.83350320189089 280.00013436852782 82.844131801000003
710 287.8264483239621 280.00013444644196 82.960840966999967
711 287.81940262941595 280.00013452425611 83.077964449999854
712 287.81236609790648 280.00013460196556 83.19450518099984
713 287.80533870915161 280.00013467958053 83.311566842000047
714 287.79832044291987 280.00013475709221 83.428228456999932
715 287.79131127907431 280.00013483449931 83.545247097999891
716 287.78431119752008 280.00013491180908 83.662092772000051
717 287.77732017826833 280.000134989017 83.779105745999914
718 287.77033820137859 280.0001350661239 83.895728625999709
719 287.76336524696859 280.00013514313429 84.012747124999805
720 287.75640129524891 280.00013522005008 84.129520626999692
721 287.7494463264884 280.00013529686242 84.24652652199984
722 287.74250032101816 280.00013537356887 84.363021955000022
723 287.73556325924363 280.00013545019186 84.480018631999883
724 287.72863512163985 280.00013552670197 84.596576824999829
725 287.72171588875364 280.00013560312306 84.713601574999757
726 287.71480554118216 280.00013567943734 84.83013025199989
727 287.70790405959536 280.00013575565532 84.947084963999714
728 287.70101142473453 280.00013583178111 85.063666972999727
729 287.69412761740807 280.00013590780873 85.180741996000052
730 287.68725261849181 280.00013598373897 85.297309838999809
731 287.68038640891655 280.00013605956508 85.414281842000037
732 287.67352896967532 280.00013613530092 85.530812236999736
733 287.66668028184171 280.00013621094138 85.647910280999895
734 287.65984032655155 280.00013628648401 85.764587400999972
735 287.65300908499091 280.00013636192864 85.881690979999803
736 287.64618653841944 280.00013643727749 85.998347324999941
737 287.63937266816674 280.00013651252669 86.115267572999983
738 287.63256745561074 280.00013658768444 86.232092352999643
739 287.62577088219814 280.00013666275197 86.34905353799968
740 287.61898292944608 280.0001367377148 86.465780350999921
741 287.61220357891835 280.00013681258559 86.582865492999645
742 287.60543281227035 280.00013688736368 86.699799542999699
743 287.59867061116387 280.00013696205014 86.817090060999817
744 287.59191695738997 280.00013703663257 86.933849856000052
745 287.58517183275569 280.00013711112757 87.050935167999796
746 287.57843521914248 280.00013718553049 87.167662255999858
747 287.57170709849288 280.00013725983854 87.284796317999735
748 287.56498745280135 280.00013733404967 87.401292834999822
749 287.55827626413657 280.0001374081674 87.518193253999925
750 287.55157351461685 280.00013748219322 87.634782948000066
751 287.54487918642872 280.00013755612292 87.75189034999994
752 287.53819326180644 280.00013762997065 87.868610107999757
753 287.53151572304665 280.00013770371487 87.985605747999671
754 287.52484655251106 280.00013777736962 88.102200507999896
755 287.51818573262074 280.00013785093267 88.219256146999669
756 287.51153324583987 280.00013792440257 88.336063507999825
757 287.50488907471134 280.00013799777946 88.453370758999881
758 287.49825320181662 280.00013807107246 88.569797499999822
759 287.49162560980602 280.0001381442674 88.686744702999931
760 287.48500628138873 280.00013821737133 88.803512597999998
761 287.47839519931154 280.00013829038886 88.920471273999738
762 287.47179234641033 280.00013836331135 89.037024746000043
763 287.46519770555267 280.00013843613999 89.154017899999872
764 287.45861125966661 280.00013850888081 89.270620694999707
765 287.45203299173806 280.00013858153221 89.387644681999973
766 287.44546288481092 280.00013865409215 89.504286434999813
767 287.43890092198143 280.00013872656399 89.621300369999972
768 287.43234708639972 280.00013879894465 89.738126759999886
769 287.4258013612706 280.00013887123941 89.855316904999654
770 287.41926372986757 280.0001389434405 89.97223871999995
771 287.41273417550104 280.00013901555474 90.089111941999818
772 287.40621268153086 280.00013908757694 90.205542044999675
773 287.39969923139131 280.00013915951359 90.322489224000037
774 287.39319380855665 280.00013923135697 90.438982138000028
775 287.38669639656143 280.00013930311945 90.555907182999817
776 287.38020697898367 280.00013937479241 90.672382388999722
777 287.37372553946676 280.00013944637067 90.789317859999755
778 287.36725206169234 280.00013951786553 90.90580573599982
779 287.3607865294112 280.00013958926866 91.022791262999817
780 287.3543289264079 280.00013966058611 91.139250492999963
781 287.34787923653403 280.00013973181814 91.256197373999839
782 287.34143744369197 280.0001398029649 91.372659053000007
783 287.33500353182274 280.0001398740207 91.489618276999863
784 287.32857748493223 280.00013994499233 91.606078809999872
785 287.32215928707438 280.00014001587732 91.722965851000026
786 287.31574892234312 280.00014008667301 91.83992217299965
787 287.3093463748998 280.00014015738924 91.95692651499985
788 287.30295162894083 280.00014022801747 92.073498153999935
789 287.29656466872922 280.00014029854663 92.190633587999855
790 287.29018547855958 280.00014036899876 92.307177102999958
791 287.28381404279156 280.00014043936699 92.424118113000077
792 287.27745034582438 280.00014050965075 92.540695741000036
793 287.27109437211311 280.00014057985805 92.657609146999675
794 287.26474610615645 280.00014064996321 92.77415902499979
795 287.25840553250697 280.00014071998703 92.891158432999873
796 287.25207263576033 280.00014078992888 93.00766946199974
797 287.24574740056431 280.00014085978296 93.12459163099993
798 287.23942981161838 280.0001409295561 93.241106148999734
799 287.23311985366172 280.00014099924419 93.358009517000028
800 287.22681751149395 280.0001410688493 93.474592002999998
801 287.22052276993651 280.00014113836966 93.591544172999875
802 287.21423561389923 280.00014120780247 93.708074837999902
803 287.20795602829799 280.00014127715383 93.825011655999788
804 287.20168399811547 280.00014134642402 93.941491814000074
805 287.19541950838288 280.00014141561138 94.058486808999987
806 287.18916254417229 280.00014148471638 94.174963633000061
807 287.1829130906072 280.00014155373123 94.291886388999956
808 287.17667113285631 280.00014162266422 94.408389254999747
809 287.17043665611908 280.00014169152314 94.525380030999713
810 287.16420964567698 280.00014176029777 94.641921593999996
811 287.15799008680807 280.00014182898678 94.758840555000006
812 287.15177796488138 280.00014189759094 94.8754059339999
813 287.14557326527444 280.00014196611863 94.992482295999707
814 287.13937597344233 280.00014203456459 95.109169078999912
815 287.13318607485593 280.00014210292636 95.226117266000074
816 287.12700355505183 280.00014217120912 95.342738528999689
817 287.12082839961045 280.00014223940912 95.459647914000016
818 287.11466059414283 280.00014230753345 95.576121418999719
819 287.10850012429808 280.00014237556672 95.693082938999851
820 287.10234697580768 280.00014244352548 95.809961242999634
821 287.09620113440263 280.0001425114005 95.926879547999761
822 287.0900625858776 280.00014257919912 96.043400565999946
823 287.08393131607852 280.00014264690617 96.16052136899998
824 287.07780731087263 280.00014271454307 96.277274101999865
825 287.07169055619363 280.00014278209574 96.394241312999839
826 287.06558103799512 280.00014284957393 96.510869361000005
827 287.05947874229525 280.00014291696687 96.627880737999931
828 287.05338365514172 280.00014298428425 96.7444137399998
829 287.04729576261894 280.00014305151876 96.861386588999721
830 287.04121505087818 280.00014311867318 96.978640163999899
831 287.03514150607919 280.00014318575336 97.09559978399966
832 287.02907511445557 280.00014325274543 97.212091336999947
833 287.02301586225286 280.00014331967299 97.329381056999864
834 287.01696373577477 280.00014338651317 97.446953429999667
835 287.0109187213796 280.00014345327116 97.564905798999916
836 287.00488080542004 280.0001435199585 97.682459839999865
837 286.99884997435322 280.00014358656506 97.799799570999767
838 286.99282621463038 280.00014365309465 97.916789724999944
839 286.98680951275833 280.00014371954006 98.034116802999961
840 286.9807998552763 280.00014378590595 98.151159664999795
841 286.97479722877506 280.00014385220493 98.268475127999864
842 286.96880161988952 280.00014391842512 98.385427990999688
843 286.96281301527011 280.00014398455954 98.502622986000006
844 286.95683140163794 280.00014405061847 98.619160749999992
845 286.95085676573257 280.00014411660311 98.736157418999937
846 286.94488909434239 280.00014418251266 98.852720717000011
847 286.93892837427416 280.00014424834677 98.969701561999955
848 286.93297459241279 280.00014431409346 99.08630642199978
849 286.92702773564838 280.00014437978075 99.203639553999892
850 286.92108779092166 280.00014444537771 99.32066690900001
851 286.9151547452243 280.00014451090425 99.437931969999681
852 286.90922858556121 280.00014457635376 99.554853389000073
853 286.90330929899017 280.00014464172688 99.672126261999892
854 286.89739687261135 280.0001447070261 99.789061023999693
855 286.89149129355712 280.00014477223982 99.906306306999795
856 286.88559254898325 280.00014483739267 100.02324529099997
857 286.87970062611424 280.00014490246735 100.14017739999963
858 286.87381551218448 280.00014496745803 100.25674362799964
859 286.86793719448832 280.00014503237509 100.37363542499997
860 286.86206566033047 280.00014509722496 100.49058930499996
861 286.85620089708465 280.00014516199553 100.60781984799996
862 286.85034289212416 280.00014522669437 100.72481888699986
863 286.84449163290191 280.0001452913155 100.84203230799994
864 286.83864710687283 280.00014535586246 100.95895125399966
865 286.83280930153927 280.00014542033779 101.07616050899969
866 286.82697820444042 280.00014548473837 101.19319377600004
867 286.82115380315918 280.00014554906051 101.31047141599993
868 286.8153360853014 280.00014561331824 101.42738379899993
869 286.80952503852797 280.00014567749304 101.54458550199979
870 286.80372065050591 280.00014574159422 101.66152533299964
871 286.79792290896415 280.00014580563374 101.77880886699995
872 286.79213180165232 280.00014586958486 101.89548105799986
873 286.78634731635873 280.00014593346486 102.01275975299995
874 286.78056944091912 280.00014599728325 102.12955840099994
875 286.77479816319033 280.00014606102616 102.24668407699983
876 286.76903347106088 280.0001461246855 102.36424214399995
877 286.76327535246685 280.00014618827589 102.48201775999996
878 286.75752379536704 280.00014625180165 102.59882520999963
879 286.75177878777214 280.0001463152455 102.716067501
880 286.74604031770082 280.00014637862682 102.83327131499982
881 286.7403083732342 280.00014644192896 102.9505711679999
882 286.73458294246734 280.0001465051659 103.06772284699991
883 286.72886401353952 280.00014656832178 103.18483259899995
884 286.72315157462015 280.00014663141189 103.30165667599977
885 286.7174456139046 280.00014669443243 103.41889793699966
886 286.7117461196342 280.00014675737822 103.53601706399968
887 286.70605308008834 280.00014682024818 103.65327717899982
888 286.70036648356245 280.00014688305168 103.77043922999974
889 286.69468631838708 280.00014694578505 103.88780878399984
890 286.68901257294846 280.00014700845168 104.00480896699992
891 286.68334523563675 280.00014707103441 104.12200753299976
892 286.67768429488285 280.00014713355876 104.23853871099982
893 286.67202973917483 280.00014719601302 104.35551832099964
894 286.66638155699644 280.00014725838884 104.47215621699979
895 286.6607397368881 280.00014732069775 104.58937384499995
896 286.65510426740963 280.00014738293652 104.70634470699997
897 286.64947513716305 280.00014744510872 104.82368635700004
898 286.64385233477566 280.00014750720197 104.9407421259998
899 286.63823584890912 280.00014756923554 105.05808309999975
900 286.63262566826285 280.0001476311993 105.17481032999967
901 286.62702178155422 280.00014769308353 105.29174245500008
902 286.62142417753802 280.00014775490348 105.40817541699971
903 286.61583284501046 280.0001478166547 105.52504926099982
904 286.61024777278362 280.00014787834095 105.64186977200006
905 286.60466894970853 280.00014793995103 105.75876518399991
906 286.59909636467603 280.00014800149484 105.87526847199979
907 286.5935300065828 280.00014806296997 105.99216337000007
908 286.58796986437989 280.00014812437621 106.10872691799977
909 286.58241592704479 280.00014818571185 106.22558499299976
910 286.57686818357905 280.00014824698673 106.34230166399993
911 286.57132662301638 280.000148308191 106.45916958399994
912 286.56579123441992 280.00014836932547 106.57561849700005
913 286.56026200689155 280.00014843038599 106.69251563499984
914 286.55473892954859 280.00014849138762 106.80919091199985
915 286.54922199155726 280.00014855231348 106.92633582100007
916 286.54371118209173 280.00014861318107 107.04299406899963
917 286.53820649037408 280.0001486739751 107.15991830299981
918 286.53270790565171 280.0001487347019 107.27642321799976
919 286.52721541718967 280.00014879536201 107.39333734799993
920 286.52172901429839 280.00014885594908 107.50982351399989
921 286.51624868630813 280.00014891647601 107.62673832099972
922 286.51077442258338 280.00014897693171 107.74318053399975
923 286.5053062125225 280.00014903732654 107.86018951999995
924 286.4998440455318 280.00014909764747 107.97670574999984
925 286.49438791107258 280.00014915791326 108.09359624799981
926 286.48893779861618 280.00014921809765 108.21008450999989
927 286.48349369767652 280.00014927822951 108.32700333999992
928 286.47805559778033 280.00014933828152 108.44355972699987
929 286.47262348849551 280.00014939827889 108.56048814099995
930 286.46719735941861 280.00014945820607 108.67701801699968
931 286.46177720016487 280.00014951806509 108.79389045199969
932 286.45636300038575 280.00014957786823 108.91046018499992
933 286.45095474975938 280.00014963758639 109.02736392499992
934 286.44555243798749 280.00014969725203 109.14383115800001
935 286.44015605480024 280.00014975684837 109.26079421999975
936 286.43476558996525 280.00014981638833 109.37723806899976
937 286.42938103326583 280.00014987585513 109.49415576699994
938 286.42400237451864 280.00014993526105 109.61059758400006
939 286.41862960356264 280.00014999459677 109.72755377399972
940 286.41326271027532 280.00015005386666 109.84402206300001
941 286.40790168454959 280.00015011306931 109.96093076299985
942 286.40254651630931 280.00015017221205 110.07740592599976
943 286.39719719551323 280.0001502312918 110.19432499100003
944 286.39185371213637 280.00015029030544 110.31079838400001
945 286.38651605617662 280.00015034926133 110.42768791799972
946 286.3811842176703 280.00015040814679 110.54416995599968
947 286.37585818668157 280.00015046696637 110.66104553199966
948 286.37053795329075 280.00015052572002 110.77765762999979
949 286.36522350761203 280.0001505844188 110.89466342499964
950 286.35991483977665 280.00015064304915 111.01124344399977
951 286.35461193995906 280.00015070160867 111.12817533499992
952 286.34931479833978 280.00015076011522 111.24471457299978
953 286.34402340514248 280.00015081855219 111.36160573400002
954 286.33873775061193 280.00015087692958 111.47811825400004
955 286.3334578250076 280.00015093523871 111.59500321699988
956 286.32818361863042 280.00015099348724 111.71154209199995
957 286.32291512179432 280.00015105167387 111.82873269099991
958 286.3176523248506 280.00015110980024 111.94623208899975
959 286.31239521817031 280.00015116785931 112.06324779299985
960 286.30714379214083 280.00015122585489 112.17978121099986
961 286.30189803719037 280.00015128379124 112.29691706999984
962 286.29665794377183 280.00015134166091 112.41335101000004
963 286.29142350234309 280.00015139947243 112.53027327799964
964 286.28619470341425 280.00015145722449 112.64678461199992
965 286.2809715374961 280.00015151490919 112.76373074200001
966 286.27575399513904 280.0001515725325 112.88036141099974
967 286.27054206691776 280.00015163009073 112.99730134799984
968 286.26533574342983 280.00015168759609 113.1137867059997
969 286.2601350152849 280.0001517450259 113.23067638299972
970 286.25493987314513 280.00015180240592 113.3472013759997
971 286.24975030766637 280.00015185971887 113.46410829199976
972 286.24456630954631 280.00015191697315 113.58061682699963
973 286.23938786950498 280.00015197416502 113.69754014899991
974 286.23421497828321 280.00015203129374 113.81402578100005
975 286.22904762664479 280.00015208836049 113.93092041799991
976 286.22388580538359 280.00015214537149 114.04743318500005
977 286.21872950531338 280.00015220231995 114.16432652000003
978 286.21357871727571 280.00015225920328 114.28084621399967
979 286.20843343212812 280.00015231602953 114.39771225799996
980 286.20329364075792 280.00015237279422 114.51418387900003
981 286.19815933407057 280.00015242949189 114.63111643299999
982 286.19303050299845 280.00015248613499 114.74759446600001
983 286.18790713850171 280.00015254273029 114.86453812599984
984 286.18278923155771 280.00015259924379 114.98108116499998
985 286.17767677317426 280.00015265570948 115.09802628399984
986 286.17256975436811 280.00015271211117 115.21444817899965
987 286.16746816618672 280.00015276845261 115.33139803699987
988 286.16237199971158 280.00015282474027 115.44786852499965
989 286.15728124602924 280.00015288096535 115.56479791499987
990 286.15219589625542 280.00015293713068 115.68126668399964
991 286.14711594154096 280.00015299323422 115.79816019999998
992 286.14204137303358 280.00015304928075 115.91467168899999
993 286.13697218193187 280.00015310526618 116.03158171699988
994 286.13190835944295 280.00015316119385 116.14809518599986
995 286.12684989678348 280.00015321705342 116.26500547399974
996 286.12179678521892 280.0001532728607 116.38150149500007
997 286.11674901601998 280.00015332861449 116.49840308600005
998 286.1117065804911 280.00015338430569 116.61489978400004
999 286.10666946993746 280.00015343992885 116.73181502299985
1000 286.10163767569759 280.00015349550512 116.8487669379997
1001 286.09661118916273 280.00015355101829 116.96581265499981
1002 286.09159000168739 280.00015360647387 117.082325459
1003 286.08657410468868 280.00015366186875 117.19922279100001
1004 286.08156348960375 280.00015371720832 117.31573731499975
1005 286.07655814786807 280.00015377248798 117.43262563600001
1006 286.07155807096632 280.00015382771113 117.54909510800007
1007 286.06656325038153 280.00015388287397 117.66606645000002
1008 286.06157367763677 280.00015393797702 117.78252056599968
1009 286.05658934425549 280.00015399302646 117.89953707599989
1010 286.05161024181319 280.00015404801758 118.01602051899999
1011 286.04663636187871 280.00015410295151 118.13300291499991
1012 286.04166769604564 280.00015415782229 118.24947974299994
1013 286.03670423594673 280.00015421264158 118.36635625400004
1014 286.03174597321726 280.00015426739799 118.48287719599966
1015 286.02679289952624 280.00015432210427 118.59975323899971
1016 286.02184500653618 280.0001543767537 118.71628574499982
1017 286.01690228597693 280.0001544313389 118.83317278999994
1018 286.01196472956588 280.00015448587573 118.94969124499994
1019 286.00703232904186 280.00015454034036 119.06662662300005
1020 286.00210507617004 280.00015459476049 119.18311413999982
1021 285.99718296275182 280.00015464912525 119.30002847600008
1022 285.99226598057766 280.00015470342953 119.4165387019998
1023 285.98735412149091 280.00015475767327 119.53341027799979
1024 285.98244737732057 280.00015481186608 119.64994352399981
1025 285.97754573994882 280.00015486599989 119.76682396199976
1026 285.97264920125679 280.00015492007714 119.88334451199989
1027 285.96775775315945 280.00015497409771 120.00027547599984
1028 285.96287138758282 280.00015502806292 120.11674962000006
1029 285.95799009646407 280.00015508197703 120.23366709399988
1030 285.95311387179157 280.00015513582844 120.35011457199971
1031 285.94824270553363 280.00015518962755 120.46704095199993
1032 285.9433765897171 280.00015524337027 120.58349066999972
1033 285.93851551634555 280.00015529705769 120.70043918500005
1034 285.93365947748566 280.00015535068917 120.81694927999979
1035 285.92880846518949 280.00015540426375 120.933864266
1036 285.92396247156222 280.00015545778353 121.05039540200005
1037 285.91912148868903 280.00015551124335 121.16726257599976
1038 285.91428550870495 280.00015556465422 121.28380053399997
1039 285.90945452375064 280.00015561800524 121.40065854199975
1040 285.90462852599313 280.00015567131197 121.5171970209999
1041 285.8998075076089 280.00015572455095 121.63406258099985
1042 285.89499146080709 280.00015577774531 121.7506016909997
1043 285.89018037779744 280.00015583087338 121.86781231199984
1044 285.88537425083308 280.0001558839503 121.98435502199982
1045 285.88057307215843 280.00015593697901 122.10123637599963
1046 285.87577683405732 280.00015598994997 122.21770715999992
1047 285.87098552882503 280.00015604286347 122.33463856499975
1048 285.86619914878122 280.00015609572461 122.45111966099967
1049 285.86141768625163 280.00015614852947 122.56802221199996
1050 285.85664113358791 280.00015620128687 122.68453268299982
1051 285.85186948316806 280.00015625398294 122.80145545300002
1052 285.84710272737584 280.00015630662887 122.91804999799979
1053 285.84234085861874 280.00015635922114 123.03500792599971
1054 285.8375838693222 280.00015641175827 123.15152596200005
1055 285.83283175192628 280.00015646423697 123.268460452
1056 285.82808449890507 280.00015651667053 123.38492473799988
1057 285.8233421027245 280.00015656904668 123.50184865499978
1058 285.81860455588884 280.00015662136269 123.61830361800003
1059 285.81387185091933 280.00015667364062 123.73521040399964
1060 285.80914398034622 280.00015672585039 123.851789285
1061 285.80442093672036 280.00015677801383 123.96869118399991
1062 285.79970271261334 280.0001568301231 124.08522662699988
1063 285.79498930061982 280.00015688217292 124.20209368199994
1064 285.79028069333623 280.00015693418476 124.31861016799985
1065 285.78557688338486 280.00015698613362 124.43552263899983
1066 285.78087786341234 280.00015703802342 124.5520329789997
1067 285.77618362607632 280.00015708987434 124.66894216899982
1068 285.77149416404785 280.00015714165869 124.78543809099983
1069 285.76680947003206 280.00015719340058 124.90234875199985
1070 285.76212953673121 280.00015724508978 125.01888623900004
1071 285.7574543568727 280.00015729672111 125.13583398299988
1072 285.75278392320712 280.00015734829833 125.25233683399983
1073 285.74811822849375 280.00015739982729 125.36928546399986
1074 285.74345726551832 280.00015745130236 125.48578326400002
1075 285.73880102707193 280.00015750272451 125.60274105899998
1076 285.73414950596651 280.00015755410124 125.71924479900008
1077 285.72950269504196 280.00015760541839 125.83617786800005
1078 285.72486058714105 280.00015765668587 125.95268286700002
1079 285.72022317513631 280.00015770790316 126.06963869599986
1080 285.71559045189082 280.00015775906218 126.18608536300007
1081 285.71096241032092 280.00015781018578 126.30300207799974
1082 285.7063390433367 280.00015786123765 126.41962603499996
1083 285.70172034387633 280.00015791225189 126.53660618699996
1084 285.6971063048793 280.00015796321162 126.65313977999995
1085 285.69249691931475 280.0001580141132 126.77006098099992
1086 285.68789218016644 280.0001580649718 126.887414111
1087 285.68329208043036 280.00015811577964 127.0043504729997
1088 285.67869661312017 280.00015816652638 127.12090376499964
1089 285.67410577127708 280.00015821723241 127.23781195099991
1090 285.66951954792717 280.00015826788189 127.35431868099977
1091 285.66493793615405 280.00015831848259 127.47122983500003
1092 285.66036092903585 280.00015836903231 127.58868015200005
1093 285.65578851965694 280.00015841953223 127.70567541999981
1094 285.65122070113512 280.00015846997553 127.82222872500006
1095 285.64665746660182 280.00015852037598 127.93928145299969
1096 285.64209880920481 280.0001585707243 128.05600011999968
1097 285.63754472209172 280.00015862101571 128.17289165099965
1098 285.63299519844645 280.00015867126734 128.28937360300006
1099 285.6284502314698 280.00015872145985 128.40626341500001
1100 285.62390981435107 280.00015877160109 128.52275604299984
1101 285.61937394032384 280.0001588216968 128.63969205299964
1102 285.61484260262716 280.00015887174345 128.75617729099986
1103 285.61031579451628 280.00015892173235 128.87312081299979
1104 285.60579350925968 280.00015897168453 128.98961142200005
1105 285.60127574014774 280.00015902158481 129.10651791300006
1106 285.59676248047259 280.00015907142409 129.22302930299975
1107 285.59225372355752 280.00015912122365 129.33993777299975
1108 285.58774946273536 280.00015917096465 129.45646213099963
1109 285.58324969135475 280.00015922066245 129.57332346599969
1110 285.57875440278008 280.00015927031245 129.68981558499991
1111 285.5742635903797 280.00015931990697 129.80668724399993
1112 285.56977724755842 280.00015936945704 129.92319296899996
1113 285.56529536771836 280.00015941895816 130.04012499200007
1114 285.56081794428309 280.00015946840767 130.1566838939998
1115 285.55634497069991 280.00015951780568 130.27355805299976
1116 285.55187644041405 280.0001595671576 130.39000679999981
1117 285.54741234688959 280.00015961645772 130.5069448649997
1118 285.5429526836291 280.00015966570874 130.62337866300004
1119 285.53849744411764 280.00015971491268 130.740308035
1120 285.53404662185591 280.00015976407752 130.8568222089998
1121 285.52960021040303 280.00015981317722 130.97374231799995
1122 285.52515820328745 280.00015986222991 131.09027060599965
1123 285.5207205940543 280.00015991124735 131.20717462099992
1124 285.51628737628818 280.0001599602092 131.32366994199992
1125 285.51185854357556 280.00016000911671 131.44057270699977
1126 285.50743408952218 280.00016005798551 131.55705156899967
1127 285.50301400773429 280.00016010680247 131.67393365699991
1128 285.49859829185112 280.00016015556946 131.79047257999991
1129 285.49418693551144 280.00016020429496 131.90769842700001
1130 285.4897799323756 280.00016025295957 132.02424141599977
1131 285.48537727611762 280.00016030158434 132.14112716199998
1132 285.48097896042788 280.0001603501546 132.25762364000002
1133 285.4765849790075 280.0001603986853 132.37447188599981
1134 285.47219532557261 280.00016044716665 132.49096633299996
1135 285.46780999385237 280.00016049559702 132.60788254699992
1136 285.46342897759121 280.00016054398014 132.72441340299974
1137 285.45905227055306 280.00016059232161 132.84132202499995
1138 285.45467986649771 280.00016064060429 132.95788512899981
1139 285.45031175922497 280.00016068885202 133.07480791799981
1140 285.44594794253754 280.00016073704631 133.19123232499987
1141 285.4415884102346 280.00016078518905 133.30821302999993
1142 285.43723315615631 280.0001608332945 133.42463988500003
1143 285.43288217414079 280.00016088135129 133.54156251799986
1144 285.42853545804957 280.00016092936056 133.65803155999993
1145 285.42419300173924 280.00016097731066 133.77496003399983
1146 285.41985479911796 280.00016102521948 133.89149210799997
1147 285.41552084404998 280.00016107309102 134.00841871099965
1148 285.41119113047614 280.00016112091004 134.12489031699988
1149 285.40686565229981 280.00016116867755 134.24179592999963
1150 285.40254440346683 280.00016121639965 134.35827706700002
1151 285.39822737792827 280.00016126407775 134.47514507599999
1152 285.39391456964933 280.00016131170798 134.591655016
1153 285.3896059726045 280.00016135929309 134.70853219199989
1154 285.38530158078891 280.00016140683124 134.82506933099967
1155 285.38100138820306 280.00016145432829 134.94195922699964
1156 285.37670538887488 280.00016150176918 135.05854308399967
1157 285.37241357682268 280.00016154917074 135.17542282299974
1158 285.3681259460962 280.00016159652506 135.29195256599996
1159 285.36384249075843 280.00016164382674 135.40880152499994
1160 285.35956320487145 280.00016169109188 135.52530543400007
1161 285.35528808252417 280.00016173830841 135.64219668399983
1162 285.35101711780931 280.00016178547901 135.75867617299991
1163 285.34675030484567 280.00016183259987 135.87562613199998
1164 285.34248763774411 280.00016187967736 135.99211557399985
1165 285.33822911064067 280.00016192670438 136.10906725299992
1166 285.33397471769922 280.00016197369416 136.22551320499997
1167 285.32972445306604 280.0001620206337 136.34244535199969
1168 285.32547831091409 280.00016206752895 136.4589099509999
1169 285.32123628544014 280.00016211437867 136.57582923399968
1170 285.31699837084545 280.0001621611824 136.69232862299987
1171 285.31276456133094 280.00016220793856 136.80942130099993
1172 285.30853485112476 280.00016225465583 136.92615971099985
1173 285.30430923447483 280.0001623013215 137.04302624599995
1174 285.3000877056233 280.00016234794617 137.15954522999982
1175 285.29587025881938 280.00016239451969 137.27646936799965
1176 285.2916568883677 280.00016244105029 137.3929724679997
1177 285.28744758853628 280.00016248754071 137.50990374100002
1178 285.28324235362896 280.00016253398223 137.62639907999983
1179 285.27904117795435 280.00016258037948 137.74330900399991
1180 285.27484405584318 280.00016262673273 137.85993362399995
1181 285.27065098163462 280.00016267304716 137.97685417999992
1182 285.26646194967151 280.00016271931372 138.0933921349997
1183 285.26227695432084 280.00016276553555 138.21024159799981
1184 285.25809598994499 280.00016281170412 138.32672918799972
1185 285.25391905094767 280.00016285783732 138.44365864999963
1186 285.24974613170986 280.00016290391858 138.56012342799977
1187 285.24557722666253 280.00016294996846 138.67723054599992
1188 285.24141233019947 280.00016299596359 138.79369382300001
1189 285.23725143677967 280.00016304192025 138.91069235899977
1190 285.23309454084409 280.00016308782574 139.02719131499998
1191 285.22894163683992 280.00016313368889 139.14413125700003
1192 285.22479271925198 280.0001631795115 139.260630838
1193 285.22064778255174 280.00016322529132 139.37755375000006
1194 285.21650682123732 280.00016327102765 139.49403119499993
1195 285.21236982980946 280.00016331671412 139.61088483699996
1196 285.20823680279409 280.00016336236348 139.72739072199965
1197 285.20410773471764 280.00016340795855 139.84431906200007
1198 285.19998262010802 280.00016345351935 139.96084198799963
1199 285.19586145354106 280.00016349903592 140.07779709799979
1200 285.19174422956706 280.0001635445056 140.19428799299976
1201 285.18763094276221 280.00016358993332 140.31118810299995
1202 285.18352158772194 280.00016363531978 140.42768654999963
1203 285.17941615902737 280.00016368065843 140.5445497339997
1204 285.17531465131577 280.00016372594996 140.66105390899975
1205 285.17121705917918 280.00016377120977 140.7779367359999
1206 285.16712337727364 280.00016381642087 140.89451102699968
1207 285.1630336002367 280.00016386158728 141.01145729499967
1208 285.15894772271713 280.00016390671482 141.12798408699973
1209 285.15486573939489 280.00016395179495 141.24492613599978
1210 285.15078764493819 280.00016399683551 141.36138318799976
1211 285.14671343404768 280.00016404182804 141.47832893499981
1212 285.14264310140987 280.00016408678329 141.59486062199994
1213 285.1385766417518 280.00016413168794 141.71182022399989
1214 285.13451404979094 280.00016417655854 141.82866613999977
1215 285.1304553202624 280.00016422138538 141.94576746999974
1216 285.12640044791033 280.00016426616736 142.06231953299994
1217 285.12234942749831 280.000164310907 142.17926378099992
1218 285.11830225378463 280.00016435560786 142.29577709399973
1219 285.11425892154944 280.00016440025905 142.41265717599981
1220 285.11021942558949 280.000164444875 142.52917392699965
1221 285.10618376070664 280.00016448944103 142.64609645599967
1222 285.10215192169818 280.0001645339745 142.76259675499978
1223 285.09812390341091 280.00016457845533 142.87956861899966
1224 285.09409970065883 280.00016462290318 142.99612470400007
1225 285.09007930828517 280.00016466730267 143.11374666699976
1226 285.08606272115952 280.00016471166066 143.23033530299972
1227 285.08204993414381 280.00016475597857 143.34725997999976
1228 285.07804094210701 280.00016480025789 143.46417960400004
1229 285.07403573993861 280.00016484448764 143.581040218
1230 285.07003432254413 280.00016488867851 143.69761489599978
1231 285.0660366848204 280.00016493283448 143.81454234400007
1232 285.0620428217016 280.00016497694241 143.93100557699972
1233 285.05805272809886 280.00016502100698 144.04795318099968
1234 285.05406639896893 280.00016506502703 144.16443912099976
1235 285.05008382925865 280.00016510901747 144.28136646499979
1236 285.04610501392904 280.00016515295613 144.39780933299971
1237 285.04212994794051 280.00016519686045 144.51473631299996
1238 285.0381586262933 280.00016524072083 144.63117704499973
1239 285.03419104397267 280.00016528453773 144.74812788300005
1240 285.03022719598169 280.00016532831256 144.86460716900001
1241 285.02626707732435 280.00016537204885 144.98152087799963
1242 285.02231068303985 280.00016541574513 145.09803823599987
1243 285.01835800815417 280.00016545939894 145.21491923799977
1244 285.01440904771465 280.00016550301405 145.33145591799985
1245 285.01046379677581 280.00016554658021 145.44835509699988
1246 285.00652225039585 280.00016559011533 145.56486505899966
1247 285.00258440365047 280.00016563360526 145.68176663299982
1248 284.99865025163433 280.00016567705609 145.79827733399998
1249 284.99471978943615 280.00016572046195 145.91519345100005
1250 284.9907930121588 280.00016576383308 146.03175847600005
1251 284.98686991491229 280.00016580715521 146.14863308199983
1252 284.98295049284195 280.00016585044301 146.26511118100007
1253 284.97903474106437 280.0001658936913 146.38200167199966
1254 284.97512265472972 280.00016593689122 146.49847940599966
1255 284.97121422899545 280.00016598006056 146.61538406499994
1256 284.96730945901663 280.000166023188 146.73190055199984
1257 284.9634083399834 280.00016606627116 146.84930480100002
1258 284.95951086707157 280.00016610931084 146.96588181699963
1259 284.95561703548015 280.00016615231687 147.08285013199975
1260 284.95172684040568 280.00016619528179 147.19933199199977
1261 284.94784027706652 280.00016623820653 147.31630785900006
1262 284.94395734068718 280.00016628109069 147.43273612499979
1263 284.9400780265031 280.00016632392794 147.54964188799977
1264 284.93620232975042 280.00016636673405 147.666168019
1265 284.93233024569378 280.0001664094969 147.78305295699965
1266 284.92846176957806 280.0001664522228 147.89976742999988
1267 284.92459689669329 280.00016649490368 148.01670086099966
1268 284.92073562231025 280.00016653755608 148.13320132599983
1269 284.91687794172418 280.00016658015767 148.25007116300003
1270 284.91302385023624 280.00016662272498 148.36656397099978
1271 284.90917334315628 280.00016666525363 148.48348151699975
1272 284.90532641579324 280.00016670773431 148.59999192899977
1273 284.9014830634967 280.00016675017855 148.71690478899973
1274 284.89764328158759 280.00016679259477 148.83341812899971
1275 284.89380706542454 280.00016683495994 148.95035464400007
1276 284.88997441036128 280.00016687728902 149.06687006699985
1277 284.8861453117612 280.0001669195824 149.18380830099977
1278 284.88231976500379 280.00016696182865 149.30033929699994
1279 284.87849776547603 280.00016700403552 149.41725997899994
1280 284.87467930856519 280.00016704620862 149.53372821499988
1281 284.87086438968117 280.00016708834244 149.65064764699991
1282 284.86705300423421 280.00016713043874 149.7671269829998
1283 284.86324514764982 280.00016717248906 149.88406876999989
1284 284.859440815357 280.00016721450584 150.00053701699971
1285 284.85564000279663 280.00016725648646 150.1174871369999
1286 284.85184270541794 280.00016729842292 150.23395637399972
1287 284.84804891867554 280.00016734031817 150.35083758699966
1288 284.84425863804381 280.00016738217573 150.46732807399985
1289 284.84047185898856 280.00016742400101 150.58422496499998
1290 284.83668857701036 280.00016746578217 150.70074487900001
1291 284.83290878759937 280.00016750752826 150.8176709469999
1292 284.82913248625704 280.00016754923632 150.93420889299978
1293 284.82535966848798 280.00016759089652 151.05117272100006
1294 284.82159032982531 280.00016763252876 151.16770368800007
1295 284.81782446579393 280.00016767412393 151.2846107979999
1296 284.81406207193993 280.00016771567323 151.40108291099978
1297 284.81030314379302 280.00016775718512 151.51796616699994
1298 284.80654767693056 280.00016779866337 151.63442265399999
1299 284.8027956669174 280.00016784010097 151.7513516439999
1300 284.79904710931083 280.00016788150049 151.86846240999967
1301 284.79530199970407 280.00016792286084 151.98542197899997
1302 284.7915603336973 280.00016796418276 152.1019332169999
1303 284.78782210687899 280.00016800547007 152.21885153599987
1304 284.78408731485757 280.00016804672094 152.33534673299982
1305 284.78035595325935 280.00016808792657 152.45225723899966
1306 284.7766280177097 280.00016812909905 152.56872259199963
1307 284.77290350383646 280.00016817023322 152.6856650259997
1308 284.76918240728361 280.00016821132925 152.80215137799996
1309 284.76546472371587 280.00016825238606 152.91922658199974
1310 284.76175044878624 280.00016829341229 153.03581340299979
1311 284.75803957815873 280.00016833439253 153.15267704600001
1312 284.7543321075164 280.00016837533769 153.26918626399993
1313 284.75062803254013 280.00016841624489 153.38608594800007
1314 284.74692734893188 280.00016845711139 153.50261901999966
1315 284.7432300523991 280.0001684979494 153.61951630799967
1316 284.73953613864165 280.00016853874649 153.73606688399968
1317 284.73584560338014 280.00016857950214 153.85295506900002
1318 284.73215844234937 280.00016862022864 153.96948309999971
1319 284.72847465127938 280.00016866090846 154.0864981069999
1320 284.72479422591982 280.00016870155855 154.20295129399983
1321 284.72111716202636 280.00016874217027 154.31991244799974
1322 284.71744345535717 280.00016878274306 154.43636704099981
1323 284.7137731016752 280.00016882327833 154.553274289
1324 284.71010609676586 280.00016886377631 154.66973804899999
1325 284.70644243640544 280.00016890423331 154.78665129399997
1326 284.70278211639942 280.00016894466199 154.90315293000003
1327 284.69912513254997 280.0001689850518 155.02013930199973
1328 284.69547148066636 280.00016902539596 155.13661458399974
1329 284.69182115655639 280.00016906571807 155.25355517499975
1330 284.68817415605747 280.00016910599118 155.37001019599984
1331 284.68453047499941 280.00016914623478 155.48689953799976
1332 284.68089010922318 280.00016918643712 155.60338346499975
1333 284.67725305459271 280.00016922660797 155.72029395499976
1334 284.67361930694591 280.00016926674277 155.83680383000001
1335 284.66998886216618 280.00016930683324 155.95372422499986
1336 284.66636171612106 280.00016934689074 156.07024748499998
1337 284.66273786469304 280.00016938691141 156.18712808800001
1338 284.65911730377098 280.00016942690024 156.30398066999987
1339 284.65550002926068 280.0001694668502 156.42081705400005
1340 284.65188603705639 280.0001695067665 156.53734578399963
1341 284.64827532308499 280.00016954664483 156.65421091799999
1342 284.64466788325683 280.00016958648985 156.77073507099976
1343 284.6410637135084 280.00016962629468 156.88803901599977
1344 284.63746280977017 280.00016966606205 157.00456645399981
1345 284.63386516800631 280.00016970579776 157.12154295299979
1346 284.63027078414336 280.00016974549362 157.23799815199982
1347 284.6266796541579 280.0001697851489 157.35494214999972
1348 284.62309177401329 280.00016982478309 157.47153729699994
1349 284.61950713969088 280.00016986436765 157.58853488899967
1350 284.61592574716462 280.00016990392061 157.70504571299989
1351 284.61234759243564 280.00016994344156 157.82201925399977
1352 284.60877267150016 280.00016998292557 157.93873091999967
1353 284.60520098036324 280.00017002236888 158.05571430500004
1354 284.6016325150311 280.00017006178194 158.1721821189999
1355 284.59806727154182 280.00017010115477 158.28907914899992
1356 284.59450524591392 280.00017014049195 158.40560128499965
1357 284.59094643418314 280.00017017979985 158.52251352399981
1358 284.58739083239954 280.00017021906564 158.64002487399966
1359 284.58383843661011 280.00017025829862 158.75694805600006
1360 284.58028924286964 280.00017029749279 158.8734363489998
1361 284.57674324725912 280.00017033666131 158.99053198299998
1362 284.57320044584418 280.00017037578488 159.10706152600005
1363 284.56966083470081 280.00017041487274 159.22395476499969
1364 284.56612440992723 280.00017045393923 159.34051180799997
1365 284.56259116760833 280.00017049295616 159.45737124599964
1366 284.55906110386411 280.00017053194699 159.57385287199986
1367 284.55553421479021 280.00017057089462 159.69079694499987
1368 284.55201049651509 280.00017060981224 159.80724451900005
1369 284.5484899451572 280.00017064868587 159.92418308099968
1370 284.54497255684691 280.00017068753942 160.04081409299988
1371 284.54145832773048 280.00017072635228 160.1577403629999
1372 284.5379472539563 280.00017076512745 160.27421679300005
1373 284.53443933167483 280.00017080387119 160.39113202099998
1374 284.53093455704391 280.0001708425786 160.50762407499997
1375 284.52743292623995 280.00017088125236 160.62451675199964
1376 284.52393443543377 280.00017091989002 160.74100839399989
1377 284.52043908080958 280.00017095848983 160.85789061299965
1378 284.51694685856057 280.00017099705451 160.9744190309998
1379 284.51345776487733 280.00017103558849 161.09130526099989
1380 284.50997179596698 280.00017107409587 161.207803367
1381 284.5064889480488 280.00017111255863 161.32472855499964
1382 284.5030092173256 280.00017115098944 161.44123936899996
1383 284.49953260004088 280.0001711893816 161.55814299399981
1384 284.49605909240734 280.00017122775074 161.67465688199991
1385 284.4925886906787 280.00017126607338 161.79163155700007
1386 284.48912139109734 280.00017130437186 161.90855888999977
1387 284.48565718991483 280.00017134262737 162.02544903599983
1388 284.48219608339167 280.00017138085235 162.14193496600001
1389 284.47873806779364 280.00017141904345 162.25884677799968
1390 284.47528313940205 280.00017145720284 162.37530385399987
1391 284.47183129449434 280.00017149532056 162.49226321800006
1392 284.4683825293526 280.00017153341145 162.60874461599997
1393 284.46493684028098 280.00017157146442 162.72569726499978
1394 284.46149422356882 280.00017160948414 162.84217674699994
1395 284.45805467553043 280.00017164746822 162.95922336099966
1396 284.4546181924855 280.00017168542865 163.07575060299996
1397 284.45118477075641 280.00017172333958 163.19266237400007
1398 284.4477544066558 280.00017176123754 163.30918935599993
1399 284.44432709653472 280.00017179908093 163.42608201299981
1400 284.44090283673131 280.0001718369042 163.54257425499964
1401 284.43748162359816 280.00017187468427 163.6594993599997
1402 284.43406345348268 280.00017191243865 163.77603593100002
1403 284.43064832274592 280.00017195015704 163.89296057799993
1404 284.42723622776583 280.00017198784201 164.00951496499965
1405 284.4238271649117 280.00017202549355 164.12640648699971
1406 284.42042113057386 280.0001720631102 164.24291472899995
1407 284.4170181211291 280.00017210069115 164.35983229199974
1408 284.41361813297505 280.00017213824464 164.47639553399995
1409 284.41022116251463 280.00017217575504 164.59333517999994
1410 284.40682720616445 280.00017221324117 164.70990196399998
1411 284.40343626032762 280.00017225069354 164.82677912100007
1412 284.40004832143239 280.00017228810935 164.94326372799969
1413 284.39666338589893 280.00017232549339 165.0602157809999
1414 284.39328145017373 280.00017236284287 165.17667747099995
1415 284.38990251068361 280.00017240015882 165.29363415899979
1416 284.38652656389132 280.00017243744804 165.41011803699985
1417 284.38315360623767 280.00017247469827 165.52705087100003
1418 284.37978363419057 280.00017251191741 165.64351813399981
1419 284.37641664420829 280.00017254909864 165.76045045199999
1420 284.37305263277182 280.00017258625309 165.87690975699979
1421 284.36969159635106 280.00017262337144 165.99386760199968
1422 284.3663335314468 280.00017266045603 166.11036310400004
1423 284.36297843454128 280.00017269751436 166.22723933399993
1424 284.35962630213237 280.00017273453545 166.34376176399974
1425 284.35627713071909 280.00017277152534 166.46069533699983
1426 284.35293091682729 280.00017280848442 166.57723781899995
1427 284.34958765696331 280.00017284540814 166.69415430899971
1428 284.3462473476522 280.00017288229691 166.81088987299972
1429 284.34290998542559 280.00017291915407 166.92803121599991
1430 284.33957556681946 280.00017295597792 167.04458386399983
1431 284.33624408837699 280.00017299276772 167.16149864599993
1432 284.33291554663515 280.00017302953074 167.27803488799964
1433 284.32958993816146 280.00017306626177 167.39493977399979
1434 284.32626725951337 280.00017310295544 167.51142341299965
1435 284.32294750726192 280.00017313962519 167.62833798599968
1436 284.31963067796784 280.00017317624997 167.74483990999988
1437 284.31631676821905 280.00017321285782 167.86184241000001
1438 284.31300577459479 280.00017324942343 167.97836512100002
1439 284.30969769370353 280.00017328595106 168.09529965299998
1440 284.30639252211432 280.00017332245346 168.21176184299975
1441 284.30309025645062 280.00017335892886 168.32869200000005
1442 284.2997908933167 280.00017339536475 168.44522429399967
1443 284.29649442933169 280.00017343176887 168.56216684599985
1444 284.29320086110721 280.00017346814423 168.6786782549998
1445 284.28991018528143 280.00017350448832 168.79558378499996
1446 284.28662239847864 280.00017354080165 168.91219582899976
1447 284.28333749734611 280.00017357707543 169.02913136100005
1448 284.28005547851814 280.00017361332209 169.14581746699969
1449 284.2767763386617 280.00017364953817 169.26281211299965
1450 284.27350007442698 280.00017368572958 169.37934009399987
1451 284.27022668246838 280.00017372187932 169.49626802199964
1452 284.26695615946466 280.00017375799308 169.61279782599968
1453 284.26368850209042 280.00017379408376 169.72970330899989
1454 284.26042370702635 280.00017383013824 169.84620062399972
1455 284.25716177094978 280.00017386616122 169.96315512399997
1456 284.25390269056231 280.00017390215606 170.07969311599982
1457 284.25064646256186 280.00017393812288 170.19658985599972
1458 284.2473930836511 280.00017397405304 170.313117014
1459 284.24414255053813 280.00017400995415 170.43007042099998
1460 284.24089485993562 280.00017404582013 170.54658085999972
1461 284.23765000856889 280.00017408165428 170.66353728800004
1462 284.23440799317137 280.00017411745688 170.78001757899983
1463 284.23116881046224 280.00017415323282 170.89698693299988
1464 284.22793245719578 280.00017418897585 171.01353925800004
1465 284.22469893010089 280.00017422468886 171.13049314299997
1466 284.2214682259318 280.00017426036726 171.24697010399996
1467 284.21824034145061 280.0001742960157 171.36393013499992
1468 284.21501527342497 280.00017433163811 171.48040839799978
1469 284.21179301859343 280.0001743672222 171.59730941899988
1470 284.20857357375758 280.00017440277952 171.71382601599998
1471 284.20535693567462 280.00017443830154 171.83103313999982
1472 284.20214310115239 280.00017447379514 171.94773130799967
1473 284.19893206695929 280.00017450926299 172.06466270400006
1474 284.19572382989378 280.00017454468946 172.18117634200007
1475 284.19251838676695 280.00017458008915 172.29807851899977
1476 284.18931573436925 280.00017461546184 172.414598458
1477 284.18611586952892 280.0001746508002 172.53153230199996
1478 284.18291878904415 280.000174686111 172.64803984599985
1479 284.17972448975809 280.00017472138433 172.76496150799994
1480 284.1765329684884 280.00017475663509 172.88165989499976
1481 284.17334422206562 280.00017479185738 172.99869208199971
1482 284.17015824733096 280.00017482703726 173.11536161399999
1483 284.16697504113614 280.00017486219372 173.23229734300003
1484 284.16379460032192 280.00017489731783 173.34883223999987
1485 284.16061692174344 280.00017493241495 173.46577411499993
1486 284.15744200227351 280.00017496747574 173.58228052300001
1487 284.15426983876768 280.00017500251124 173.69927333499982
1488 284.15110042809727 280.00017503751275 173.81575657699977
1489 284.1479337671496 280.00017507248702 173.93271507600002
1490 284.14476985279316 280.00017510743066 174.04921597299972
1491 284.14160868192079 280.00017514234031 174.16683160599996
1492 284.13845025143371 280.00017517722648 174.28344625299997
1493 284.13529455821879 280.00017521207548 174.40036667899994
1494 284.13214159918704 280.00017524689969 174.5172233559997
1495 284.12899137124572 280.00017528168365 174.63416784599985
1496 284.12584387130426 280.00017531645068 174.7506907789998
1497 284.12269909628895 280.00017535117956 174.86766085099998
1498 284.11955704312209 280.00017538588457 174.98426686199991
1499 284.11641770873734 280.00017542055298 175.10119354900007
1500 284.11328109006251 280.00017545519978 175.21768101799989
1501 284.11014718404294 280.00017548980929 175.33462447600004
1502 284.10701598762734 280.00017552438686 175.45111074799979
1503 284.10388749775746 280.00017555894419 175.56806160099995
1504 284.10076171139542 280.00017559346162 175.68457448699974
1505 284.09763862550165 280.00017562795597 175.80149842299988
1506 284.0945182370487 280.00017566241434 175.91799543399975
1507 284.09140054299809 280.00017569684809 176.03494588099966
1508 284.0882855403305 280.0001757312495 176.15149789099996
1509 284.08517322602864 280.00017576562044 176.2684470879999
1510 284.08206359708186 280.0001757999612 176.38492378699993
1511 284.0789566504759 280.00017583428331 176.50190907699971
1512 284.0758523832165 280.00017586856512 176.61839431699991
1513 284.07275079229674 280.00017590281698 176.73533195499977
1514 284.06965187473139 280.00017593704092 176.85234897400005
1515 284.06655562752519 280.00017597124184 176.96935146199985
1516 284.06346204770534 280.00017600540872 177.08591103499975
1517 284.06037113228427 280.00017603954387 177.20281003299988
1518 284.05728287829919 280.00017607365584 177.31937595999989
1519 284.0541972827732 280.00017610772369 177.43630912599974
1520 284.0511143427504 280.00017614178478 177.55285567800001
1521 284.04803405527247 280.00017617579311 177.66977498899996
1522 284.04495641737992 280.00017620978491 177.78634508999994
1523 284.04188142613702 280.00017624373845 177.90333956699988
1524 284.03880907858775 280.00017627767721 178.01996232700003
1525 284.03573937180897 280.00017631158602 178.13690024199968
1526 284.03267230285718 280.0001763454535 178.25337034599988
1527 284.0296078687997 280.00017637929489 178.37031284399973
1528 284.0265460667286 280.00017641310632 178.48682122899982
1529 284.02348689371507 280.0001764468949 178.60374497699968
1530 284.02043034685039 280.00017648065284 178.72028726999997
1531 284.01737642322388 280.00017651438174 178.83724680999967
1532 284.01432511992522 280.00017654807988 178.95377327699998
1533 284.01127643407159 280.00017658174892 179.07073906699998
1534 284.00823036275932 280.00017661539192 179.18725016999997
1535 284.00518690309696 280.00017664900571 179.30422371899976
1536 284.00214605220646 280.00017668258755 179.42069367699969
1537 283.99910780720057 280.00017671614376 179.53761915399991
1538 283.99607216521059 280.00017674966767 179.65412213199988
1539 283.99303912336956 280.00017678316459 179.77102063599978
1540 283.99000867880466 280.00017681663292 179.88754919699977
1541 283.98698082865963 280.00017685007941 180.00448520500004
1542 283.9839555700795 280.00017688348601 180.12103470300008
1543 283.98093290020478 280.00017691687378 180.23793367999997
1544 283.97791281619845 280.00017695022228 180.35444755299977
1545 283.97489531522064 280.00017698355282 180.47131319699974
1546 283.97188039442727 280.0001770168426 180.58785035099982
1547 283.96886805098779 280.0001770501139 180.70475620299976
1548 283.96585828208151 280.00017708335673 180.82128492999982
1549 283.96285108487041 280.00017711656966 180.9382700619999
1550 283.95984645655312 280.00017714975201 181.05477415399992
1551 283.95684439431045 280.00017718290559 181.17174220299967
1552 283.95384489531796 280.00017721603467 181.28826296099987
1553 283.95084795680305 280.00017724913596 181.40518939499998
1554 283.94785357593088 280.00017728220143 181.52174775799995
1555 283.94486174993096 280.00017731524503 181.63867127499998
1556 283.94187247600723 280.00017734826071 181.75521974699996
1557 283.93888575137601 280.00017738124751 181.87250926299976
1558 283.93590157322973 280.0001774142039 181.9890268019999
1559 283.93291993883327 280.0001774471275 182.10595001699994
1560 283.92994084538668 280.00017748003717 182.22246255599975
1561 283.92696429012801 280.00017751290886 182.33937884399984
1562 283.92399027029688 280.00017754575265 182.45587367400003
1563 283.92101878312963 280.00017757857228 182.57279157699986
1564 283.91804982587553 280.00017761136223 182.68932708500006
1565 283.91508339578871 280.00017764412098 182.80623916299965
1566 283.91211949011245 280.0001776768591 182.92298358599965
1567 283.90915810611693 280.00017770956742 183.03997175799987
1568 283.90619924105482 280.0001777422417 183.15653727599965
1569 283.9032428922136 280.00017777489586 183.27347508399998
1570 283.90028905683988 280.00017780751199 183.38998315399976
1571 283.89733773222986 280.00017784011214 183.50693950300001
1572 283.89438891565607 280.00017787267581 183.62341444799995
1573 283.8914426043998 280.00017790521332 183.74043548899999
1574 283.88849879576304 280.00017793772935 183.85694018300001
1575 283.88555748703425 280.00017797021411 183.97395925000001
1576 283.88261867551824 280.00017800266852 184.090497486
1577 283.87968235850906 280.00017803509678 184.20744894899963
1578 283.87674853331316 280.00017806750094 184.32397807000007
1579 283.87381719724777 280.00017809987378 184.44090099200002
1580 283.87088834763279 280.00017813221911 184.55741052999974
1581 283.86796198178041 280.00017816453806 184.67435152500002
1582 283.86503809702134 280.00017819683347 184.79084862299987
1583 283.86211669068058 280.00017822909717 184.90779290799992
1584 283.85919776009939 280.00017826132864 185.02436412199995
1585 283.85628130260039 280.00017829354294 185.141299033
1586 283.85336731554122 280.00017832572695 185.25782404899974
1587 283.85045579626109 280.00017835788833 185.37474354400001
1588 283.84754674210404 280.00017839000952 185.49127845599969
1589 283.84464015044711 280.00017842211253 185.60818977300005
1590 283.84173601862153 280.00017845418307 185.72473176999983
1591 283.83883434400798 280.0001784862381 185.84160523299988
1592 283.83593512396652 280.00017851824776 185.95816218599975
1593 283.83303835586833 280.00017855024703 186.07504898099978
1594 283.830144037092 280.00017858220986 186.19156885099983
1595 283.82725216502075 280.00017861414977 186.30854012500004
1596 283.82436273704491 280.00017864605661 186.42501848499978
1597 283.82147575052699 280.00017867793883 186.54197267599966
1598 283.81859120288073 280.00017870980173 186.65845483699968
1599 283.81570909150531 280.00017874163211 186.77542450400006
1600 283.81282941378407 280.00017877342884 186.89242375599997
1601 283.80995216713745 280.00017880520949 187.00944727999968
1602 283.80707734896725 280.00017883695813 187.12596028400003
1603 283.80420495668767 280.00017886868119 187.24290662099975
1604 283.80133498772176 280.00017890037572 187.35940957299999
1605 283.79846743947706 280.00017893204563 187.47634236699969
1606 283.79560230938984 280.00017896368831 187.59285672599981
1607 283.79273959488472 280.00017899530212 187.70978483399995
1608 283.78987929340627 280.00017902689331 187.82632383700002
1609 283.78702140237374 280.00017905845391 187.94332794399998
1610 283.78416591924287 280.00017908999234 188.05989189499996
1611 283.78131284145502 280.00017912150503 188.17681376199971
1612 283.77846216645764 280.00017915299117 188.29333713999995
1613 283.77561389170864 280.00017918444246 188.41023338199966
1614 283.77276801466223 280.00017921587607 188.52686998899981
1615 283.76992453277808 280.00017924727968 188.64386945999968
1616 283.76708344353176 280.00017927865991 188.76039654099986
1617 283.76424474438068 280.00017931000662 188.87737872999969
1618 283.76140843280746 280.00017934133342 188.99391232599964
1619 283.75857450628462 280.0001793726351 189.1108743069999
1620 283.75574296229706 280.00017940389915 189.22734910100007
1621 283.75291379832771 280.00017943515132 189.34433274799994
1622 283.75008701186431 280.00017946637246 189.46085847899985
1623 283.74726260040336 280.00017949755539 189.57784353299985
1624 283.74444056144523 280.00017952872219 189.69530582399966
1625 283.74162089248688 280.00017955987232 189.81236630400008
1626 283.73880359102935 280.00017959098665 189.92890782599989
1627 283.73598865459741 280.00017962207164 190.04611205499987
1628 283.73317608067936 280.00017965313384 190.16264847299999
1629 283.73036586681269 280.00017968417205 190.27957087999994
1630 283.72755801050869 280.00017971517985 190.39608646499983
1631 283.72475250928812 280.00017974616708 190.51300657999991
1632 283.72194936068297 280.00017977711968 190.62952226900006
1633 283.71914856223981 280.00017980805893 190.74646462800001
1634 283.71635011147163 280.00017983895827 190.86301365999998
1635 283.71355400593944 280.00017986984284 190.97996862799982
1636 283.71076024316761 280.00017990070114 191.096498806
1637 283.70796882071613 280.00017993152539 191.21336840999993
1638 283.70517973612345 280.00017996232793 191.32992968100007
1639 283.70239298695719 280.00017999310558 191.44682397299994
1640 283.69960857077734 280.00018002386093 191.56332649399974
1641 283.69682648513583 280.00018005457758 191.68028896299984
1642 283.69404672760288 280.00018008528667 191.79686956499972
1643 283.691269295751 280.00018011596001 191.91405303199963
1644 283.6884941871582 280.00018014660873 192.03059587500002
1645 283.68572139938777 280.00018017722851 192.14756694599964
1646 283.68295093002888 280.00018020783222 192.26407124799971
1647 283.68018277666744 280.00018023840056 192.38102450699989
1648 283.6774169369059 280.00018026894418 192.49752875600007
1649 283.67465340830938 280.00018029946716 192.6144568589998
1650 283.67189218849364 280.00018032996394 192.73094835099982
1651 283.66913327504835 280.00018036042604 192.84789276599986
1652 283.6663766655758 280.00018039088042 192.96455723300005
1653 283.66362235769725 280.00018042129597 193.08149576100004
1654 283.66087034900517 280.0001804516852 193.19803434300002
1655 283.6581206371323 280.00018048205504 193.31496714299965
1656 283.65537321968014 280.00018051239454 193.43148895399963
1657 283.65262809427736 280.00018054271328 193.54840534799996
1658 283.64988525855415 280.00018057300224 193.66493366899977
1659 283.64714471013247 280.00018060327642 193.78188387199998
1660 283.64440644665029 280.00018063351632 193.89846647299964
1661 283.64167046573527 280.00018066373616 194.015414126
1662 283.63893676503733 280.00018069392519 194.13194250900005
1663 283.63620534219393 280.00018072408869 194.24891172399975
1664 283.63347619485052 280.00018075423418 194.36544073200002
1665 283.63074932065803 280.00018078435164 194.482421875
1666 283.62802471728031 280.00018081444108 194.59891494499971
1667 283.62530238236741 280.0001808445017 194.71589166199965
1668 283.62258231357862 280.00018087454737 194.83237057499991
1669 283.61986450858154 280.0001809045612 194.94932417499967
1670 283.61714896504373 280.00018093455571 195.06585980699992
1671 283.61443568063282 280.00018096451487 195.18282569799976
1672 283.61172465303207 280.00018099445532 195.29933632999973
1673 283.60901587991026 280.00018102437167 195.41629201299975
1674 283.60630935896444 280.00018105426557 195.53285696800003
1675 283.6036050878746 280.00018108413258 195.64975936999963
1676 283.60090306431709 280.00018111397719 195.76632542399966
1677 283.59820328599875 280.00018114378889 195.8832539279997
1678 283.59550575061604 280.00018117358388 195.99981623599979
1679 283.59281045586164 280.00018120334431 196.11674572999982
1680 283.59011739943855 280.00018123309303 196.2332627779997
1681 283.5874265790564 280.00018126280793 196.3501840949998
1682 283.5847379924349 280.00018129250282 196.46669098599978
1683 283.58205163727138 280.00018132216951 196.58362860599982
1684 283.5793675112912 280.0001813518212 196.70013148599992
1685 283.57668561220987 280.00018138143253 196.81730166699981
1686 283.57400593776549 280.00018141103192 196.93409205599983
1687 283.57132848566056 280.00018144059646 197.05104254999969
1688 283.56865325364623 280.00018147014333 197.16759757499995
1689 283.56598023944758 280.00018149966189 197.28457916199977
1690 283.56330944080565 280.00018152915931 197.4010639789999
1691 283.56064085545927 280.00018155863012 197.51799905600001
1692 283.55797448115123 280.00018158808109 197.63450085199975
1693 283.55531031563618 280.00018161750103 197.75148942299984
1694 283.55264835665241 280.00018164690084 197.8680734149998
1695 283.54998860196702 280.00018167628014 197.9850800639997
1696 283.54733104932853 280.00018170562464 198.10161108800003
1697 283.54467569650069 280.00018173495715 198.21852346499963
1698 283.54202254124931 280.00018176426084 198.33506954199993
1699 283.53937158133505 280.00018179353879 198.45195978399988
1700 283.5367228145405 280.00018182278922 198.56850679799982
1701 283.53407623863296 280.00018185202134 198.68545474799976
1702 283.53143185138299 280.0001818812292 198.80198067599986
1703 283.52878965058426 280.00018191041062 198.91890400099965
1704 283.52614963401243 280.00018193956572 199.03551571099979
1705 283.52351179945941 280.0001819686974 199.15247174399974
1706 283.52087614471901 280.00018199780493 199.26902881899969
1707 283.51824266757359 280.00018202689222 199.38598130999981
1708 283.51561136582421 280.00018205595285 199.50245109299976
1709 283.51298223727315 280.00018208498807 199.61934493799981
1710 283.51035527972778 280.00018211399674 199.73588144399992
1711 283.5077304909837 280.00018214298905 199.85286139099981
1712 283.50510786886542 280.00018217195293 199.96940383999981
1713 283.5024874111694 280.00018220089305 200.08635883999978
1714 283.4998691157345 280.00018222981299 200.20283404899965
1715 283.49725298036157 280.00018225870792 200.31981555999982
1716 283.49463900287492 280.00018228756966 200.43628509199971
1717 283.49202718110581 280.00018231641974 200.55323618600005
1718 283.4894175128868 280.00018234523606 200.66971686399984
1719 283.48680999604153 280.00018237403805 200.78665994399989
1720 283.48420462841261 280.0001824028102 200.90324099500003
1721 283.48160140782761 280.00018243156705 201.02020470199977
1722 283.47900033214876 280.00018246028458 201.13675023299993
1723 283.47640139919912 280.00018248899789 201.25367935699978
1724 283.4738046068411 280.00018251766699 201.37022228299975
1725 283.47120995292067 280.00018254632897 201.48710619899975
1726 283.46861743529723 280.00018257495861 201.60363652099977
1727 283.46602705181522 280.00018260357035 201.72059022999974
1728 283.46343880035266 280.00018263215321 201.83755462299996
1729 283.46085267875861 280.00018266071635 201.95458974499979
1730 283.45826868490462 280.00018268924981 202.07107768099968
1731 283.4556868166693 280.00018271776889 202.18805124099981
1732 283.45310707191294 280.00018274626012 202.30460876000006
1733 283.45052944851506 280.00018277471975 202.42154632999973
1734 283.44795394436466 280.00018280316613 202.53806228699978
1735 283.4453805573292 280.00018283158613 202.6549999609997
1736 283.44280928530435 280.00018285998379 202.77167045399983
1737 283.44024012617507 280.00018288835827 202.88869688799969
1738 283.43767307783446 280.00018291671256 203.00526342600006
1739 283.43510813817596 280.00018294503928 203.12226121399999
1740 283.43254530509421 280.00018297334805 203.2387387939998
1741 283.4299845764898 280.00018300162338 203.35569496699964
1742 283.42742595027471 280.00018302988497 203.47221145399999
1743 283.42486942434732 280.00018305811773 203.58913398100003
1744 283.42231499662233 280.00018308633406 203.7057269259999
1745 283.41976266500586 280.00018311452106 203.82262982699967
1746 283.4172124274175 280.0001831426905 203.93920153099998
1747 283.41466428177608 280.00018317082532 204.05624380699965
1748 283.41211822600485 280.00018319894286 204.17290405199992
1749 283.4095742580231 280.00018322704068 204.28981862000001
1750 283.40703237576457 280.00018325512059 204.4063612609998
1751 283.40449257715488 280.00018328317014 204.52355509900008
1752 283.40195486013346 280.00018331119537 204.64009768799997
1753 283.39941922263074 280.00018333919974 204.75703304199988
1754 283.39688566258451 280.00018336717596 204.87352454599977
1755 283.39435417794624 280.00018339513593 204.99050422699975
1756 283.39182476665212 280.00018342307476 205.10700213799964
1757 283.38929742666306 280.0001834509809 205.22456353600001
1758 283.38677215590849 280.00018347887561 205.34118920699984
1759 283.38424895236074 280.00018350673952 205.45811482599993
1760 283.38172781397168 280.00018353458518 205.57493591299999
1761 283.37920873869973 280.00018356240474 205.69192397899997
1762 283.37669172451086 280.0001835902022 205.80840642999965
1763 283.37417676936985 280.00018361798215 205.92537117099982
1764 283.37166387123744 280.00018364572537 206.04191346599964
1765 283.36915302809541 280.0001836734603 206.15883799999983
1766 283.36664423791581 280.00018370116499 206.27537258599978
1767 283.36413749867359 280.0001837288458 206.39229310899964
1768 283.36163280835433 280.00018375651285 206.50885399699973
1769 283.35913016492611 280.00018378414944 206.62577551000004
1770 283.35662956639504 280.00018381176818 206.74232759999995
1771 283.3541310107301 280.00018383936191 206.85968125599993
1772 283.35163449593529 280.00018386693699 206.97632392399964
1773 283.34914001999999 280.00018389448076 207.09322799699976
1774 283.34664758092958 280.00018392200678 207.20979410299969
1775 283.34415717671669 280.00018394951621 207.32674421799993
1776 283.34166880535952 280.00018397699876 207.44320657399976
1777 283.3391824648715 280.0001840044568 207.56014871999969
1778 283.33669815326027 280.00018403189188 207.67665237799974
1779 283.33421586854001 280.00018405930706 207.7936229689999
1780 283.33173560870966 280.00018408670201 207.91027283299991
1781 283.32925737180113 280.00018411406904 208.02726196799995
1782 283.32678115583178 280.0001841414184 208.14378094699987
1783 283.32430695881493 280.00018416874701 208.26070825899978
1784 283.32183477878618 280.00018419604413 208.37721999799987
1785 283.31936461377381 280.00018422332943 208.49417506999998
1786 283.31689646179478 280.0001842505884 208.610645664
1787 283.31443032090095 280.00018427782629 208.72761922799964
1788 283.31196618910815 280.00018430503758 208.84415227799991
1789 283.30950406447482 280.0001843322255 208.96109251500002
1790 283.3070439450313 280.00018435940075 209.07765478400006
1791 283.30458582882216 280.00018438654433 209.19457871899976
1792 283.30212971389955 280.00018441367058 209.31113109299986
1793 283.29967559830982 280.0001844407692 209.42806632999964
1794 283.29722348010921 280.00018446785509 209.54461755700004
1795 283.29477335734407 280.00018449491768 209.66152149199979
1796 283.29232522808081 280.00018452195343 209.77807788199971
1797 283.28987909037841 280.00018454896644 209.89498838899999
1798 283.28743494229235 280.00018457595866 210.01153905199999
1799 283.28499278190463 280.00018460293154 210.12848044399971
1800 283.28255260727479 280.00018462988572 210.24499553399983
1801 283.2801144164672 280.00018465681393 210.36198385299986
1802 283.27767820757288 280.0001846837132 210.47847305799996
1803 283.27524397864528 280.0001847105965 210.59545549099994
1804 283.27281172778333 280.00018473746303 210.71195401999967
1805 283.27038145306722 280.00018476430444 210.82893828599981
1806 283.2679531525684 280.00018479112197 210.9454770819998
1807 283.26552682438296 280.00018481791761 211.06246629599991
1808 283.2631024666112 280.00018484468887 211.17901545699988
1809 283.26068007732636 280.00018487144769 211.29597649299967
1810 283.25825965463036 280.00018489816938 211.4124627379997
1811 283.25584119662523 280.00018492488533 211.52939611800002
1812 283.25342470140913 280.00018495157201 211.64591673699988
1813 283.25101016708629 280.0001849782409 211.76287142399997
1814 283.24859759176042 280.00018500488358 211.87997679199998
1815 283.24618697353839 280.00018503149948 211.99696424299964
1816 283.2437783105342 280.00018505810851 212.113507476
1817 283.24137160085957 280.00018508468884 212.23041622899973
1818 283.23896684263229 280.00018511124273 212.34698690999994
1819 283.23656403397109 280.00018513778485 212.46391076700002
1820 283.23416317298876 280.00018516429157 212.58046217699984
1821 283.23176425781833 280.00018519079015 212.6973510859998
1822 283.22936728659477 280.00018521726298 212.81385838999995
1823 283.22697225742627 280.000185243717 212.93091225599983
1824 283.224579168449 280.00018527014623 213.0474324249999
1825 283.22218801780502 280.00018529654903 213.16441123899995
1826 283.21979880363358 280.00018532293865 213.28090140699987
1827 283.21741152405798 280.00018534930803 213.39793298199993
1828 283.21502617723797 280.00018537565029 213.51447059799966
1829 283.21264276131058 280.00018540196874 213.63141758899974
1830 283.21026127441144 280.00018542828008 213.74799067799995
1831 283.20788171470349 280.0001854545539 213.86495955300006
1832 283.20550408033409 280.00018548081027 213.98153910499968
1833 283.20312836946289 280.00018550705011 214.09847834399989
1834 283.20075458023155 280.00018553326987 214.21503451099989
1835 283.198382710808 280.00018555946434 214.33198781300007
1836 283.19601275936463 280.00018558563954 214.44849397999997
1837 283.19364472405175 280.00018561179303 214.56541790699976
1838 283.19127860304098 280.00018563792202 214.68197110499977
1839 283.18891439449408 280.00018566403122 214.79891285199983
1840 283.18655209659158 280.00018569012445 214.915455329
1841 283.18419170750616 280.00018571619501 215.03241619099981
1842 283.18183322541211 280.0001857422464 215.14897543999996
1843 283.17947664848901 280.00018576826466 215.2658886979998
1844 283.17712197491994 280.00018579427717 215.38241138400008
1845 283.17476920288209 280.00018582025763 215.49939797499974
1846 283.17241833056892 280.00018584622148 215.61592430699966
1847 283.17006935616746 280.00018587216402 215.73289782799975
1848 283.16772227786657 280.00018589808718 215.849421721
1849 283.16537709386444 280.0001859239851 215.96643337299975
1850 283.16303380235126 280.00018594986489 216.08294882799964
1851 283.16069240153524 280.00018597572227 216.19994813699986
1852 283.15835288960113 280.00018600156091 216.31646624799987
1853 283.15601526476769 280.00018602737543 216.43342701499978
1854 283.15367952523343 280.00018605317672 216.5499636669997
1855 283.1513456692075 280.00018607894663 216.66686896600004
1856 283.14901369490104 280.00018610470522 216.78343338499963
1857 283.14668360052542 280.00018613043562 216.90073598399977
1858 283.14435538429439 280.00018615614943 217.01735186299993
1859 283.14202904443198 280.00018618184151 217.13429289899977
1860 283.1397045791536 280.00018620751786 217.25082690399995
1861 283.13738198668318 280.00018623316231 217.36777622199997
1862 283.13506126524169 280.00018625880028 217.48431954999978
1863 283.13274241305379 280.00018628440682 217.60122433599963
1864 283.13042542835564 280.0001863099921 217.71780297799978
1865 283.12811030938252 280.00018633556658 217.83472292899978
1866 283.12579705436406 280.00018636111406 217.95143345199995
1867 283.12348566153435 280.00018638664034 218.06840579899972
1868 283.12117612912795 280.00018641214405 218.18494137499965
1869 283.11886845539766 280.00018643763065 218.30194601299991
1870 283.11656263858197 280.00018646309684 218.41846877699982
1871 283.11425867691935 280.00018648854535 218.53545190499972
1872 283.11195656867153 280.00018651396965 218.65197472
1873 283.10965631208757 280.0001865393711 218.76898707200007
1874 283.10735790540667 280.00018656475396 218.88557546899983
1875 283.10506134689217 280.00018659011869 219.00264240699971
1876 283.10276663480221 280.00018661546943 219.11918710600003
1877 283.10047376739305 280.0001866407859 219.23616394099963
1878 283.09818274293224 280.00018666609282 219.35270332699974
1879 283.09589355968245 280.00018669137103 219.46961432799981
1880 283.09360621590628 280.00018671663008 219.58618105799997
1881 283.09132070987334 280.00018674187316 219.70331799699989
1882 283.08903703985777 280.00018676709806 219.81988952799975
1883 283.08675520413271 280.00018679229629 219.93683913099994
1884 283.08447520096882 280.00018681747508 220.05338097399999
1885 283.08219702865517 280.00018684263569 220.17033036899966
1886 283.07992068545769 280.00018686777929 220.28686382599972
1887 283.07764616966637 280.00018689289715 220.40380285699985
1888 283.07537347956617 280.00018691800148 220.52038266799991
1889 283.07310261344622 280.00018694307545 220.63731899000004
1890 283.07083356958805 280.00018696813441 220.75479729499966
1891 283.06856634629389 280.00018699317621 220.87182242799963
1892 283.06630094184243 280.00018701819914 220.98839474799979
1893 283.06403735454074 280.00018704319217 221.10560217199964
1894 283.0617755826849 280.00018706817013 221.22210016899999
1895 283.05951562457437 280.00018709313065 221.33906722899974
1896 283.05725747851073 280.00018711807041 221.45556746600005
1897 283.05500114279795 280.00018714299165 221.57252223399973
1898 283.05274661574538 280.0001871678885 221.68904877199975
1899 283.05049389566358 280.00018719277108 221.80616526699987
1900 283.04824298085975 280.00018721763337 221.92305155399981
1901 283.04599386964884 280.00018724246848 222.04002065299983
1902 283.04374656034668 280.00018726728769 222.15660798099998
1903 283.04150105127542 280.00018729208824 222.27351306999981
1904 283.03925734074204 280.00018731687055 222.3900878469999
1905 283.03701542708495 280.00018734162524 222.50700678999965
1906 283.03477530862079 280.00018736636548 222.6235663059997
1907 283.03253698367877 280.00018739108737 222.74048681399972
1908 283.03030045057881 280.0001874157843 222.85713263999969
1909 283.02806570765659 280.00018744046798 222.97411638299991
1910 283.02583275325185 280.00018746512711 223.09066121999967
1911 283.02360158569348 280.00018748976885 223.20760803599978
1912 283.02137220332742 280.00018751439029 223.32416380999985
1913 283.01914460447546 280.00018753899764 223.44110651199981
1914 283.01691878749307 280.00018756357326 223.55766494199997
1915 283.01469475072577 280.00018758813678 223.67464259100007
1916 283.0124724925027 280.00018761268745 223.79118733099995
1917 283.01025201119228 280.00018763720578 223.90820269699998
1918 283.00803330513821 280.00018766171013 224.02476556300007
1919 283.00581637268834 280.00018768619407 224.14172316799977
1920 283.00360121219205 280.00018771065947 224.25821280499986
1921 283.00138782201947 280.0001877351088 224.37518337899974
1922 282.99917620052003 280.00018775953203 224.49168890200008
1923 282.9969663460563 280.00018778393655 224.60864692399991
1924 282.99475825699386 280.00018780832892 224.72517645800008
1925 282.99255193169756 280.00018783268854 224.84210422899969
1926 282.9903473685269 280.00018785704378 224.95868413399967
1927 282.98814456586052 280.00018788137294 225.07561633099976
1928 282.98594352206425 280.00018790567708 225.19217811199997
1929 282.9837442355111 280.00018792996752 225.30909307000002
1930 282.98154670457762 280.00018795423836 225.42563542299968
1931 282.97935092763919 280.00018797848401 225.54256433899991
1932 282.97715690307791 280.00018800272068 225.65919273400004
1933 282.97496462928058 280.00018802692881 225.77616769699989
1934 282.97277410461538 280.00018805112171 225.8927141209997
1935 282.97058532747803 280.00018807529545 226.00967950399991
1936 282.9683982962664 280.00018809944442 226.12619722999989
1937 282.96621300935169 280.00018812358763 226.243170061
1938 282.96402946512728 280.00018814770169 226.35971810000001
1939 282.96184766199832 280.00018817178903 226.47668775300008
1940 282.95966759835625 280.00018819586649 226.59321105199979
1941 282.95748927259956 280.00018821992603 226.7102108629997
1942 282.95531268311959 280.00018824396972 226.82704396200006
1943 282.95313782832983 280.00018826798686 226.94422138399977
1944 282.95096470662384 280.00018829198893 227.06078068099987
1945 282.94879331642056 280.0001883159685 227.17774497799974
1946 282.94662365611458 280.0001883399209 227.29423557699965
1947 282.94445572411894 280.0001883638634 227.41116487399995
1948 282.9422895188539 280.00018838779806 227.52773875399998
1949 282.94012503872386 280.00018841169987 227.64467284299963
1950 282.93796228215723 280.00018843558814 227.76127839399987
1951 282.93580124755783 280.00018845944817 227.87833879299978
1952 282.9336419333481 280.00018848330677 227.99497570299991
1953 282.93148433795216 280.00018850712621 228.11193985199998
1954 282.92932845980505 280.00018853093496 228.22843900099997
1955 282.92717429730857 280.00018855472973 228.34538299299993
1956 282.92502184891083 280.00018857850216 228.46195271499982
1957 282.92287111303864 280.00018860225646 228.578918531
1958 282.92072208811231 280.00018862598989 228.69549179499973
1959 282.91857477257929 280.00018864970826 228.81245001399975
1960 282.91642916486762 280.00018867340566 228.92897448399981
1961 282.91428526341457 280.00018869708282 229.04597207799998
1962 282.91214306666564 280.00018872074133 229.16251227699968
1963 282.91000257306115 280.0001887443799 229.27944549699987
1964 282.90786378104048 280.00018876800141 229.39599053899974
1965 282.90572668904474 280.0001887916012 229.51298506099965
1966 282.90359129553764 280.00018881518866 229.6294788539999
1967 282.90145759895489 280.00018883875077 229.74645244099975
1968 282.89932559774206 280.000188862296 229.86297863799973
1969 282.89719529037308 280.00018888583111 229.97995415700007
1970 282.89506667528917 280.00018890933495 230.09649905199967
1971 282.89293975094733 280.00018893282709 230.21342035299995
1972 282.89081451580603 280.00018895629705 230.32999884099991
1973 282.88869096833707 280.00018897974735 230.4469009229997
1974 282.88656910699245 280.00018900318116 230.56351378599993
1975 282.88444893023728 280.00018902659309 230.68039581599987
1976 282.88233043654151 280.00018904998842 230.79699227999981
1977 282.88021362437371 280.00018907337017 230.91393863999974
1978 282.87809849219667 280.00018909672838 231.03061260499999
1979 282.87598503849574 280.0001891200684 231.14759141399963
1980 282.87387326173945 280.00018914339586 231.26413730600007
1981 282.87176316040069 280.00018916670217 231.38109043799977
1982 282.8696547329593 280.00018918998279 231.49757882999984
1983 282.86754797789831 280.0001892132542 231.61453857599963
1984 282.86544289369175 280.00018923650663 231.73108066799978
1985 282.86333947883088 280.00018925973473 231.84839714200007
1986 282.86123773179412 280.00018928294111 231.96502298999985
1987 282.85913765107358 280.00018930613589 232.08198779699978
1988 282.85703923516394 280.00018932931266 232.19850796699984
1989 282.85494248254713 280.00018935246902 232.31552428499981
1990 282.85284739171811 280.00018937560731 232.43199856999991
1991 282.85075396116906 280.00018939872831 232.54896124099969
1992 282.84866218940363 280.00018942182783 232.66543391200003
1993 282.84657207491165 280.00018944491222 232.78239580799982
1994 282.84448361620446 280.00018946798042 232.89907155999981
1995 282.84239681177309 280.00018949102991 233.01603981199969
1996 282.84031166012807 280.00018951405576 233.13261921000003
1997 282.83822815977078 280.00018953706433 233.24952147199974
1998 282.83614630921505 280.00018956005664 233.36609670300004
1999 282.83406610696125 280.00018958303184 233.48298703799992
2000 282.83198755152608 280.00018960598277 233.59958122799981
