iterat. internal-T external-T elapsed-time
0 300 280 0.012361999601125717
1 299.93340000000046 280.00000073553855 0.024671999737620354
2 299.86768806437487 280.00000146127098 0.037139999680221081
3 299.80284266858348 280.00000217743343 0.049335000105202198
4 299.73884295557963 280.00000288426457 0.061757000163197517
5 299.67566871191468 280.00000358196206 0.074040000326931477
6 299.61330034464868 280.00000427076623 0.086345999501645565
7 299.55171885926046 280.00000495089051 0.09867400024086237
8 299.49090583844264 280.00000562251557 0.11098199989646673
9 299.43084342173273 280.00000628585531 0.1233320003375411
10 299.37151428590596 280.00000694108917 0.13558700028806925
11 299.31290162620684 280.00000758841719 0.14804400037974119
12 299.25498913828579 280.00000822800064 0.16035899985581636
13 299.19776100083567 280.00000886005125 0.1727470001205802
14 299.1412018589059 280.0000094846917 0.18496999982744455
15 299.08529680787558 280.00001010211582 0.19786399975419044
16 299.03003137803557 280.00001071246606 0.21037200000137091
17 298.97539151974337 280.00001131592035 0.22283800039440393
18 298.92136358920067 280.00001191262101 0.23510999977588654
19 298.86793433470336 280.00001250269048 0.24752099998295307
20 298.81509088345211 280.00001308630704 0.25987000018358231
21 298.76282072887614 280.00001366358629 0.27223899960517883
22 298.71111171836895 280.00001423466449 0.28459199983626604
23 298.65995204158116 280.00001479968449 0.30156600009649992
24 298.60933021904629 280.00001535875606 0.32908300030976534
25 298.55923509130776 280.00001591201283 0.34160500019788742
26 298.50965580839664 280.0000164595736 0.3540650000795722
27 298.46058181974081 280.00001700154672 0.36646699998527765
28 298.41200286440323 280.00001753806345 0.37996300030499697
29 298.36390896171133 280.00001806922353 0.39275200013071299
30 298.31629040220054 280.00001859512997 0.40592299960553646
31 298.26913773890857 280.00001911589356 0.4188620001077652
32 298.22244177896613 280.00001963160497 0.43181500025093555
33 298.17619357550308 280.00002014238294 0.4447400001809001
34 298.13038441984156 280.00002064829579 0.45766799990087748
35 298.08500583396773 280.00002114946699 0.47071999963372946
36 298.04004956326213 280.00002164596322 0.48364599980413914
37 297.9955075695035 280.00002213790049 0.4966219998896122
38 297.95137202412781 280.00002262533775 0.50919600017368793
39 297.90763530167067 280.00002310836965 0.52172399964183569
40 297.86428997351663 280.00002358708525 0.53421999979764223
41 297.82132880181086 280.00002406155488 0.54665900021791458
42 297.77874473360123 280.00002453185425 0.55901999957859516
43 297.73653089519445 280.00002499807528 0.57160199992358685
44 297.69468058667684 280.0000254602769 0.58402199950069189
45 297.65318727665874 280.00002591853251 0.59652400016784668
46 297.61204459718124 280.00002637292334 0.61000199988484383
47 297.5712463387876 280.00002682349913 0.62276900000870228
48 297.53078644579494 280.00002727034308 0.6353380000218749
49 297.49065901167342 280.00002771351944 0.64845599979162216
50 297.45085827465471 280.00002815308488 0.66092499997466803
51 297.41137861340997 280.00002858910688 0.67382000014185905
52 297.37221454293325 280.00002902163811 0.68632899969816208
53 297.33336071053009 280.00002945074283 0.69937600009143353
54 297.29481189195263 280.00002987648816 0.73190999962389469
55 297.25656298766052 280.00003029890826 0.74813499953597784
56 297.21860901920297 280.00003071807402 0.76044599991291761
57 297.1809451257202 280.00003113404142 0.77313499990850687
58 297.14356656056731 280.00003154685385 0.78547300025820732
59 297.10646868804423 280.00003195657229 0.79826399963349104
60 297.0696469802221 280.00003236323067 0.81063999980688095
61 297.03309701388889 280.0000327668987 0.82347599975764751
62 296.99681446758558 280.00003316761263 0.83576100040227175
63 296.96079511874473 280.00003356541367 0.84854299947619438
64 296.92503484090111 280.00003396035487 0.86085900012403727
65 296.88952960103353 280.00003435247754 0.873777000233531
66 296.85427545694171 280.00003474183433 0.88637899979948997
67 296.81926855472972 280.00003512844552 0.89891599956899881
68 296.78450512638636 280.00003551238103 0.9112569997087121
69 296.74998148741173 280.00003589366702 0.92398300021886826
70 296.71569403453447 280.00003627233542 0.93628999963402748
71 296.68163924350893 280.00003664844928 0.94901600014418364
72 296.64781366694859 280.00003702202298 0.96143599972128868
73 296.61421393226857 280.00003739310887 0.97452299948781729
74 296.58083673966621 280.0000377617298 0.9873669994994998
75 296.54767886016833 280.00003812792829 0.99973999988287687
76 296.51473713374151 280.00003849173976 1.0122940000146627
77 296.48200846746829 280.00003885320359 1.0247480003163218
78 296.44948983375241 280.00003921233986 1.0373919997364283
79 296.41717826861907 280.00003956919142 1.049766999669373
80 296.38507087002995 280.00003992379288 1.0623779995366931
81 296.35316479627375 280.00004027616916 1.0747640002518892
82 296.32145726438716 280.00004062635031 1.0873279999941587
83 296.2899455486417 280.00004097436812 1.0996759999543428
84 296.25862697906507 280.00004132025697 1.1122979996725917
85 296.2274989399952 280.00004166403369 1.1247250000014901
86 296.19655886871578 280.0000420057429 1.1373439999297261
87 296.16580425407864 280.00004234540285 1.1499220002442598
88 296.13523263522046 280.00004268304042 1.1625739997252822
89 296.10484160028398 280.00004301868239 1.1750020002946258
90 296.07462878517219 280.0000433523569 1.1876069996505976
91 296.04459187236671 280.00004368408941 1.2002320000901818
92 296.01472858976621 280.00004401390487 1.2132099997252226
93 295.98503670955364 280.00004434182188 1.2260490003973246
94 295.95551404709181 280.00004466787431 1.2393279997631907
95 295.92615845988149 280.00004499207989 1.2516259998083115
96 295.89696784651159 280.00004531446808 1.2640939997509122
97 295.86794014565498 280.00004563505229 1.2763390000909567
98 295.83907333511218 280.000045953859 1.2886629998683929
99 295.81036543084321 280.00004627091459 1.3220589999109507
100 295.78181448605494 280.00004658624408 1.3345119999721646
101 295.75341859031505 280.00004689985917 1.3470900002866983
102 295.72517586866422 280.00004721177339 1.35954499989748
103 295.69708448079939 280.00004752202182 1.3721770001575351
104 295.66914262022726 280.0000478306132 1.3845720002427697
105 295.64134851348166 280.00004813757249 1.3970769997686148
106 295.61370041933799 280.00004844292442 1.409514999948442
107 295.5861966280662 280.00004874668173 1.4220639998093247
108 295.55883546069623 280.00004904886669 1.434472999535501
109 295.53161526830263 280.0000493494922 1.4469529995694757
110 295.50453443131306 280.00004964857828 1.4594409996643662
111 295.47759135883081 280.00004994614011 1.4720160001888871
112 295.4507844879779 280.00005024219803 1.4844760000705719
113 295.42411228326 280.00005053676495 1.4969699997454882
114 295.39757323594637 280.00005082986866 1.5093769999220967
115 295.37116586345564 280.0000511215087 1.5221499996259809
116 295.34488870878454 280.00005141172062 1.5350139997899532
117 295.31874033990994 280.00005170050889 1.5477970000356436
118 295.29271934926368 280.00005198789074 1.5602460000663996
119 295.26682435315553 280.0000522738747 1.5727340001612902
120 295.24105399127035 280.00005255848492 1.5851020002737641
121 295.21540692614332 280.00005284173528 1.5975359994918108
122 295.1898818426659 280.00005312363652 1.6098410002887249
123 295.16447744758591 280.00005340420898 1.6223320001736283
124 295.13919246903788 280.00005368345467 1.6346549997106194
125 295.1140256560879 280.00005396140244 1.6471379995346069
126 295.08897577827855 280.00005423805499 1.6595879998058081
127 295.06404162517993 280.00005451343202 1.6720120003446937
128 295.03922200597441 280.00005478754213 1.6843539997935295
129 295.01451574903564 280.00005506040446 1.6968689998611808
130 294.9899217015228 280.00005533202358 1.7092639999464154
131 294.96543872897655 280.00005560241635 1.7218760000541806
132 294.94106571494814 280.00005587159512 1.734281999990344
133 294.91680156060715 280.00005613957217 1.7467860002070665
134 294.89264518439535 280.00005640635516 1.7591089997440577
135 294.86859552164816 280.00005667196348 1.7715999996289611
136 294.84465152425321 280.00005693640634 1.7839369997382164
137 294.82081216031105 280.00005719969135 1.7964730001986027
138 294.79707641381316 280.00005746182899 1.8088299995288253
139 294.77344328429473 280.00005772283771 1.8214219994843006
140 294.74991178654597 280.00005798271843 1.8337159994989634
141 294.72648095029479 280.00005824149264 1.8461880004033446
142 294.70314981988935 280.00005849916749 1.8585120001807809
143 294.6799174540327 280.00005875574726 1.8709019999951124
144 294.65678292548586 280.00005901124689 1.8832270000129938
145 294.6337453207733 280.00005926567633 1.8956829998642206
146 294.61080373994031 280.00005951904609 1.9080410003662109
147 294.58795729626507 280.0000597713784 1.920478000305593
148 294.56520511600831 280.00006002266127 1.932820999994874
149 294.54254633815447 280.00006027290959 1.9453450003638864
150 294.51998011417294 280.00006052213018 1.9576810002326965
151 294.49750560776863 280.00006077034158 1.9700919995084405
152 294.47512199465439 280.00006101754582 1.9824160002171993
153 294.45282846230549 280.00006126376229 1.9949099998921156
154 294.43062420976361 280.00006150898707 2.0072969999164343
155 294.40850844738537 280.0000617532379 2.0196059998124838
156 294.38648039664128 280.00006199651631 2.0318919997662306
157 294.36453928991813 280.00006223883736 2.0440809996798635
158 294.3426843702926 280.00006248020225 2.0564590003341436
159 294.3209148913524 280.00006272063092 2.0687100002542138
160 294.29923011698162 280.0000629601189 2.0811649998649955
161 294.27762932117827 280.00006319868646 2.0935070002451539
162 294.25611178787472 280.00006343632759 2.1268760003149509
163 294.23467681074482 280.00006367305707 2.1394490003585815
164 294.21332369303423 280.00006390888564 2.1518519995734096
165 294.19205174737692 280.00006414381392 2.1645229998975992
166 294.17086029562842 280.00006437785493 2.1768319997936487
167 294.14974866869937 280.00006461101373 2.1894450001418591
168 294.12871620640368 280.00006484329725 2.2018149998039007
169 294.10776225727881 280.0000650747163 2.2143820002675056
170 294.08688617844211 280.00006530527492 2.2268230002373457
171 294.06608733543555 280.00006553497747 2.2392790000885725
172 294.04536510208914 280.00006576383612 2.2516919998452067
173 294.02471886034755 280.00006599185673 2.2642470002174377
174 294.0041480001571 280.00006621904396 2.2766479998826981
175 293.98365191930117 280.00006644540446 2.28918999992311
176 293.96323002328467 280.00006667095909 2.3038640003651381
177 293.94288172518952 280.00006689568829 2.3162730000913143
178 293.92260644554221 280.0000671196097 2.3287709997966886
179 293.90240361219702 280.00006734273097 2.341202000156045
180 293.88227266018697 280.0000675650632 2.3536660000681877
181 293.86221303163893 280.00006778660645 2.3659979999065399
182 293.84222417561153 280.00006800736259 2.3784079998731613
183 293.82230554801578 280.0000682273448 2.3907789997756481
184 293.80245661147217 280.0000684465586 2.4033620003610849
185 293.78267683520926 280.00006866500911 2.4157370002940297
186 293.76296569495378 280.00006888270485 2.4283990003168583
187 293.74332267282495 280.00006909964463 2.4408040000125766
188 293.72374725722 280.00006931583556 2.4533900003880262
189 293.70423894271858 280.00006953128724 2.4658139999955893
190 293.68479722997449 280.00006974600092 2.4783539995551109
191 293.66542162562968 280.00006995998797 2.4907090002670884
192 293.64611164219548 280.00007017325214 2.5031289998441935
193 293.62686679797793 280.00007038579116 2.5155539996922016
194 293.60768661696835 280.00007059761975 2.5279590003192425
195 293.58857062876746 280.0000708087357 2.5405569998547435
196 293.56951836848418 280.00007101915702 2.5527969999238849
197 293.55052937663692 280.00007122887621 2.5652980003505945
198 293.53160319911018 280.00007143790475 2.577611000277102
199 293.51273938700859 280.00007164623986 2.5899390000849962
200 293.49393749662755 280.00007185389387 2.6021450003609061
201 293.47519708934237 280.00007206086406 2.6145569998770952
202 293.456517731541 280.00007226715968 2.6268159998580813
203 293.4378989945381 280.00007247278711 2.6391030000522733
204 293.41934045450648 280.0000726777501 2.6513229999691248
205 293.4008416923939 280.00007288205245 2.6637099999934435
206 293.38240229385229 280.00007308570213 2.6760510001331568
207 293.36402184917125 280.00007328869731 2.688361999578774
208 293.34569995319936 280.00007349104612 2.7006930001080036
209 293.32743620527964 280.00007369275096 2.7129870001226664
210 293.30923020918084 280.00007389382205 2.7253090003505349
211 293.29108157302937 280.00007409425297 2.7375879995524883
212 293.2729899092385 280.00007429406133 2.7498199995607138
213 293.25495483445212 280.00007449324244 2.7623309995979071
214 293.23697596948887 280.00007469179997 2.7746689999476075
215 293.21905293925539 280.00007488974796 2.7870340002700686
216 293.2011853727073 280.00007508707989 2.7993019996210933
217 293.18337290277736 280.00007528380519 2.8117889994755387
218 293.16561516633277 280.00007547992681 2.8434319999068975
219 293.14791180409622 280.00007567544799 2.8557249996811152
220 293.13026246060616 280.00007587036879 2.8679959997534752
221 293.11266678415438 280.00007606469575 2.8804169995710254
222 293.09512442672957 280.0000762584346 2.8927069995552301
223 293.07763504396962 280.00007645159309 2.9051230000331998
224 293.06019829511109 280.00007664417132 2.917383000254631
225 293.04281384292386 280.00007683616406 2.9296859996393323
226 293.0254813536751 280.00007702758563 2.9419670002534986
227 293.00820049707801 280.00007721843718 2.9543700003996491
228 292.99097094623079 280.00007740871968 2.9666699999943376
229 292.9737923775869 280.00007759844209 2.9790749996900558
230 292.95666447089019 280.00007778760141 2.9914220003411174
231 292.93958690914417 280.00007797621129 3.0038099996745586
232 292.92255937855316 280.00007816426711 3.0161549998447299
233 292.90558156848977 280.00007835176729 3.0285710003226995
234 292.88865317144007 280.00007853873575 3.0409369999542832
235 292.87177388297488 280.00007872515664 3.0532839996740222
236 292.854943401686 280.00007891103269 3.0655300002545118
237 292.83816142917073 280.00007909637361 3.0777989998459816
238 292.82142766995787 280.00007928118339 3.0902349995449185
239 292.80474183151125 280.00007946546486 3.1025360003113747
240 292.78810362415487 280.00007964921929 3.1148100001737475
241 292.77151276103223 280.0000798324495 3.1270690001547337
242 292.75496895810437 280.00008001516022 3.1394419996067882
243 292.73847193407539 280.00008019735651 3.151659999974072
244 292.72202141037559 280.0000803790345 3.1641359999775887
245 292.70561711111236 280.00008056020556 3.1764500001445413
246 292.68925876304854 280.00008074086946 3.1887929998338223
247 292.67294609555637 280.00008092103235 3.20110800024122
248 292.65667884058877 280.00008110069342 3.2134779999032617
249 292.64045673264388 280.00008127985637 3.2257629996165633
250 292.62427950872814 280.00008145851871 3.2380569996312261
251 292.60814690833445 280.00008163668792 3.2503199996426702
252 292.59205867339205 280.00008181436687 3.2627799995243549
253 292.57601454825488 280.00008199156252 3.2751449998468161
254 292.56001427965543 280.00008216827035 3.2875619996339083
255 292.5440576166834 280.0000823444978 3.2999249994754791
256 292.52814431074376 280.00008252024611 3.3123819995671511
257 292.5122741155443 280.00008269551853 3.3249260000884533
258 292.49644678705414 280.0000828703171 3.3374720001593232
259 292.48066208347751 280.00008304464376 3.3498710002750158
260 292.46491976521781 280.00008321850362 3.3622810002416372
261 292.44921959487897 280.00008339189662 3.374826000072062
262 292.43356133719561 280.00008356483511 3.3873889995738864
263 292.41794475903549 280.00008373730861 3.399894000031054
264 292.40236962936888 280.00008390932175 3.4125269996002316
265 292.38683571923463 280.00008408087598 3.4250269997864962
266 292.37134280171773 280.00008425197996 3.4375029997900128
267 292.35589065192744 280.0000844226451 3.4500350002199411
268 292.3404790469753 280.00008459284805 3.4624840002506971
269 292.32510776592886 280.00008476260933 3.4751089997589588
270 292.30977658981851 280.00008493192729 3.487470000050962
271 292.29448530159902 280.00008510080687 3.4997340003028512
272 292.27923368611891 280.0000852692462 3.5119829997420311
273 292.26402153010747 280.00008543725221 3.524299000389874
274 292.24884862215191 280.0000856048286 3.5366960000246763
275 292.23371475267089 280.00008577197224 3.5489550000056624
276 292.21861971389256 280.0000859386858 3.5612660003826022
277 292.20356329983849 280.00008610496781 3.5735839996486902
278 292.18854530629886 280.0000862708261 3.5858549997210503
279 292.1735655308089 280.00008643626472 3.5982659999281168
280 292.15862377263176 280.00008660128117 3.6105869999155402
281 292.14371983273168 280.00008676588362 3.6228510001674294
282 292.12885351376633 280.00008693006492 3.6351209999993443
283 292.11402462006043 280.0000870938369 3.6474419999867678
284 292.09923295757829 280.000087257198 3.6596750002354383
285 292.08447833392302 280.00008742015831 3.672116999514401
286 292.06976055829227 280.00008758270513 3.6844370001927018
287 292.05507944149116 280.00008774484797 3.6967249996960163
288 292.04043479587602 280.00008790658325 3.7089529996737838
289 292.02582643538346 280.00008806791664 3.7214590003713965
290 292.01125417546325 280.00008822885655 3.7339380001649261
291 291.99671783309316 280.00008838939567 3.7464490002021194
292 291.98221722675731 280.00008854954228 3.7587970001623034
293 291.96775217641505 280.000088709294 3.7714259997010231
294 291.95332250349657 280.0000888686547 3.7838049996644258
295 291.93892803088738 280.0000890276275 3.7963699996471405
296 291.92456858290205 280.00008918622575 3.8088630000129342
297 291.91024398527679 280.00008934442792 3.8214490003883839
298 291.89595406514826 280.00008950224492 3.8338040001690388
299 291.88169865104277 280.00008965968505 3.8464649999514222
300 291.86747757285627 280.00008981674307 3.8589150002226233
301 291.85329066184227 280.00008997342599 3.871450999751687
302 291.83913775060199 280.00009012973288 3.8838980002328753
303 291.82501867305047 280.0000902856649 3.8965379996225238
304 291.81093326442567 280.00009044122351 3.9089280003681779
305 291.79688136125776 280.00009059641269 3.9214119995012879
306 291.78286280136717 280.00009075124183 3.9338259994983673
307 291.76887742383462 280.00009090570012 3.946603000164032
308 291.75492506900548 280.00009105979336 3.9590029995888472
309 291.74100557846486 280.00009121351843 3.9714900003746152
310 291.72711879502168 280.00009136688607 3.983835999853909
311 291.71326456271203 280.00009151989349 3.9964600000530481
312 291.69944272676565 280.00009167254478 4.0088320001959801
313 291.68565313360193 280.00009182483734 4.0213869996368885
314 291.67189563082604 280.000091976774 4.0337020000442863
315 291.65817006720135 280.00009212836284 4.0462199999019504
316 291.64447629264401 280.00009227959936 4.0586419999599457
317 291.63081415821125 280.00009243049129 4.071229999884963
318 291.61718351609051 280.00009258102966 4.0836290000006557
319 291.60358421958426 280.00009273122214 4.0962659996002913
320 291.59001612309891 280.00009288106742 4.1086670001968741
321 291.57647908213573 280.00009303057215 4.121284999884665
322 291.56297295328136 280.00009317973644 4.1336979996412992
323 291.549497594179 280.00009332855683 4.1463350001722574
324 291.53605286355264 280.00009347704378 4.1588110001757741
325 291.52263862115751 280.00009362519341 4.17132299952209
326 291.50925472779608 280.00009377300751 4.1837529996410012
327 291.4959010452946 280.00009392048872 4.1963830003514886
328 291.4825774364964 280.00009406763468 4.2088139997795224
329 291.46928376525523 280.00009421445208 4.2211980000138283
330 291.45601989641261 280.00009436093842 4.2337569994851947
331 291.44278569580206 280.00009450710104 4.2464189995080233
332 291.42958103023369 280.00009465293255 4.2587700001895428
333 291.4164057674829 280.00009479844636 4.2713850000873208
334 291.40325977628294 280.00009494363383 4.2837140001356602
335 291.39014292630782 280.00009508849593 4.2962990002706647
336 291.37705508817675 280.00009523303993 4.3087139995768666
337 291.36399613343099 280.00009537726243 4.3212719997391105
338 291.3509659345354 280.00009552117041 4.3337230002507567
339 291.33796436486335 280.00009566476416 4.3462030002847314
340 291.32499129868847 280.00009580803697 4.358674000017345
341 291.31204661117795 280.00009595100261 4.3711590003222227
342 291.29913017837589 280.00009609365367 4.3835129998624325
343 291.2862418772101 280.00009623599453 4.3961140001192689
344 291.27338158546712 280.00009637802293 4.4084869995713234
345 291.26054918179898 280.00009651974989 4.4210190000012517
346 291.24774454569598 280.00009666116392 4.4334300002083182
347 291.23496755749665 280.00009680227328 4.4460070002824068
348 291.2222180983706 280.0000969430788 4.4583890000358224
349 291.20949605031262 280.00009708358442 4.4708869997411966
350 291.19680129613852 280.00009722379025 4.4832840003073215
351 291.1841337194619 280.00009736369321 4.4958840003237128
352 291.17149320470924 280.00009750329548 4.5082400003448129
353 291.15887963709093 280.00009764259858 4.5208689998835325
354 291.14629290261064 280.00009778161075 4.5332119995728135
355 291.1337328880528 280.00009792032239 4.5458380002528429
356 291.12119948095722 280.00009805873901 4.5582090001553297
357 291.1086925696485 280.00009819686863 4.5706970002502203
358 291.09621204319609 280.00009833471245 4.5830950001254678
359 291.08375779141835 280.00009847226096 4.595529000274837
360 291.07132970488618 280.0000986095161 4.6079460000619292
361 291.05892767489365 280.00009874648191 4.6204819995909929
362 291.04655159346515 280.0000988831693 4.6328219994902611
363 291.03420135335688 280.00009901956264 4.645406000316143
364 291.02187684803755 280.00009915567574 4.6577620003372431
365 291.0095779716745 280.00009929150957 4.6702739996835589
366 290.99730461914862 280.00009942706106 4.6825940003618598
367 290.98505668602706 280.00009956232685 4.695074999704957
368 290.97283406857707 280.00009969731377 4.7074689995497465
369 290.96063666374431 280.00009983202023 4.7199780000373721
370 290.94846436914378 280.00009996645394 4.732362000271678
371 290.93631708306924 280.00010010061089 4.7448349995538592
372 290.9241947044801 280.00010023449693 4.7572360001504421
373 290.91209713298787 280.00010036810431 4.7696899995207787
374 290.90002426886417 280.00010050143715 4.7820939999073744
375 290.88797601301866 280.00010063449815 4.7946330001577735
376 290.87595226701001 280.00010076728807 4.8070339998230338
377 290.86395293302473 280.00010089980731 4.8195000002160668
378 290.85197791388481 280.00010103206193 4.8319539995864034
379 290.84002711303253 280.0001011640511 4.8443520003929734
380 290.8281004345306 280.00010129577163 4.8569200001657009
381 290.81619778305208 280.00010142722357 4.869276000186801
382 290.80431906387918 280.00010155841818 4.8818370001390576
383 290.79246418289563 280.00010168934591 4.8943290002644062
384 290.7806330465778 280.00010182000733 4.9069069996476173
385 290.76882556200053 280.00010195041335 4.9192490000277758
386 290.75704163682343 280.00010208055937 4.9318059999495745
387 290.74528117928071 280.00010221044369 4.9441430000588298
388 290.73354409819297 280.00010234006822 4.9566379999741912
389 290.72183030294042 280.00010246943185 4.9690319998189807
390 290.71013970347889 280.00010259854355 4.9815079998224974
391 290.69847221031722 280.00010272739928 4.9938920000568032
392 290.68682773452895 280.00010285600911 5.006415999494493
393 290.67520618773148 280.00010298436001 5.0187649996951222
394 290.66360748209166 280.00010311245904 5.0312759997323155
395 290.65203153032451 280.00010324030467 5.0436110002920032
396 290.64047824567132 280.00010336789671 5.0560510000213981
397 290.62894754191257 280.00010349524121 5.068401999771595
398 290.61743933335867 280.000103622344 5.0808659996837378
399 290.60595353483882 280.00010374919748 5.0932269999757409
400 290.59449006170337 280.00010387579937 5.1057029999792576
401 290.58304882981884 280.00010400215768 5.1180459996685386
402 290.57162975556764 280.00010412827061 5.1305189998820424
403 290.5602327558214 280.00010425413723 5.1429169997572899
404 290.54885774797157 280.00010437976613 5.1554020000621676
405 290.53750464990054 280.00010450515623 5.1887069996446371
406 290.52617337998527 280.00010463030065 5.2010819995775819
407 290.51486385709256 280.00010475520247 5.2135060001164675
408 290.50357600056975 280.00010487986708 5.2259149998426437
409 290.49230973025027 280.0001050042913 5.2383690001443028
410 290.48106496644778 280.0001051284778 5.2507849996909499
411 290.46984162994079 280.00010525243363 5.2633119998499751
412 290.45863964198946 280.00010537615088 5.2757360003888607
413 290.44745892430677 280.00010549963292 5.2881720000877976
414 290.43629939907646 280.00010562288242 5.3005670001730323
415 290.42516098893839 280.00010574589197 5.3131120000034571
416 290.41404361698193 280.00010586867364 5.3257480002939701
417 290.40294720675422 280.00010599122743 5.3381799999624491
418 290.39187168224856 280.00010611354622 5.3505400000140071
419 290.38081696789527 280.00010623563583 5.362975999712944
420 290.3697829885723 280.00010635749504 5.3753319997340441
421 290.35876966958932 280.00010647912967 5.3877900000661612
422 290.34777693668696 280.00010660053505 5.4002449996769428
423 290.33680471604401 280.00010672171163 5.4126920001581311
424 290.32585293425245 280.00010684266749 5.4250179994851351
425 290.31492151833584 280.00010696339763 5.437521000392735
426 290.30401039573701 280.00010708389766 5.4498690003529191
427 290.29311949430502 280.00010720417612 5.4623400000855327
428 290.2822487423137 280.00010732423874 5.4747150000184774
429 290.27139806843837 280.00010744407325 5.4872220000252128
430 290.26056740176074 280.00010756368755 5.4995649997144938
431 290.24975667176801 280.00010768308437 5.512087999843061
432 290.23896580834423 280.00010780225659 5.5244429996237159
433 290.22819474177027 280.00010792121418 5.5369069995358586
434 290.21744340272448 280.00010803996094 5.5492650000378489
435 290.20671172226804 280.00010815847901 5.561786999925971
436 290.19599963185283 280.00010827678511 5.5741069996729493
437 290.18530706331893 280.00010839487652 5.5865550003945827
438 290.1746339488783 280.00010851274783 5.5989250000566244
439 290.16398022113157 280.00010863040961 5.61139199975878
440 290.15334581304808 280.00010874785784 5.6237709997221828
441 290.14273065796874 280.00010886509477 5.6361670000478625
442 290.13213468960328 280.00010898211661 5.6486229998990893
443 290.12155784204265 280.00010909892973 5.6610930003225803
444 290.1110000497149 280.00010921553206 5.6734760003164411
445 290.10046124743195 280.0001093319238 5.6858139997348189
446 290.08994137035728 280.0001094481064 5.6982279997318983
447 290.07944035400737 280.00010956408067 5.710529999807477
448 290.06895813424705 280.00010967984758 5.7229679999873042
449 290.0584946473021 280.00010979540679 5.7352889999747276
450 290.04804982974269 280.00010991076442 5.7477860003709793
451 290.03762361847669 280.00011002591197 5.7601629998534918
452 290.02721595076213 280.00011014085277 5.7726940000429749
453 290.01682676419443 280.00011025559445 5.78502899967134
454 290.0064559967031 280.00011037013195 5.797481999732554
455 289.99610358656076 280.00011048446504 5.809770000167191
456 289.98576947235921 280.00011059859776 5.8221570001915097
457 289.97545359302808 280.00011071252453 5.8345539998263121
458 289.96515588782552 280.00011082625304 5.8469279995188117
459 289.9548762963318 280.00011093978236 5.8593079997226596
460 289.94461475844611 280.00011105311529 5.871798999607563
461 289.93437121439467 280.00011116624586 5.8842249996960163
462 289.92414560471423 280.00011127918077 5.8966309996321797
463 289.91393787026664 280.00011139191355 5.9089559996500611
464 289.90374795221169 280.00011150445232 5.9215629994869232
465 289.89357579203516 280.0001116167993 5.9341890001669526
466 289.88342133151889 280.00011172894608 5.9468670003116131
467 289.87328451275931 280.00011184089425 5.9592429995536804
468 289.86316527815114 280.00011195265324 5.9720559995621443
469 289.85306357039536 280.00011206421902 5.9845500001683831
470 289.84297933249036 280.00011217559091 5.9970140000805259
471 289.83291250772749 280.00011228677232 6.0094069996848702
472 289.82286303970545 280.00011239775529 6.0221790000796318
473 289.8128308723019 280.00011250855289 6.0345479995012283
474 289.80281594968881 280.00011261916177 6.0474859997630119
475 289.79281821633464 280.0001127295784 6.0597829995676875
476 289.78283761698856 280.00011283980535 6.0726979998871684
477 289.77287409668037 280.00011294984068 6.0850480003282428
478 289.76292760073284 280.00011305969235 6.0977720003575087
479 289.75299807473971 280.00011316935894 6.1100439997389913
480 289.74308546458241 280.00011327883635 6.122880999930203
481 289.7331897164114 280.00011338812266 6.13521199952811
482 289.72331077665217 280.00011349722382 6.1479500001296401
483 289.71344859200474 280.00011360614462 6.1602630000561476
484 289.70360310944346 280.00011371488 6.1930520003661513
485 289.6937742762085 280.00011382343422 6.2056649997830391
486 289.68396203980501 280.00011393179824 6.2180810002610087
487 289.67416634800691 280.0001140399828 6.2310419995337725
488 289.66438714884475 280.00011414799036 6.2433759998530149
489 289.65462439061844 280.00011425580971 6.2561229998245835
490 289.64487802189018 280.00011436345056 6.2685359995812178
491 289.63514799146412 280.00011447090685 6.2813849998638034
492 289.62543424841539 280.00011457818891 6.2939569996669888
493 289.61573674206721 280.00011468529175 6.3067730003967881
494 289.60605542199835 280.00011479221388 6.3190989997237921
495 289.59639023803277 280.00011489895519 6.3319469997659326
496 289.58674114025234 280.00011500551824 6.3442120002582669
497 289.57710807897655 280.00011511191229 6.3569229999557137
498 289.5674910047739 280.00011521812348 6.3695329995825887
499 289.55788986846096 280.00011532415766 6.3820270001888275
500 289.54830462108902 280.00011543001619 6.3942980002611876
501 289.53873521396036 280.00011553570556 6.4070760002359748
502 289.52918159860246 280.00011564121576 6.4194149998947978
503 289.51964372679163 280.00011574655531 6.4322100002318621
504 289.51012155053076 280.000115851717 6.4445059997960925
505 289.50061502206847 280.00011595671094 6.457251999527216
506 289.49112409387777 280.00011606153305 6.4696749998256564
507 289.48164871865947 280.00011616617752 6.4824459999799728
508 289.47218884935143 280.0001162706485 6.4949489999562502
509 289.46274443911295 280.00011637495498 6.5074410000815988
510 289.45331544133836 280.0001164790944 6.5201429994776845
511 289.44390180963558 280.00011658306391 6.5329970000311732
512 289.43450349784592 280.00011668685556 6.5460729999467731
513 289.42512046002474 280.00011679048191 6.5585920000448823
514 289.41575265044816 280.0001168939429 6.5712449997663498
515 289.40640002361846 280.00011699723177 6.5836730003356934
516 289.39706253424731 280.00011710035943 6.5962490001693368
517 289.38774013727124 280.00011720331401 6.6087450003251433
518 289.37843278782907 280.00011730610692 6.6213060002774
519 289.36914044128321 280.00011740873668 6.6337289996445179
520 289.35986305319943 280.00011751119467 6.6463089995086193
521 289.35060057936249 280.00011761349157 6.6590909995138645
522 289.34135297575892 280.00011771562237 6.6716010002419353
523 289.33212019858894 280.00011781759281 6.684132999740541
524 289.32290220425062 280.00011791939369 6.6966220000758767
525 289.31369894935568 280.00011802103631 6.7091920003294945
526 289.30451039071511 280.0001181225162 6.7217459995299578
527 289.29533648534237 280.00011822383647 6.734112000092864
528 289.28617719044934 280.0001183249928 6.767722999677062
529 289.27703246345112 280.00011842598468 6.7804020000621676
530 289.26790226196289 280.00011852682246 6.7927360003814101
531 289.25878654379187 280.00011862749841 6.8055349998176098
532 289.24968526694067 280.0001187280148 6.817892000079155
533 289.24059838961068 280.00011882836992 6.8306839996948838
534 289.23152587019314 280.00011892856895 6.843019999563694
535 289.22246766727744 280.00011902860655 6.8556620003655553
536 289.21342373963165 280.00011912849271 6.8678839998319745
537 289.20439404622556 280.00011922821591 6.8807060001417994
538 289.19537854620745 280.00011932778722 6.8929420001804829
539 289.18637719892376 280.00011942719419 6.9056080002337694
540 289.17738996389647 280.00011952645292 6.9178999997675419
541 289.1684168008361 280.00011962555567 6.930608999915421
542 289.15945766964171 280.00011972450062 6.942888000048697
543 289.15051253038553 280.00011982328971 6.9556470001116395
544 289.14158134332587 280.00011992192833 6.9679450001567602
545 289.13266406890079 280.00012002041035 6.9807160003110766
546 289.12376066773078 280.00012011874304 6.993023999966681
547 289.11487110060631 280.00012021692049 7.0058059999719262
548 289.10599532850318 280.00012031494612 7.0183520000427961
549 289.09713331256552 280.00012041282071 7.0308919996023178
550 289.08828501411517 280.00012051054102 7.0431650001555681
551 289.07945039465358 280.00012060811122 7.0558939995244145
552 289.07062941584422 280.00012070553021 7.0682439999654889
553 289.06182203952397 280.00012080279959 7.0809279996901751
554 289.05302822770307 280.00012089992015 7.0931989997625351
555 289.04424794256164 280.00012099689309 7.1060629999265075
556 289.035481146449 280.00012109371585 7.118389000184834
557 289.02672780187385 280.00012119038917 7.1310989996418357
558 289.01798787151665 280.00012128691247 7.1433999994769692
559 289.00926131822735 280.00012138328646 7.1560779996216297
560 289.00054810500808 280.00012147951895 7.1683940002694726
561 288.99184819503409 280.00012157560275 7.1811880003660917
562 288.98316155164116 280.00012167153869 7.1935310000553727
563 288.9744881383204 280.00012176732707 7.206389999948442
564 288.96582791873197 280.00012186297778 7.2186989998444915
565 288.95718085668557 280.00012195847137 7.2315980000421405
566 288.9485469161549 280.00012205382853 7.2439089994877577
567 288.93992606127074 280.00012214903649 7.2568169999867678
568 288.9313182563161 280.0001222441033 7.2691930001601577
569 288.922723465736 280.00012233902248 7.2822970002889633
570 288.91414165412334 280.00012243380621 7.294666999951005
571 288.90557278622788 280.00012252843993 7.3074489999562502
572 288.89701682694874 280.0001226229337 7.3234829995781183
573 288.88847374134207 280.00012271728372 7.3518380001187325
574 288.87994349460809 280.00012281149691 7.3644479997456074
575 288.87142605210556 280.00012290556447 7.3769030002877116
576 288.86292137933094 280.00012299948781 7.3894079998135567
577 288.85442944193483 280.0001230932736 7.4016869999468327
578 288.84595020571862 280.00012318692245 7.4144689999520779
579 288.83748363662107 280.00012328042669 7.4267600001767278
580 288.82902970073428 280.00012337379383 7.4395369999110699
581 288.82058836429087 280.00012346702169 7.4518550001084805
582 288.81215959366898 280.00012356011104 7.464610000140965
583 288.80374335538403 280.0001236530577 7.4768669996410608
584 288.79533961610366 280.00012374587419 7.4899209998548031
585 288.78694834262819 280.0001238385463 7.5022299997508526
586 288.7785695018996 280.00012393108278 7.5150170000270009
587 288.77020306100235 280.0001240234825 7.5273169996216893
588 288.76184898715536 280.00012411574801 7.5401050001382828
589 288.75350724772147 280.00012420787533 7.552407999522984
590 288.74517781019546 280.00012429986344 7.5650880001485348
591 288.73686064220863 280.00012439172457 7.5774050001055002
592 288.72855571152843 280.0001244834437 7.5900799995288253
593 288.72026298605999 280.00012457502879 7.6023519998416305
594 288.71198243383651 280.00012466648042 7.6150169996544719
595 288.70371402303249 280.00012475780039 7.627360999584198
596 288.69545772194527 280.00012484898429 7.6400650003924966
597 288.68721349901199 280.00012494002931 7.652339999563992
598 288.67898132279203 280.0001250309507 7.6650660000741482
599 288.67076116198302 280.00012512173561 7.6773250000551343
600 288.66255298541148 280.00012521238716 7.6899899998679757
601 288.65435676202497 280.00012530290792 7.7022850001230836
602 288.64617246090643 280.00012539329828 7.7149639995768666
603 288.63800005126569 280.00012548355181 7.7272459995001554
604 288.62983950242955 280.00012557367643 7.7398610003292561
605 288.62169078386114 280.0001256636761 7.7521359995007515
606 288.61355386514549 280.00012575353975 7.7648820001631975
607 288.60542871599148 280.00012584327567 7.7771920002996922
608 288.59731530622577 280.00012593287801 7.7898800000548363
609 288.58921360581235 280.00012602235853 7.8021449996158481
610 288.58112358482242 280.00012611170382 7.8149619996547699
611 288.57304521345594 280.00012620092417 7.8272219998762012
612 288.56497846203177 280.00012629001503 7.8401680001989007
613 288.55692330099316 280.00012637897396 7.8525109998881817
614 288.54887970089226 280.00012646780669 7.8652480002492666
615 288.54084763241292 280.00012655651716 7.8775819996371865
616 288.53282706634997 280.00012664509558 7.8903029998764396
617 288.52481797361236 280.00012673355309 7.9028369998559356
618 288.51682032523524 280.00012682187929 7.9318930003792048
619 288.50883409236047 280.00012691007885 7.9477749997749925
620 288.5008592462554 280.0001269981538 7.9600550001487136
621 288.49289575828931 280.00012708610461 7.9727379996329546
622 288.48494359995937 280.00012717392434 7.9849840002134442
623 288.47700274286728 280.00012726162987 7.9977759998291731
624 288.46907315872852 280.00012734920568 8.0101669998839498
625 288.46115481937431 280.00012743665485 8.0229510003700852
626 288.45324769675068 280.00012752398499 8.0352459996938705
627 288.44535176289997 280.00012761118774 8.0480519998818636
628 288.43746698999439 280.00012769826628 8.0602860003709793
629 288.42959335030116 280.00012778522563 8.0731109995394945
630 288.42173081620643 280.00012787206026 8.0854679998010397
631 288.41387936019566 280.00012795877223 8.0981900002807379
632 288.40603895487533 280.00012804536271 8.1104229995980859
633 288.3982095729454 280.00012813183213 8.1231669997796416
634 288.39039118721865 280.00012821817637 8.1354400003328919
635 288.38258377061993 280.00012830440676 8.1481910003349185
636 288.37478729617209 280.00012839051152 8.1604380002245307
637 288.36700173700586 280.00012847649469 8.1730709997937083
638 288.35922706635483 280.00012856236117 8.1852820003405213
639 288.35146325755881 280.0001286481027 8.197999999858439
640 288.3437102840615 280.0001287337318 8.210249999538064
641 288.33596811940845 280.00012881924016 8.2230110000818968
642 288.32823673725136 280.00012890462392 8.2353240000084043
643 288.32051611133096 280.00012898989269 8.2481659995391965
644 288.31280621550928 280.00012907504129 8.2605159999802709
645 288.30510702373101 280.00012916007012 8.2732410002499819
646 288.29741851004854 280.00012924498691 8.2855589995160699
647 288.28974064862018 280.00012932977955 8.2983079999685287
648 288.28207341369063 280.00012941445868 8.3106460003182292
649 288.27441677960832 280.00012949901992 8.3236589999869466
650 288.26677072082805 280.00012958346383 8.3359289998188615
651 288.25913521189091 280.0001296677915 8.3486820003017783
652 288.25151022743898 280.00012975200366 8.3612709995359182
653 288.24389574221175 280.00012983609935 8.3737690001726151
654 288.23629173104348 280.0001299200764 8.3860700000077486
655 288.22869816886737 280.00013000394307 8.3987980000674725
656 288.22111503070511 280.00013008768912 8.411553000099957
657 288.21354229167952 280.0001301713267 8.424083000048995
658 288.20597992700573 280.00013025484765 8.4366180002689362
659 288.19842791199056 280.00013033825127 8.4490890000015497
660 288.19088622203191 280.00013042154387 8.4616270000115037
661 288.18335483262632 280.00013050471949 8.4740469995886087
662 288.17583371935564 280.0001305877858 8.4863830003887415
663 288.16832285790201 280.00013067073422 8.5150680001825094
664 288.16082222403099 280.00013075357458 8.5312660001218319
665 288.15333179360022 280.00013083629909 8.5435990002006292
666 288.14585154256167 280.0001309189131 8.5564289996400476
667 288.13838144694967 280.00013100141121 8.5687560001388192
668 288.13092148289547 280.00013108380386 8.581581000238657
669 288.12347162661547 280.00013116607863 8.5939509999006987
670 288.11603185441442 280.00013124824574 8.6067139999940991
671 288.10860214268803 280.00013133029677 8.618987999856472
672 288.10118246791302 280.00013141224252 8.6318110004067421
673 288.09377280665746 280.00013149407698 8.6441129995509982
674 288.08637313557813 280.00013157580167 8.6568839997053146
675 288.07898343140931 280.00013165741638 8.6691859997808933
676 288.07160367098402 280.00013173891728 8.6818230003118515
677 288.06423383120671 280.0001318203112 8.6940879998728633
678 288.05687388907671 280.00013190159484 8.7068349998444319
679 288.0495238216792 280.00013198277247 8.7191369999200106
680 288.04218360616778 280.0001320638367 8.7318359995260835
681 288.03485321979662 280.00013214479401 8.7441950002685189
682 288.02753263989382 280.00013222564411 8.7568760002031922
683 288.02022184387465 280.00013230638643 8.7691850000992417
684 288.01292080923412 280.00013238701951 8.7820020001381636
685 288.00562951354812 280.00013246754548 8.7943000001832843
686 287.99834793448053 280.00013254796272 8.8069930002093315
687 287.99107604976507 280.00013262827736 8.8192609995603561
688 287.98381383722381 280.00013270848001 8.8320500003173947
689 287.97656127475841 280.00013278858034 8.8442799998447299
690 287.96931834034785 280.00013286857313 8.8569689998403192
691 287.96208501205689 280.00013294845428 8.8693099999800324
692 287.95486126802047 280.00013302823794 8.8820009995251894
693 287.94764708645295 280.00013310791076 8.8943389998748899
694 287.94044244565754 280.00013318747784 8.9070809995755553
695 287.93324732400515 280.00013326694705 8.9193529998883605
696 287.92606169994127 280.0001333463029 8.9319639997556806
697 287.91888555200177 280.00013342555718 8.9442480001598597
698 287.91171885878606 280.00013350470567 8.9569960003718734
699 287.90456159897849 280.00013358375588 8.9692740002647042
700 287.89741375133065 280.00013366269599 8.9819609997794032
701 287.89027529468353 280.00013374153338 8.994264000095427
702 287.8831462079375 280.00013382026532 9.0071240002289414
703 287.87602647008015 280.00013389889955 9.0195030001923442
704 287.86891606016167 280.00013397743066 9.0321599999442697
705 287.86181495732046 280.00013405585486 9.0444989996030927
706 287.85472314075997 280.00013413417719 9.0571739999577403
707 287.8476405897535 280.00013421239873 9.0695240003988147
708 287.84056728365783 280.00013429051489 9.0975350001826882
709 287.83350320189106 280.000134368533 9.113781999796629
710 287.82644832395516 280.00013444644634 9.1261160001158714
711 287.81940262941481 280.00013452425986 9.1388429999351501
712 287.81236609790938 280.00013460197323 9.1511350004002452
713 287.80533870914883 280.00013467958593 9.1638390002772212
714 287.79832044292147 280.00013475709358 9.1762039996683598
715 287.79131127906976 280.00013483450471 9.1889150002971292
716 287.78431119752196 280.00013491181443 9.2012520004063845
717 287.77732017827054 280.00013498902729 9.2140220003202558
718 287.77033820137603 280.00013506613561 9.2264559995383024
719 287.76336524696728 280.00013514314469 9.2392100002616644
720 287.75640129524925 280.00013522005639 9.2515890002250671
721 287.74944632648726 280.00013529686572 9.2642810000106692
722 287.74250032101793 280.00013537357893 9.2765629999339581
723 287.73556325924949 280.00013545019596 9.2892969995737076
724 287.72863512164622 280.00013552670953 9.3015949996188283
725 287.72171588875517 280.00013560312721 9.3143889997154474
726 287.71480554118102 280.00013567944478 9.3265730002894998
727 287.70790405959463 280.00013575566715 9.3391819996759295
728 287.70101142473658 280.00013583179043 9.3515130002051592
729 287.69412761741154 280.00013590781748 9.3642710000276566
730 287.68725261849119 280.00013598374244 9.3765829997137189
731 287.68038640891319 280.00013605957611 9.3893379997462034
732 287.67352896967446 280.00013613531002 9.4018249996006489
733 287.66668028184347 280.00013621094888 9.4143920000642538
734 287.65984032655206 280.00013628649015 9.426719999872148
735 287.65300908499131 280.00013636193341 9.4393910001963377
736 287.64618653842086 280.00013643728397 9.4516089996322989
737 287.63937266816856 280.00013651253767 9.4641950000077486
738 287.63256745561097 280.00013658769524 9.4765309998765588
739 287.62577088219962 280.00013666275919 9.4892699997872114
740 287.6189829294479 280.00013673771929 9.5015120003372431
741 287.61220357892267 280.0001368125956 9.5143010001629591
742 287.60543281226541 280.00013688737312 9.5265610003843904
743 287.59867061116677 280.00013696205508 9.5393399996683002
744 287.59191695739361 280.00013703664212 9.5517370002344251
745 287.5851718327566 280.00013711113638 9.5642529996111989
746 287.57843521914003 280.00013718553851 9.5765359997749329
747 287.57170709849026 280.00013725984587 9.6087840003892779
748 287.56498745280078 280.00013733405802 9.6214340003207326
749 287.55827626413662 280.00013740817229 9.6340269995853305
750 287.55157351461889 280.0001374822013 9.6465649995952845
751 287.54487918642803 280.00013755613475 9.6590099995955825
752 287.53819326180354 280.00013762997634 9.6715249996632338
753 287.53151572304529 280.00013770372192 9.6839439999312162
754 287.52484655251158 280.00013777737706 9.6965699996799231
755 287.51818573261971 280.00013785094416 9.7090280000120401
756 287.51153324584351 280.0001379244099 9.7215459998697042
757 287.50488907471032 280.00013799779083 9.7339989999309182
758 287.49825320181634 280.00013807108013 9.7465920001268387
759 287.49162560980727 280.00013814427302 9.7588969999924302
760 287.48500628138726 280.00013821738054 9.7715090001001954
761 287.47839519931654 280.00013829039381 9.7840750003233552
762 287.47179234641459 280.00013836331777 9.7966299997642636
763 287.46519770555415 280.00013843614948 9.8090490000322461
764 287.45861125966616 280.00013850888945 9.8216469995677471
765 287.45203299173875 280.00013858154171 9.8340870002284646
766 287.44546288481143 280.00013865410267 9.8466640003025532
767 287.43890092198023 280.00013872657252 9.8590939994901419
768 287.43234708639898 280.00013879895511 9.8716789996251464
769 287.42580136127469 280.00013887124715 9.8841779995709658
770 287.41926372986904 280.00013894344994 9.896862999536097
771 287.41273417549718 280.0001390155623 9.9092579996213317
772 287.40621268153154 280.0001390875878 9.9224020000547171
773 287.39969923139159 280.00013915952167 9.9346359996125102
774 287.39319380855812 280.00013923136873 9.9473169995471835
775 287.38669639656229 280.00013930312832 9.9596779998391867
776 287.38020697898361 280.00013937479895 9.972291000187397
777 287.37372553946403 280.00013944637942 9.9845909997820854
778 287.36725206169291 280.00013951787389 9.9972409997135401
779 287.36078652940836 280.00013958927946 10.009556000120938
780 287.35432892640915 280.00013966059811 10.022330000065267
781 287.34787923653693 280.00013973182587 10.034609999507666
782 287.34143744369408 280.00013980297365 10.047337999567389
783 287.33500353182632 280.00013987403219 10.05971600022167
784 287.32857748493387 280.00013994499835 10.072467999532819
785 287.32215928707109 280.00014001588465 10.084746000356972
786 287.31574892234232 280.00014008668234 10.117119999602437
787 287.30934637490009 280.00014015739498 10.12977399956435
788 287.30295162894311 280.0001402280156 10.142063000239432
789 287.29656466872876 280.00014029855521 10.154880999587476
790 287.29018547856015 280.00014036900802 10.167352999560535
791 287.2838140427931 280.00014043937659 10.179996999911964
792 287.27745034582506 280.00014050965723 10.192286999896169
793 287.27109437211465 280.00014057985391 10.205060999840498
794 287.26474610615594 280.00014064996435 10.217524999752641
795 287.25840553250441 280.00014071999323 10.230016999877989
796 287.25207263575749 280.00014078993178 10.242526999674737
797 287.2457474005646 280.00014085978705 10.255059000104666
798 287.23942981161957 280.00014092955894 10.267424999736249
799 287.23311985366371 280.00014099924931 10.280085999518633
800 287.22681751149196 280.00014106885328 10.292433999478817
801 287.22052276993998 280.00014113837329 10.305169999599457
802 287.21423561389571 280.00014120780787 10.317665999755263
803 287.20795602829452 280.00014127716298 10.33022900018841
804 287.20168399811701 280.00014134643072 10.342571999877691
805 287.19541950838311 280.00014141561712 10.355282000266016
806 287.18916254417275 280.0001414847203 10.367659999988973
807 287.1829130906097 280.00014155373589 10.380397000350058
808 287.17667113285722 280.00014162267695 10.392784999683499
809 287.1704366561234 280.00014169152934 10.405674999579787
810 287.16420964567499 280.00014176030328 10.417960999533534
811 287.15799008680779 280.00014182899298 10.430603999644518
812 287.15177796487865 280.00014189759952 10.442955000326037
813 287.14557326527557 280.00014196612557 10.455613000318408
814 287.1393759734367 280.00014203457164 10.467887999489903
815 287.13318607485621 280.00014210293239 10.480496999807656
816 287.12700355505666 280.0001421712152 10.492887999862432
817 287.12082839961221 280.00014223941639 10.505541999824345
818 287.11466059414005 280.00014230753362 10.517838000319898
819 287.10850012430291 280.00014237557264 10.530582999810576
820 287.10234697580654 280.00014244353036 10.542936000041664
821 287.09620113440104 280.00014251140567 10.555650999769568
822 287.09006258587891 280.00014257920066 10.56789099983871
823 287.0839313160775 280.00014264691504 10.580563999712467
824 287.07780731087075 280.00014271454688 10.592930000275373
825 287.07169055619198 280.00014278210585 10.62658999953419
826 287.06558103799381 280.00014284957666 10.639107000082731
827 287.05947874229628 280.00014291697329 10.651424000039697
828 287.05338365514086 280.00014298428744 10.664162999950349
829 287.04729576262179 280.00014305152467 10.676462999545038
830 287.04121505087733 280.00014311867875 10.689307999797165
831 287.03514150607924 280.00014318575802 10.701647999696434
832 287.02907511444943 280.00014325275856 10.714426999911666
833 287.02301586224758 280.00014331967253 10.726715999655426
834 287.01696373577266 280.00014338651334 10.739404000341892
835 287.01091872137249 280.00014345327617 10.751686999574304
836 287.0048808054234 280.00014351996464 10.764344000257552
837 286.99884997435379 280.00014358656733 10.776820000261068
838 286.99282621462925 280.00014365309602 10.789406999945641
839 286.9868095127548 280.00014371954109 10.801669999957085
840 286.98079985527573 280.00014378591635 10.814398000016809
841 286.97479722877858 280.00014385221124 10.826661000028253
842 286.9688016198902 280.00014391842507 10.839389000087976
843 286.96281301527449 280.00014398456511 10.851684999652207
844 286.95683140164391 280.00014405062484 10.864438000135124
845 286.9508567657337 280.00014411661243 10.876711999997497
846 286.94488909433784 280.00014418251936 10.889472000300884
847 286.93892837427535 280.00014424834995 10.901689999736845
848 286.9329745924116 280.00014431410591 10.914350000210106
849 286.92702773565111 280.00014437978325 10.92673599999398
850 286.92108779092752 280.00014444538448 10.93919499963522
851 286.91515474522345 280.00014451091232 10.951530000194907
852 286.9092285855628 280.00014457635814 10.964305999688804
853 286.90330929899085 280.00014464173393 10.976587999612093
854 286.89739687261232 280.00014470702837 10.989284999668598
855 286.89149129355371 280.00014477225204 11.001556999981403
856 286.8855925489832 280.00014483739864 11.014278000220656
857 286.87970062611254 280.00014490246957 11.026603000238538
858 286.87381551218823 280.00014496746547 11.039253000169992
859 286.86793719449059 280.00014503238509 11.051598999649286
860 286.86206566033286 280.0001450972315 11.064445000141859
861 286.85620089708277 280.00014516200315 11.076710999943316
862 286.85034289212985 280.00014522669835 11.089425000362098
863 286.84449163290174 280.00014529132068 11.101668000221252
864 286.83864710687254 280.00014535587189 11.134440999478102
865 286.83280930153757 280.00014542034478 11.147091000340879
866 286.82697820444349 280.00014548474542 11.159440999850631
867 286.82115380316191 280.00014554906852 11.172222999855876
868 286.81533608530731 280.00014561332239 11.184604000300169
869 286.80952503853047 280.00014567749884 11.197298999875784
870 286.80372065050511 280.00014574160394 11.209573999978602
871 286.79792290896131 280.00014580563851 11.222295999526978
872 286.79213180165061 280.00014586959304 11.234596000052989
873 286.78634731635952 280.00014593347618 11.24738600011915
874 286.78056944091952 280.00014599728996 11.259736999869347
875 286.7747981631864 280.00014606102928 11.272468999959528
876 286.76903347105792 280.00014612469494 11.284796999767423
877 286.7632753524656 280.00014618828703 11.297415000386536
878 286.75752379536829 280.00014625180762 11.309775999747217
879 286.75177878777032 280.00014631525659 11.322471000254154
880 286.7460403177011 280.00014637863461 11.334828999824822
881 286.74030837323318 280.00014644193709 11.347500000149012
882 286.73458294246603 280.0001465051709 11.359771000221372
883 286.72886401353912 280.00014656832792 11.372448000125587
884 286.7231515746148 280.00014663141883 11.384744999930263
885 286.71744561390233 280.00014669443863 11.397460999898612
886 286.71174611963573 280.00014675738544 11.409758999943733
887 286.70605308008834 280.00014682025926 11.422584000043571
888 286.70036648355995 280.00014688306237 11.434996999800205
889 286.69468631838743 280.00014694579454 11.447767999954522
890 286.68901257294726 280.00014700845861 11.460025999695063
891 286.68334523563436 280.00014707104737 11.472728000022471
892 286.67768429488848 280.00014713356956 11.485039999708533
893 286.67202973917512 280.00014719601882 11.497715000063181
894 286.66638155699462 280.00014725839867 11.509960999712348
895 286.66073973688617 280.00014732070349 11.523018999956548
896 286.65510426741002 280.00014738294607 11.53558100014925
897 286.6494751371622 280.00014744511617 11.548928000032902
898 286.64385233477537 280.00014750721158 11.56126799993217
899 286.63823584891213 280.00014756924423 11.57398399990052
900 286.63262566826097 280.00014763120168 11.586494999937713
901 286.62702178155035 280.00014769309172 11.599178000353277
902 286.62142417753824 280.00014775491468 11.611979999579489
903 286.61583284500705 280.00014781666687 11.648744000121951
904 286.61024777278419 280.00014787834778 11.661057000048459
905 286.60466894970921 280.00014793995922 11.673837999813259
906 286.59909636467194 280.00014800150484 11.68616500031203
907 286.59353000658228 280.00014806297872 11.6990240002051
908 286.58796986438222 280.00014812438775 11.711446999572217
909 286.58241592704542 280.00014818572356 11.724101999774575
910 286.57686818357973 280.00014824699531 11.736576999537647
911 286.57132662301683 280.00014830820044 11.749106999486685
912 286.56579123441981 280.00014836933207 11.761687000282109
913 286.56026200689212 280.00014843039594 11.77411499992013
914 286.55473892954984 280.00014849139666 11.786542000249028
915 286.54922199155669 280.00014855232473 11.799049999564886
916 286.54371118209281 280.00014861318891 11.811579000204802
917 286.53820649037476 280.0001486739834 11.824095999822021
918 286.53270790565 280.00014873471235 11.836581000126898
919 286.5272154171866 280.00014879536752 11.849217999726534
920 286.52172901429759 280.00014885596141 11.86192199960351
921 286.51624868630864 280.00014891648743 11.874316000379622
922 286.51077442258446 280.00014897694689 11.886900999583304
923 286.50530621252079 280.00014903733853 11.899360000155866
924 286.49984404553169 280.00014909766293 11.911961999721825
925 286.49438791107133 280.00014915792042 11.924448000267148
926 286.48893779861328 280.00014921811135 11.937118000350893
927 286.48349369767357 280.00014927823941 11.949527000077069
928 286.47805559778021 280.00014933829709 11.962082999758422
929 286.47262348849489 280.00014939829094 11.974558999761939
930 286.46719735941758 280.00014945821778 11.98719900008291
931 286.46177720016624 280.00014951807697 11.999645999632776
932 286.45636300038558 280.00014957787619 12.012214999645948
933 286.45095474975898 280.00014963760054 12.024670000188053
934 286.44555243798823 280.00014969726897 12.03736099973321
935 286.44015605480041 280.0001497568656 12.049758000299335
936 286.43476558996622 280.00014981639896 12.062385999597609
937 286.42938103326526 280.00014987586621 12.074942999519408
938 286.42400237451727 280.00014993526827 12.08752700034529
939 286.41862960356463 280.00014999460632 12.100029000081122
940 286.41326271027629 280.00015005387735 12.117506000213325
941 286.40790168455146 280.00015011308739 12.14523100014776
942 286.4025465163129 280.00015017223149 12.157786999829113
943 286.39719719551363 280.00015023130817 12.170416999608278
944 286.39185371213392 280.00015029032141 12.182935000397265
945 286.38651605617372 280.00015034927173 12.195523000322282
946 286.3811842176687 280.00015040815526 12.207945000380278
947 286.37585818667992 280.00015046697825 12.220540000125766
948 286.37053795328893 280.00015052573679 12.233047000132501
949 286.36522350760765 280.00015058443279 12.245653999969363
950 286.35991483977517 280.00015064305904 12.258089000359178
951 286.35461193995769 280.00015070162317 12.270596000365913
952 286.34931479834194 280.00015076012971 12.283053999766707
953 286.34402340514424 280.00015081856736 12.295617999508977
954 286.33873775061221 280.00015087693998 12.308032999746501
955 286.33345782500635 280.0001509352528 12.320686999708414
956 286.32818361862934 280.00015099350247 12.333252999931574
957 286.32291512179586 280.00015105168808 12.345812000334263
958 286.31765232485253 280.00015110981252 12.358276000246406
959 286.31239521817014 280.00015116787341 12.370835999958217
960 286.30714379214101 280.00015122586893 12.383325999602675
961 286.30189803719219 280.00015128380505 12.395961999893188
962 286.29665794377172 280.00015134167847 12.408431000076234
963 286.29142350234304 280.0001513994863 12.420971999876201
964 286.28619470341118 280.00015145723529 12.433416999876499
965 286.28097153749508 280.00015151492238 12.446024999953806
966 286.27575399514137 280.00015157254245 12.458487000316381
967 286.27054206691946 280.00015163010505 12.471055000089109
968 286.26533574342858 280.00015168760507 12.483536999672651
969 286.26013501528632 280.00015174504324 12.496151000261307
970 286.25493987314542 280.00015180241775 12.508739999495447
971 286.24975030766495 280.00015185973444 12.521325999870896
972 286.24456630954251 280.00015191698674 12.533592999912798
973 286.23938786950231 280.00015197417679 12.546196999959648
974 286.23421497828218 280.00015203130454 12.558655999600887
975 286.22904762664581 280.00015208837465 12.571167999878526
976 286.223885805387 280.00015214538269 12.583682999946177
977 286.21872950531719 280.00015220233013 12.596319999545813
978 286.21357871727594 280.00015225921538 12.608814000152051
979 286.20843343212965 280.00015231604317 12.621462999843061
980 286.20329364075582 280.00015237280707 12.633980999700725
981 286.19815933406898 280.00015242951008 12.646549999713898
982 286.19303050300033 280.00015248615392 12.658994000405073
983 286.18790713850353 280.00015254274086 12.671601000241935
984 286.18278923156061 280.00015259925829 12.683922999538481
985 286.17767677316908 280.00015265572318 12.69661199953407
986 286.17256975436601 280.00015271212493 12.729549000039697
987 286.16746816618416 280.00015276846568 12.742116999812424
988 286.16237199970823 280.00015282475266 12.754672999493778
989 286.15728124602617 280.00015288097455 12.767210999503732
990 286.15219589625627 280.00015293713562 12.779761999845505
991 286.1471159415396 280.00015299324127 12.792218999937177
992 286.14204137303784 280.00015304928462 12.804786000400782
993 286.13697218193357 280.00015310526925 12.817277999594808
994 286.13190835944198 280.00015316119533 12.82975700031966
995 286.1268498967849 280.00015321706098 12.842153999954462
996 286.12179678522244 280.00015327287042 12.854771999642253
997 286.11674901602441 280.00015332861659 12.867267999798059
998 286.11170658048798 280.00015338430427 12.879734000191092
999 286.10666946993712 280.0001534399351 12.892040999606252
1000 286.10163767570157 280.00015349550677 12.904779000207782
1001 286.09661118916074 280.00015355101868 12.917241999879479
1002 286.09159000168574 280.00015360647654 12.929806999862194
1003 286.08657410469078 280.00015366186875 12.942079999484122
1004 286.08156348960313 280.00015371720792 12.954509000293911
1005 286.07655814786938 280.00015377248729 12.966891000047326
1006 286.07155807096382 280.00015382770886 12.979261999949813
1007 286.06656325038102 280.00015388287403 12.991597999818623
1008 286.06157367763609 280.00015393797906 13.004022999666631
1009 286.05658934425844 280.00015399302595 13.016331000253558
1010 286.05161024181558 280.00015404801781 13.028691999614239
1011 286.04663636187837 280.00015410294861 13.040981000289321
1012 286.04166769604751 280.00015415782224 13.053391999565065
1013 286.03670423594724 280.00015421264027 13.065721999853849
1014 286.03174597321669 280.00015426740191 13.078122000209987
1015 286.02679289952067 280.00015432210154 13.09041600022465
1016 286.02184500653846 280.00015437674949 13.102764000184834
1017 286.01690228597658 280.00015443133736 13.115101999603212
1018 286.01196472956076 280.00015448586743 13.127403000369668
1019 286.00703232903822 280.00015454034241 13.139826999977231
1020 286.00210507617237 280.0001545947573 13.152122999541461
1021 285.99718296274983 280.00015464911854 13.164470999501646
1022 285.99226598057754 280.00015470342362 13.176793999969959
1023 285.98735412148505 280.00015475767083 13.189287000335753
1024 285.98244737731909 280.00015481185909 13.201592000201344
1025 285.9775457399499 280.00015486599301 13.214042999781668
1026 285.97264920125775 280.00015492007282 13.226362000219524
1027 285.96775775316218 280.00015497409498 13.238804999738932
1028 285.96287138758004 280.00015502806008 13.25119199976325
1029 285.9579900964664 280.0001550819714 13.263574999757111
1030 285.95311387179061 280.00015513582372 13.275895999744534
1031 285.94824270553642 280.00015518962203 13.288320999592543
1032 285.94337658971142 280.00015524336601 13.30059100035578
1033 285.93851551634549 280.00015529705138 13.312967999838293
1034 285.9336594774843 280.00015535068286 13.325246999971569
1035 285.9288084651937 280.00015540425875 13.337608000263572
1036 285.92396247155966 280.00015545777899 13.349886000156403
1037 285.9191214886871 280.00015551124216 13.362305999733508
1038 285.91428550870484 280.00015556465337 13.374598999507725
1039 285.90945452375217 280.0001556180078 13.387076999992132
1040 285.9046285259945 280.0001556713068 13.399340000003576
1041 285.89980750760913 280.00015572454737 13.411647000350058
1042 285.89499146080573 280.00015577773723 13.424479999579489
1043 285.89018037779744 280.0001558308727 13.436989000067115
1044 285.88537425082978 280.0001558839495 13.449292999692261
1045 285.88057307215564 280.00015593697401 13.461698999628425
1046 285.87577683405823 280.00015598994719 13.473992000333965
1047 285.87098552882702 280.00015604285937 13.48626699950546
1048 285.86619914878122 280.00015609572449 13.498581999912858
1049 285.86141768625117 280.00015614853038 13.510780000127852
1050 285.85664113358877 280.00015620128312 13.523226000368595
1051 285.85186948316641 280.00015625398117 13.535621999762952
1052 285.84710272737323 280.00015630662932 13.548014000058174
1053 285.84234085861885 280.00015635921778 13.560362000018358
1054 285.83758386931908 280.00015641175264 13.572746000252664
1055 285.832831751924 280.00015646423702 13.585061999969184
1056 285.82808449890092 280.00015651666541 13.597512000240386
1057 285.82334210272342 280.00015656904139 13.609805000014603
1058 285.81860455589219 280.00015662136218 13.622233999893069
1059 285.81387185091802 280.00015667363209 13.63459900021553
1060 285.80914398034872 280.0001567258476 13.646894999779761
1061 285.80442093672315 280.00015677801059 13.659210999496281
1062 285.79970271261686 280.00015683011651 13.671632999554276
1063 285.79498930061783 280.0001568821724 13.683999000117183
1064 285.79028069333543 280.00015693417936 13.696425999514759
1065 285.7855768833831 280.00015698612668 13.708701999858022
1066 285.78087786341121 280.00015703802183 13.721060999669135
1067 285.77618362607376 280.00015708986729 13.73339799977839
1068 285.77149416404848 280.00015714165681 13.745763000100851
1069 285.76680947002984 280.00015719339433 13.758088000118732
1070 285.76212953672893 280.00015724508188 13.770560000091791
1071 285.75745435687281 280.00015729671401 13.782914999872446
1072 285.75278392320661 280.00015734829771 13.795291000045836
1073 285.7481182284962 280.0001573998224 13.807603999972343
1074 285.74345726551536 280.00015745129787 13.820054000243545
1075 285.73880102707028 280.00015750272428 13.832624999806285
1076 285.73414950596879 280.00015755409794 13.845018999651074
1077 285.7295026950423 280.00015760541561 13.857377000153065
1078 285.72486058713844 280.00015765668462 13.869850999675691
1079 285.72022317512995 280.00015770790151 13.882201000116765
1080 285.71559045189184 280.00015775906252 13.894418000243604
1081 285.71096241032194 280.00015781017913 13.927380999550223
1082 285.70633904334034 280.00015786124129 13.939722999930382
1083 285.70172034387861 280.00015791224723 13.952135000377893
1084 285.69710630488021 280.0001579632069 13.964468999765813
1085 285.69249691931731 280.00015801411303 13.976773000322282
1086 285.68789218016565 280.0001580649664 13.989169999957085
1087 285.68329208042928 280.00015811577191 14.001548999920487
1088 285.67869661312318 280.0001581665237 14.013937000185251
1089 285.6741057712731 280.00015821722616 14.026936000213027
1090 285.66951954792779 280.0001582678799 14.040047000162303
1091 285.66493793615467 280.00015831847867 14.052365000359714
1092 285.66036092903141 280.00015836902571 14.064786000177264
1093 285.65578851965466 280.00015841952523 14.077084999531507
1094 285.65122070113529 280.00015846997286 14.08942100033164
1095 285.64665746660251 280.00015852036756 14.101759999990463
1096 285.64209880920311 280.00015857071594 14.114207999780774
1097 285.63754472209257 280.00015862101088 14.126500000245869
1098 285.63299519844787 280.0001586712595 14.138845999725163
1099 285.62845023146701 280.00015872145212 14.151150999590755
1100 285.62390981434936 280.00015877159353 14.163616999983788
1101 285.61937394032384 280.00015882169248 14.175991999916732
1102 285.61484260262841 280.00015887173618 14.188349000178277
1103 285.61031579451753 280.0001589217319 14.200628999620676
1104 285.60579350926031 280.00015897167873 14.212991000153124
1105 285.60127574014615 280.00015902157406 14.225375999696553
1106 285.5967624804743 280.0001590714179 14.237726000137627
1107 285.59225372355536 280.00015912121819 14.250055999495089
1108 285.58774946273712 280.0001591709588 14.262539000250399
1109 285.58324969135759 280.00015922065671 14.274818000383675
1110 285.57875440277917 280.00015927030245 14.287206999957561
1111 285.57426359038186 280.00015931990254 14.299498999491334
1112 285.56977724755745 280.00015936945164 14.31188299972564
1113 285.56529536771797 280.00015941894918 14.324160000309348
1114 285.56081794428235 280.00015946839829 14.33657499961555
1115 285.55634497069849 280.0001595177992 14.34891099948436
1116 285.55187644041342 280.00015956714918 14.36128900013864
1117 285.54741234689311 280.00015961645175 14.373684999532998
1118 285.54295268362716 280.00015966570356 14.385982999578118
1119 285.53849744411195 280.00015971490433 14.398351999931037
1120 285.53404662185886 280.00015976406661 14.410637999884784
1121 285.52960021040138 280.00015981317091 14.422992999665439
1122 285.52515820328136 280.00015986222746 14.435322999954224
1123 285.52072059405259 280.00015991124059 14.447815000079572
1124 285.51628737628903 280.00015996020051 14.460072999820113
1125 285.51185854357698 280.00016000911171 14.472481999546289
1126 285.50743408951979 280.00016005797829 14.484771999530494
1127 285.5030140077339 280.00016010679218 14.497205999679863
1128 285.49859829185078 280.00016015556037 14.509526000358164
1129 285.49418693550894 280.00016020428126 14.521932000294328
1130 285.48977993237702 280.00016025295179 14.534291000105441
1131 285.48537727611745 280.00016030157514 14.546710999682546
1132 285.48097896042981 280.00016035015278 14.558987000025809
1133 285.47658497900841 280.00016039867961 14.571328000165522
1134 285.47219532557261 280.00016044715665 14.583724999800324
1135 285.46780999385203 280.00016049559059 14.596162999980152
1136 285.4634289775903 280.00016054397446 14.608474000357091
1137 285.45905227054914 280.00016059231257 14.620930000208318
1138 285.45467986649891 280.00016064060378 14.633263000287116
1139 285.45031175922531 280.00016068884378 14.645636999979615
1140 285.4459479425355 280.00016073704137 14.657960999757051
1141 285.44158841023426 280.00016078518689 14.670361000113189
1142 285.43723315615426 280.00016083328768 14.682687000371516
1143 285.43288217414204 280.00016088134271 14.695050999522209
1144 285.42853545804957 280.00016092935022 14.707347000017762
1145 285.42419300174475 280.00016097730736 14.71962200012058
1146 285.41985479911278 280.0001610252159 14.731948000378907
1147 285.41552084405373 280.00016107308471 14.744336999952793
1148 285.41119113047375 280.00016112090196 14.756640000268817
1149 285.40686565229817 280.00016116866942 14.768885999917984
1150 285.40254440346672 280.00016121639396 14.781221999786794
1151 285.39822737792775 280.00016126407462 14.793483999557793
1152 285.39391456964847 280.00016131170446 14.805870999582112
1153 285.38960597260518 280.00016135928769 14.818113000132143
1154 285.38530158078879 280.00016140682908 14.830554000101984
1155 285.38100138820602 280.00016145431982 14.84285799972713
1156 285.37670538887448 280.00016150176367 14.855225999839604
1157 285.37241357682296 280.00016154916682 14.867540000006557
1158 285.36812594609881 280.00016159652012 14.879952999763191
1159 285.36384249075701 280.00016164382714 14.892237999476492
1160 285.35956320487287 280.00016169108795 14.90459099970758
1161 285.35528808252235 280.0001617383038 14.91688199993223
1162 285.35101711781226 280.00016178547145 14.929243000224233
1163 285.34675030483993 280.00016183259464 14.941513000056148
1164 285.34248763774031 280.00016187967321 14.953870000317693
1165 285.33822911064442 280.00016192670358 14.966194000095129
1166 285.333974717697 280.00016197369399 14.978523000143468
1167 285.32972445306137 280.0001620206308 14.990856000222266
1168 285.32547831091455 280.00016206752616 15.003174999728799
1169 285.32123628544167 280.0001621143727 15.015650999732316
1170 285.31699837084415 280.00016216118019 15.027976999990642
1171 285.31276456133031 280.00016220793873 15.0403549997136
1172 285.30853485112686 280.00016225464816 15.052675999701023
1173 285.30430923447562 280.00016230132024 15.065063999965787
1174 285.30008770562159 280.00016234794163 15.077345999889076
1175 285.29587025882654 280.00016239452054 15.089767999947071
1176 285.29165688837003 280.00016244105393 15.102041999809444
1177 285.28744758853736 280.00016248754088 15.114380000159144
1178 285.2832423536272 280.00016253398451 15.126745999790728
1179 285.27904117795691 280.0001625803805 15.13918299973011
1180 285.27484405584693 280.00016262673586 15.151402999646962
1181 285.27065098163285 280.00016267304568 15.163758999668062
1182 285.26646194967049 280.0001627193073 15.176039000041783
1183 285.26227695431862 280.00016276552799 15.188432999886572
1184 285.25809598994545 280.00016281170082 15.200729999691248
1185 285.25391905094693 280.00016285783283 15.213049000129104
1186 285.24974613171275 280.00016290391983 15.225383999757469
1187 285.24557722665833 280.00016294995999 15.237788000144064
1188 285.24141233020288 280.00016299596058 15.250156999565661
1189 285.23725143677984 280.00016304191416 15.262622999958694
1190 285.23309454084392 280.00016308782364 15.274867000058293
1191 285.22894163684327 280.00016313368849 15.287271999754012
1192 285.22479271925027 280.00016317950667 15.299603999592364
1193 285.22064778254907 280.00016322528683 15.311978999525309
1194 285.21650682123294 280.00016327102048 15.324234999716282
1195 285.21236982981009 280.00016331671162 15.336582999676466
1196 285.20823680279511 280.00016336235706 15.348848999477923
1197 285.20410773471707 280.0001634079585 15.361205999739468
1198 285.19998262011319 280.00016345351503 15.373565999791026
1199 285.19586145354123 280.00016349903007 15.385857000015676
1200 285.19174422956888 280.00016354450156 15.398273999802768
1201 285.18763094276494 280.00016358992781 15.410573000088334
1202 285.18352158772075 280.00016363531364 15.423023999668658
1203 285.17941615903203 280.00016368065531 15.435247999615967
1204 285.17531465131214 280.00016372595115 15.447732999920845
1205 285.1712170591814 280.00016377120801 15.459990000352263
1206 285.16712337727438 280.00016381641763 15.472369999624789
1207 285.16303360023585 280.00016386158308 15.484667999669909
1208 285.15894772271668 280.00016390671118 15.497267999686301
1209 285.15486573939432 280.00016395179222 15.514670999720693
1210 285.15078764493893 280.00016399683108 15.542317999526858
1211 285.14671343404495 280.00016404182713 15.55468999966979
1212 285.14264310141112 280.00016408678061 15.567025000229478
1213 285.13857664175345 280.00016413168851 15.579420999623835
1214 285.13451404979037 280.00016417655786 15.591741999611259
1215 285.13045532026246 280.0001642213843 15.604724999517202
1216 285.12640044790811 280.00016426616514 15.617000999860466
1217 285.12234942749461 280.00016431090694 15.629502000287175
1218 285.1183022537806 280.000164355604 15.641911000013351
1219 285.11425892154898 280.00016440025581 15.654387000016868
1220 285.11021942558801 280.00016444487227 15.666716000065207
1221 285.10618376070408 280.00016448944183 15.679144999943674
1222 285.10215192170489 280.00016453397188 15.691445999778807
1223 285.09812390340801 280.00016457845777 15.703877000138164
1224 285.09409970065713 280.00016462289915 15.716138999909163
1225 285.0900793082875 280.00016466730091 15.728617999702692
1226 285.08606272116162 280.0001647116606 15.740934000350535
1227 285.0820499341433 280.0001647559796 15.753348000347614
1228 285.07804094210513 280.00016480025607 15.765610000118613
1229 285.07403573994094 280.00016484448741 15.778072999790311
1230 285.07003432254248 280.00016488868056 15.7903190003708
1231 285.06603668482097 280.00016493282953 15.802570000290871
1232 285.0620428216958 280.00016497693815 15.815007999539375
1233 285.05805272810136 280.00016502100902 15.827237999998033
1234 285.05406639897137 280.00016506503243 15.839668000116944
1235 285.05008382925797 280.00016510901668 15.851932999677956
1236 285.04610501392534 280.00016515296079 15.86434100009501
1237 285.04212994794409 280.00016519686136 15.876651000231504
1238 285.03815862629318 280.00016524071998 15.88901500031352
1239 285.03419104397238 280.00016528453892 15.901314999908209
1240 285.03022719597811 280.00016532831609 15.913691000081599
1241 285.02626707732708 280.00016537205244 15.925998999737203
1242 285.02231068304206 280.00016541575008 15.938408999703825
1243 285.01835800815678 280.00016545940076 15.950721999630332
1244 285.01440904771562 280.00016550301666 15.963053000159562
1245 285.01046379677462 280.00016554658879 15.975428000092506
1246 285.00652225039386 280.00016559011482 15.987835999578238
1247 285.002584403654 280.00016563360447 16.000161999836564
1248 284.9986502516341 280.00016567705603 16.012632999569178
1249 284.99471978943461 280.0001657204669 16.024949000217021
1250 284.99079301215636 280.00016576383229 16.037430999800563
1251 284.98686991491519 280.00016580715732 16.050054999999702
1252 284.98295049283996 280.00016585044494 16.062791000120342
1253 284.97903474106255 280.00016589369022 16.075048999860883
1254 284.97512265472989 280.00016593689787 16.08755199983716
1255 284.97121422899352 280.00016598006215 16.099855000153184
1256 284.96730945901771 280.00016602318794 16.112258000299335
1257 284.96340833998414 280.00016606627423 16.124579000286758
1258 284.95951086707544 280.00016610931567 16.136892999522388
1259 284.95561703547821 280.00016615231482 16.149189000017941
1260 284.95172684040438 280.00016619528492 16.16159600019455
1261 284.94784027706692 280.00016623820807 16.173886000178754
1262 284.94395734068729 280.00016628109319 16.186192999593914
1263 284.94007802650214 280.00016632393454 16.198529000394046
1264 284.9362023297515 280.00016636673558 16.210822999477386
1265 284.9323302456915 280.00016640950139 16.223241999745369
1266 284.92846176958142 280.00016645222581 16.235491000115871
1267 284.92459689669374 280.00016649490766 16.247852999716997
1268 284.92073562231218 280.00016653755529 16.260143999941647
1269 284.91687794172611 280.00016658016159 16.272493000142276
1270 284.91302385023573 280.00016662272299 16.28479399997741
1271 284.90917334315111 280.00016666524931 16.297140000388026
1272 284.90532641579676 280.00016670773795 16.309414999559522
1273 284.90148306349613 280.00016675018134 16.321887999773026
1274 284.89764328159009 280.00016679259124 16.334284000098705
1275 284.89380706542659 280.00016683495858 16.346672000363469
1276 284.88997441036202 280.00016687728862 16.358997999690473
1277 284.88614531176256 280.00016691957893 16.37130399979651
1278 284.88231976500327 280.00016696182655 16.383592000231147
1279 284.8784977654729 280.00016700403671 16.39601599983871
1280 284.8746793085657 280.00016704620981 16.408347999677062
1281 284.87086438967964 280.00016708834153 16.42083099950105
1282 284.86705300423569 280.00016713043482 16.433073000051081
1283 284.86324514765096 280.00016717249008 16.445526000112295
1284 284.85944081535598 280.00016721450658 16.457882000133395
1285 284.85564000279589 280.00016725648345 16.470277999527752
1286 284.85184270541714 280.00016729842014 16.482594000175595
1287 284.84804891867481 280.00016734031965 16.495019000023603
1288 284.84425863804171 280.00016738217857 16.50732299964875
1289 284.84047185899266 280.00016742400203 16.519689999520779
1290 284.83668857701366 280.00016746578348 16.532484999857843
1291 284.83290878759999 280.00016750752837 16.545281999744475
1292 284.82913248625397 280.00016754923757 16.557637999765575
1293 284.82535966848616 280.00016759090238 16.570096000097692
1294 284.82159032982429 280.00016763253171 16.582426999695599
1295 284.81782446579518 280.0001676741237 16.594843000173569
1296 284.8140620719339 280.00016771567664 16.607141000218689
1297 284.81030314379763 280.00016775718973 16.619455999694765
1298 284.80654767693426 280.0001677986653 16.631806000135839
1299 284.80279566691479 280.00016784010404 16.644123000092804
1300 284.7990471093126 280.00016788150418 16.656558999791741
1301 284.79530199970606 280.00016792286482 16.668839000165462
1302 284.79156033369594 280.0001679641864 16.681354000233114
1303 284.78782210687564 280.00016800547468 16.693651000037789
1304 284.7840873148574 280.00016804672123 16.706085999496281
1305 284.78035595325872 280.00016808793163 16.718368000350893
1306 284.77662801770629 280.00016812910377 16.73078399989754
1307 284.77290350383413 280.0001681702372 16.743064000271261
1308 284.76918240728696 280.00016821133357 16.755416999571025
1309 284.76546472371473 280.00016825239294 16.767710999585688
1310 284.76175044878238 280.00016829341297 16.780093999579549
1311 284.75803957815447 280.00016833439486 16.792561000213027
1312 284.75433210751208 280.00016837534304 16.80491799954325
1313 284.75062803254019 280.00016841625194 16.817203000187874
1314 284.74692734893398 280.00016845712054 16.829548000358045
1315 284.74323005239876 280.00016849795486 16.841811000369489
1316 284.73953613864131 280.00016853875235 16.854220000095665
1317 284.73584560337963 280.00016857950789 16.866541000083089
1318 284.73215844234892 280.00016862023153 16.878864999860525
1319 284.72847465128035 280.0001686609142 16.891243999823928
1320 284.72479422592153 280.00016870156207 16.903675999492407
1321 284.72111716202625 280.00016874217476 16.915949000045657
1322 284.71744345535257 280.00016878274766 16.928349000401795
1323 284.71377310167139 280.00016882328367 16.940617999993265
1324 284.71010609676097 280.00016886378324 16.952952000312507
1325 284.706442436408 280.00016890424388 16.965309999883175
1326 284.70278211640357 280.00016894466938 16.977549999952316
1327 284.69912513255201 280.00016898505646 16.989950000308454
1328 284.69547148066198 280.00016902540904 17.002195999957621
1329 284.6918211565544 280.00016906572301 17.014620999805629
1330 284.68817415605599 280.00016910600073 17.026922999881208
1331 284.68453047499975 280.00016914624132 17.039358999580145
1332 284.68089010922694 280.00016918644775 17.051657999865711
1333 284.67725305458993 280.00016922661325 17.06407199986279
1334 284.67361930694977 280.00016926674436 17.076375999487936
1335 284.66998886216697 280.00016930684308 17.088705999776721
1336 284.66636171612191 280.00016934690166 17.10102800000459
1337 284.66273786469117 280.00016938692238 17.115081000141799
1338 284.6591173037728 280.00016942691059 17.145174999721348
1339 284.65550002925687 280.00016946685747 17.15749999973923
1340 284.65188603705633 280.00016950677013 17.169941999949515
1341 284.648275323083 280.0001695466492 17.182169999927282
1342 284.64466788325853 280.00016958649161 17.194521999917924
1343 284.64106371350658 280.00016962629707 17.206810000352561
1344 284.63746280977563 280.00016966606393 17.219134000129998
1345 284.63386516800392 280.00016970579719 17.231536000035703
1346 284.63027078414291 280.00016974549197 17.243804999627173
1347 284.62667965415756 280.00016978515441 17.256292999722064
1348 284.62309177401602 280.00016982478121 17.268606999889016
1349 284.6195071396906 280.00016986437072 17.280984999611974
1350 284.61592574716684 280.00016990392129 17.293251000344753
1351 284.61234759243717 280.00016994344099 17.305688999593258
1352 284.60877267150181 280.00016998292278 17.317987999878824
1353 284.60520098036005 280.00017002236706 17.330419999547303
1354 284.60163251503371 280.00017006177831 17.342853000387549
1355 284.59806727154307 280.00017010115295 17.355251999571919
1356 284.59450524591063 280.00017014048944 17.367626999504864
1357 284.59094643418166 280.00017017979718 17.379986999556422
1358 284.58739083239664 280.00017021906666 17.392287000082433
1359 284.58383843660732 280.00017025829635 17.40470299962908
1360 284.58028924287265 280.00017029749637 17.416992999613285
1361 284.57674324725872 280.00017033665699 17.429421999491751
1362 284.57320044584242 280.00017037578368 17.441734000109136
1363 284.56966083470218 280.0001704148745 17.454044000245631
1364 284.56612440992842 280.00017045393093 17.466359999962151
1365 284.5625911676135 280.00017049295303 17.478846999816597
1366 284.55906110386354 280.00017053194131 17.491143999621272
1367 284.55553421479033 280.00017057089298 17.503488999791443
1368 284.55201049651356 280.00017060980946 17.515808999538422
1369 284.54848994515504 280.00017064868956 17.528218999505043
1370 284.54497255684657 280.00017068753579 17.540516999550164
1371 284.54145832772878 280.0001707263466 17.552911999635398
1372 284.53794725395335 280.00017076512358 17.565289000049233
1373 284.53443933167318 280.00017080386766 17.577549999579787
1374 284.53093455704243 280.00017084257615 17.589871999807656
1375 284.52743292623978 280.0001708812477 17.602171000093222
1376 284.52393443543292 280.00017091988576 17.614649999886751
1377 284.52043908081015 280.00017095848864 17.626939999870956
1378 284.5169468585587 280.00017099705781 17.639379000291228
1379 284.51345776487642 280.00017103559134 17.651696000248194
1380 284.50997179596919 280.0001710740911 17.664030999876559
1381 284.50648894804601 280.00017111255715 17.676442000083625
1382 284.50300921732861 280.00017115098819 17.68881499953568
1383 284.49953260003809 280.00017118938484 17.701154000125825
1384 284.49605909240842 280.00017122774938 17.713595000095665
1385 284.49258869067927 280.00017126607247 17.725959000177681
1386 284.48912139109603 280.00017130436862 17.738351999782026
1387 284.48565718991529 280.00017134262208 17.750709000043571
1388 284.48219608339235 280.00017138084866 17.763125999830663
1389 284.47873806779734 280.00017141903794 17.775364999659359
1390 284.47528313940228 280.00017145719966 17.787713999859989
1391 284.47183129449269 280.00017149532232 17.79997400008142
1392 284.46838252935368 280.00017153340764 17.812396000139415
1393 284.46493684027649 280.00017157146164 17.824749999679625
1394 284.46149422356825 280.00017160948227 17.837094999849796
1395 284.45805467553248 280.00017164747015 17.84939599968493
1396 284.45461819248834 280.00017168542479 17.861831000074744
1397 284.45118477075033 280.0001717233414 17.874118999578059
1398 284.44775440665643 280.00017176123032 17.886458000168204
1399 284.44432709653591 280.00017179907923 17.898783000186086
1400 284.44090283673387 280.0001718368996 17.911042000167072
1401 284.43748162359594 280.0001718746862 17.9234269997105
1402 284.43406345348251 280.00017191243506 17.935736999846995
1403 284.43064832274814 280.00017195015494 17.948199999518692
1404 284.42723622776998 280.00017198783576 17.960544000379741
1405 284.4238271649167 280.00017202548764 17.97293100040406
1406 284.42042113057244 280.00017206310304 17.985248000361025
1407 284.41701812112865 280.0001721006891 17.99760099966079
1408 284.41361813297544 280.00017213823713 18.009898000396788
1409 284.41022116251838 280.00017217575402 18.022261000238359
1410 284.40682720616439 280.00017221323736 18.03447400033474
1411 284.40343626032865 280.00017225068922 18.046812999993563
1412 284.40004832142904 280.00017228810242 18.059143000282347
1413 284.39666338590126 280.00017232548817 18.071533000096679
1414 284.39328145017282 280.00017236283639 18.08381799980998
1415 284.38990251068691 280.0001724001566 18.096142999827862
1416 284.38652656389189 280.00017243744065 18.108439999632537
1417 284.38315360623938 280.00017247469265 18.120915999636054
1418 284.37978363418904 280.00017251191076 18.133162000216544
1419 284.37641664420863 280.00017254909687 18.14559100009501
1420 284.37305263277074 280.00017258624808 18.157916000112891
1421 284.36969159635669 280.00017262336621 18.170342999510467
1422 284.36633353144629 280.00017266045268 18.182726999744773
1423 284.36297843454082 280.00017269750845 18.195140999741852
1424 284.35962630212856 280.00017273453028 18.207437000237405
1425 284.35627713072296 280.00017277152085 18.219847999513149
1426 284.35293091682894 280.00017280847743 18.232180999591947
1427 284.34958765696268 280.00017284540201 18.244547000154853
1428 284.3462473476531 280.000172882291 18.256880999542773
1429 284.34290998542542 280.00017291914855 18.269160999916494
1430 284.33957556681662 280.00017295597257 18.281542999669909
1431 284.33624408837227 280.00017299276669 18.293825999833643
1432 284.33291554663623 280.00017302952955 18.30630199983716
1433 284.32958993816374 280.00017306625688 18.318578999489546
1434 284.32626725951502 280.00017310295283 18.331009999848902
1435 284.32294750725907 280.0001731396182 18.343310999684036
1436 284.31963067796642 280.00017317625043 18.355682999826968
1437 284.31631676821837 280.00017321285048 18.368025000207126
1438 284.31300577459785 280.00017324941723 18.380451000295579
1439 284.30969769369932 280.00017328594799 18.392803999595344
1440 284.30639252211506 280.00017332245233 18.405186999589205
1441 284.30309025645397 280.00017335892426 18.417526999488473
1442 284.29979089331829 280.00017339536294 18.429921000264585
1443 284.29649442932975 280.0001734317687 18.442189999856055
1444 284.29320086110812 280.00017346814212 18.454679999500513
1445 284.28991018528035 280.00017350448576 18.466955999843776
1446 284.2866223984804 280.0001735407958 18.479372000321746
1447 284.28333749734583 280.00017357707515 18.491596000269055
1448 284.28005547852439 280.00017361332056 18.503895999863744
1449 284.27677633866443 280.00017364953817 18.516223000362515
1450 284.27350007442698 280.00017368572298 18.528602999635041
1451 284.27022668246752 280.00017372187529 18.54088700003922
1452 284.26695615946744 280.00017375799479 18.553261999972165
1453 284.26368850209138 280.000173794082 18.565545000135899
1454 284.26042370702316 280.00017383013727 18.57786799967289
1455 284.25716177094961 280.00017386616418 18.590234999544919
1456 284.25390269056089 280.00017390215686 18.602598999626935
1457 284.25064646256288 280.00017393811999 18.614872999489307
1458 284.24739308364724 280.00017397405134 18.62718900013715
1459 284.24414255053267 280.00017400995137 18.639564000070095
1460 284.24089485993414 280.00017404581888 18.651820000261068
1461 284.23765000857134 280.00017408165331 18.664188999682665
1462 284.23440799316984 280.00017411745642 18.676514999940991
1463 284.23116881046514 280.00017415323288 18.68883499968797
1464 284.22793245719436 280.00017418897301 18.70119300018996
1465 284.22469893010179 280.00017422468733 18.713801000267267
1466 284.22146822593919 280.00017426036447 18.747534000314772
1467 284.21824034145476 280.00017429601598 18.759774000383914
1468 284.21501527342002 280.00017433163339 18.772169999778271
1469 284.21179301859786 280.00017436722118 18.784485000185668
1470 284.20857357375837 280.00017440277537 18.796992000192404
1471 284.20535693568013 280.00017443830222 18.809379000216722
1472 284.20214310115119 280.00017447379514 18.821738000027835
1473 284.19893206695826 280.00017450925611 18.834068999625742
1474 284.1957238298956 280.00017454468917 18.846478000283241
1475 284.19251838676598 280.00017458009017 18.858811999671161
1476 284.18931573437141 280.00017461546173 18.871155999600887
1477 284.18611586952875 280.00017465080055 18.883503999561071
1478 284.18291878905006 280.00017468611088 18.895902999676764
1479 284.17972448975718 280.00017472138632 18.908223999664187
1480 284.17653296848744 280.0001747566356 18.920644999481738
1481 284.17334422206181 280.00017479185067 18.932986999861896
1482 284.17015824733164 280.00017482703913 18.94539999961853
1483 284.16697504113364 280.00017486219451 18.957709999755025
1484 284.16379460032186 280.00017489731817 18.970076000317931
1485 284.16061692174452 280.00017493241342 18.982388000003994
1486 284.15744200227221 280.00017496747893 18.99477699957788
1487 284.15426983876722 280.00017500251494 19.007139000110328
1488 284.15110042809692 280.00017503751576 19.019469999708235
1489 284.14793376714516 280.00017507248742 19.03182699996978
1490 284.14476985278844 280.00017510743118 19.044161000289023
1491 284.14160868192175 280.00017514234719 19.056583999656141
1492 284.13845025143075 280.00017517722597 19.068896000273526
1493 284.13529455821902 280.00017521207837 19.081318000331521
1494 284.13214159918471 280.00017524690014 19.093574999831617
1495 284.12899137124464 280.00017528169053 19.105988999828696
1496 284.1258438713042 280.00017531645329 19.118319000117481
1497 284.12269909628998 280.00017535118383 19.130735999904573
1498 284.11955704312447 280.00017538588514 19.143040999770164
1499 284.11641770873507 280.00017542055667 19.155449999496341
1500 284.11328109006195 280.00017545520012 19.167778000235558
1501 284.11014718404226 280.0001754898106 19.180142000317574
1502 284.10701598762245 280.00017552439311 19.19244599994272
1503 284.10388749775558 280.00017555894294 19.204792999662459
1504 284.10076171139485 280.00017559346151 19.217145999893546
1505 284.0976386255054 280.00017562795603 19.229462999850512
1506 284.09451823704558 280.00017566241559 19.24172000028193
1507 284.09140054299763 280.00017569685065 19.254000999964774
1508 284.08828554032971 280.00017573125479 19.266321999952197
1509 284.08517322603171 280.00017576562777 19.278730000369251
1510 284.08206359708078 280.00017579996847 19.291031999513507
1511 284.07895665047903 280.00017583428354 19.303434999659657
1512 284.07585238321838 280.00017586856615 19.315756999887526
1513 284.07275079229709 280.00017590282465 19.328108999878168
1514 284.06965187473133 280.00017593704439 19.340398999862373
1515 284.0665556275294 280.00017597124128 19.352680999785662
1516 284.06346204770603 280.00017600540593 19.365058999508619
1517 284.06037113228848 280.00017603954785 19.377299999818206
1518 284.05728287830112 280.00017607365174 19.389733999967575
1519 284.05419728277781 280.00017610772949 19.402022999711335
1520 284.05111434275329 280.00017614177955 19.414439999498427
1521 284.04803405527377 280.00017617579641 19.426711999811232
1522 284.04495641738629 280.00017620978815 19.439093000255525
1523 284.04188142613617 280.00017624374681 19.451530000194907
1524 284.03880907859138 280.00017627767977 19.463921999558806
1525 284.03573937180954 280.0001763115838 19.476209999993443
1526 284.03267230285564 280.00017634545412 19.488597000017762
1527 284.02960786880061 280.00017637930131 19.500962000340223
1528 284.02654606673042 280.00017641311302 19.51333300024271
1529 284.02348689371462 280.00017644689751 19.525662999600172
1530 284.02043034684749 280.00017648065489 19.538009000010788
1531 284.01737642322036 280.0001765143839 19.55031600035727
1532 284.01432511992692 280.00017654808437 19.562665999867022
1533 284.01127643407034 280.00017658175375 19.574957000091672
1534 284.00823036275824 280.00017661539482 19.58742699958384
1535 284.00518690309661 280.00017664901071 19.599692000076175
1536 284.00214605220418 280.00017668259221 19.612064000219107
1537 283.99910780720097 280.0001767161458 19.624401999637485
1538 283.99607216521269 280.00017674967324 19.636882999911904
1539 283.99303912336586 280.00017678317266 19.649202999658883
1540 283.99000867880517 280.0001768166411 19.661702999845147
1541 283.98698082865849 280.00017685008106 19.674023999832571
1542 283.98395557007694 280.00017688349203 19.686381000094116
1543 283.98093290020745 280.00017691687805 19.69866400025785
1544 283.97791281620135 280.00017695022694 19.710978999733925
1545 283.9748953152191 280.00017698355396 19.723337999545038
1546 283.97188039442756 280.00017701685226 19.735569999553263
1547 283.96886805099177 280.00017705011913 19.748041000217199
1548 283.96585828207861 280.00017708335895 19.760294999927282
1549 283.96285108487552 280.00017711657063 19.772690000012517
1550 283.95984645655687 280.00017714975382 19.784951999783516
1551 283.95684439430585 280.00017718290957 19.797345000319183
1552 283.95384489532387 280.00017721603683 19.809601999819279
1553 283.95084795679884 280.00017724913545 19.821983999572694
1554 283.94785357593429 280.00017728220627 19.834319000132382
1555 283.94486174993267 280.00017731524798 19.846793999895453
1556 283.94187247600695 280.0001773482611 19.859087999910116
1557 283.93888575137078 280.0001773812491 19.871465999633074
1558 283.93590157323518 280.00017741420686 19.883731000125408
1559 283.9329199388327 280.00017744713489 19.896196000277996
1560 283.92994084538861 280.00017748003796 19.908486999571323
1561 283.92696429012909 280.0001775129092 19.920947999693453
1562 283.92399027029535 280.00017754575418 19.933244000189006
1563 283.9210187831257 280.00017757857194 19.945639999583364
1564 283.91804982587439 280.00017761136326 19.957953999750316
1565 283.91508339578763 280.00017764412263 19.970331000164151
1566 283.9121194901125 280.00017767685716 19.982679000124335
1567 283.90915810611449 280.00017770956401 19.995149999856949
1568 283.90619924105636 280.00017774224398 20.007402000017464
1569 283.90324289220928 280.00017777489302 20.019828000105917
1570 283.90028905683982 280.00017780751637 20.032150000333786
1571 283.89733773222645 280.00017784011021 20.044505000114441
1572 283.89438891565328 280.00017787267529 20.056850000284612
1573 283.89144260439917 280.00017790521656 20.069140000268817
1574 283.88849879576361 280.00017793772957 20.081588000059128
1575 283.8855574870376 280.00017797021195 20.093863000161946
1576 283.8826186755166 280.00017800266761 20.106230000033975
1577 283.87968235850468 280.00017803509741 20.118521000258625
1578 283.87674853331151 280.00017806750054 20.130960999988019
1579 283.8738171972501 280.00017809987401 20.143280999734998
1580 283.87088834763352 280.00017813222053 20.155636999756098
1581 283.86796198178223 280.00017816453732 20.167914999648929
1582 283.8650380970206 280.00017819683029 20.180313999764621
1583 283.86211669068285 280.0001782290957 20.192666999995708
1584 283.85919776009717 280.00017826133165 20.205008000135422
1585 283.85628130260193 280.00017829354329 20.217286000028253
1586 283.85336731554253 280.00017832572485 20.229713000357151
1587 283.85045579626006 280.00017835788191 20.242056000046432
1588 283.84754674210853 280.00017839000765 20.254425000399351
1589 283.84464015044404 280.00017842211435 20.266800999641418
1590 283.84173601862267 280.00017845418211 20.279206999577582
1591 283.83883434400622 280.00017848623327 20.291523000225425
1592 283.83593512396664 280.00017851825163 20.303910999558866
1593 283.8330383558681 280.00017855024515 20.316720999777317
1594 283.83014403709649 280.00017858220912 20.348092000000179
1595 283.82725216502502 280.00017861414835 20.3603720003739
1596 283.82436273704076 280.00017864605826 20.372787999920547
1597 283.82147575052988 280.00017867794242 20.385076999664307
1598 283.81859120288374 280.00017870979883 20.397459000349045
1599 283.81570909150446 280.00017874163314 20.40975399967283
1600 283.81282941378612 280.00017877343402 20.422201000154018
1601 283.8099521671366 280.00017880521199 20.43454600032419
1602 283.80707734896896 280.00017883696034 20.446899999864399
1603 283.80420495668892 280.00017886868477 20.459250999614596
1604 283.80133498771812 280.00017890037941 20.471677999943495
1605 283.79846743947616 280.00017893205154 20.484009999781847
1606 283.79560230939057 280.00017896369155 20.496399999596179
1607 283.79273959488734 280.0001789953086 20.50870699994266
1608 283.78987929340218 280.00017902689603 20.521065999753773
1609 283.78702140237311 280.00017905846232 20.533335999585688
1610 283.78416591924406 280.00017908999854 20.545672000385821
1611 283.78131284145621 280.00017912150662 20.558008999563754
1612 283.77846216645753 280.00017915299384 20.570425000041723
1613 283.7756138917091 280.00017918444684 20.582729999907315
1614 283.77276801466235 280.00017921587687 20.595053000375628
1615 283.76992453278058 280.00017924728047 20.607385999523103
1616 283.76708344353125 280.00017927865736 20.619746999815106
1617 283.76424474438204 280.00017931001042 20.632093999534845
1618 283.76140843280757 280.0001793413345 20.644511999562383
1619 283.75857450628473 280.0001793726334 20.656910000368953
1620 283.75574296229581 280.00017940390063 20.669205999933183
1621 283.75291379832851 280.00017943514928 20.681607999838889
1622 283.75008701186766 280.00017946636757 20.693923999555409
1623 283.74726260040711 280.00017949755994 20.706368999555707
1624 283.74444056144671 280.00017952872679 20.718646000139415
1625 283.74162089248676 280.00017955986965 20.731054999865592
1626 283.73880359103225 280.00017959098517 20.743321999907494
1627 283.73598865459121 280.00017962207193 20.755706000141799
1628 283.73317608067924 280.00017965313623 20.768024999648333
1629 283.7303658668103 280.0001796841712 20.780457000248134
1630 283.72755801050494 280.00017971518429 20.79281899984926
1631 283.72475250928983 280.00017974616702 20.805215999484062
1632 283.72194936068922 280.00017977712366 20.817622999660671
1633 283.71914856224191 280.00017980805768 20.829975999891758
1634 283.71635011147612 280.00017983896169 20.842333000153303
1635 283.71355400593671 280.00017986984341 20.85474899969995
1636 283.71076024316505 280.00017990069824 20.866988999769092
1637 283.70796882071335 280.00017993152545 20.879456999711692
1638 283.70517973612414 280.00017996233015 20.891815999522805
1639 283.70239298695941 280.00017999310836 20.904273999854922
1640 283.69960857077649 280.000180023859 20.916562999598682
1641 283.69682648513316 280.00018005458338 20.92887800000608
1642 283.69404672760157 280.00018008528895 20.941173000261188
1643 283.69126929575208 280.00018011596148 20.953747999854386
1644 283.68849418715399 280.00018014660702 20.965998999774456
1645 283.68572139938647 280.00018017722971 20.978358999826014
1646 283.68295093003007 280.0001802078321 20.990737999789417
1647 283.68018277667409 280.00018023839965 21.003084000200033
1648 283.67741693690334 280.00018026894747 21.015452000312507
1649 283.67465340830887 280.00018029946585 21.027819999493659
1650 283.67189218849086 280.00018032996331 21.040128000080585
1651 283.66913327504415 280.00018036043105 21.052434999495745
1652 283.66637666557591 280.00018039087553 21.064803999848664
1653 283.66362235769515 280.00018042129579 21.077049000188708
1654 283.66087034900784 280.00018045168679 21.089480999857187
1655 283.65812063712895 280.00018048205806 21.101781999692321
1656 283.65537321968122 280.00018051240107 21.114182000048459
1657 283.65262809427901 280.00018054271686 21.126461000181735
1658 283.64988525855472 280.0001805730065 21.138875000178814
1659 283.6471447101323 280.00018060327517 21.151157000102103
1660 283.64440644664944 280.00018063351678 21.163490999490023
1661 283.64167046573624 280.00018066373565 21.175819999538362
1662 283.63893676503784 280.00018069392638 21.18824699986726
1663 283.6362053421924 280.00018072409216 21.200505999848247
1664 283.63347619485228 280.00018075423617 21.212908999994397
1665 283.63074932066365 280.00018078435141 21.22522799950093
1666 283.62802471728378 280.00018081443818 21.237571000121534
1667 283.62530238236928 280.00018084450761 21.249902999959886
1668 283.62258231357816 280.00018087454691 21.262264000251889
1669 283.61986450858052 280.00018090456388 21.274605999700725
1670 283.61714896504174 280.0001809345552 21.287099000066519
1671 283.61443568063225 280.00018096451947 21.299460000358522
1672 283.61172465303127 280.00018099446214 21.312003999948502
1673 283.60901587991452 280.00018102437741 21.324358999729156
1674 283.60630935896597 280.00018105426892 21.336701000109315
1675 283.6036050878713 280.00018108413883 21.349024999886751
1676 283.60090306431562 280.00018111398003 21.361343000084162
1677 283.59820328599761 280.00018114379452 21.373727000318468
1678 283.59550575061434 280.00018117359019 21.385960999876261
1679 283.59281045585857 280.00018120335142 21.398335999809206
1680 283.59011739943679 280.00018123309485 21.410628999583423
1681 283.58742657906066 280.0001812628135 21.423027999699116
1682 283.58473799243069 280.0001812925052 21.435279999859631
1683 283.582051637272 280.00018132217423 21.447619999758899
1684 283.57936751128977 280.00018135182023 21.459908000193536
1685 283.57668561220891 280.00018138143918 21.47229399997741
1686 283.57400593775986 280.00018141103527 21.484535000286996
1687 283.57132848566152 280.00018144060471 21.496973999775946
1688 283.56865325364492 280.00018147014862 21.509304000064731
1689 283.56598023944883 280.00018149966843 21.521638999693096
1690 283.56330944080491 280.00018152916971 21.534253999590874
1691 283.56064085545916 280.00018155863972 21.547205000184476
1692 283.55797448115283 280.00018158808723 21.559566999785602
1693 283.55531031563567 280.00018161751223 21.571983999572694
1694 283.552648356654 280.00018164690914 21.584348999895155
1695 283.5499886019648 280.0001816762865 21.596665999852121
1696 283.54733104932808 280.00018170563197 21.608977000229061
1697 283.54467569649637 280.00018173496221 21.621305000036955
1698 283.54202254124624 280.0001817642634 21.633658999577165
1699 283.53937158133732 280.00018179353771 21.646073999814689
1700 283.53672281453908 280.00018182279382 21.658355999737978
1701 283.53407623863018 280.00018185202021 21.67070799972862
1702 283.531431851386 280.00018188122874 21.683027000166476
1703 283.52878965058517 280.00018191041067 21.695402000099421
1704 283.52614963401516 280.00018193956407 21.707756999880075
1705 283.52351179946339 280.00018196869797 21.720169000327587
1706 283.52087614471623 280.00018199780516 21.732494000345469
1707 283.51824266756887 280.00018202688989 21.744800999760628
1708 283.51561136582143 280.00018205594944 21.757101999595761
1709 283.51298223727315 280.00018208498523 21.7693189997226
1710 283.51035527972442 280.00018211399743 21.781773000024259
1711 283.50773049098603 280.00018214298865 21.79407100006938
1712 283.50510786886537 280.00018217195037 21.806450000032783
1713 283.50248741117412 280.00018220089049 21.818734999746084
1714 283.49986911573251 280.00018222980827 21.831174000166357
1715 283.49725298036066 280.00018225870042 21.843469999730587
1716 283.4946390028752 280.00018228756909 21.855864999815822
1717 283.49202718110797 280.0001823164161 21.868154999800026
1718 283.48941751288424 280.00018234523378 21.880553999915719
1719 283.48680999604204 280.00018237403339 21.89283199980855
1720 283.48420462840988 280.00018240280878 21.905275999568403
1721 283.4816014078304 280.00018243155955 21.917538000270724
1722 283.47900033214398 280.00018246028264 21.93262100033462
1723 283.47640139919963 280.00018248899261 21.962139000184834
1724 283.47380460684116 280.00018251766602 21.974511999636889
1725 283.47120995292096 280.00018254632454 21.986934999935329
1726 283.46861743529291 280.00018257495839 21.999200999736786
1727 283.46602705181738 280.00018260356376 22.011655000038445
1728 283.46343880034749 280.00018263214878 22.023950000293553
1729 283.46085267875458 280.00018266071299 22.036272999830544
1730 283.45826868490423 280.00018268924799 22.048599000088871
1731 283.45568681666595 280.00018271776719 22.060843999497592
1732 283.45310707191072 280.00018274625484 22.07328400015831
1733 283.45052944851591 280.00018277472196 22.085522999987006
1734 283.44795394436164 280.00018280316573 22.09801399987191
1735 283.44538055732852 280.00018283158914 22.110303999856114
1736 283.44280928530441 280.00018285998482 22.122708999551833
1737 283.44024012617393 280.00018288835753 22.135011999867857
1738 283.4376730778344 280.00018291670932 22.147409999743104
1739 283.4351081381738 280.00018294503889 22.159775000065565
1740 283.43254530509211 280.00018297334339 22.172151000238955
1741 283.42998457649338 280.00018300162344 22.184444000013173
1742 283.42742595027642 280.00018302988389 22.196836000308394
1743 283.42486942434743 280.00018305811523 22.209145000204444
1744 283.42231499661887 280.00018308632684 22.221513000316918
1745 283.4197626650037 280.00018311451987 22.23379800003022
1746 283.41721242741528 280.00018314268414 22.246159999631345
1747 283.41466428177722 280.00018317082311 22.258484000340104
1748 283.41211822600246 280.00018319894423 22.270894999615848
1749 283.40957425802458 280.00018322703875 22.283138999715447
1750 283.40703237576292 280.00018325511604 22.295567999593914
1751 283.40449257715744 280.00018328316395 22.307915000244975
1752 283.40195486013124 280.00018331119156 22.320371000096202
1753 283.39941922263233 280.00018333919411 22.332689000293612
1754 283.39688566258457 280.0001833671767 22.345081999897957
1755 283.39435417794601 280.00018339513412 22.357383999973536
1756 283.3918247666536 280.00018342307214 22.369722999632359
1757 283.38929742665812 280.00018345098351 22.382012999616563
1758 283.386772155909 280.00018347887362 22.394407999701798
1759 283.3842489523629 280.00018350673957 22.406777000054717
1760 283.38172781397253 280.00018353458267 22.419044000096619
1761 283.37920873870138 280.00018356240531 22.431414999999106
1762 283.37669172451035 280.00018359020078 22.443668999709189
1763 283.37417676936803 280.00018361797714 22.456151000224054
1764 283.37166387123779 280.00018364572844 22.46849299967289
1765 283.36915302809928 280.00018367345967 22.480911999940872
1766 283.36664423791728 280.00018370116328 22.493218000046909
1767 283.36413749867302 280.0001837288508 22.506501000374556
1768 283.36163280835257 280.00018375651206 22.518860000185668
1769 283.35913016492736 280.00018378415291 22.531263999640942
1770 283.35662956639322 280.00018381176778 22.543535999953747
1771 283.35413101073169 280.00018383936327 22.556032000109553
1772 283.35163449593585 280.00018386693523 22.568324999883771
1773 283.34914002000426 280.00018389448394 22.580741999670863
1774 283.34664758093129 280.0001839220123 22.593038000166416
1775 283.34415717671521 280.0001839495169 22.605429999530315
1776 283.34166880536088 280.00018397699858 22.617758999578655
1777 283.33918246487309 280.00018400445623 22.630118999630213
1778 283.33669815326368 280.00018403189506 22.642435999587178
1779 283.33421586853592 280.0001840593082 22.654884000308812
1780 283.33173560871035 280.00018408670167 22.667174999602139
1781 283.32925737180153 280.00018411407183 22.679546999745071
1782 283.32678115583019 280.00018414141817 22.691918999888003
1783 283.32430695881754 280.00018416874235 22.704330000095069
1784 283.32183477878817 280.00018419604868 22.71667299978435
1785 283.31936461377285 280.00018422332511 22.729011000134051
1786 283.31689646179581 280.00018425058505 22.74131300020963
1787 283.31443032089612 280.00018427782129 22.753677999600768
1788 283.31196618910815 280.00018430503405 22.765943000093102
1789 283.3095040644734 280.00018433222681 22.778305999934673
1790 283.30704394502789 280.00018435939865 22.790653999894857
1791 283.30458582882329 280.00018438654519 22.802997999824584
1792 283.30212971390017 280.00018441367246 22.815298000350595
1793 283.29967559830936 280.00018444077438 22.827541999518871
1794 283.29722348010517 280.00018446785867 22.840025000274181
1795 283.29477335734248 280.00018449491557 22.852285999804735
1796 283.29232522807985 280.00018452195496 22.86468300037086
1797 283.28987909037818 280.00018454896832 22.876962999813259
1798 283.28743494229815 280.00018457596138 22.889399999752641
1799 283.28499278190628 280.00018460293569 22.901713999919593
1800 283.28255260727531 280.00018462988407 22.914076999761164
1801 283.28011441646788 280.00018465681177 22.92635800037533
1802 283.2776782075681 280.00018468371837 22.938734999857843
1803 283.27524397864727 280.00018471060275 22.951061000116169
1804 283.27281172778351 280.00018473746388 22.963562999852002
1805 283.27038145306545 280.0001847643066 22.975890000350773
1806 283.26795315256948 280.0001847911231 22.988288000226021
1807 283.26552682438597 280.00018481791932 23.000560999847949
1808 283.26310246660819 280.00018484469354 23.012880000285804
1809 283.26068007732442 280.00018487144752 23.025178000330925
1810 283.25825965463019 280.00018489817649 23.037622000090778
1811 283.25584119662631 280.00018492488834 23.04999400023371
1812 283.25342470140936 280.00018495157633 23.062397999688983
1813 283.25101016708567 280.00018497824288 23.074667999520898
1814 283.24859759176093 280.00018500488619 23.087052999995649
1815 283.24618697353662 280.00018503150937 23.099364000372589
1816 283.24377831053596 280.00018505811403 23.111673000268638
1817 283.24137160085803 280.00018508469122 23.123970000073314
1818 283.23896684263372 280.00018511124762 23.136249999515712
1819 283.23656403396893 280.00018513778815 23.148571999743581
1820 283.23416317298961 280.00018516430356 23.160884999670088
1821 283.23176425782054 280.00018519079595 23.173231000080705
1822 283.22936728659027 280.00018521726935 23.185464000329375
1823 283.22697225742382 280.00018524371853 23.197891999967396
1824 283.22457916845065 280.00018527015038 23.210103999823332
1825 283.22218801780593 280.00018529655568 23.222489999607205
1826 283.2197988036317 280.00018532294655 23.234827999956906
1827 283.21741152406275 280.00018534931098 23.247244999743998
1828 283.21502617723831 280.00018537565342 23.25959200039506
1829 283.21264276130586 280.00018540197533 23.271947999484837
1830 283.21026127441218 280.00018542827917 23.28424399998039
1831 283.2078817147048 280.00018545456078 23.296625999733806
1832 283.20550408033546 280.00018548081596 23.308899000287056
1833 283.20312836945845 280.00018550705693 23.321220999583602
1834 283.20075458023075 280.00018553327294 23.333581999875605
1835 283.19838271081215 280.0001855594694 23.345963000319898
1836 283.1960127593635 280.00018558563949 23.358347999863327
1837 283.1936447240505 280.00018561179479 23.370831999927759
1838 283.19127860303558 280.00018563792946 23.38312999997288
1839 283.18891439449203 280.00018566403651 23.395483000203967
1840 283.18655209659204 280.00018569012855 23.407809999771416
1841 283.18419170750582 280.00018571619347 23.420169999822974
1842 283.18183322540909 280.00018574224237 23.432457000017166
1843 283.17947664848668 280.00018576826807 23.444918000139296
1844 283.17712197491568 280.00018579427382 23.457223000004888
1845 283.17476920288067 280.00018582025956 23.469548000022769
1846 283.17241833056903 280.00018584622217 23.481812000274658
1847 283.17006935616712 280.00018587216289 23.494136000052094
1848 283.16772227786902 280.00018589808838 23.506554000079632
1849 283.16537709386421 280.00018592398561 23.518889999948442
1850 283.16303380235502 280.00018594986614 23.533943000249565
1851 283.16069240153405 280.00018597572648 23.564043000340462
1852 283.1583528896038 280.00018600156295 23.576291999779642
1853 283.15601526476956 280.0001860273768 23.588684000074863
1854 283.1536795252353 280.00018605317445 23.601065999828279
1855 283.15134566921017 280.00018607895072 23.613463999703526
1856 283.14901369490337 280.00018610470602 23.625761999748647
1857 283.1466836005248 280.00018613044114 23.638137999922037
1858 283.14435538429569 280.00018615615215 23.650395000353456
1859 283.14202904443141 280.00018618184521 23.662844000384212
1860 283.13970457915053 280.00018620751939 23.675122000277042
1861 283.13738198667801 280.00018623316799 23.687571999616921
1862 283.13506126523595 280.0001862587996 23.699870999902487
1863 283.13274241305396 280.00018628441126 23.712286000140011
1864 283.13042542835814 280.00018630999966 23.724522000178695
1865 283.12811030938326 280.00018633556755 23.736899999901652
1866 283.12579705436167 280.00018636111849 23.749169999733567
1867 283.12348566153025 280.00018638664471 23.761520000174642
1868 283.12117612912908 280.00018641215013 23.773853999562562
1869 283.11886845539783 280.0001864376369 23.786224000155926
1870 283.116562638581 280.00018646310184 23.798613999970257
1871 283.11425867692526 280.00018648854666 23.810937999747694
1872 283.11195656867523 280.00018651397335 23.823392000049353
1873 283.10965631208478 280.00018653937457 23.835659000091255
1874 283.10735790540207 280.00018656475879 23.848047000356019
1875 283.10506134688961 280.00018659012176 23.860376000404358
1876 283.10276663480221 280.00018661546585 23.872840000316501
1877 283.10047376739385 280.000186640788 23.885087000206113
1878 283.09818274293201 280.00018666609327 23.897517000325024
1879 283.09589355967967 280.00018669137285 23.909799999557436
1880 283.09360621590503 280.00018671663724 23.922160999849439
1881 283.09132070987499 280.00018674187567 23.934465000405908
1882 283.08903703985879 280.00018676709647 23.94690699968487
1883 283.08675520413129 280.00018679229652 23.959242000244558
1884 283.08447520096956 280.00018681747804 23.971634999848902
1885 283.08219702865148 280.00018684263722 23.983897999860346
1886 283.07992068545695 280.0001868677798 23.996299999766052
1887 283.07764616966932 280.00018689290067 24.008611000142992
1888 283.07537347956833 280.00018691799789 24.021029000170529
1889 283.07310261344747 280.00018694307948 24.033321999944746
1890 283.07083356958964 280.00018696814135 24.045780999585986
1891 283.06856634629077 280.00018699318088 24.058131000027061
1892 283.06630094184305 280.00018701819937 24.070562000386417
1893 283.06403735454126 280.00018704320041 24.082818999886513
1894 283.06177558268388 280.0001870681765 24.095189999789
1895 283.05951562457341 280.00018709313855 24.107455000281334
1896 283.05725747850897 280.00018711807354 24.120388999581337
1897 283.05500114279891 280.00018714299472 24.132670000195503
1898 283.05274661574651 280.00018716789253 24.145011999644339
1899 283.05049389566284 280.00018719277273 24.157359999604523
1900 283.04824298085771 280.00018721763189 24.169719999656081
1901 283.04599386964844 280.00018724247337 24.182086000218987
1902 283.04374656034815 280.0001872672899 24.194527000188828
1903 283.04150105127161 280.00018729209154 24.20687900017947
1904 283.03925734074437 280.00018731687311 24.219192000105977
1905 283.037015427087 280.00018734163092 24.231649999506772
1906 283.03477530861875 280.00018736637293 24.243896000087261
1907 283.03253698367467 280.00018739109112 24.25632799975574
1908 283.03030045057693 280.00018741579089 24.268644000403583
1909 283.02806570765813 280.00018744047327 24.28108000010252
1910 283.02583275325247 280.00018746513268 24.29328600037843
1911 283.02360158569508 280.0001874897776 24.305637000128627
1912 283.02137220332247 280.00018751439831 24.317954000085592
1913 283.01914460447381 280.00018753900156 24.330339999869466
1914 283.01691878749398 280.0001875635819 24.342681000009179
1915 283.01469475072145 280.00018758814389 24.355105999857187
1916 283.01247249250463 280.00018761268996 24.367417000234127
1917 283.01025201119353 280.00018763720897 24.379796999506652
1918 283.00803330513753 280.00018766171354 24.392080999910831
1919 283.00581637268436 280.00018768619805 24.404520999640226
1920 283.00360121219558 280.00018771066266 24.41695399954915
1921 283.0013878220193 280.00018773510953 24.429383000358939
1922 282.9991762005219 280.00018775953265 24.441684999503195
1923 282.99696634605868 280.00018778394053 24.454191999509931
1924 282.99475825699591 280.0001878083275 24.46645599976182
1925 282.99255193169682 280.00018783269326 24.478870999999344
1926 282.99034736852616 280.0001878570452 24.491158999502659
1927 282.98814456585899 280.00018788137015 24.503553000278771
1928 282.98594352206322 280.00018790567799 24.515850000083447
1929 282.98374423551081 280.00018792996866 24.528222999535501
1930 282.98154670457819 280.00018795423938 24.540517999790609
1931 282.97935092763953 280.00018797848901 24.552857000380754
1932 282.97715690307763 280.00018800271835 24.565182000398636
1933 282.97496462927842 280.00018802693029 24.577419999986887
1934 282.9727741046172 280.00018805112137 24.589821999892592
1935 282.97058532748451 280.00018807529585 24.602055000141263
1936 282.9683982962614 280.0001880994476 24.614462999626994
1937 282.96621300935118 280.00018812358422 24.626764999702573
1938 282.96402946513132 280.00018814770061 24.639096000231802
1939 282.96184766200059 280.00018817179233 24.651451000012457
1940 282.95966759835659 280.00018819586893 24.663800000213087
1941 282.95748927259723 280.00018821992779 24.676084999926388
1942 282.95531268312118 280.00018824396489 24.688469000160694
1943 282.9531378283279 280.00018826798862 24.700779000297189
1944 282.95096470662685 280.0001882919849 24.713221999816597
1945 282.9487933164188 280.0001883159664 24.725546999834478
1946 282.94662365611435 280.00018833992738 24.737905999645591
1947 282.94445572412252 280.00018836386835 24.750191999599338
1948 282.94228951885589 280.00018838779613 24.762601000256836
1949 282.94012503872898 280.00018841170044 24.774900999851525
1950 282.93796228215655 280.00018843558701 24.787259000353515
1951 282.93580124755601 280.00018845945289 24.799633000046015
1952 282.93364193334708 280.00018848330484 24.812002999708056
1953 282.93148433795415 280.00018850712871 24.824254999868572
1954 282.9293284598001 280.00018853094019 24.836737000383437
1955 282.9271742973109 280.00018855473201 24.849136999808252
1956 282.92502184891134 280.00018857850552 24.861486000008881
1957 282.92287111303654 280.00018860225731 24.873808999545872
1958 282.92072208811317 280.00018862599319 24.886242999695241
1959 282.9185747725794 280.00018864970792 24.898551999591291
1960 282.91642916486887 280.00018867340242 24.910865999758244
1961 282.91428526341588 280.00018869708163 24.923228999599814
1962 282.91214306666785 280.00018872074116 24.935519999824464
1963 282.91000257306052 280.00018874437916 24.947933999821544
1964 282.90786378103752 280.00018876800203 24.960145999677479
1965 282.90572668904855 280.00018879159904 24.972543999552727
1966 282.90359129553565 280.00018881518508 24.984814999625087
1967 282.90145759894904 280.00018883874878 24.997225999832153
1968 282.899325597744 280.00018886229913 25.009533999487758
1969 282.89719529037421 280.00018888582531 25.021935000084341
1970 282.89506667528684 280.00018890933313 25.034289999864995
1971 282.89293975094904 280.00018893282402 25.046640999615192
1972 282.89081451581023 280.00018895629501 25.059045000001788
1973 282.88869096833554 280.0001889797486 25.071460999548435
1974 282.88656910699166 280.00018900317895 25.083743000403047
1975 282.88444893023598 280.00018902659451 25.096175000071526
1976 282.88233043653958 280.0001890499924 25.108494999818504
1977 282.88021362437308 280.00018907337147 25.124049999751151
1978 282.87809849220082 280.0001890967302 25.152699999511242
1979 282.87598503849654 280.0001891200705 25.165089000016451
1980 282.87387326173757 280.00018914339455 25.177431999705732
1981 282.87176316040023 280.00018916670075 25.18983200006187
1982 282.86965473296107 280.0001891899845 25.202123999595642
1983 282.86754797789524 280.00018921325346 25.214537000283599
1984 282.86544289369311 280.00018923650322 25.226799000054598
1985 282.86333947883116 280.00018925973393 25.239291000179946
1986 282.86123773179389 280.00018928294651 25.2515519997105
1987 282.85913765107819 280.0001893061397 25.263984999619424
1988 282.85703923516263 280.00018932931386 25.276297000236809
1989 282.85494248254633 280.00018935246919 25.288691000081599
1990 282.85284739171595 280.00018937560753 25.301005999557674
1991 282.85075396116719 280.0001893987307 25.31345499958843
1992 282.84866218940306 280.00018942183141 25.325767999514937
1993 282.84657207491409 280.00018944491518 25.338162000291049
1994 282.84448361620099 280.00018946797724 25.350487999618053
1995 282.84239681177274 280.00018949102679 25.36295900028199
1996 282.8403116601271 280.00018951405605 25.375269999727607
1997 282.83822815977061 280.00018953706325 25.387667999602854
1998 282.83614630921232 280.00018956005653 25.400035000406206
1999 282.83406610696238 280.00018958303292 25.412446999922395
2000 282.83198755152756 280.00018960598788 25.424731000326574
