iterat. internal-T external-T elapsed-time
0 300 280 0.0069599999114871025
1 299.93340000000046 280.00000073554133 0.012701999396085739
2 299.86768806437487 280.00000146127149 0.019708000123500824
3 299.80284266858348 280.00000217743417 0.026824000291526318
4 299.73884295557963 280.00000288425571 0.033857000060379505
5 299.67566871191468 280.00000358196098 0.040876999497413635
6 299.61330034464868 280.00000427076401 0.047249999828636646
7 299.55171885926046 280.00000495088148 0.054123000241816044
8 299.49090583844264 280.0000056225083 0.061448999680578709
9 299.43084342173273 280.00000628584871 0.068841000087559223
10 299.37151428590596 280.00000694108684 0.076255999505519867
11 299.31290162620684 280.00000758841122 0.083421000279486179
12 299.25498913828579 280.00000822800666 0.090637999586760998
13 299.19776100083567 280.00000886004204 0.097922000102698803
14 299.1412018589059 280.00000948469057 0.10515499953180552
15 299.08529680787558 280.0000101021119 0.11239399947226048
16 299.03003137803557 280.00001071247164 0.11952499952167273
17 298.97539151974337 280.00001131592427 0.12690399959683418
18 298.92136358920067 280.00001191261379 0.13392599951475859
19 298.86793433470336 280.00001250269554 0.14115200005471706
20 298.81509088345211 280.00001308630686 0.1484570000320673
21 298.76282072887614 280.00001366358435 0.15471799951046705
22 298.71111171836895 280.00001423466705 0.1620689993724227
23 298.65995204158116 280.00001479968029 0.16925899963825941
24 298.60933021904629 280.00001535875583 0.17648999951779842
25 298.55923509130776 280.00001591201368 0.18372199963778257
26 298.50965580839664 280.00001645957394 0.19079099968075752
27 298.46058181974081 280.00001700155553 0.19788999948650599
28 298.41200286440323 280.00001753806885 0.20505299977958202
29 298.36390896171133 280.00001806922216 0.21220500022172928
30 298.31629040220054 280.0000185951298 0.21969499997794628
31 298.26913773890857 280.00001911589044 0.227033999748528
32 298.22244177896613 280.00001963160565 0.2342119999229908
33 298.17619357550308 280.00002014237771 0.2413989994674921
34 298.13038441984156 280.0000206483017 0.2486600000411272
35 298.08500583396773 280.00002114947023 0.25564999971538782
36 298.04004956326213 280.00002164597339 0.2626350000500679
37 297.9955075695035 280.00002213790009 0.26997399982064962
38 297.95137202412781 280.00002262534036 0.27735400013625622
39 297.90763530167067 280.00002310837402 0.28458500001579523
40 297.86428997351663 280.00002358708628 0.29178699944168329
41 297.82132880181086 280.00002406155568 0.2989290002733469
42 297.77874473360123 280.00002453186045 0.30484499968588352
43 297.73653089519445 280.00002499807579 0.3125019995495677
44 297.69468058667684 280.0000254602777 0.31982599943876266
45 297.65318727665874 280.00002591853473 0.32730400003492832
46 297.61204459718124 280.00002637292067 0.33462599944323301
47 297.5712463387876 280.00002682350339 0.34171300008893013
48 297.53078644579494 280.00002727034689 0.34861799981445074
49 297.49065901167342 280.00002771352177 0.35601099953055382
50 297.45085827465471 280.00002815308534 0.36289899982511997
51 297.41137861340997 280.00002858910443 0.37030499987304211
52 297.37221454293325 280.00002902163897 0.37769300024956465
53 297.33336071053009 280.00002945074573 0.38492599967867136
54 297.29481189195263 280.00002987648338 0.39198199938982725
55 297.25656298766052 280.00003029890939 0.3990489998832345
56 297.21860901920297 280.00003071807811 0.40614299941807985
57 297.1809451257202 280.00003113404455 0.41267700027674437
58 297.14356656056731 280.00003154685868 0.41995100025087595
59 297.10646868804423 280.00003195657149 0.42724999971687794
60 297.0696469802221 280.00003236323636 0.43461199942976236
61 297.03309701388889 280.00003276690052 0.44183199945837259
62 296.99681446758558 280.00003316761149 0.44936900027096272
63 296.96079511874473 280.00003356541458 0.45721499994397163
64 296.92503484090111 280.00003396035646 0.46453399956226349
65 296.88952960103353 280.0000343524834 0.47183599974960089
66 296.85427545694171 280.00003474183524 0.47920800000429153
67 296.81926855472972 280.00003512845547 0.48622799944132566
68 296.78450512638636 280.00003551238723 0.49349999986588955
69 296.74998148741173 280.00003589367191 0.50058299954980612
70 296.71569403453447 280.00003627234673 0.50778899993747473
71 296.68163924350893 280.00003664845275 0.51434300001710653
72 296.64781366694859 280.00003702202804 0.52105200011283159
73 296.61421393226857 280.00003739310739 0.52845400013029575
74 296.58083673966621 280.00003776172883 0.53602899983525276
75 296.54767886016833 280.00003812793034 0.54322099965065718
76 296.51473713374151 280.00003849174288 0.55042300000786781
77 296.48200846746829 280.00003885320177 0.5575780002400279
78 296.44948983375241 280.00003921234486 0.56508099939674139
79 296.41717826861907 280.00003956919892 0.57217899989336729
80 296.38507087002995 280.00003992379652 0.57945299986749887
81 296.35316479627375 280.00004027617098 0.58671300020068884
82 296.32145726438716 280.00004062635298 0.5940920002758503
83 296.2899455486417 280.00004097437278 0.6015219995751977
84 296.25862697906507 280.00004132025958 0.608581000007689
85 296.2274989399952 280.00004166404364 0.61579000018537045
86 296.19655886871578 280.00004200574938 0.62386499997228384
87 296.16580425407864 280.00004234540734 0.6318609993904829
88 296.13523263522046 280.00004268304423 0.64008300006389618
89 296.10484160028398 280.00004301868603 0.64822699967771769
90 296.07462878517219 280.00004335236395 0.65660499967634678
91 296.04459187236671 280.00004368409685 0.66333999950438738
92 296.01472858976621 280.00004401391027 0.67143800016492605
93 295.98503670955364 280.00004434183148 0.67914600018411875
94 295.95551404709181 280.00004466788317 0.68686399981379509
95 295.92615845988149 280.0000449920912 0.69486299995332956
96 295.89696784651159 280.00004531447843 0.70261699985712767
97 295.86794014565498 280.00004563506292 0.71036999952048063
98 295.83907333511218 280.00004595387264 0.7181810000911355
99 295.81036543084321 280.00004627092608 0.7264010002836585
100 295.78181448605494 280.0000465862459 0.73389599937945604
101 295.75341859031505 280.00004689985309 0.74155700020492077
102 295.72517586866422 280.00004721177055 0.74952199961990118
103 295.69708448079939 280.00004752201511 0.75671599991619587
104 295.66914262022726 280.00004783060916 0.76357799954712391
105 295.64134851348166 280.00004813757221 0.77078399993479252
106 295.61370041933799 280.00004844292022 0.77797099947929382
107 295.5861966280662 280.00004874667553 0.78521300014108419
108 295.55883546069623 280.00004904885736 0.79245899990200996
109 295.53161526830263 280.00004934948197 0.7996840002015233
110 295.50453443131306 280.00004964856601 0.80693599954247475
111 295.47759135883081 280.00004994613016 0.81318499986082315
112 295.4507844879779 280.00005024218808 0.82073299959301949
113 295.42411228326 280.00005053675972 0.82803199999034405
114 295.39757323594637 280.00005082985973 0.83529299963265657
115 295.37116586345564 280.00005112150808 0.84233300015330315
116 295.34488870878454 280.00005141171715 0.84963499940931797
117 295.31874033990994 280.00005170050366 0.85696099977940321
118 295.29271934926368 280.00005198788296 0.86408900003880262
119 295.26682435315553 280.00005227387044 0.87126199994236231
120 295.24105399127035 280.00005255848168 0.87851499952375889
121 295.21540692614332 280.00005284173284 0.8858679998666048
122 295.1898818426659 280.00005312363572 0.89323899988085032
123 295.16447744758591 280.00005340420569 0.90043599996715784
124 295.13919246903788 280.00005368345757 0.90763199981302023
125 295.1140256560879 280.0000539614021 0.91397899948060513
126 295.08897577827855 280.00005423805516 0.92117500025779009
127 295.06404162517993 280.00005451343202 0.92844199948012829
128 295.03922200597441 280.00005478754338 0.93583100009709597
129 295.01451574903564 280.00005506040185 0.94314299989491701
130 294.9899217015228 280.00005533202142 0.95050700008869171
131 294.96543872897655 280.00005560241516 0.95786700025200844
132 294.94106571494814 280.00005587159592 0.96449299994856119
133 294.91680156060715 280.00005613957296 0.97109000012278557
134 294.89264518439535 280.00005640635976 0.97863599937409163
135 294.86859552164816 280.0000566719674 0.98592900019139051
136 294.84465152425321 280.0000569364081 0.99444699939340353
137 294.82081216031105 280.00005719969505 1.0029629999771714
138 294.79707641381316 280.00005746183399 1.0102789998054504
139 294.77344328429473 280.00005772284209 1.0174739994108677
140 294.74991178654597 280.0000579827269 1.0247209994122386
141 294.72648095029479 280.00005824149957 1.0316699994727969
142 294.70314981988935 280.00005849917346 1.0390529995784163
143 294.6799174540327 280.00005875575442 1.0459329998120666
144 294.65678292548586 280.00005901125684 1.0532609997317195
145 294.6337453207733 280.00005926568781 1.0606060000136495
146 294.61080373994031 280.00005951905757 1.0679089995101094
147 294.58795729626507 280.0000597713755 1.0750660002231598
148 294.56520511600831 280.0000600226536 1.0820530001074076
149 294.54254633815447 280.00006027290021 1.0893930001184344
150 294.51998011417294 280.0000605221237 1.0962519999593496
151 294.49750560776863 280.00006077033692 1.1035819994285703
152 294.47512199465439 280.00006101754508 1.1109539996832609
153 294.45282846230549 280.00006126375774 1.1181819997727871
154 294.43062420976361 280.0000615089848 1.1252899998798966
155 294.40850844738537 280.00006175323381 1.1323689995333552
156 294.38648039664128 280.00006199651659 1.1386649999767542
157 294.36453928991813 280.00006223883668 1.1458679996430874
158 294.3426843702926 280.00006248020492 1.1533359996974468
159 294.3209148913524 280.00006272063155 1.1607520002871752
160 294.29923011698162 280.00006296012123 1.1680519999936223
161 294.27762932117827 280.00006319868351 1.1752269994467497
162 294.25611178787472 280.0000634363256 1.1823720000684261
163 294.23467681074482 280.00006367305571 1.188748000189662
164 294.21332369303423 280.00006390888154 1.1958999997004867
165 294.19205174737692 280.00006414381124 1.2032559998333454
166 294.17086029562842 280.00006437785527 1.2108070002868772
167 294.14974866869937 280.00006461101464 1.2181460000574589
168 294.12871620640368 280.00006484329987 1.225204000249505
169 294.10776225727881 280.00006507472006 1.2325499998405576
170 294.08688617844211 280.00006530527759 1.2389169996604323
171 294.06608733543555 280.00006553498281 1.2461129995062947
172 294.04536510208914 280.00006576384078 1.2534719994291663
173 294.02471886034755 280.00006599186287 1.2609310001134872
174 294.0041480001571 280.00006621905004 1.2681909995153546
175 293.98365191930117 280.00006644541111 1.2753579998388886
176 293.96323002328467 280.0000666709542 1.2826859997585416
177 293.94288172518952 280.00006689568306 1.289563000202179
178 293.92260644554221 280.00006711960521 1.297023999504745
179 293.90240361219702 280.00006734272921 1.3041349994018674
180 293.88227266018697 280.00006756505752 1.3113350002095103
181 293.86221303163893 280.00006778659878 1.3186219995841384
182 293.84222417561153 280.0000680073602 1.3259309995919466
183 293.82230554801578 280.0000682273444 1.3331089997664094
184 293.80245661147217 280.00006844655866 1.3400039998814464
185 293.78267683520926 280.00006866500945 1.3467939998954535
186 293.76296569495378 280.00006888270275 1.3540620002895594
187 293.74332267282495 280.00006909964134 1.3614109996706247
188 293.72374725722 280.00006931583493 1.3685529995709658
189 293.70423894271858 280.00006953128781 1.3757419995963573
190 293.68479722997449 280.00006974600387 1.3829009998589754
191 293.66542162562968 280.00006995999189 1.3900309996679425
192 293.64611164219548 280.00007017325476 1.3962859995663166
193 293.62686679797793 280.00007038579832 1.403690000064671
194 293.60768661696835 280.00007059762515 1.4111419999971986
195 293.58857062876746 280.0000708087461 1.41835100017488
196 293.56951836848418 280.00007101916214 1.4257490001618862
197 293.55052937663692 280.00007122887985 1.4327699998393655
198 293.53160319911018 280.00007143790174 1.4400739995762706
199 293.51273938700859 280.00007164623497 1.4482319997623563
200 293.49393749662755 280.00007185388648 1.4559329999610782
201 293.47519708934237 280.00007206085974 1.4633750002831221
202 293.456517731541 280.00007226715661 1.4713749997317791
203 293.4378989945381 280.00007247278495 1.4795829998329282
204 293.41934045450648 280.00007267774754 1.487041000276804
205 293.4008416923939 280.00007288205001 1.5088579999282956
206 293.38240229385229 280.00007308569877 1.5213249996304512
207 293.36402184917125 280.00007328869617 1.5284529998898506
208 293.34569995319936 280.00007349104413 1.5356550002470613
209 293.32743620527964 280.00007369275181 1.5427449997514486
210 293.30923020918084 280.00007389381921 1.549770999699831
211 293.29108157302937 280.00007409425621 1.556924999691546
212 293.2729899092385 280.00007429406429 1.5630979994311929
213 293.25495483445212 280.00007449324653 1.5703020002692938
214 293.23697596948887 280.00007469180821 1.5777960000559688
215 293.21905293925539 280.00007488975189 1.5851719994097948
216 293.2011853727073 280.00007508708416 1.5922799995169044
217 293.18337290277736 280.00007528380684 1.599499000236392
218 293.16561516633277 280.00007547992601 1.6058889999985695
219 293.14791180409622 280.00007567544344 1.6130019994452596
220 293.13026246060616 280.00007587036629 1.6206360002979636
221 293.11266678415438 280.00007606469541 1.628061999566853
222 293.09512442672957 280.00007625843688 1.6354780001565814
223 293.07763504396962 280.00007645159081 1.6427109995856881
224 293.06019829511109 280.00007664416438 1.6499060001224279
225 293.04281384292386 280.00007683616138 1.6569329993799329
226 293.0254813536751 280.00007702758393 1.6642169998958707
227 293.00820049707801 280.00007721843582 1.671268000267446
228 292.99097094623079 280.00007740872138 1.678685000166297
229 292.9737923775869 280.00007759844402 1.6860670000314713
230 292.95666447089019 280.00007778760806 1.6932159997522831
231 292.93958690914417 280.0000779762139 1.7005129996687174
232 292.92255937855316 280.00007816427006 1.7078519994392991
233 292.90558156848977 280.00007835177564 1.7150599993765354
234 292.88865317144007 280.00007853873416 1.7215499999001622
235 292.87177388297488 280.00007872515027 1.7288950001820922
236 292.854943401686 280.00007891102939 1.7362369997426867
237 292.83816142917073 280.00007909637259 1.7435769997537136
238 292.82142766995787 280.00007928118271 1.7507199998944998
239 292.80474183151125 280.00007946546424 1.7579530002549291
240 292.78810362415487 280.00007964921849 1.7647399995476007
241 292.77151276103223 280.00007983244871 1.7710649995133281
242 292.75496895810437 280.00008001516056 1.7780619999393821
243 292.73847193407539 280.00008019735623 1.7854530001059175
244 292.72202141037559 280.00008037903905 1.7927529998123646
245 292.70561711111236 280.00008056021119 1.7999139996245503
246 292.68925876304854 280.00008074087373 1.8072790000587702
247 292.67294609555637 280.000080921034 1.8146359995007515
248 292.65667884058877 280.00008110069132 1.8219579998403788
249 292.64045673264388 280.00008127985075 1.8291539996862411
250 292.62427950872814 280.00008145851382 1.8364110002294183
251 292.60814690833445 280.00008163668491 1.8437850000336766
252 292.59205867339205 280.00008181436624 1.8511439999565482
253 292.57601454825488 280.00008199155957 1.8584300000220537
254 292.56001427965543 280.00008216826933 1.8656439995393157
255 292.5440576166834 280.00008234449689 1.8728459998965263
256 292.52814431074376 280.00008252024548 1.879250000230968
257 292.5122741155443 280.00008269551699 1.8866799995303154
258 292.49644678705414 280.00008287031687 1.8940460002049804
259 292.48066208347751 280.0000830446462 1.9012899994850159
260 292.46491976521781 280.00008321850663 1.9084000000730157
261 292.44921959487897 280.00008339190168 1.9156519994139671
262 292.43356133719561 280.00008356483357 1.9220979996025562
263 292.41794475903549 280.00008373730464 1.9293289994820952
264 292.40236962936888 280.00008390931839 1.9368219999596477
265 292.38683571923463 280.00008408087712 1.9451029999181628
266 292.37134280171773 280.00008425198507 1.952848999761045
267 292.35589065192744 280.00008442263936 1.9603340001776814
268 292.3404790469753 280.00008459284692 1.9674410000443459
269 292.32510776592886 280.00008476261041 1.97467300016433
270 292.30977658981851 280.00008493192962 1.9816859997808933
271 292.29448530159902 280.0000851008088 1.987780999392271
272 292.27923368611891 280.00008526925069 1.9951679995283484
273 292.26402153010747 280.00008543725585 2.0025709997862577
274 292.24884862215191 280.00008560482684 2.0098000001162291
275 292.23371475267089 280.00008577196741 2.017017999663949
276 292.21861971389256 280.00008593867932 2.0245019998401403
277 292.20356329983849 280.00008610496468 2.031220999546349
278 292.18854530629886 280.00008627082559 2.037801000289619
279 292.1735655308089 280.00008643626427 2.0451719993725419
280 292.15862377263176 280.00008660128259 2.052517999894917
281 292.14371983273168 280.00008676588402 2.0597609998658299
282 292.12885351376633 280.00008693007129 2.0669320002198219
283 292.11402462006043 280.00008709384258 2.0741280000656843
284 292.09923295757829 280.00008725720409 2.0813370002433658
285 292.08447833392302 280.00008742015558 2.0882799997925758
286 292.06976055829227 280.00008758270036 2.095664999447763
287 292.05507944149116 280.00008774484166 2.1029019998386502
288 292.04043479587602 280.00008790657876 2.110406999476254
289 292.02582643538346 280.00008806791675 2.1177749997004867
290 292.01125417546325 280.00008822885457 2.1247309995815158
291 291.99671783309316 280.00008838939505 2.1313140001147985
292 291.98221722675731 280.00008854954217 2.1379479998722672
293 291.96775217641505 280.00008870929702 2.1453689998015761
294 291.95332250349657 280.00008886865987 2.1525469999760389
295 291.93892803088738 280.00008902763528 2.1598290000110865
296 291.92456858290205 280.00008918622206 2.1670760000124574
297 291.91024398527679 280.00008934442388 2.174324999563396
298 291.89595406514826 280.00008950224543 2.1811539996415377
299 291.88169865104277 280.00008965968448 2.1876550000160933
300 291.86747757285627 280.00008981674375 2.1950770001858473
301 291.85329066184227 280.0000899734257 2.2024079998955131
302 291.83913775060199 280.00009012973214 2.2097129998728633
303 291.82501867305047 280.00009028566552 2.2170949997380376
304 291.81093326442567 280.00009044122743 2.224197999574244
305 291.79688136125776 280.00009059641781 2.2306019999086857
306 291.78286280136717 280.00009075124086 2.2377770002931356
307 291.76887742383462 280.00009090569699 2.2453749999403954
308 291.75492506900548 280.00009105979007 2.2529139993712306
309 291.74100557846486 280.00009121351877 2.2603589994832873
310 291.72711879502168 280.00009136688539 2.267493000254035
311 291.71326456271203 280.0000915198936 2.2747149998322129
312 291.69944272676565 280.00009167254439 2.2821690002456307
313 291.68565313360193 280.00009182483853 2.2882389994338155
314 291.67189563082604 280.00009197677809 2.2957299994304776
315 291.65817006720135 280.00009212836608 2.3032039999961853
316 291.64447629264401 280.00009227960095 2.3101880000904202
317 291.63081415821125 280.00009243048686 2.3171220002695918
318 291.61718351609051 280.00009258102716 2.3242469998076558
319 291.60358421958426 280.00009273121947 2.3309450000524521
320 291.59001612309891 280.00009288106736 2.3377449996769428
321 291.57647908213573 280.00009303057232 2.3451769994571805
322 291.56297295328136 280.0000931797365 2.3524759998545051
323 291.549497594179 280.00009332856104 2.3597519993782043
324 291.53605286355264 280.00009347704503 2.3667179998010397
325 291.52263862115751 280.00009362519364 2.3738690000027418
326 291.50925472779608 280.00009377300722 2.3797800000756979
327 291.4959010452946 280.00009392048776 2.3872119998559356
328 291.4825774364964 280.00009406763604 2.3946270002052188
329 291.46928376525523 280.00009421445191 2.4007660001516342
330 291.45601989641261 280.0000943609412 2.4080630000680685
331 291.44278569580206 280.00009450710093 2.4154909998178482
332 291.42958103023369 280.00009465293562 2.422817999497056
333 291.4164057674829 280.00009479844493 2.4301049998030066
334 291.40325977628294 280.00009494363098 2.4373169997707009
335 291.39014292630782 280.0000950884957 2.444620999507606
336 291.37705508817675 280.00009523303902 2.4519419996067882
337 291.36399613343099 280.00009537726476 2.4592490000650287
338 291.3509659345354 280.00009552117103 2.4663399998098612
339 291.33796436486335 280.00009566476257 2.4733239999040961
340 291.32499129868847 280.00009580803987 2.480557999573648
341 291.31204661117795 280.00009595100283 2.4876640001311898
342 291.29913017837589 280.00009609365247 2.4950569998472929
343 291.2862418772101 280.00009623599345 2.5022849999368191
344 291.27338158546712 280.00009637802498 2.5096260001882911
345 291.26054918179898 280.00009651974716 2.5167300002649426
346 291.24774454569598 280.0000966611625 2.5238899998366833
347 291.23496755749665 280.00009680227544 2.5300469994544983
348 291.2222180983706 280.00009694308153 2.5376589996740222
349 291.20949605031262 280.00009708358544 2.545202000066638
350 291.19680129613852 280.00009722378792 2.5525449998676777
351 291.1841337194619 280.00009736369083 2.5590770002454519
352 291.17149320470924 280.00009750329428 2.5661880001425743
353 291.15887963709093 280.00009764260091 2.5732149994000793
354 291.14629290261064 280.00009778160995 2.5802069995552301
355 291.1337328880528 280.00009792032523 2.5874549997970462
356 291.12119948095722 280.00009805874623 2.5948609998449683
357 291.1086925696485 280.00009819687347 2.6022450001910329
358 291.09621204319609 280.00009833470909 2.6095169996842742
359 291.08375779141835 280.00009847225698 2.6168809998780489
360 291.07132970488618 280.00009860951519 2.6239399993792176
361 291.05892767489365 280.00009874648413 2.6312640001997352
362 291.04655159346515 280.00009888316714 2.637877999804914
363 291.03420135335688 280.00009901956594 2.6453590001910925
364 291.02187684803755 280.00009915567836 2.6526689995080233
365 291.0095779716745 280.00009929150957 2.6600239994004369
366 290.99730461914862 280.00009942705833 2.6671390002593398
367 290.98505668602706 280.00009956232657 2.6743369996547699
368 290.97283406857707 280.00009969731366 2.6805630000308156
369 290.96063666374431 280.0000998320246 2.6874120002612472
370 290.94846436914378 280.00009996645696 2.6948149995878339
371 290.93631708306924 280.00010010061351 2.7021770002320409
372 290.9241947044801 280.00010023449363 2.7096699997782707
373 290.91209713298787 280.00010036810255 2.7167229996994138
374 290.90002426886417 280.00010050143669 2.7238299995660782
375 290.88797601301866 280.00010063449861 2.7309929998591542
376 290.87595226701001 280.00010076728944 2.7379459999501705
377 290.86395293302473 280.00010089981362 2.7453359998762608
378 290.85197791388481 280.00010103206751 2.7525260001420975
379 290.84002711303253 280.00010116405286 2.7597349993884563
380 290.8281004345306 280.00010129577424 2.7669230001047254
381 290.81619778305208 280.00010142722812 2.7745770001783967
382 290.80431906387918 280.00010155841727 2.7817059997469187
383 290.79246418289563 280.00010168934477 2.7889200001955032
384 290.7806330465778 280.00010182000989 2.7961179995909333
385 290.76882556200053 280.00010195041318 2.8031959999352694
386 290.75704163682343 280.00010208055642 2.8104630000889301
387 290.74528117928071 280.00010221044113 2.8177579995244741
388 290.73354409819297 280.00010234006749 2.8251980002969503
389 290.72183030294042 280.00010246943555 2.8323889998719096
390 290.71013970347889 280.00010259854889 2.8387199994176626
391 290.69847221031722 280.00010272740616 2.8463540002703667
392 290.68682773452895 280.00010285600939 2.8538589999079704
393 290.67520618773148 280.00010298435922 2.8614149997010827
394 290.66360748209166 280.00010311245779 2.8689599996432662
395 290.65203153032451 280.00010324030291 2.876499000005424
396 290.64047824567132 280.0001033678991 2.8836589995771646
397 290.62894754191257 280.00010349524644 2.8908789996057749
398 290.61743933335867 280.00010362234474 2.8980749994516373
399 290.60595353483882 280.00010374919475 2.9045069999992847
400 290.59449006170337 280.00010387580085 2.9118470000103116
401 290.58304882981884 280.00010400215882 2.9191209999844432
402 290.57162975556764 280.00010412827197 2.9263019999489188
403 290.5602327558214 280.00010425414257 2.9334650002419949
404 290.54885774797157 280.00010437976886 2.9408379998058081
405 290.53750464990054 280.00010450515458 2.9479449996724725
406 290.52617337998527 280.00010463029957 2.9551240000873804
407 290.51486385709256 280.0001047552031 2.9621639996767044
408 290.50357600056975 280.00010487986805 2.9695319999009371
409 290.49230973025027 280.00010500429437 2.9767439998686314
410 290.48106496644778 280.00010512848212 2.9838479999452829
411 290.46984162994079 280.00010525243471 2.9909560000523925
412 290.45863964198946 280.00010537615111 2.9973529996350408
413 290.44745892430677 280.00010549963292 3.0045809997245669
414 290.43629939907646 280.00010562287991 3.0119580002501607
415 290.42516098893839 280.00010574589447 3.0193369993939996
416 290.41404361698193 280.00010586867609 3.0266809994354844
417 290.40294720675422 280.00010599122567 3.0337199997156858
418 290.39187168224856 280.00010611354617 3.0406860001385212
419 290.38081696789527 280.00010623563537 3.047923999838531
420 290.3697829885723 280.00010635749663 3.0551939997822046
421 290.35876966958932 280.00010647912893 3.0623749997466803
422 290.34777693668696 280.00010660053414 3.0698619997128844
423 290.33680471604401 280.00010672171373 3.0771519998088479
424 290.32585293425245 280.00010684266624 3.084583000279963
425 290.31492151833584 280.00010696339427 3.0918169999495149
426 290.30401039573701 280.00010708389823 3.09895099978894
427 290.29311949430502 280.00010720417941 3.1050760000944138
428 290.2822487423137 280.00010732423698 3.1125010000541806
429 290.27139806843837 280.00010744407393 3.1200019996613264
430 290.26056740176074 280.00010756369068 3.1273440001532435
431 290.24975667176801 280.00010768308488 3.1346109993755817
432 290.23896580834423 280.00010780226069 3.1415579998865724
433 290.22819474177027 280.00010792121782 3.1482729995623231
434 290.21744340272448 280.00010803995758 3.1556589994579554
435 290.20671172226804 280.00010815847975 3.1628470001742244
436 290.19599963185283 280.00010827678494 3.1700889999046922
437 290.18530706331893 280.00010839487629 3.1776209995150566
438 290.1746339488783 280.00010851275186 3.1848559994250536
439 290.16398022113157 280.00010863041155 3.1921089999377728
440 290.15334581304808 280.00010874786039 3.1992069995030761
441 290.14273065796874 280.00010886509574 3.2065880000591278
442 290.13213468960328 280.0001089821186 3.214075000025332
443 290.12155784204265 280.00010909893109 3.2213559998199344
444 290.1110000497149 280.00010921553371 3.2286979993805289
445 290.10046124743195 280.00010933192459 3.2361190002411604
446 290.08994137035728 280.00010944810822 3.2433500001206994
447 290.07944035400737 280.00010956408289 3.250521999783814
448 290.06895813424705 280.00010967984957 3.257663999684155
449 290.0584946473021 280.00010979541059 3.2646509995684028
450 290.04804982974269 280.00010991076357 3.2716919993981719
451 290.03762361847669 280.00011002591322 3.2789690000936389
452 290.02721595076213 280.00011014085572 3.286243999376893
453 290.01682676419443 280.00011025559684 3.2934059994295239
454 290.0064559967031 280.0001103701324 3.3007419994100928
455 289.99610358656076 280.00011048446498 3.3077579997479916
456 289.98576947235921 280.00011059859781 3.3151810001581907
457 289.97545359302808 280.00011071252652 3.3223609998822212
458 289.96515588782552 280.00011082625679 3.3295029997825623
459 289.9548762963318 280.0001109397856 3.336663999594748
460 289.94461475844611 280.00011105311569 3.3440100001171231
461 289.93437121439467 280.00011116624671 3.3512869998812675
462 289.92414560471423 280.00011127917946 3.3583309995010495
463 289.91393787026664 280.00011139191628 3.3656289996579289
464 289.90374795221169 280.00011150445437 3.3727000001817942
465 289.89357579203516 280.0001116167972 3.37950100004673
466 289.88342133151889 280.00011172894546 3.3869199994951487
467 289.87328451275931 280.00011184089732 3.3941509993746877
468 289.86316527815114 280.0001119526554 3.4016899997368455
469 289.85306357039536 280.00011206422056 3.4091369993984699
470 289.84297933249036 280.00011217559182 3.4165129996836185
471 289.83291250772749 280.00011228677175 3.4236699994653463
472 289.82286303970545 280.00011239775898 3.4297369997948408
473 289.8128308723019 280.00011250855596 3.4371020002290606
474 289.80281594968881 280.00011261916183 3.4444939997047186
475 289.79281821633464 280.00011272957875 3.4518969999626279
476 289.78283761698856 280.00011283980552 3.4591459995135665
477 289.77287409668037 280.00011294984347 3.4662330001592636
478 289.76292760073284 280.00011305969502 3.4728140002116561
479 289.75299807473971 280.00011316935735 3.4796319995075464
480 289.74308546458241 280.00011327883493 3.4870400000363588
481 289.7331897164114 280.00011338812391 3.4944519996643066
482 289.72331077665217 280.00011349722843 3.5016799997538328
483 289.71344859200474 280.00011360614724 3.5090530002489686
484 289.70360310944346 280.00011371488347 3.51621999964118
485 289.6937742762085 280.00011382343405 3.5235160002484918
486 289.68396203980501 280.00011393180085 3.5314670000225306
487 289.67416634800691 280.00011403998656 3.5383139997720718
488 289.66438714884475 280.00011414798945 3.5459059998393059
489 289.65462439061844 280.00011425581215 3.5537089994177222
490 289.64487802189018 280.00011436345085 3.5612359996885061
491 289.63514799146412 280.00011447091146 3.5687219994142652
492 289.62543424841539 280.00011457819005 3.5762749994173646
493 289.61573674206721 280.00011468529163 3.5833829995244741
494 289.60605542199835 280.00011479221286 3.595966000109911
495 289.59639023803277 280.00011489895678 3.6185179995372891
496 289.58674114025234 280.00011500552387 3.6255259998142719
497 289.57710807897655 280.00011511191082 3.6325389994308352
498 289.5674910047739 280.0001152181249 3.6396300001069903
499 289.55788986846096 280.00011532416016 3.6462059998884797
500 289.54830462108902 280.00011543002194 3.6533479997888207
501 289.53873521396036 280.0001155357071 3.660648999735713
502 289.52918159860246 280.00011564121888 3.6677719997242093
503 289.51964372679163 280.00011574655542 3.674766999669373
504 289.51012155053076 280.00011585172092 3.6817210000008345
505 289.50061502206847 280.00011595671242 3.6888399999588728
506 289.49112409387777 280.00011606153197 3.6959509998559952
507 289.48164871865947 280.00011616617877 3.7031600000336766
508 289.47218884935143 280.00011627065464 3.7102399999275804
509 289.46274443911295 280.00011637495999 3.7177339997142553
510 289.45331544133836 280.00011647909508 3.7250140001997352
511 289.44390180963558 280.00011658306056 3.7326549999415874
512 289.43450349784592 280.00011668685676 3.7393819997087121
513 289.42512046002474 280.00011679048487 3.7466239994391799
514 289.41575265044816 280.00011689394358 3.7540980000048876
515 289.40640002361846 280.00011699723598 3.7614460000768304
516 289.39706253424731 280.00011710035932 3.7685110000893474
517 289.38774013727124 280.00011720331861 3.7755340002477169
518 289.37843278782907 280.00011730610908 3.7826439999043941
519 289.36914044128321 280.00011740873646 3.789979999884963
520 289.35986305319943 280.00011751119644 3.7992679998278618
521 289.35060057936249 280.00011761349299 3.8063460001721978
522 289.34135297575892 280.00011771562453 3.813641999848187
523 289.33212019858894 280.00011781759258 3.8210260001942515
524 289.32290220425062 280.00011791939806 3.8282789997756481
525 289.31369894935568 280.00011802103984 3.8358450001105666
526 289.30451039071511 280.00011812252029 3.8432169994339347
527 289.29533648534237 280.00011822383794 3.8502209996804595
528 289.28617719044934 280.00011832499496 3.8574169995263219
529 289.27703246345112 280.00011842599031 3.8639629995450377
530 289.26790226196289 280.00011852682553 3.8710719998925924
531 289.25878654379187 280.00011862750029 3.8783919997513294
532 289.24968526694067 280.0001187280161 3.8857579994946718
533 289.24059838961068 280.00011882837293 3.8930160002782941
534 289.23152587019314 280.00011892857049 3.9003379996865988
535 289.22246766727744 280.00011902861115 3.9073829995468259
536 289.21342373963165 280.0001191284934 3.9136739997193217
537 289.20439404622556 280.00011922821886 3.9211639994755387
538 289.19537854620745 280.00011932778665 3.9283400001004338
539 289.18637719892376 280.00011942719965 3.9357930002734065
540 289.17738996389647 280.00011952645497 3.9431609995663166
541 289.1684168008361 280.00011962555664 3.950360999442637
542 289.15945766964171 280.0001197245017 3.9575330000370741
543 289.15051253038553 280.00011982329391 3.9637299999594688
544 289.14158134332587 280.00011992193146 3.9710940001532435
545 289.13266406890079 280.00012002041467 3.9783680001273751
546 289.12376066773078 280.00012011874486 3.9857479995116591
547 289.11487110060631 280.00012021692248 3.9931020000949502
548 289.10599532850318 280.00012031494845 4.0002659996971488
549 289.09713331256552 280.00012041282133 4.0075530000030994
550 289.08828501411517 280.00012051054284 4.0145870000123978
551 289.07945039465358 280.00012060811389 4.0219829995185137
552 289.07062941584422 280.00012070553419 4.0293339993804693
553 289.06182203952397 280.00012080280374 4.0367320002987981
554 289.05302822770307 280.0001208999247 4.0441199997439981
555 289.04424794256164 280.00012099689462 4.0514949997887015
556 289.035481146449 280.00012109371676 4.0586179997771978
557 289.02672780187385 280.00012119038917 4.0659050000831485
558 289.01798787151665 280.00012128691486 4.0727019999176264
559 289.00926131822735 280.0001213832922 4.0799209997057915
560 289.00054810500808 280.00012147952214 4.0872769998386502
561 288.99184819503409 280.00012157560576 4.0946309994906187
562 288.98316155164116 280.00012167154188 4.1020160000771284
563 288.9744881383204 280.00012176733338 4.1093259993940592
564 288.96582791873197 280.00012186297567 4.1165979998186231
565 288.95718085668557 280.00012195847665 4.1233339998871088
566 288.9485469161549 280.00012205383115 4.1292549995705485
567 288.93992606127074 280.00012214904149 4.1367029994726181
568 288.9313182563161 280.00012224410733 4.1437449995428324
569 288.922723465736 280.00012233902942 4.1510809995234013
570 288.91414165412334 280.00012243380831 4.1582239996641874
571 288.90557278622788 280.0001225284438 4.1656059995293617
572 288.89701682694874 280.00012262293723 4.1721850000321865
573 288.88847374134207 280.0001227172886 4.1791199995204806
574 288.87994349460809 280.00012281149782 4.186281000263989
575 288.87142605210556 280.0001229055656 4.1934279995039105
576 288.86292137933094 280.00012299949157 4.2005409998819232
577 288.85442944193483 280.00012309327775 4.2078229999169707
578 288.84595020571862 280.00012318692387 4.2152579994872212
579 288.83748363662107 280.00012328043078 4.2212020000442863
580 288.82902970073428 280.00012337379604 4.2286320002749562
581 288.82058836429087 280.00012346702351 4.2359269997105002
582 288.81215959366898 280.00012356011206 4.2433369997888803
583 288.80374335538403 280.00012365306276 4.2504719998687506
584 288.79533961610366 280.00012374587436 4.257570999674499
585 288.78694834262819 280.0001238385496 4.2645519999787211
586 288.7785695018996 280.00012393108591 4.2710269996896386
587 288.77020306100235 280.00012402348688 4.2785099996253848
588 288.76184898715536 280.00012411574983 4.2858659997582436
589 288.75350724772147 280.00012420787755 4.2931760000064969
590 288.74517781019546 280.0001242998693 4.3003219999372959
591 288.73686064220863 280.00012439172497 4.3076679995283484
592 288.72855571152843 280.00012448344717 4.3146249996498227
593 288.72026298605999 280.00012457503192 4.3218630002811551
594 288.71198243383651 280.00012466648434 4.3289550002664328
595 288.70371402303249 280.00012475780187 4.3363119997084141
596 288.69545772194527 280.00012484898525 4.3435899997130036
597 288.68721349901199 280.00012494003579 4.3506849994882941
598 288.67898132279203 280.00012503095388 4.3577640000730753
599 288.67076116198302 280.0001251217376 4.3647010000422597
600 288.66255298541148 280.00012521239046 4.3721049996092916
601 288.65435676202497 280.00012530291042 4.3793839998543262
602 288.64617246090643 280.00012539329788 4.3866980001330376
603 288.63800005126569 280.00012548355602 4.3939779996871948
604 288.62983950242955 280.00012557368257 4.4012740002945065
605 288.62169078386114 280.00012566367803 4.4084069998934865
606 288.61355386514549 280.00012575354236 4.4153439998626709
607 288.60542871599148 280.00012584327743 4.4226449998095632
608 288.59731530622577 280.00012593288471 4.4296969994902611
609 288.58921360581235 280.00012602236097 4.4367619995027781
610 288.58112358482242 280.00012611170791 4.4442659998312593
611 288.57304521345594 280.00012620092622 4.4514569994062185
612 288.56497846203177 280.00012629001662 4.4585029995068908
613 288.55692330099316 280.00012637897873 4.4656299995258451
614 288.54887970089226 280.00012646781391 4.4728100001811981
615 288.54084763241292 280.00012655652046 4.479585999622941
616 288.53282706634997 280.00012664510143 4.4868559995666146
617 288.52481797361236 280.00012673355496 4.494272000156343
618 288.51682032523524 280.00012682188196 4.50167699996382
619 288.50883409236047 280.00012691008379 4.5091309994459152
620 288.5008592462554 280.00012699815881 4.5164959998801351
621 288.49289575828931 280.00012708610848 4.5234190002083778
622 288.48494359995937 280.00012717393372 4.5295609999448061
623 288.47700274286728 280.00012726163283 4.5371049996465445
624 288.46907315872852 280.00012734920864 4.5448129996657372
625 288.46115481937431 280.00012743666065 4.5522529995068908
626 288.45324769675068 280.00012752398629 4.5595819996669888
627 288.44535176289997 280.00012761119075 4.5666370000690222
628 288.43746698999439 280.00012769827191 4.5737749999389052
629 288.42959335030116 280.00012778522961 4.5798530001193285
630 288.42173081620643 280.00012787206441 4.5873480001464486
631 288.41387936019566 280.00012795877706 4.5948189999908209
632 288.40603895487533 280.00012804536703 4.6020309999585152
633 288.3982095729454 280.00012813183685 4.6091050002723932
634 288.39039118721865 280.00012821818376 4.6163790002465248
635 288.38258377061993 280.0001283044104 4.6239249994978309
636 288.37478729617209 280.00012839051482 4.6305729998275638
637 288.36700173700586 280.00012847649913 4.6379279997199774
638 288.35922706635483 280.00012856236435 4.6453649997711182
639 288.35146325755881 280.00012864810833 4.6525539997965097
640 288.3437102840615 280.00012873373402 4.6597560001537204
641 288.33596811940845 280.00012881924027 4.666745999827981
642 288.32823673725136 280.0001289046258 4.6738040000200272
643 288.32051611133096 280.0001289898936 4.6809339998289943
644 288.31280621550928 280.00012907504299 4.6879810001701117
645 288.30510702373101 280.00012916007336 4.6951909996569157
646 288.29741851004854 280.00012924498657 4.7024719994515181
647 288.28974064862018 280.00012932978245 4.7096579996868968
648 288.28207341369063 280.00012941446067 4.7169279996305704
649 288.27441677960832 280.00012949902066 4.7241519996896386
650 288.26677072082805 280.00012958346565 4.7310589998960495
651 288.25913521189091 280.00012966779286 4.7382809994742274
652 288.25151022743898 280.00012975200389 4.745686000213027
653 288.24389574221175 280.00012983609975 4.7529999995604157
654 288.23629173104348 280.00012992007993 4.7604679996147752
655 288.22869816886737 280.00013000394443 4.7676569996401668
656 288.22111503070511 280.00013008769361 4.774787999689579
657 288.21354229167952 280.00013017132812 4.7820359999313951
658 288.20597992700573 280.00013025484805 4.7892939997836947
659 288.19842791199056 280.00013033825201 4.7965279994532466
660 288.19088622203191 280.00013042154364 4.8038269998505712
661 288.18335483262632 280.00013050472222 4.8112530000507832
662 288.17583371935564 280.00013058778683 4.8184529999271035
663 288.16832285790201 280.00013067073769 4.82572599966079
664 288.16082222403099 280.0001307535756 4.8328869994729757
665 288.15333179360022 280.00013083630085 4.839754999615252
666 288.14585154256167 280.00013091891378 4.8472509998828173
667 288.13838144694967 280.00013100141484 4.8541589993983507
668 288.13092148289547 280.0001310838033 4.8612939994782209
669 288.12347162661547 280.00013116608147 4.8685959996655583
670 288.11603185441442 280.00013124824687 4.8757489994168282
671 288.10860214268803 280.00013133030211 4.8831719998270273
672 288.10118246791302 280.00013141224559 4.8903430001810193
673 288.09377280665746 280.0001314940796 4.8966919993981719
674 288.08637313557813 280.00013157580298 4.9038650002330542
675 288.07898343140931 280.00013165741615 4.9111019996926188
676 288.07160367098402 280.00013173892035 4.9183759996667504
677 288.06423383120671 280.0001318203141 4.9258260000497103
678 288.05687388907671 280.00013190159785 4.9331630002707243
679 288.0495238216792 280.00013198277395 4.9404449993744493
680 288.04218360616778 280.00013206384006 4.946492999792099
681 288.03485321979662 280.00013214479827 4.9537610001862049
682 288.02753263989382 280.00013222564678 4.9612619997933507
683 288.02022184387465 280.00013230638865 4.9687689999118447
684 288.01292080923412 280.00013238702257 4.9759539999067783
685 288.00562951354812 280.00013246754895 4.9832889996469021
686 287.99834793448053 280.0001325479671 4.9904659995809197
687 287.99107604976507 280.00013262827997 4.9964669998735189
688 287.98381383722381 280.00013270848518 5.0039029996842146
689 287.97656127475841 280.00013278858336 5.0113880001008511
690 287.96931834034785 280.00013286857535 5.0191099997609854
691 287.96208501205689 280.0001329484615 5.0262930002063513
692 287.95486126802047 280.00013302824152 5.033458000048995
693 287.94764708645295 280.00013310791581 5.0408260002732277
694 287.94044244565754 280.0001331874854 5.0482319993898273
695 287.93324732400515 280.00013326694852 5.0553310001268983
696 287.92606169994127 280.00013334630705 5.0626719994470477
697 287.91888555200177 280.00013342556178 5.069908999837935
698 287.91171885878606 280.00013350471215 5.0772279994562268
699 287.90456159897849 280.00013358375793 5.0844979993999004
700 287.89741375133065 280.00013366269951 5.0916809998452663
701 287.89027529468353 280.00013374153752 5.0985159995034337
702 287.8831462079375 280.00013382027214 5.1047449996694922
703 287.87602647008015 280.00013389890336 5.1121419994160533
704 287.86891606016167 280.00013397743174 5.1196179995313287
705 287.86181495732046 280.00013405585747 5.1267179995775223
706 287.85472314075997 280.00013413418026 5.133708999492228
707 287.8476405897535 280.00013421240106 5.1407399997115135
708 287.84056728365783 280.0001342905199 5.1481219995766878
709 287.83350320189106 280.00013436853624 5.1552659999579191
710 287.82644832395516 280.00013444645271 5.1625600000843406
711 287.81940262941481 280.00013452426606 5.1698319995775819
712 287.81236609790938 280.00013460197783 5.1770660001784563
713 287.80533870914883 280.00013467958956 5.1845100000500679
714 287.79832044292147 280.00013475710006 5.1917260000482202
715 287.79131127906976 280.0001348345109 5.1986170001327991
716 287.78431119752196 280.00013491182045 5.2044660001993179
717 287.77732017827054 280.00013498903053 5.2117099994793534
718 287.77033820137603 280.00013506614039 5.2189319999888539
719 287.76336524696728 280.00013514315077 5.2263829996809363
720 287.75640129524925 280.00013522006185 5.2338459994643927
721 287.74944632648726 280.000135296873 5.2410650001838803
722 287.74250032101793 280.00013537358626 5.2475720001384616
723 287.73556325924949 280.00013545020005 5.2542089996859431
724 287.72863512164622 280.00013552671555 5.2615430001169443
725 287.72171588875517 280.00013560313192 5.2689300002530217
726 287.71480554118102 280.00013567945109 5.2762080002576113
727 287.70790405959463 280.00013575567232 5.283203000202775
728 287.70101142473658 280.00013583179515 5.2902879994362593
729 287.69412761741154 280.00013590782135 5.2962929997593164
730 287.68725261849119 280.0001359837492 5.303600000217557
731 287.68038640891319 280.00013605958094 5.3109130002558231
732 287.67352896967446 280.00013613531496 5.3183229994028807
733 287.66668028184347 280.00013621095314 5.3255270002409816
734 287.65984032655206 280.00013628649475 5.3324870001524687
735 287.65300908499131 280.00013636193961 5.3396579995751381
736 287.64618653842086 280.00013643728823 5.3465989995747805
737 287.63937266816856 280.00013651254204 5.3539030002430081
738 287.63256745561097 280.00013658769933 5.3613670002669096
739 287.62577088219962 280.00013666276203 5.3688000002875924
740 287.6189829294479 280.00013673772935 5.376112999394536
741 287.61220357892267 280.00013681260157 5.3830899996683002
742 287.60543281226541 280.00013688737943 5.3904539998620749
743 287.59867061116677 280.00013696206105 5.3978209998458624
744 287.59191695739361 280.00013703664922 5.4052379997447133
745 287.5851718327566 280.00013711114389 5.4125339994207025
746 287.57843521914003 280.00013718554357 5.4200409995391965
747 287.57170709849026 280.00013725984951 5.4277029996737838
748 287.56498745280078 280.00013733406263 5.4352150000631809
749 287.55827626413662 280.00013740818218 5.4423219999298453
750 287.55157351461889 280.00013748220806 5.4489059997722507
751 287.54487918642803 280.00013755614196 5.4549730001017451
752 287.53819326180354 280.00013762998157 5.4622269999235868
753 287.53151572304529 280.00013770372834 5.469459000043571
754 287.52484655251158 280.00013777738388 5.4768119994550943
755 287.51818573261971 280.00013785094779 5.4840689999982715
756 287.51153324584351 280.00013792441854 5.4912890000268817
757 287.50488907471032 280.00013799779924 5.498641999438405
758 287.49825320181634 280.00013807108536 5.5048119993880391
759 287.49162560980727 280.00013814428104 5.5122449994087219
760 287.48500628138726 280.00013821738668 5.5197310000658035
761 287.47839519931654 280.00013829040006 5.5269599994644523
762 287.47179234641459 280.00013836332295 5.5340120000764728
763 287.46519770555415 280.00013843615471 5.5414319997653365
764 287.45861125966616 280.00013850889718 5.5486389994621277
765 287.45203299173875 280.00013858154819 5.5559630002826452
766 287.44546288481143 280.00013865410921 5.5633990000933409
767 287.43890092198023 280.00013872658059 5.5705450000241399
768 287.43234708639898 280.0001387989625 5.5779139995574951
769 287.42580136127469 280.00013887125385 5.5853619994595647
770 287.41926372986904 280.00013894345733 5.5925259999930859
771 287.41273417549718 280.00013901557031 5.5999389998614788
772 287.40621268153154 280.00013908759473 5.6070520002394915
773 287.39969923139159 280.00013915952979 5.6131060002371669
774 287.39319380855812 280.00013923137641 5.6205599997192621
775 287.38669639656229 280.00013930313503 5.6280789999291301
776 287.38020697898361 280.00013937480497 5.6352490000426769
777 287.37372553946403 280.00013944638732 5.6423460002988577
778 287.36725206169291 280.00013951788219 5.6494279997423291
779 287.36078652940836 280.00013958928753 5.6566920001059771
780 287.35432892640915 280.00013966060669 5.6636579995974898
781 287.34787923653693 280.00013973183741 5.6706839995458722
782 287.34143744369408 280.00013980298144 5.6780810002237558
783 287.33500353182632 280.00013987403918 5.6851949999108911
784 287.32857748493387 280.00013994500881 5.692429999820888
785 287.32215928707109 280.00014001589261 5.6996569996699691
786 287.31574892234232 280.00014008668967 5.7118999995291233
787 287.30934637490009 280.0001401574001 5.7334859995171428
788 287.30295162894311 280.00014022802458 5.7405239995568991
789 287.29656466872876 280.00014029856362 5.7476119995117188
790 287.29018547856015 280.00014036901598 5.7548219999298453
791 287.2838140427931 280.00014043938262 5.7619469994679093
792 287.27745034582506 280.00014050966411 5.7690650001168251
793 287.27109437211465 280.00014057986021 5.7762040002271533
794 287.26474610615594 280.000140649971 5.7832159996032715
795 287.25840553250441 280.00014071999766 5.7908450001850724
796 287.25207263575749 280.00014078993917 5.7979389997199178
797 287.2457474005646 280.00014085979603 5.8054240001365542
798 287.23942981161957 280.00014092956872 5.8127309996634722
799 287.23311985366371 280.0001409992563 5.8200409999117255
800 287.22681751149196 280.00014106886044 5.8274130001664162
801 287.22052276993998 280.00014113838103 5.8347939997911453
802 287.21423561389571 280.00014120781623 5.8419260000810027
803 287.20795602829452 280.00014127716963 5.8492999998852611
804 287.20168399811701 280.00014134643868 5.8564309999346733
805 287.19541950838311 280.00014141562434 5.8629259997978806
806 287.18916254417275 280.00014148472746 5.8703119996935129
807 287.1829130906097 280.00014155374714 5.8775289999321103
808 287.17667113285722 280.00014162268423 5.8849449995905161
809 287.1704366561234 280.00014169153928 5.8923479998484254
810 287.16420964567499 280.0001417603109 5.8996620001271367
811 287.15799008680779 280.00014182900003 5.906317999586463
812 287.15177796487865 280.00014189760776 5.9135569995269179
813 287.14557326527557 280.00014196613324 5.9208189994096756
814 287.1393759734367 280.00014203457721 5.9281470002606511
815 287.13318607485621 280.00014210293955 5.9352700002491474
816 287.12700355505666 280.00014217122072 5.9426349997520447
817 287.12082839961221 280.00014223941986 5.9496470000594854
818 287.11466059414005 280.00014230753709 5.9563109995797276
819 287.10850012430291 280.00014237557423 5.9634600002318621
820 287.10234697580654 280.00014244352963 5.9706089999526739
821 287.09620113440104 280.00014251140578 5.9780080001801252
822 287.09006258587891 280.00014257920083 5.9853299995884299
823 287.0839313160775 280.00014264691629 5.9924280000850558
824 287.07780731087075 280.00014271455029 5.9997859997674823
825 287.07169055619198 280.00014278210415 6.0068169999867678
826 287.06558103799381 280.00014284957916 6.0135880000889301
827 287.05947874229628 280.00014291697329 6.0207930002361536
828 287.05338365514086 280.0001429842884 6.0281640002503991
829 287.04729576262179 280.00014305152234 6.035308999940753
830 287.04121505087733 280.00014311868034 6.0423419997096062
831 287.03514150607924 280.00014318575649 6.0492409998551011
832 287.02907511444943 280.00014325275481 6.055608999915421
833 287.02301586224758 280.00014331967361 6.0628889994695783
834 287.01696373577266 280.00014338651437 6.0703539997339249
835 287.01091872137249 280.00014345327651 6.0775910001248121
836 287.0048808054234 280.00014351996066 6.0851989993825555
837 286.99884997435379 280.00014358656506 6.0928509999066591
838 286.99282621462925 280.00014365309249 6.100356999784708
839 286.9868095127548 280.00014371954211 6.1071359999477863
840 286.98079985527573 280.00014378591374 6.1144199995324016
841 286.97479722877858 280.00014385220692 6.1210329998284578
842 286.9688016198902 280.00014391842382 6.1285339994356036
843 286.96281301527449 280.00014398456267 6.1360329994931817
844 286.95683140164391 280.00014405062501 6.1432900000363588
845 286.9508567657337 280.00014411660885 6.1505640000104904
846 286.94488909433784 280.00014418251686 6.1575759993866086
847 286.93892837427535 280.00014424834768 6.1639510001987219
848 286.9329745924116 280.00014431410187 6.1716569997370243
849 286.92702773565111 280.00014437977984 6.1790370000526309
850 286.92108779092752 280.00014444538175 6.1860910002142191
851 286.91515474522345 280.00014451090715 6.1933309994637966
852 286.9092285855628 280.00014457635615 6.2005799999460578
853 286.90330929899085 280.00014464172932 6.2079229997470975
854 286.89739687261232 280.00014470702706 6.2150289993733168
855 286.89149129355371 280.00014477225017 6.2221959996968508
856 286.8855925489832 280.00014483739631 6.2298170002177358
857 286.87970062611254 280.00014490246764 6.2370520001277328
858 286.87381551218823 280.0001449674628 6.2442830000072718
859 286.86793719449059 280.00014503238418 6.2516109999269247
860 286.86206566033286 280.0001450972307 6.2587150000035763
861 286.85620089708277 280.0001451620011 6.2657659994438291
862 286.85034289212985 280.00014522669773 6.2725109998136759
863 286.84449163290174 280.00014529131988 6.2799570001661777
864 286.83864710687254 280.0001453558682 6.287402999587357
865 286.83280930153757 280.00014542034165 6.2947699995711446
866 286.82697820444349 280.00014548474081 6.3036179998889565
867 286.82115380316191 280.00014554906716 6.3108409997075796
868 286.81533608530731 280.00014561331801 6.318146999925375
869 286.80952503853047 280.0001456774956 6.3253939999267459
870 286.80372065050511 280.00014574160031 6.3326179999858141
871 286.79792290896131 280.00014580563158 6.3399489996954799
872 286.79213180165061 280.00014586958946 6.3468709997832775
873 286.78634731635952 280.0001459334747 6.3540219999849796
874 286.78056944091952 280.00014599728564 6.361192999407649
875 286.7747981631864 280.00014606102428 6.3687309995293617
876 286.76903347105792 280.00014612469027 6.3759009996429086
877 286.7632753524656 280.0001461882847 6.3834239998832345
878 286.75752379536829 280.00014625180614 6.3905919995158911
879 286.75177878777032 280.00014631525511 6.3966570002958179
880 286.7460403177011 280.00014637863057 6.4040230000391603
881 286.74030837323318 280.00014644193527 6.4112280001863837
882 286.73458294246603 280.00014650516727 6.4185469998046756
883 286.72886401353912 280.00014656832838 6.4260940002277493
884 286.7231515746148 280.00014663141729 6.4333069995045662
885 286.71744561390233 280.00014669443482 6.4405889995396137
886 286.71174611963573 280.00014675738055 6.4472779994830489
887 286.70605308008834 280.00014682025574 6.4541600001975894
888 286.70036648355995 280.00014688305947 6.4615239994600415
889 286.69468631838743 280.00014694579141 6.4688929999247193
890 286.68901257294726 280.00014700845276 6.4763989998027682
891 286.68334523563436 280.00014707104447 6.4836309999227524
892 286.67768429488848 280.00014713356438 6.4906989997252822
893 286.67202973917512 280.00014719601398 6.4978839997202158
894 286.66638155699462 280.00014725839293 6.5052899997681379
895 286.66073973688617 280.00014732070247 6.512283000163734
896 286.65510426741002 280.00014738294158 6.5195639999583364
897 286.6494751371622 280.00014744511037 6.526889999397099
898 286.64385233477537 280.00014750720942 6.5340970000252128
899 286.63823584891213 280.00014756923855 6.5415079994127154
900 286.63262566826097 280.00014763119759 6.5484020002186298
901 286.62702178155035 280.00014769308854 6.5555330002680421
902 286.62142417753824 280.00014775490911 6.5626099994406104
903 286.61583284500705 280.00014781666022 6.5699279997497797
904 286.61024777278419 280.00014787834209 6.5773569997400045
905 286.60466894970921 280.00014793995587 6.5847260002046824
906 286.59909636467194 280.00014800150103 6.5920209996402264
907 286.59353000658228 280.00014806297617 6.5992080001160502
908 286.58796986438222 280.00014812438343 6.6064299996942282
909 286.58241592704542 280.00014818572203 6.6137859998270869
910 286.57686818357973 280.00014824699122 6.6209300002083182
911 286.57132662301683 280.00014830819373 6.6281319996342063
912 286.56579123441981 280.0001483693278 6.6354099996387959
913 286.56026200689212 280.00014843039361 6.6426499998196959
914 286.55473892954984 280.00014849139183 6.6497379997745156
915 286.54922199155669 280.0001485523224 6.6567789996042848
916 286.54371118209281 280.00014861318442 6.6641999995335937
917 286.53820649037476 280.00014867397869 6.6715449998155236
918 286.53270790565 280.0001487347061 6.6788790002465248
919 286.5272154171866 280.00014879536451 6.6861640000715852
920 286.52172901429759 280.00014885595851 6.6934549994766712
921 286.51624868630864 280.00014891648317 6.7006359994411469
922 286.51077442258446 280.00014897694263 6.7079269997775555
923 286.50530621252079 280.00014903733518 6.7145149996504188
924 286.49984404553169 280.00014909766014 6.7215059995651245
925 286.49438791107133 280.00014915791775 6.7289140000939369
926 286.48893779861328 280.00014921811055 6.7361309994012117
927 286.48349369767357 280.00014927823571 6.7434459999203682
928 286.47805559778021 280.00014933829482 6.7507219994440675
929 286.47262348849489 280.00014939828742 6.7580519998446107
930 286.46719735941758 280.00014945821448 6.7653569998219609
931 286.46177720016624 280.00014951807537 6.7726779999211431
932 286.45636300038558 280.0001495778705 6.7801449997350574
933 286.45095474975898 280.00014963760066 6.7873889999464154
934 286.44555243798823 280.00014969726419 6.794493000023067
935 286.44015605480041 280.00014975686258 6.8016329994425178
936 286.43476558996622 280.00014981639612 6.8086729999631643
937 286.42938103326526 280.00014987586314 6.8157259998843074
938 286.42400237451727 280.00014993526594 6.8227639999240637
939 286.41862960356463 280.00014999460416 6.8301999997347593
940 286.41326271027629 280.0001500538765 6.8375869998708367
941 286.40790168455146 280.00015011308477 6.844824000261724
942 286.4025465163129 280.00015017222796 6.8521779999136925
943 286.39719719551363 280.00015023130675 6.8592590000480413
944 286.39185371213392 280.00015029032039 6.8665060000494123
945 286.38651605617372 280.00015034927065 6.8734649997204542
946 286.3811842176687 280.0001504081564 6.8803770001977682
947 286.37585818667992 280.0001504669778 6.8879110002890229
948 286.37053795328893 280.00015052573474 6.8951819995418191
949 286.36522350760765 280.00015058442767 6.9024529997259378
950 286.35991483977517 280.00015064305785 6.9097389997914433
951 286.35461193995769 280.00015070162459 6.9170239996165037
952 286.34931479834194 280.00015076012613 6.9241739995777607
953 286.34402340514424 280.0001508185648 6.9313249997794628
954 286.33873775061221 280.00015087694049 6.9385999999940395
955 286.33345782500635 280.00015093525258 6.9458379996940494
956 286.32818361862934 280.00015099350207 6.95320999994874
957 286.32291512179586 280.00015105168808 6.9605820002034307
958 286.31765232485253 280.0001511098107 6.9678199999034405
959 286.31239521817014 280.00015116787108 6.9750880002975464
960 286.30714379214101 280.00015122586842 6.9823239995166659
961 286.30189803719219 280.00015128380352 6.9896519994363189
962 286.29665794377172 280.00015134167563 6.9964720001444221
963 286.29142350234304 280.0001513994859 7.0035549998283386
964 286.28619470341118 280.00015145723353 7.0109259998425841
965 286.28097153749508 280.00015151491857 7.0181749993935227
966 286.27575399514137 280.00015157254171 7.025233999826014
967 286.27054206691946 280.00015163010249 7.0321960002183914
968 286.26533574342858 280.00015168760189 7.0383580001071095
969 286.26013501528632 280.00015174504017 7.045656000263989
970 286.25493987314542 280.00015180241525 7.0531669994816184
971 286.24975030766495 280.00015185973024 7.0602909997105598
972 286.24456630954251 280.00015191698361 7.0673669995740056
973 286.23938786950231 280.00015197417395 7.0747670000419021
974 286.23421497828218 280.0001520313038 7.0822249995544553
975 286.22904762664581 280.00015208837362 7.0895360000431538
976 286.223885805387 280.00015214538189 7.0969159994274378
977 286.21872950531719 280.00015220232797 7.1040810002014041
978 286.21357871727594 280.0001522592143 7.1112399995326996
979 286.20843343212965 280.00015231603919 7.1184649998322129
980 286.20329364075582 280.00015237280383 7.1254529999569058
981 286.19815933406898 280.00015242950894 7.1326529998332262
982 286.19303050300033 280.00015248615233 7.1396629996597767
983 286.18790713850353 280.00015254273484 7.1464059995487332
984 286.18278923156061 280.0001525992588 7.1537419995293021
985 286.17767677316908 280.00015265572108 7.1610929993912578
986 286.17256975436601 280.00015271212277 7.1681340001523495
987 286.16746816618416 280.00015276846545 7.1751170000061393
988 286.16237199970823 280.00015282474845 7.1821809997782111
989 286.15728124602617 280.00015288097126 7.1895669996738434
990 286.15219589625627 280.000152937135 7.1970419995486736
991 286.1471159415396 280.00015299323843 7.2043460002169013
992 286.14204137303784 280.00015304928257 7.2133710002526641
993 286.13697218193357 280.00015310526754 7.2204050002619624
994 286.13190835944198 280.00015316119277 7.2276079999282956
995 286.1268498967849 280.00015321705899 7.234718999825418
996 286.12179678522244 280.0001532728665 7.2418999997898936
997 286.11674901602441 280.00015332861454 7.2492169998586178
998 286.11170658048798 280.00015338430461 7.2553329998627305
999 286.10666946993712 280.00015343993476 7.262895000167191
1000 286.10163767570157 280.00015349550625 7.2703619999811053
1001 286.09661118916074 280.00015355101988 7.2778209997341037
1002 286.09159000168574 280.00015360647444 7.2852400001138449
1003 286.08657410469078 280.00015366187057 7.2926399996504188
1004 286.08156348960313 280.00015371720821 7.2997509995475411
1005 286.07655814786938 280.00015377248758 7.3070459999144077
1006 286.07155807096382 280.00015382770931 7.3143410002812743
1007 286.06656325038102 280.00015388287306 7.3214769996702671
1008 286.06157367763609 280.00015393797895 7.3288779994472861
1009 286.05658934425844 280.00015399302646 7.3361259996891022
1010 286.05161024181558 280.00015404801621 7.3432860001921654
1011 286.04663636187837 280.0001541029481 7.3502620002254844
1012 286.04166769604751 280.00015415782286 7.3572889994829893
1013 286.03670423594724 280.00015421263959 7.3644309993833303
1014 286.03174597321669 280.00015426739924 7.3718649996444583
1015 286.02679289952067 280.00015432210154 7.3793770000338554
1016 286.02184500653846 280.00015437674756 7.3865869995206594
1017 286.01690228597658 280.00015443133566 7.3940469995141029
1018 286.01196472956076 280.00015448586669 7.4012519996613264
1019 286.00703232903822 280.0001545403411 7.4084820002317429
1020 286.00210507617237 280.00015459475799 7.4156349999830127
1021 285.99718296274983 280.00015464911866 7.4227719996124506
1022 285.99226598057754 280.0001547034222 7.429368999786675
1023 285.98735412148505 280.00015475766986 7.4368009995669127
1024 285.98244737731909 280.00015481186057 7.4441980002447963
1025 285.9775457399499 280.00015486599494 7.4512970000505447
1026 285.97264920125775 280.00015492007304 7.4582559997215867
1027 285.96775775316218 280.0001549740947 7.4655619999393821
1028 285.96287138758004 280.00015502806127 7.4723399998620152
1029 285.9579900964664 280.00015508197015 7.4796209996566176
1030 285.95311387179061 280.00015513582377 7.4872139999642968
1031 285.94824270553642 280.00015518962147 7.4942410001531243
1032 285.94337658971142 280.00015524336374 7.5013899998739362
1033 285.93851551634549 280.00015529704973 7.5087000001221895
1034 285.9336594774843 280.00015535068081 7.5156990000978112
1035 285.9288084651937 280.00015540425585 7.522788000293076
1036 285.92396247155966 280.00015545777575 7.5293880002573133
1037 285.9191214886871 280.00015551124028 7.5367689998820424
1038 285.91428550870484 280.00015556465013 7.544042999856174
1039 285.90945452375217 280.00015561800387 7.551473000086844
1040 285.9046285259945 280.00015567130293 7.5584909999743104
1041 285.89980750760913 280.00015572454703 7.5655300002545118
1042 285.89499146080573 280.0001557777357 7.5726659996435046
1043 285.89018037779744 280.00015583087048 7.579772999510169
1044 285.88537425082978 280.0001558839507 7.5871519995853305
1045 285.88057307215564 280.00015593697503 7.5946479998528957
1046 285.87577683405823 280.00015598994509 7.6021609995514154
1047 285.87098552882702 280.00015604286108 7.609548999927938
1048 285.86619914878122 280.00015609572188 7.6167519995942712
1049 285.86141768625117 280.00015614853004 7.6237530000507832
1050 285.85664113358877 280.0001562012834 7.6298460001125932
1051 285.85186948316641 280.00015625398248 7.6373490002006292
1052 285.84710272737323 280.0001563066271 7.6446139998733997
1053 285.84234085861885 280.00015635921756 7.6520739998668432
1054 285.83758386931908 280.00015641175509 7.6591010000556707
1055 285.832831751924 280.00015646423788 7.6664640000090003
1056 285.82808449890092 280.00015651666803 7.6731759998947382
1057 285.82334210272342 280.00015656904321 7.6799579998478293
1058 285.81860455589219 280.00015662136542 7.6872769994661212
1059 285.81387185091802 280.00015667363465 7.6945789996534586
1060 285.80914398034872 280.00015672584931 7.7018900001421571
1061 285.80442093672315 280.00015677801093 7.7091260002925992
1062 285.79970271261686 280.0001568301202 7.7165740001946688
1063 285.79498930061783 280.0001568821757 7.723751999437809
1064 285.79028069333543 280.00015693417822 7.7311969995498657
1065 285.7855768833831 280.00015698612799 7.7386119998991489
1066 285.78087786341121 280.00015703802478 7.7459990000352263
1067 285.77618362607376 280.00015708986894 7.7533839996904135
1068 285.77149416404848 280.00015714165954 7.7610200000926852
1069 285.76680947002984 280.00015719339751 7.768240999430418
1070 285.76212953672893 280.00015724508455 7.7752689998596907
1071 285.75745435687281 280.00015729671702 7.7824740000069141
1072 285.75278392320661 280.00015734829771 7.7894749995321035
1073 285.7481182284962 280.00015739982649 7.7964399997144938
1074 285.74345726551536 280.00015745130253 7.8036700002849102
1075 285.73880102707028 280.00015750272695 7.8111199997365475
1076 285.73414950596879 280.00015755409913 7.8186459997668862
1077 285.7295026950423 280.00015760541822 7.8407709999009967
1078 285.72486058713844 280.00015765668684 7.8534869998693466
1079 285.72022317512995 280.00015770790327 7.8606650000438094
1080 285.71559045189184 280.00015775906763 7.8678069999441504
1081 285.71096241032194 280.00015781018061 7.8748169997707009
1082 285.70633904334034 280.00015786124209 7.8819420002400875
1083 285.70172034387861 280.00015791225121 7.8879469996318221
1084 285.69710630488021 280.0001579632098 7.895112999714911
1085 285.69249691931731 280.00015801411621 7.9023209996521473
1086 285.68789218016565 280.00015806497203 7.9094829997047782
1087 285.68329208042928 280.00015811577595 7.9167080000042915
1088 285.67869661312318 280.0001581665291 7.9237759998068213
1089 285.6741057712731 280.00015821723122 7.9310820000246167
1090 285.66951954792779 280.00015826788166 7.9382839994505048
1091 285.66493793615467 280.00015831848253 7.9455549996346235
1092 285.66036092903141 280.00015836903088 7.9529050001874566
1093 285.65578851965466 280.00015841952927 7.9602779997512698
1094 285.65122070113529 280.00015846997735 7.9676319994032383
1095 285.64665746660251 280.0001585203745 7.974999999627471
1096 285.64209880920311 280.0001585707202 7.9825059995055199
1097 285.63754472209257 280.0001586210164 7.9894079994410276
1098 285.63299519844787 280.00015867126137 7.9960699994117022
1099 285.62845023146701 280.00015872145815 8.0031690001487732
1100 285.62390981434936 280.00015877160206 8.0103139998391271
1101 285.61937394032384 280.0001588216968 8.017467999830842
1102 285.61484260262841 280.00015887174226 8.0249029994010925
1103 285.61031579451753 280.00015892173684 8.0315640000626445
1104 285.60579350926031 280.00015897168231 8.0378139996901155
1105 285.60127574014615 280.00015902157571 8.0452399998903275
1106 285.5967624804743 280.00015907142125 8.0524739995598793
1107 285.59225372355536 280.00015912121609 8.0597729999572039
1108 285.58774946273712 280.00015917096221 8.0668049994856119
1109 285.58324969135759 280.00015922065853 8.0740559995174408
1110 285.57875440277917 280.00015927030461 8.0816509993746877
1111 285.57426359038186 280.0001593199018 8.0881759999319911
1112 285.56977724755745 280.00015936944959 8.0957410000264645
1113 285.56529536771797 280.00015941894782 8.1030719997361302
1114 285.56081794428235 280.00015946839676 8.1101089995354414
1115 285.55634497069849 280.00015951779778 8.1173069998621941
1116 285.55187644041342 280.00015956714913 8.1244550002738833
1117 285.54741234689311 280.00015961645011 8.1314819995313883
1118 285.54295268362716 280.00015966570362 8.1384880002588034
1119 285.53849744411195 280.00015971490728 8.1459309998899698
1120 285.53404662185886 280.00015976406303 8.1531349997967482
1121 285.52960021040138 280.00015981317017 8.1604629997164011
1122 285.52515820328136 280.00015986222809 8.1677559996023774
1123 285.52072059405259 280.00015991123803 8.1751279998570681
1124 285.51628737628903 280.00015996019823 8.18234199937433
1125 285.51185854357698 280.00016000911131 8.1885519996285439
1126 285.50743408951979 280.00016005797551 8.1958119999617338
1127 285.5030140077339 280.00016010679229 8.2031999994069338
1128 285.49859829185078 280.00016015556042 8.2104380000382662
1129 285.49418693550894 280.0001602042795 8.2177379997447133
1130 285.48977993237702 280.00016025295071 8.2249429998919368
1131 285.48537727611745 280.00016030157406 8.2320369994267821
1132 285.48097896042981 280.00016035014983 8.238171000033617
1133 285.47658497900841 280.00016039867774 8.245682000182569
1134 285.47219532557261 280.00016044715704 8.2530969996005297
1135 285.46780999385203 280.0001604955898 8.260513000190258
1136 285.4634289775903 280.00016054397486 8.2680379999801517
1137 285.45905227054914 280.00016059231166 8.2753320001065731
1138 285.45467986649891 280.00016064060128 8.2823559995740652
1139 285.45031175922531 280.00016068884258 8.2897060001268983
1140 285.4459479425355 280.00016073703722 8.2960989996790886
1141 285.44158841023426 280.00016078518524 8.3033750001341105
1142 285.43723315615426 280.00016083328478 8.3108369996771216
1143 285.43288217414204 280.00016088133668 8.3180189998820424
1144 285.42853545804957 280.00016092934277 8.3251769999042153
1145 285.42419300174475 280.00016097730207 8.3322999998927116
1146 285.41985479911278 280.00016102521363 8.3393799997866154
1147 285.41552084405373 280.00016107307869 8.3461199998855591
1148 285.41119113047375 280.00016112089611 8.3533680001273751
1149 285.40686565229817 280.00016116866698 8.3607299998402596
1150 285.40254440346672 280.00016121639209 8.3680389998480678
1151 285.39822737792775 280.00016126406945 8.375152999535203
1152 285.39391456964847 280.00016131170173 8.3822189997881651
1153 285.38960597260518 280.00016135928672 8.3896909998729825
1154 285.38530158078879 280.00016140682555 8.3971929997205734
1155 285.38100138820602 280.00016145431681 8.4040350001305342
1156 285.37670538887448 280.00016150176322 8.4111909996718168
1157 285.37241357682296 280.0001615491625 8.4185399999842048
1158 285.36812594609881 280.00016159651562 8.4257260002195835
1159 285.36384249075701 280.00016164382282 8.4330449998378754
1160 285.35956320487287 280.00016169108409 8.4401839999482036
1161 285.35528808252235 280.00016173829925 8.4473919998854399
1162 285.35101711781226 280.00016178546821 8.4545820001512766
1163 285.34675030483993 280.00016183259186 8.4618640001863241
1164 285.34248763774031 280.00016187966963 8.4692819993942976
1165 285.33822911064442 280.00016192670097 8.4766959995031357
1166 285.333974717697 280.00016197368694 8.4834259999915957
1167 285.32972445306137 280.00016202062778 8.4903529994189739
1168 285.32547831091455 280.00016206752269 8.4975069994106889
1169 285.32123628544167 280.00016211437207 8.5047439998015761
1170 285.31699837084415 280.00016216117677 8.5119930002838373
1171 285.31276456133031 280.00016220793555 8.5192689998075366
1172 285.30853485112686 280.00016225464901 8.5267719998955727
1173 285.30430923447562 280.00016230131689 8.5344699993729591
1174 285.30008770562159 280.00016234794066 8.5415899995714426
1175 285.29587025882654 280.00016239451924 8.5490159997716546
1176 285.29165688837003 280.00016244105211 8.5571670001372695
1177 285.28744758853736 280.00016248753923 8.563612999394536
1178 285.2832423536272 280.00016253398292 8.5712259998545051
1179 285.27904117795691 280.00016258038119 8.5784599995240569
1180 285.27484405584693 280.00016262673518 8.5859699994325638
1181 285.27065098163285 280.00016267304272 8.5934490002691746
1182 285.26646194967049 280.00016271930872 8.6005760002881289
1183 285.26227695431862 280.00016276552776 8.6077169999480247
1184 285.25809598994545 280.00016281170252 8.6148699996992946
1185 285.25391905094693 280.0001628578334 8.6220169998705387
1186 285.24974613171275 280.00016290391869 8.6292260000482202
1187 285.24557722665833 280.00016294996141 8.6365590002387762
1188 285.24141233020288 280.00016299595922 8.6438079997897148
1189 285.23725143677984 280.00016304191257 8.6510880002751946
1190 285.23309454084392 280.00016308782057 8.6581330001354218
1191 285.22894163684327 280.00016313368707 8.6650989996269345
1192 285.22479271925027 280.00016317950849 8.6721620000898838
1193 285.22064778254907 280.0001632252862 8.6795410001650453
1194 285.21650682123294 280.00016327101883 8.6868909997865558
1195 285.21236982981009 280.00016331670804 8.6941200001165271
1196 285.20823680279511 280.00016336235359 8.7014410002157092
1197 285.20410773471707 280.00016340795548 8.7088169995695353
1198 285.19998262011319 280.00016345351469 8.715718999505043
1199 285.19586145354123 280.0001634990295 8.7228629998862743
1200 285.19174422956888 280.0001635445002 8.7302660001441836
1201 285.18763094276494 280.00016358992798 8.7375640003010631
1202 285.18352158772075 280.00016363531245 8.7449739994481206
1203 285.17941615903203 280.00016368065286 8.7523499997332692
1204 285.17531465131214 280.00016372595047 8.7596650002524257
1205 285.1712170591814 280.00016377120517 8.7668199995532632
1206 285.16712337727438 280.00016381641518 8.7740839999169111
1207 285.16303360023585 280.00016386158347 8.7810030002146959
1208 285.15894772271668 280.00016390670868 8.7883129995316267
1209 285.15486573939432 280.00016395179097 8.7956699999049306
1210 285.15078764493893 280.00016399682909 8.8031589994207025
1211 285.14671343404495 280.00016404182583 8.8103160001337528
1212 285.14264310141112 280.00016408677897 8.8173589995130897
1213 285.13857664175345 280.00016413169004 8.8245489997789264
1214 285.13451404979037 280.00016417655706 8.8309749998152256
1215 285.13045532026246 280.00016422138197 8.838018000125885
1216 285.12640044790811 280.0001642661652 8.845482999458909
1217 285.12234942749461 280.00016431090563 8.8527180003002286
1218 285.1183022537806 280.00016435560275 8.8599499994888902
1219 285.11425892154898 280.00016440025814 8.8671479998156428
1220 285.11021942558801 280.00016444487125 8.8743899995461106
1221 285.10618376070408 280.00016448944132 8.8817069996148348
1222 285.10215192170489 280.00016453396972 8.888926999643445
1223 285.09812390340801 280.00016457845584 8.8961459994316101
1224 285.09409970065713 280.0001646228996 8.9034869996830821
1225 285.0900793082875 280.00016466730091 8.9110169997438788
1226 285.08606272116162 280.00016471166094 8.9181849993765354
1227 285.0820499341433 280.00016475597801 8.9252499993890524
1228 285.07804094210513 280.0001648002542 8.9325820002704859
1229 285.07403573994094 280.00016484448764 8.9393870001658797
1230 285.07003432254248 280.00016488868073 8.9466509995982051
1231 285.06603668482097 280.00016493283124 8.9540900001302361
1232 285.0620428216958 280.00016497693969 8.9615569999441504
1233 285.05805272810136 280.00016502100721 8.9687529997900128
1234 285.05406639897137 280.000165065033 8.975976999849081
1235 285.05008382925797 280.00016510901651 8.9832189995795488
1236 285.04610501392534 280.00016515295982 8.990450999699533
1237 285.04212994794409 280.00016519686136 8.9976089997217059
1238 285.03815862629318 280.00016524072163 9.005005999468267
1239 285.03419104397238 280.00016528453995 9.0123509997501969
1240 285.03022719597811 280.00016532831791 9.0195880001410842
1241 285.02626707732708 280.00016537205346 9.0268279993906617
1242 285.02231068304206 280.00016541574882 9.034252000041306
1243 285.01835800815678 280.0001654594023 9.042030000127852
1244 285.01440904771562 280.00016550301507 9.0495649995282292
1245 285.01046379677462 280.00016554658833 9.0565619999542832
1246 285.00652225039386 280.00016559011834 9.0630470002070069
1247 285.002584403654 280.00016563360867 9.0703830001875758
1248 284.9986502516341 280.00016567705762 9.0771460002288222
1249 284.99471978943461 280.00016572046661 9.0846130000427365
1250 284.99079301215636 280.00016576383496 9.0919030001387
1251 284.98686991491519 280.00016580716203 9.0991040002554655
1252 284.98295049283996 280.00016585044835 9.1054600002244115
1253 284.97903474106255 280.00016589369454 9.1127559999004006
1254 284.97512265472989 280.00016593689992 9.1203389996662736
1255 284.97121422899352 280.00016598006505 9.1275549996644258
1256 284.96730945901771 280.00016602318988 9.1348879998549819
1257 284.96340833998414 280.00016606627469 9.1421940000727773
1258 284.95951086707544 280.00016610931908 9.1492069996893406
1259 284.95561703547821 280.00016615232266 9.1555610001087189
1260 284.95172684040438 280.00016619528679 9.1625609993934631
1261 284.94784027706692 280.00016623821125 9.1700909994542599
1262 284.94395734068729 280.00016628109415 9.1774319997057319
1263 284.94007802650214 280.00016632393846 9.1848059995099902
1264 284.9362023297515 280.00016636674252 9.1921929996460676
1265 284.9323302456915 280.00016640950651 9.1994799999520183
1266 284.92846176958142 280.00016645223008 9.2064319998025894
1267 284.92459689669374 280.00016649491323 9.2132759997621179
1268 284.92073562231218 280.00016653755904 9.2206229995936155
1269 284.91687794172611 280.00016658016386 9.2281019994989038
1270 284.91302385023573 280.00016662272827 9.235398999415338
1271 284.90917334315111 280.00016666525346 9.2426929995417595
1272 284.90532641579676 280.00016670773942 9.2500109998509288
1273 284.90148306349613 280.00016675018657 9.257408999837935
1274 284.89764328159009 280.00016679259352 9.2647749995812774
1275 284.89380706542659 280.00016683496068 9.2720820000395179
1276 284.88997441036202 280.00016687728873 9.2794420002028346
1277 284.88614531176256 280.00016691957865 9.286545000039041
1278 284.88231976500327 280.00016696182837 9.2939179996028543
1279 284.8784977654729 280.00016700403881 9.3013730002567172
1280 284.8746793085657 280.00016704621066 9.3085589995607734
1281 284.87086438967964 280.00016708834295 9.3155969996005297
1282 284.86705300423569 280.00016713043641 9.3227009996771812
1283 284.86324514765096 280.00016717249207 9.3296369994059205
1284 284.85944081535598 280.00016721450743 9.3371820002794266
1285 284.85564000279589 280.00016725648328 9.3446709997951984
1286 284.85184270541714 280.0001672984211 9.3521640002727509
1287 284.84804891867481 280.00016734032044 9.3594269994646311
1288 284.84425863804171 280.00016738218022 9.3666749997064471
1289 284.84047185899266 280.00016742400265 9.3737549996003509
1290 284.83668857701366 280.00016746578581 9.3809580001980066
1291 284.83290878759999 280.00016750752945 9.3880179999396205
1292 284.82913248625397 280.00016754923547 9.3953320002183318
1293 284.82535966848616 280.00016759090261 9.4026589998975396
1294 284.82159032982429 280.00016763253223 9.4102419996634126
1295 284.81782446579518 280.00016767412296 9.4175070002675056
1296 284.8140620719339 280.00016771567471 9.4247850002720952
1297 284.81030314379763 280.00016775718922 9.4320169994607568
1298 284.80654767693426 280.00016779866496 9.4392909994348884
1299 284.80279566691479 280.00016784010279 9.4468809999525547
1300 284.7990471093126 280.0001678815027 9.4542180001735687
1301 284.79530199970606 280.00016792286482 9.4615249997004867
1302 284.79156033369594 280.00016796418777 9.4689139993861318
1303 284.78782210687564 280.00016800547297 9.4763030000030994
1304 284.7840873148574 280.00016804672049 9.4834359996020794
1305 284.78035595325872 280.00016808793026 9.4904800001531839
1306 284.77662801770629 280.00016812910252 9.4977390002459288
1307 284.77290350383413 280.00016817023698 9.505001999437809
1308 284.76918240728696 280.00016821133283 9.5122699998319149
1309 284.76546472371473 280.00016825239231 9.5197040000930429
1310 284.76175044878238 280.00016829341337 9.5269740000367165
1311 284.75803957815447 280.00016833439616 9.534238999709487
1312 284.75433210751208 280.00016837534275 9.5414519999176264
1313 284.75062803254019 280.00016841625057 9.5487580001354218
1314 284.74692734893398 280.00016845712202 9.5563079994171858
1315 284.74323005239876 280.00016849795594 9.5637710001319647
1316 284.73953613864131 280.00016853875178 9.570698999799788
1317 284.73584560337963 280.00016857951078 9.5779559994116426
1318 284.73215844234892 280.00016862023182 9.585419999435544
1319 284.72847465128035 280.00016866091579 9.5929800001904368
1320 284.72479422592153 280.00016870156304 9.6002919999882579
1321 284.72111716202625 280.0001687421734 9.6074489997699857
1322 284.71744345535257 280.00016878274607 9.6137049999088049
1323 284.71377310167139 280.00016882328259 9.6210739994421601
1324 284.71010609676097 280.00016886378114 9.6287319995462894
1325 284.706442436408 280.00016890424308 9.6362060001119971
1326 284.70278211640357 280.00016894466768 9.6433840002864599
1327 284.69912513255201 280.00016898505601 9.6508289994671941
1328 284.69547148066198 280.00016902540801 9.6581520000472665
1329 284.6918211565544 280.00016906572256 9.6656390000134706
1330 284.68817415605599 280.00016910599965 9.6728679994121194
1331 284.68453047499975 280.00016914624246 9.6800379995256662
1332 284.68089010922694 280.00016918644667 9.6873509995639324
1333 284.67725305458993 280.00016922661501 9.6946989996358752
1334 284.67361930694977 280.00016926674641 9.7021079994738102
1335 284.66998886216697 280.00016930684205 9.7095630001276731
1336 284.66636171612191 280.00016934690075 9.7167179994285107
1337 284.66273786469117 280.00016938692295 9.7240420002490282
1338 284.6591173037728 280.00016942690854 9.730294999666512
1339 284.65550002925687 280.00016946685906 9.7376009998843074
1340 284.65188603705633 280.00016950677184 9.7448570001870394
1341 284.648275323083 280.00016954664852 9.7522189998999238
1342 284.64466788325853 280.00016958649024 9.7595979999750853
1343 284.64106371350658 280.00016962629502 9.7669179998338223
1344 284.63746280977563 280.00016966606404 9.7743959994986653
1345 284.63386516800392 280.00016970579657 9.7805850002914667
1346 284.63027078414291 280.00016974549294 9.7874569995328784
1347 284.62667965415756 280.00016978515418 9.7948549995198846
1348 284.62309177401602 280.00016982477854 9.8024009997025132
1349 284.6195071396906 280.00016986436805 9.8099250001832843
1350 284.61592574716684 280.00016990392209 9.8172570001333952
1351 284.61234759243717 280.0001699434394 9.8244669996201992
1352 284.60877267150181 280.00016998292108 9.8316599996760488
1353 284.60520098036005 280.00017002236797 9.8388249995186925
1354 284.60163251503371 280.00017006177751 9.8457969995215535
1355 284.59806727154307 280.00017010115289 9.8532449994236231
1356 284.59450524591063 280.00017014049274 9.8608069997280836
1357 284.59094643418166 280.00017017979604 9.8681239997968078
1358 284.58739083239664 280.00017021906484 9.8755439994856715
1359 284.58383843660732 280.00017025829834 9.8830779995769262
1360 284.58028924287265 280.0001702974962 9.8899710001423955
1361 284.57674324725872 280.00017033665858 9.8961039995774627
1362 284.57320044584242 280.00017037578544 9.903694000095129
1363 284.56966083470218 280.00017041487729 9.9114039996638894
1364 284.56612440992842 280.00017045393412 9.9183970000594854
1365 284.5625911676135 280.00017049295604 9.9255329994484782
1366 284.55906110386354 280.00017053194136 9.9330460000783205
1367 284.55553421479033 280.00017057089377 9.9574729995802045
1368 284.55201049651356 280.00017060981037 9.9684379994869232
1369 284.54848994515504 280.00017064869377 9.9744159998372197
1370 284.54497255684657 280.00017068753897 9.9808160001412034
1371 284.54145832772878 280.00017072635046 9.9875980000942945
1372 284.53794725395335 280.00017076512808 9.9950909996405244
1373 284.53443933167318 280.00017080386999 10.002350999973714
1374 284.53093455704243 280.00017084257746 10.00954999960959
1375 284.52743292623978 280.00017088124952 10.016652999445796
1376 284.52393443543292 280.00017091988752 10.024062000215054
1377 284.52043908081015 280.00017095849125 10.030419999733567
1378 284.5169468585587 280.00017099706014 10.037750999443233
1379 284.51345776487642 280.00017103559418 10.045071999542415
1380 284.50997179596919 280.00017107409371 10.052552999928594
1381 284.50648894804601 280.00017111255846 10.059896999970078
1382 284.50300921732861 280.00017115098944 10.067003999836743
1383 284.49953260003809 280.0001711893853 10.074241999536753
1384 284.49605909240842 280.0001712277471 10.081371000036597
1385 284.49258869067927 280.00017126607401 10.088558999821544
1386 284.48912139109603 280.00017130436817 10.09595699980855
1387 284.48565718991529 280.00017134262714 10.103333999402821
1388 284.48219608339235 280.00017138085087 10.110751000232995
1389 284.47873806779734 280.00017141904328 10.11806199979037
1390 284.47528313940228 280.00017145719909 10.125386999920011
1391 284.47183129449269 280.00017149532147 10.132565000094473
1392 284.46838252935368 280.00017153341037 10.139678999781609
1393 284.46493684027649 280.00017157146516 10.14680099952966
1394 284.46149422356825 280.00017160948511 10.154126999899745
1395 284.45805467553248 280.0001716474722 10.161492999643087
1396 284.45461819248834 280.00017168542536 10.168903999961913
1397 284.45118477075033 280.00017172334441 10.17637399956584
1398 284.44775440665643 280.00017176123015 10.183562000282109
1399 284.44432709653591 280.00017179908275 10.190848999656737
1400 284.44090283673387 280.00017183690039 10.197978000156581
1401 284.43748162359594 280.00017187468535 10.204974999651313
1402 284.43406345348251 280.00017191243495 10.212400999851525
1403 284.43064832274814 280.00017195015232 10.219813999719918
1404 284.42723622776998 280.00017198783576 10.227194000035524
1405 284.4238271649167 280.00017202548628 10.234423999674618
1406 284.42042113057244 280.00017206310253 10.241698999889195
1407 284.41701812112865 280.0001721006858 10.248939000070095
1408 284.41361813297544 280.00017213823588 10.256276000291109
1409 284.41022116251838 280.00017217575231 10.263550999574363
1410 284.40682720616439 280.00017221323589 10.270879999734461
1411 284.40343626032865 280.00017225068581 10.278249999508262
1412 284.40004832142904 280.00017228810174 10.285654000006616
1413 284.39666338590126 280.00017232548572 10.293038999661803
1414 284.39328145017282 280.00017236283708 10.30024900007993
1415 284.38990251068691 280.00017240015376 10.307636000216007
1416 284.38652656389189 280.00017243743878 10.315112999640405
1417 284.38315360623938 280.00017247468963 10.321782999671996
1418 284.37978363418904 280.0001725119082 10.329150999896228
1419 284.37641664420863 280.00017254909397 10.336490999907255
1420 284.37305263277074 280.00017258624678 10.343890000134706
1421 284.36969159635669 280.00017262336615 10.351385000161827
1422 284.36633353144629 280.00017266045302 10.358591999858618
1423 284.36297843454082 280.00017269750708 10.365693999454379
1424 284.35962630212856 280.00017273452949 10.372080999426544
1425 284.35627713072296 280.00017277151807 10.379428000189364
1426 284.35293091682894 280.00017280847402 10.387000999413431
1427 284.34958765696268 280.00017284539877 10.394474999979138
1428 284.3462473476531 280.00017288228906 10.401850000023842
1429 284.34290998542542 280.00017291914793 10.409043999388814
1430 284.33957556681662 280.00017295597326 10.416300999931991
1431 284.33624408837227 280.00017299276709 10.423706999979913
1432 284.33291554663623 280.00017302952801 10.430890999734402
1433 284.32958993816374 280.00017306625665 10.437911999411881
1434 284.32626725951502 280.00017310295306 10.445230999961495
1435 284.32294750725907 280.00017313961553 10.452611000277102
1436 284.31963067796642 280.0001731762473 10.460053999908268
1437 284.31631676821837 280.00017321284656 10.467581000179052
1438 284.31300577459785 280.00017324941354 10.474891999736428
1439 284.30969769369932 280.0001732859489 10.482293999753892
1440 284.30639252211506 280.00017332245204 10.48945300001651
1441 284.30309025645397 280.00017335892215 10.49585899990052
1442 284.29979089331829 280.00017339536168 10.503425999544561
1443 284.29649442932975 280.00017343176705 10.510276000015438
1444 284.29320086110812 280.00017346814292 10.517780999653041
1445 284.28991018528035 280.00017350448564 10.525046999566257
1446 284.2866223984804 280.00017354079523 10.532266999594867
1447 284.28333749734583 280.00017357707435 10.539517999626696
1448 284.28005547852439 280.00017361332152 10.546356000006199
1449 284.27677633866443 280.00017364953669 10.553906999528408
1450 284.27350007442698 280.00017368571997 10.561360999941826
1451 284.27022668246752 280.00017372187205 10.56865599937737
1452 284.26695615946744 280.00017375799229 10.575939999893308
1453 284.26368850209138 280.00017379408098 10.583352999761701
1454 284.26042370702316 280.00017383013841 10.590532000176609
1455 284.25716177094961 280.00017386616287 10.598017999902368
1456 284.25390269056089 280.00017390215669 10.605409999378026
1457 284.25064646256288 280.00017393811868 10.612587000243366
1458 284.24739308364724 280.0001739740494 10.620000999420881
1459 284.24414255053267 280.00017400994926 10.62731199990958
1460 284.24089485993414 280.00017404581632 10.6346419993788
1461 284.23765000857134 280.0001740816532 10.641855999827385
1462 284.23440799316984 280.00017411745847 10.649132999591529
1463 284.23116881046514 280.00017415323219 10.656293999403715
1464 284.22793245719436 280.000174188975 10.663750999607146
1465 284.22469893010179 280.00017422468591 10.670851999893785
1466 284.22146822593919 280.00017426036607 10.678313999436796
1467 284.21824034145476 280.00017429601559 10.685819000005722
1468 284.21501527342002 280.0001743316339 10.693202999420464
1469 284.21179301859786 280.00017436722123 10.70043299999088
1470 284.20857357375837 280.00017440277611 10.707631999626756
1471 284.20535693568013 280.00017443830063 10.714300000108778
1472 284.20214310115119 280.00017447379503 10.72155399993062
1473 284.19893206695826 280.00017450925787 10.728984999470413
1474 284.1957238298956 280.00017454469054 10.736403999850154
1475 284.19251838676598 280.00017458009205 10.74361199978739
1476 284.18931573437141 280.00017461546383 10.750775999389589
1477 284.18611586952875 280.00017465080316 10.758050000295043
1478 284.18291878905006 280.00017468611236 10.765506000258029
1479 284.17972448975718 280.00017472139098 10.772950999438763
1480 284.17653296848744 280.00017475663799 10.779569000005722
1481 284.17334422206181 280.00017479185539 10.786833999678493
1482 284.17015824733164 280.00017482704163 10.794351999647915
1483 284.16697504113364 280.00017486219724 10.801558000035584
1484 284.16379460032186 280.00017489732363 10.80867899954319
1485 284.16061692174452 280.00017493241802 10.815882000140846
1486 284.15744200227221 280.00017496748217 10.822998999617994
1487 284.15426983876722 280.00017500251573 10.830109000205994
1488 284.15110042809692 280.00017503751889 10.837435999885201
1489 284.14793376714516 280.00017507249225 10.844913000240922
1490 284.14476985278844 280.00017510743504 10.85223799943924
1491 284.14160868192175 280.00017514234798 10.859585999511182
1492 284.13845025143075 280.00017517723006 10.86670000012964
1493 284.13529455821902 280.0001752120811 10.873738999478519
1494 284.13214159918471 280.00017524690247 10.881240000016987
1495 284.12899137124464 280.00017528169593 10.888627000153065
1496 284.1258438713042 280.00017531645665 10.895796000026166
1497 284.12269909628998 280.00017535118798 10.903071000240743
1498 284.11955704312447 280.00017538588895 10.910361999645829
1499 284.11641770873507 280.00017542056048 10.917755999602377
1500 284.11328109006195 280.00017545520177 10.925028000026941
1501 284.11014718404226 280.00017548981253 10.932307999581099
1502 284.10701598762245 280.00017552439363 10.938513999804854
1503 284.10388749775558 280.00017555894516 10.94579799938947
1504 284.10076171139485 280.00017559346696 10.953246999531984
1505 284.0976386255054 280.00017562795898 10.960861000232399
1506 284.09451823704558 280.00017566242047 10.968340000137687
1507 284.09140054299763 280.00017569685349 10.975619999691844
1508 284.08828554032971 280.00017573125558 10.982830000109971
1509 284.08517322603171 280.00017576562942 10.989382999949157
1510 284.08206359708078 280.00017579997291 10.996327999979258
1511 284.07895665047903 280.00017583428536 11.003852999769151
1512 284.07585238321838 280.00017586856933 11.01114400010556
1513 284.07275079229709 280.00017590282391 11.018199999816716
1514 284.06965187473133 280.00017593704797 11.025584999471903
1515 284.0665556275294 280.00017597124355 11.033029000274837
1516 284.06346204770603 280.00017600540906 11.040217000059783
1517 284.06037113228848 280.00017603954581 11.046462999656796
1518 284.05728287830112 280.00017607365197 11.053700000047684
1519 284.05419728277781 280.0001761077304 11.061238000169396
1520 284.05111434275329 280.00017614177892 11.068641999736428
1521 284.04803405527377 280.00017617579795 11.076143000274897
1522 284.04495641738629 280.00017620978821 11.08332800026983
1523 284.04188142613617 280.00017624374954 11.09022399969399
1524 284.03880907859138 280.00017627768091 11.097389999777079
1525 284.03573937180954 280.0001763115834 11.104685999453068
1526 284.03267230285564 280.00017634545702 11.112126999534667
1527 284.02960786880061 280.00017637930029 11.119466999545693
1528 284.02654606673042 280.00017641311604 11.126774000003934
1529 284.02348689371462 280.00017644690155 11.133884999901056
1530 284.02043034684749 280.00017648065858 11.141150999814272
1531 284.01737642322036 280.00017651438657 11.14803500007838
1532 284.01432511992692 280.00017654808499 11.15529299993068
1533 284.01127643407034 280.00017658175545 11.162856999784708
1534 284.00823036275824 280.00017661539709 11.170117000117898
1535 284.00518690309661 280.00017664900912 11.177396999672055
1536 284.00214605220418 280.0001766825921 11.184767999686301
1537 283.99910780720097 280.00017671614739 11.192080999724567
1538 283.99607216521269 280.00017674967341 11.199206999503076
1539 283.99303912336586 280.00017678317187 11.206371000036597
1540 283.99000867880517 280.00017681664059 11.212794000282884
1541 283.98698082865849 280.00017685007947 11.220261999405921
1542 283.98395557007694 280.00017688349106 11.227859999984503
1543 283.98093290020745 280.0001769168731 11.235071999952197
1544 283.97791281620135 280.00017695022842 11.242345999926329
1545 283.9748953152191 280.00017698355424 11.249757999554276
1546 283.97188039442756 280.00017701685096 11.256508000195026
1547 283.96886805099177 280.0001770501197 11.26384299993515
1548 283.96585828207861 280.00017708336009 11.271169999614358
1549 283.96285108487552 280.00017711657125 11.278467999771237
1550 283.95984645655687 280.0001771497557 11.285794999450445
1551 283.95684439430585 280.00017718290997 11.293087000027299
1552 283.95384489532387 280.0001772160366 11.300499999895692
1553 283.95084795679884 280.00017724913556 11.307920999825001
1554 283.94785357593429 280.00017728220621 11.314759000204504
1555 283.94486174993267 280.00017731524855 11.321069999597967
1556 283.94187247600695 280.00017734826224 11.328603999689221
1557 283.93888575137078 280.00017738124723 11.336016000248492
1558 283.93590157323518 280.00017741420515 11.343537000007927
1559 283.9329199388327 280.0001774471358 11.350941999815404
1560 283.92994084538861 280.00017748003648 11.358109000138938
1561 283.92696429012909 280.00017751291085 11.365495000034571
1562 283.92399027029535 280.00017754575566 11.372862000018358
1563 283.9210187831257 280.00017757857381 11.380125999450684
1564 283.91804982587439 280.00017761136274 11.387442000210285
1565 283.91508339578763 280.0001776441253 11.394673999398947
1566 283.9121194901125 280.00017767685898 11.402019999921322
1567 283.90915810611449 280.00017770956453 11.409367999993265
1568 283.90619924105636 280.00017774224312 11.416775000281632
1569 283.90324289220928 280.00017777489342 11.423946999944746
1570 283.90028905683982 280.00017780751637 11.430939000099897
1571 283.89733773222645 280.00017784011078 11.438265999779105
1572 283.89438891565328 280.00017787267819 11.445617999881506
1573 283.89144260439917 280.00017790521684 11.453203999437392
1574 283.88849879576361 280.00017793772963 11.4600879997015
1575 283.8855574870376 280.00017797021354 11.467271000146866
1576 283.8826186755166 280.0001780026704 11.474372999742627
1577 283.87968235850468 280.00017803509979 11.481771999970078
1578 283.87674853331151 280.00017806750134 11.488563000224531
1579 283.8738171972501 280.00017809987588 11.496112000197172
1580 283.87088834763352 280.00017813222195 11.503434999845922
1581 283.86796198178223 280.00017816454113 11.510854000225663
1582 283.8650380970206 280.00017819683256 11.518197000026703
1583 283.86211669068285 280.00017822909751 11.525600000284612
1584 283.85919776009717 280.00017826133416 11.532940000295639
1585 283.85628130260193 280.00017829354471 11.540136000141501
1586 283.85336731554253 280.00017832572695 11.54629800003022
1587 283.85045579626006 280.00017835788071 11.55362300015986
1588 283.84754674210853 280.00017839000907 11.561251999810338
1589 283.84464015044404 280.00017842210968 11.570323999971151
1590 283.84173601862267 280.00017845418387 11.577858000062406
1591 283.83883434400622 280.00017848623025 11.585053999908268
1592 283.83593512396664 280.00017851825027 11.592396999709308
1593 283.8330383558681 280.00017855024214 11.599816000089049
1594 283.83014403709649 280.00017858220741 11.607092999853194
1595 283.82725216502502 280.0001786141454 11.613199000246823
1596 283.82436273704076 280.00017864605599 11.620748000219464
1597 283.82147575052988 280.00017867794065 11.628223999403417
1598 283.81859120288374 280.00017870979804 11.635433999821544
1599 283.81570909150446 280.00017874162859 11.642785999923944
1600 283.81282941378612 280.00017877343248 11.649908999912441
1601 283.8099521671366 280.00017880520852 11.657211999408901
1602 283.80707734896896 280.00017883695909 11.663502000272274
1603 283.80420495668892 280.00017886868164 11.671099999919534
1604 283.80133498771812 280.00017890037913 11.678508999757469
1605 283.79846743947616 280.00017893204887 11.685951000079513
1606 283.79560230939057 280.00017896369155 11.693253999575973
1607 283.79273959488734 280.00017899530843 11.700604000128806
1608 283.78987929340218 280.00017902689791 11.70792100019753
1609 283.78702140237311 280.00017905846141 11.715215999633074
1610 283.78416591924406 280.000179089997 11.722388000227511
1611 283.78131284145621 280.00017912150639 11.729899999685585
1612 283.77846216645753 280.00017915298986 11.737259999848902
1613 283.7756138917091 280.00017918444649 11.744703999720514
1614 283.77276801466235 280.00017921587624 11.751769999973476
1615 283.76992453278058 280.0001792472811 11.75887699984014
1616 283.76708344353125 280.00017927865912 11.766135999932885
1617 283.76424474438204 280.00017931000951 11.773163000121713
1618 283.76140843280757 280.00017934133467 11.779869999736547
1619 283.75857450628473 280.0001793726322 11.786629999987781
1620 283.75574296229581 280.00017940390461 11.794099000282586
1621 283.75291379832851 280.00017943514933 11.801516999490559
1622 283.75008701186766 280.00017946636831 11.808690999634564
1623 283.74726260040711 280.0001794975621 11.816331000067294
1624 283.74444056144671 280.00017952872992 11.823169999755919
1625 283.74162089248676 280.00017955987073 11.83062699995935
1626 283.73880359103225 280.0001795909846 11.838007999584079
1627 283.73598865459121 280.00017962207318 11.845298999920487
1628 283.73317608067924 280.00017965313629 11.852615999989212
1629 283.7303658668103 280.00017968417319 11.860081999562681
1630 283.72755801050494 280.00017971518326 11.867571000009775
1631 283.72475250928983 280.00017974616708 11.874739999882877
1632 283.72194936068922 280.00017977712486 11.881957000121474
1633 283.71914856224191 280.00017980805711 11.889165000058711
1634 283.71635011147612 280.00017983896396 11.895971999503672
1635 283.71355400593671 280.00017986984517 11.903483999893069
1636 283.71076024316505 280.00017990069915 11.91083599999547
1637 283.70796882071335 280.00017993152773 11.918216999620199
1638 283.70517973612414 280.000179962331 11.925711999647319
1639 283.70239298695941 280.00017999310825 11.932811999693513
1640 283.69960857077649 280.00018002385991 11.9393469998613
1641 283.69682648513316 280.00018005458577 11.946107999421656
1642 283.69404672760157 280.00018008528508 11.953563999384642
1643 283.69126929575208 280.00018011596092 11.960946999490261
1644 283.68849418715399 280.00018014660918 11.968386000022292
1645 283.68572139938647 280.00018017723232 11.975800999440253
1646 283.68295093003007 280.00018020782915 11.983036999590695
1647 283.68018277667409 280.00018023840045 11.989709999412298
1648 283.67741693690334 280.0001802689477 11.997077999636531
1649 283.67465340830887 280.00018029946915 12.004277999512851
1650 283.67189218849086 280.00018032996326 12.011284000240266
1651 283.66913327504415 280.0001803604344 12.01870399992913
1652 283.66637666557591 280.00018039087763 12.026120999827981
1653 283.66362235769515 280.00018042129756 12.033325999975204
1654 283.66087034900784 280.00018045169026 12.040613999590278
1655 283.65812063712895 280.00018048205862 12.046961000189185
1656 283.65537321968122 280.00018051240187 12.066134000197053
1657 283.65262809427901 280.00018054271902 12.082661999389529
1658 283.64988525855472 280.00018057301196 12.088990999385715
1659 283.6471447101323 280.00018060327875 12.096076999790967
1660 283.64440644664944 280.00018063352019 12.103342999704182
1661 283.64167046573624 280.00018066373673 12.110689000226557
1662 283.63893676503784 280.00018069392752 12.117948999628425
1663 283.6362053421924 280.00018072409432 12.125167000107467
1664 283.63347619485228 280.0001807542356 12.13249500002712
1665 283.63074932066365 280.00018078435153 12.139855999499559
1666 283.62802471728378 280.00018081444188 12.147063999436796
1667 283.62530238236928 280.00018084450795 12.154287000186741
1668 283.62258231357816 280.00018087454794 12.161532999947667
1669 283.61986450858052 280.00018090456427 12.16909100022167
1670 283.61714896504174 280.000180934556 12.176552999764681
1671 283.61443568063225 280.00018096452214 12.183771999552846
1672 283.61172465303127 280.00018099446208 12.191083000041544
1673 283.60901587991452 280.00018102437843 12.198090000078082
1674 283.60630935896597 280.00018105426983 12.205275000073016
1675 283.6036050878713 280.00018108413485 12.21261200029403
1676 283.60090306431562 280.00018111397696 12.219913999550045
1677 283.59820328599761 280.00018114379344 12.22730700019747
1678 283.59550575061434 280.00018117358519 12.234716000035405
1679 283.59281045585857 280.00018120335233 12.242157999426126
1680 283.59011739943679 280.00018123309565 12.249529999680817
1681 283.58742657906066 280.00018126281321 12.256901999935508
1682 283.58473799243069 280.00018129250697 12.2630759999156
1683 283.582051637272 280.00018132217582 12.270247999578714
1684 283.57936751128977 280.00018135181978 12.27780899964273
1685 283.57668561220891 280.00018138143906 12.285226999782026
1686 283.57400593775986 280.00018141103419 12.292415999807417
1687 283.57132848566152 280.00018144060465 12.29952900018543
1688 283.56865325364492 280.00018147014958 12.306836999952793
1689 283.56598023944883 280.00018149967104 12.313191999681294
1690 283.56330944080491 280.00018152916869 12.320704999379814
1691 283.56064085545916 280.00018155864075 12.328327999450266
1692 283.55797448115283 280.00018158808837 12.335528000257909
1693 283.55531031563567 280.00018161751171 12.342800999991596
1694 283.552648356654 280.00018164691033 12.349960000254214
1695 283.5499886019648 280.00018167628542 12.357129000127316
1696 283.54733104932808 280.00018170563555 12.36442399956286
1697 283.54467569649637 280.00018173496085 12.371021999977529
1698 283.54202254124624 280.00018176426289 12.378330999985337
1699 283.53937158133732 280.00018179354049 12.385851999744773
1700 283.53672281453908 280.00018182279354 12.393287999555469
1701 283.53407623863018 280.00018185202299 12.400475000031292
1702 283.531431851386 280.00018188122766 12.407622999511659
1703 283.52878965058517 280.00018191040795 12.414667000062764
1704 283.52614963401516 280.00018193956481 12.421776999719441
1705 283.52351179946339 280.00018196869746 12.42915999982506
1706 283.52087614471623 280.00018199780646 12.436630999669433
1707 283.51824266756887 280.00018202689097 12.44408299960196
1708 283.51561136582143 280.00018205595086 12.451344000175595
1709 283.51298223727315 280.00018208498722 12.458558999933302
1710 283.51035527972442 280.00018211399924 12.465894999913871
1711 283.50773049098603 280.00018214298842 12.472841999493539
1712 283.50510786886537 280.00018217195293 12.479566999711096
1713 283.50248741117412 280.00018220089345 12.486874000169337
1714 283.49986911573251 280.00018222981026 12.494327999651432
1715 283.49725298036066 280.00018225870406 12.503159999847412
1716 283.4946390028752 280.00018228757352 12.51069699972868
1717 283.49202718110797 280.00018231641894 12.517962999641895
1718 283.48941751288424 280.00018234524111 12.525363999418914
1719 283.48680999604204 280.00018237403782 12.532715999521315
1720 283.48420462840988 280.00018240281304 12.53940000012517
1721 283.4816014078304 280.00018243156359 12.546706999652088
1722 283.47900033214398 280.00018246028952 12.554158999584615
1723 283.47640139919963 280.00018248899181 12.561571999453008
1724 283.47380460684116 280.00018251767256 12.568837000057101
1725 283.47120995292096 280.00018254632761 12.576240999624133
1726 283.46861743529291 280.00018257495998 12.583593999966979
1727 283.46602705181738 280.00018260356836 12.590575999580324
1728 283.46343880034749 280.00018263215304 12.597519000060856
1729 283.46085267875458 280.00018266071481 12.605062999762595
1730 283.45826868490423 280.00018268925282 12.612381000071764
1731 283.45568681666595 280.0001827177677 12.619683000259101
1732 283.45310707191072 280.00018274625751 12.626943999901414
1733 283.45052944851591 280.00018277472623 12.634220999665558
1734 283.44795394436164 280.00018280317033 12.641408000141382
1735 283.44538055732852 280.00018283159079 12.648351999931037
1736 283.44280928530441 280.00018285998902 12.655668999999762
1737 283.44024012617393 280.00018288836253 12.662856999784708
1738 283.4376730778344 280.00018291671319 12.670153999701142
1739 283.4351081381738 280.00018294503991 12.677577000111341
1740 283.43254530509211 280.00018297334503 12.684026999399066
1741 283.42998457649338 280.00018300162634 12.691301999613643
1742 283.42742595027642 280.00018302988332 12.697537999600172
1743 283.42486942434743 280.00018305811864 12.704234999604523
1744 283.42231499661887 280.00018308633003 12.711639999412
1745 283.4197626650037 280.00018311451822 12.719263999722898
1746 283.41721242741528 280.00018314268289 12.726559000089765
1747 283.41466428177722 280.00018317082589 12.733966999687254
1748 283.41211822600246 280.00018319894508 12.741306999698281
1749 283.40957425802458 280.00018322704 12.748620999976993
1750 283.40703237576292 280.00018325511297 12.754731999710202
1751 283.40449257715744 280.00018328316213 12.762159999459982
1752 283.40195486013124 280.0001833111898 12.769592999480665
1753 283.39941922263233 280.00018333919388 12.777127999812365
1754 283.39688566258457 280.00018336717488 12.784412999637425
1755 283.39435417794601 280.00018339513258 12.791685000061989
1756 283.3918247666536 280.00018342306799 12.79878900013864
1757 283.38929742665812 280.0001834509805 12.8059799997136
1758 283.386772155909 280.00018347886993 12.812831999734044
1759 283.3842489523629 280.00018350673736 12.820152999833226
1760 283.38172781397253 280.0001835345808 12.827441999688745
1761 283.37920873870138 280.00018356240241 12.834716999903321
1762 283.37669172451035 280.00018359020027 12.842066999524832
1763 283.37417676936803 280.00018361797549 12.849504999816418
1764 283.37166387123779 280.0001836457289 12.856412000022829
1765 283.36915302809928 280.00018367345928 12.86387399956584
1766 283.36664423791728 280.00018370116595 12.870706999674439
1767 283.36413749867302 280.00018372885074 12.877979999408126
1768 283.36163280835257 280.0001837565132 12.885518999770284
1769 283.35913016492736 280.00018378415297 12.892841000109911
1770 283.35662956639322 280.00018381177 12.900108000263572
1771 283.35413101073169 280.0001838393631 12.907354000024498
1772 283.35163449593585 280.00018386693563 12.913796999491751
1773 283.34914002000426 280.00018389448485 12.921231999993324
1774 283.34664758093129 280.00018392201213 12.928786000236869
1775 283.34415717671521 280.0001839495169 12.936226000078022
1776 283.34166880536088 280.00018397699876 12.94359099958092
1777 283.33918246487309 280.00018400445794 12.950822999700904
1778 283.33669815326368 280.00018403189489 12.958038999699056
1779 283.33421586853592 280.00018405930996 12.96528899949044
1780 283.33173560871035 280.00018408670229 12.972021999768913
1781 283.32925737180153 280.00018411407206 12.979079999960959
1782 283.32678115583019 280.00018414141937 12.986289999447763
1783 283.32430695881754 280.00018416874525 12.993828999809921
1784 283.32183477878817 280.00018419604868 13.001290000043809
1785 283.31936461377285 280.00018422332931 13.008406000211835
1786 283.31689646179581 280.00018425058761 13.015680999495089
1787 283.31443032089612 280.00018427782391 13.02222799975425
1788 283.31196618910815 280.00018430503724 13.029854999855161
1789 283.3095040644734 280.00018433222994 13.037343999370933
1790 283.30704394502789 280.00018435940035 13.044898999854922
1791 283.30458582882329 280.00018438654763 13.052899999544024
1792 283.30212971390017 280.00018441367263 13.060393000021577
1793 283.29967559830936 280.00018444077648 13.067854000255466
1794 283.29722348010517 280.00018446785856 13.075117999687791
1795 283.29477335734248 280.00018449491768 13.082080000080168
1796 283.29232522807985 280.00018452195474 13.089347000233829
1797 283.28987909037818 280.00018454897065 13.095994999632239
1798 283.28743494229815 280.000184575964 13.103482999838889
1799 283.28499278190628 280.00018460293609 13.110445000231266
1800 283.28255260727531 280.00018462988515 13.117957999929786
1801 283.28011441646788 280.00018465681393 13.125245000235736
1802 283.2776782075681 280.00018468371962 13.132393999956548
1803 283.27524397864727 280.00018471060321 13.139716000296175
1804 283.27281172778351 280.00018473746468 13.146784000098705
1805 283.27038145306545 280.00018476430472 13.154276999644935
1806 283.26795315256948 280.00018479112418 13.161522999405861
1807 283.26552682438597 280.00018481791989 13.168862000107765
1808 283.26310246660819 280.00018484469558 13.176175999455154
1809 283.26068007732442 280.00018487144854 13.183428999967873
1810 283.25825965463019 280.00018489818098 13.190907999873161
1811 283.25584119662631 280.00018492489011 13.198041999712586
1812 283.25342470140936 280.00018495157872 13.205028000287712
1813 283.25101016708567 280.00018497824533 13.21237999945879
1814 283.24859759176093 280.00018500489006 13.219677999615669
1815 283.24618697353662 280.00018503151341 13.227026999928057
1816 283.24377831053596 280.00018505811443 13.234304999932647
1817 283.24137160085803 280.00018508469515 13.241528999991715
1818 283.23896684263372 280.00018511125262 13.249149999581277
1819 283.23656403396893 280.00018513778957 13.256478999741375
1820 283.23416317298961 280.00018516430481 13.26352300029248
1821 283.23176425782054 280.00018519079896 13.270862000063062
1822 283.22936728659027 280.00018521727191 13.278202999383211
1823 283.22697225742382 280.00018524372234 13.285558000206947
1824 283.22457916845065 280.00018527015214 13.293049000203609
1825 283.22218801780593 280.00018529656103 13.300338000059128
1826 283.2197988036317 280.00018532294689 13.307070000097156
1827 283.21741152406275 280.00018534931297 13.313957000151277
1828 283.21502617723831 280.000185375657 13.320933999493718
1829 283.21264276130586 280.00018540197937 13.328215000219643
1830 283.21026127441218 280.00018542828116 13.335524000227451
1831 283.2078817147048 280.00018545456061 13.343019000254571
1832 283.20550408033546 280.00018548082085 13.35039799939841
1833 283.20312836945845 280.00018550705784 13.357580999843776
1834 283.20075458023075 280.00018553327413 13.363909999839962
1835 283.19838271081215 280.00018555946963 13.370911000296474
1836 283.1960127593635 280.00018558564454 13.378387999720871
1837 283.1936447240505 280.00018561179758 13.385870999656618
1838 283.19127860303558 280.00018563792906 13.39325900003314
1839 283.18891439449203 280.00018566404009 13.400631999596953
1840 283.18655209659204 280.0001856901294 13.408019999973476
1841 283.18419170750582 280.00018571619853 13.414911000058055
1842 283.18183322540909 280.00018574224401 13.422159000299871
1843 283.17947664848668 280.00018576827222 13.429353999905288
1844 283.17712197491568 280.00018579427712 13.436743999831378
1845 283.17476920288067 280.00018582026098 13.44429299980402
1846 283.17241833056903 280.00018584622512 13.451596999540925
1847 283.17006935616712 280.00018587216744 13.458793999627233
1848 283.16772227786902 280.00018589808877 13.466113000176847
1849 283.16537709386421 280.00018592398891 13.472586999647319
1850 283.16303380235502 280.00018594986801 13.479383000172675
1851 283.16069240153405 280.00018597572705 13.486907999962568
1852 283.1583528896038 280.00018600156534 13.494381000287831
1853 283.15601526476956 280.00018602738254 13.501736000180244
1854 283.1536795252353 280.00018605317848 13.509054999798536
1855 283.15134566921017 280.00018607895419 13.516293999738991
1856 283.14901369490337 280.00018610470858 13.523070000112057
1857 283.1466836005248 280.00018613044205 13.530857999809086
1858 283.14435538429569 280.00018615615556 13.53869799990207
1859 283.14202904443141 280.0001861818476 13.546388999558985
1860 283.13970457915053 280.00018620751905 13.554595999419689
1861 283.13738198667801 280.00018623317044 13.562079999595881
1862 283.13506126523595 280.00018625880153 13.569411999545991
1863 283.13274241305396 280.0001862844112 13.57615299988538
1864 283.13042542835814 280.00018630999944 13.583380999974906
1865 283.12811030938326 280.00018633556863 13.590811000205576
1866 283.12579705436167 280.00018636111656 13.597107999958098
1867 283.12348566153025 280.00018638664346 13.604306999593973
1868 283.12117612912908 280.00018641215081 13.61170700006187
1869 283.11886845539783 280.00018643763718 13.619199999608099
1870 283.116562638581 280.0001864631023 13.626697999425232
1871 283.11425867692526 280.00018648854859 13.63410700019449
1872 283.11195656867523 280.00018651397312 13.641243999823928
1873 283.10965631208478 280.0001865393765 13.648415999487042
1874 283.10735790540207 280.00018656476095 13.655914000235498
1875 283.10506134688961 280.00018659012375 13.662692000158131
1876 283.10276663480221 280.00018661546721 13.669985000044107
1877 283.10047376739385 280.0001866407913 13.677322000265121
1878 283.09818274293201 280.00018666609265 13.684559999965131
1879 283.09589355967967 280.00018669137449 13.691775999963284
1880 283.09360621590503 280.00018671663622 13.699086999520659
1881 283.09132070987499 280.00018674187749 13.706121999770403
1882 283.08903703985879 280.00018676709846 13.713401000015438
1883 283.08675520413129 280.00018679229964 13.720649000257254
1884 283.08447520096956 280.00018681748008 13.727981999516487
1885 283.08219702865148 280.00018684264069 13.735480999574065
1886 283.07992068545695 280.00018686778009 13.742951000109315
1887 283.07764616966932 280.00018689290056 13.750180999748409
1888 283.07537347956833 280.00018691800074 13.757364999502897
1889 283.07310261344747 280.00018694308079 13.764561999589205
1890 283.07083356958964 280.00018696814033 13.771854999475181
1891 283.06856634629077 280.00018699318082 13.779195999726653
1892 283.06630094184305 280.00018701820017 13.786480000242591
1893 283.06403735454126 280.00018704320007 13.793492999859154
1894 283.06177558268388 280.00018706817929 13.800766999833286
1895 283.05951562457341 280.00018709313872 13.808198999613523
1896 283.05725747850897 280.0001871180778 13.815193999558687
1897 283.05500114279891 280.00018714299614 13.822478000074625
1898 283.05274661574651 280.00018716789617 13.829812999814749
1899 283.05049389566284 280.00018719277546 13.837278000079095
1900 283.04824298085771 280.00018721763473 13.844713999889791
1901 283.04599386964844 280.00018724247423 13.851033999584615
1902 283.04374656034815 280.00018726729297 13.858090000227094
1903 283.04150105127161 280.00018729209364 13.865216000005603
1904 283.03925734074437 280.00018731687305 13.872658999636769
1905 283.037015427087 280.0001873416328 13.880254999734461
1906 283.03477530861875 280.00018736637384 13.887512000277638
1907 283.03253698367467 280.00018739109402 13.894841999746859
1908 283.03030045057693 280.00018741579407 13.902189999818802
1909 283.02806570765813 280.00018744047497 13.909602999687195
1910 283.02583275325247 280.00018746513581 13.91699399985373
1911 283.02360158569508 280.00018748977726 13.924108999781311
1912 283.02137220332247 280.00018751439899 13.930321999825537
1913 283.01914460447381 280.00018753900088 13.937795999459922
1914 283.01691878749398 280.0001875635831 13.945302000269294
1915 283.01469475072145 280.00018758814645 13.952607999555767
1916 283.01247249250463 280.00018761268842 13.959935000166297
1917 283.01025201119353 280.00018763721175 13.966908999718726
1918 283.00803330513753 280.00018766171638 13.974317000247538
1919 283.00581637268436 280.00018768619981 13.981147999875247
1920 283.00360121219558 280.00018771066317 13.987781999632716
1921 283.0013878220193 280.00018773510931 13.995218999683857
1922 282.9991762005219 280.00018775953555 14.00275900028646
1923 282.99696634605868 280.00018778394161 14.010110000148416
1924 282.99475825699591 280.0001878083275 14.017435999587178
1925 282.99255193169682 280.00018783269513 14.02486199978739
1926 282.99034736852616 280.00018785704208 14.031956999562681
1927 282.98814456585899 280.00018788136998 14.038781999610364
1928 282.98594352206322 280.00018790567759 14.046296999789774
1929 282.98374423551081 280.00018792996661 14.053520999848843
1930 282.98154670457819 280.00018795423711 14.060828999616206
1931 282.97935092763953 280.00018797848821 14.068195000290871
1932 282.97715690307763 280.00018800271909 14.075401999987662
1933 282.97496462927842 280.00018802693091 14.082373999990523
1934 282.9727741046172 280.00018805112302 14.088390000164509
1935 282.97058532748451 280.00018807529642 14.095887999981642
1936 282.9683982962614 280.0001880994501 14.103361999616027
1937 282.96621300935118 280.00018812358439 14.110656999982893
1938 282.96402946513132 280.0001881476993 14.118195999413729
1939 282.96184766200059 280.00018817179665 14.125593999400735
1940 282.95966759835659 280.00018819587376 14.1327949995175
1941 282.95748927259723 280.00018821993154 14.139654000289738
1942 282.95531268312118 280.00018824397057 14.146793999709189
1943 282.9531378283279 280.00018826798936 14.154211999848485
1944 282.95096470662685 280.00018829198967 14.179220999591053
1945 282.9487933164188 280.0001883159714 14.189807999879122
1946 282.94662365611435 280.00018833993437 14.196874999441206
1947 282.94445572412252 280.0001883638767 14.203917999751866
1948 282.94228951885589 280.00018838780016 14.211039000190794
1949 282.94012503872898 280.0001884117051 14.218247000128031
1950 282.93796228215655 280.00018843559093 14.225324999541044
1951 282.93580124755601 280.00018845945766 14.232243999838829
1952 282.93364193334708 280.00018848330461 14.238478000275791
1953 282.93148433795415 280.00018850713496 14.24598400015384
1954 282.9293284598001 280.00018853094366 14.253356999717653
1955 282.9271742973109 280.00018855473519 14.260688999667764
1956 282.92502184891134 280.00018857850682 14.268273999914527
1957 282.92287111303654 280.00018860225987 14.275735000148416
1958 282.92072208811317 280.00018862599319 14.28295199945569
1959 282.9185747725794 280.0001886497086 14.290347999893129
1960 282.91642916486887 280.00018867340407 14.297631999477744
1961 282.91428526341588 280.00018869708146 14.304328000172973
1962 282.91214306666785 280.00018872074145 14.311832999810576
1963 282.91000257306052 280.00018874438064 14.319306999444962
1964 282.90786378103752 280.00018876800289 14.326570999808609
1965 282.90572668904855 280.00018879160496 14.333758000284433
1966 282.90359129553565 280.00018881518832 14.341055000200868
1967 282.90145759894904 280.00018883875322 14.347652999684215
1968 282.899325597744 280.00018886229986 14.354930999688804
1969 282.89719529037421 280.00018888582747 14.362982000224292
1970 282.89506667528684 280.00018890933609 14.371411999687552
1971 282.89293975094904 280.00018893282669 14.378841999918222
1972 282.89081451581023 280.00018895629813 14.386191999539733
1973 282.88869096833554 280.00018897975059 14.393404999747872
1974 282.88656910699166 280.0001890031844 14.400694999843836
1975 282.88444893023598 280.00018902660054 14.407936000265181
1976 282.88233043653958 280.00018904999672 14.415400000289083
1977 282.88021362437308 280.00018907337466 14.422639000229537
1978 282.87809849220082 280.00018909673543 14.429901000112295
1979 282.87598503849654 280.00018912007641 14.43739299941808
1980 282.87387326173757 280.00018914339859 14.444755000062287
1981 282.87176316040023 280.00018916670319 14.452321999706328
1982 282.86965473296107 280.00018918998938 14.459746999666095
1983 282.86754797789524 280.00018921325579 14.466958999633789
1984 282.86544289369311 280.0001892365043 14.474198999814689
1985 282.86333947883116 280.00018925973501 14.480826999992132
1986 282.86123773179389 280.00018928294816 14.488398999907076
1987 282.85913765107819 280.00018930614067 14.495810000225902
1988 282.85703923516263 280.00018932931607 14.503130999393761
1989 282.85494248254633 280.0001893524734 14.510431000031531
1990 282.85284739171595 280.00018937561055 14.517847999930382
1991 282.85075396116719 280.00018939873081 14.525177999399602
1992 282.84866218940306 280.00018942183283 14.53251999989152
1993 282.84657207491409 280.00018944491592 14.538881999440491
1994 282.84448361620099 280.0001894679819 14.545950000174344
1995 282.84239681177274 280.00018949102815 14.553423999808729
1996 282.8403116601271 280.00018951405735 14.560855999588966
1997 282.83822815977061 280.00018953706848 14.568142999894917
1998 282.83614630921232 280.00018956006028 14.57523399963975
1999 282.83406610696238 280.00018958303434 14.582255000248551
2000 282.83198755152756 280.00018960599039 14.58956400025636
