iterat. internal-T external-T elapsed-time
0 300 280 0.0057390006259083748
1 299.93340000000046 280.00000073554185 0.011773000471293926
2 299.86768806437487 280.00000146127167 0.017544000409543514
3 299.80284266858348 280.00000217743229 0.023605000227689743
4 299.73884295557963 280.00000288425588 0.03031500056385994
5 299.67566871191468 280.00000358196201 0.036443999968469143
6 299.61330034464868 280.00000427076509 0.042282000184059143
7 299.55171885926046 280.00000495088165 0.048303000628948212
8 299.49090583844264 280.00000562250779 0.054924000054597855
9 299.43084342173273 280.00000628584831 0.06098099984228611
10 299.37151428590596 280.00000694108712 0.067699000239372253
11 299.31290162620684 280.00000758841213 0.074587000533938408
12 299.25498913828579 280.00000822800695 0.081557000055909157
13 299.19776100083567 280.00000886004142 0.088733000680804253
14 299.1412018589059 280.00000948469017 0.096123999916017056
15 299.08529680787558 280.0000101021119 0.1021509999409318
16 299.03003137803557 280.00001071247129 0.10858799982815981
17 298.97539151974337 280.00001131592347 0.11488000024110079
18 298.92136358920067 280.00001191261424 0.12138400040566921
19 298.86793433470336 280.00001250269662 0.12731599994003773
20 298.81509088345211 280.00001308630726 0.13388000056147575
21 298.76282072887614 280.00001366358515 0.14001400023698807
22 298.71111171836895 280.00001423466779 0.14643300045281649
23 298.65995204158116 280.00001479968063 0.15215800050646067
24 298.60933021904629 280.00001535875651 0.15860800072550774
25 298.55923509130776 280.00001591201396 0.16490200068801641
26 298.50965580839664 280.0000164595744 0.17158900015056133
27 298.46058181974081 280.00001700155457 0.17763399984687567
28 298.41200286440323 280.00001753806936 0.18386800028383732
29 298.36390896171133 280.00001806922353 0.18977299984544516
30 298.31629040220054 280.0000185951298 0.19627999980002642
31 298.26913773890857 280.00001911589175 0.20221600029617548
32 298.22244177896613 280.0000196316069 0.20867099985480309
33 298.17619357550308 280.00002014237805 0.21474600024521351
34 298.13038441984156 280.00002064830056 0.22122400067746639
35 298.08500583396773 280.00002114946938 0.22722500003874302
36 298.04004956326213 280.00002164597345 0.23349000047892332
37 297.9955075695035 280.00002213789998 0.2396619999781251
38 297.95137202412781 280.00002262533951 0.24608900025486946
39 297.90763530167067 280.00002310837448 0.25190499983727932
40 297.86428997351663 280.00002358708673 0.25837300065904856
41 297.82132880181086 280.00002406155579 0.26450200006365776
42 297.77874473360123 280.00002453186119 0.27076799981296062
43 297.73653089519445 280.00002499807664 0.2765850005671382
44 297.69468058667684 280.00002546027753 0.28303899988532066
45 297.65318727665874 280.00002591853575 0.2894879998639226
46 297.61204459718124 280.0000263729209 0.29602800030261278
47 297.5712463387876 280.00002682350276 0.30197500064969063
48 297.53078644579494 280.00002727034752 0.30852300021797419
49 297.49065901167342 280.00002771352126 0.31472299993038177
50 297.45085827465471 280.0000281530854 0.32129400037229061
51 297.41137861340997 280.00002858910517 0.32737600058317184
52 297.37221454293325 280.00002902163976 0.33373200055211782
53 297.33336071053009 280.00002945074573 0.34034300036728382
54 297.29481189195263 280.00002987648372 0.34665200021117926
55 297.25656298766052 280.00003029891064 0.35259100049734116
56 297.21860901920297 280.00003071807868 0.35900000017136335
57 297.1809451257202 280.00003113404472 0.36542499996721745
58 297.14356656056731 280.00003154685834 0.3733870005235076
59 297.10646868804423 280.00003195657189 0.3815080001950264
60 297.0696469802221 280.00003236323744 0.38929500058293343
61 297.03309701388889 280.00003276690012 0.39756300020962954
62 296.99681446758558 280.00003316761308 0.40555100049823523
63 296.96079511874473 280.00003356541635 0.4131460003554821
64 296.92503484090111 280.00003396035731 0.42008400056511164
65 296.88952960103353 280.00003435248351 0.42719500046223402
66 296.85427545694171 280.00003474183524 0.43579700030386448
67 296.81926855472972 280.00003512845603 0.44515800010412931
68 296.78450512638636 280.00003551238791 0.4548760000616312
69 296.74998148741173 280.00003589367185 0.4630110003054142
70 296.71569403453447 280.00003627234753 0.46983100008219481
71 296.68163924350893 280.0000366484532 0.47685400024056435
72 296.64781366694859 280.00003702202838 0.48446700070053339
73 296.61421393226857 280.0000373931087 0.49180600047111511
74 296.58083673966621 280.00003776173071 0.49875700008124113
75 296.54767886016833 280.00003812793153 0.50592500064522028
76 296.51473713374151 280.00003849174357 0.51369800046086311
77 296.48200846746829 280.00003885320285 0.52075900044292212
78 296.44948983375241 280.00003921234423 0.52809100039303303
79 296.41717826861907 280.00003956919824 0.53739700000733137
80 296.38507087002995 280.00003992379601 0.54298199992626905
81 296.35316479627375 280.00004027617058 0.54972000047564507
82 296.32145726438716 280.00004062635259 0.55589500069618225
83 296.2899455486417 280.00004097437238 0.56212300062179565
84 296.25862697906507 280.00004132025856 0.56845100037753582
85 296.2274989399952 280.00004166404227 0.57512400019913912
86 296.19655886871578 280.00004200574813 0.58131300006061792
87 296.16580425407864 280.00004234540546 0.58748200070112944
88 296.13523263522046 280.00004268304406 0.59763900004327297
89 296.10484160028398 280.00004301868637 0.62389100063592196
90 296.07462878517219 280.00004335236349 0.63021900039166212
91 296.04459187236671 280.0000436840964 0.63608099985867739
92 296.01472858976621 280.00004401391033 0.642212999984622
93 295.98503670955364 280.00004434183046 0.64852300006896257
94 295.95551404709181 280.00004466788312 0.65521899983286858
95 295.92615845988149 280.00004499209086 0.66116899996995926
96 295.89696784651159 280.00004531447786 0.66714899986982346
97 295.86794014565498 280.0000456350636 0.67337400000542402
98 295.83907333511218 280.00004595387202 0.67993899993598461
99 295.81036543084321 280.00004627092613 0.68612300045788288
100 295.78181448605494 280.00004658624567 0.69248900003731251
101 295.75341859031505 280.00004689985406 0.69881700072437525
102 295.72517586866422 280.00004721177015 0.7053439998999238
103 295.69708448079939 280.00004752201517 0.71153400000184774
104 295.66914262022726 280.00004783060979 0.71777900028973818
105 295.64134851348166 280.00004813757209 0.72390400059521198
106 295.61370041933799 280.00004844291999 0.73057000059634447
107 295.5861966280662 280.00004874667621 0.73699200060218573
108 295.55883546069623 280.0000490488585 0.74270999990403652
109 295.53161526830263 280.00004934948225 0.74891800060868263
110 295.50453443131306 280.00004964856703 0.75563499983400106
111 295.47759135883081 280.00004994613045 0.76209400035440922
112 295.4507844879779 280.00005024218916 0.76830400060862303
113 295.42411228326 280.00005053675989 0.7749049998819828
114 295.39757323594637 280.00005082986041 0.78103299997746944
115 295.37116586345564 280.00005112150649 0.78705500066280365
116 295.34488870878454 280.00005141171613 0.79307300038635731
117 295.31874033990994 280.00005170050258 0.79912800062447786
118 295.29271934926368 280.00005198788148 0.80552700068801641
119 295.26682435315553 280.00005227386976 0.81201300024986267
120 295.24105399127035 280.00005255848157 0.81803700048476458
121 295.21540692614332 280.0000528417329 0.82459900062531233
122 295.1898818426659 280.00005312363601 0.83140300028026104
123 295.16447744758591 280.0000534042054 0.83775300066918135
124 295.13919246903788 280.00005368345643 0.8434859998524189
125 295.1140256560879 280.00005396140222 0.84997700061649084
126 295.08897577827855 280.0000542380551 0.85622700024396181
127 295.06404162517993 280.00005451343276 0.86257500015199184
128 295.03922200597441 280.00005478754332 0.8686939999461174
129 295.01451574903564 280.00005506040185 0.87459500040858984
130 294.9899217015228 280.00005533202233 0.88093699980527163
131 294.96543872897655 280.0000556024155 0.88757900055497885
132 294.94106571494814 280.00005587159723 0.89352900069206953
133 294.91680156060715 280.00005613957364 0.89985300041735172
134 294.89264518439535 280.00005640636005 0.90611900016665459
135 294.86859552164816 280.00005667196768 0.91259700059890747
136 294.84465152425321 280.00005693640901 0.91856900043785572
137 294.82081216031105 280.00005719969357 0.92507500015199184
138 294.79707641381316 280.00005746183353 0.93130100052803755
139 294.77344328429473 280.00005772284106 0.93768400046974421
140 294.74991178654597 280.00005798272645 0.94330000039190054
141 294.72648095029479 280.00005824149906 0.94938800018280745
142 294.70314981988935 280.00005849917329 0.95558700058609247
143 294.6799174540327 280.00005875575465 0.96183599997311831
144 294.65678292548586 280.00005901125638 0.96835500001907349
145 294.6337453207733 280.0000592656873 0.97478700056672096
146 294.61080373994031 280.00005951905695 0.98096700012683868
147 294.58795729626507 280.00005977137545 0.98739400040358305
148 294.56520511600831 280.00006002265417 0.99325199984014034
149 294.54254633815447 280.0000602729009 0.99972800072282553
150 294.51998011417294 280.00006052212416 1.0061110006645322
151 294.49750560776863 280.00006077033783 1.0123550007119775
152 294.47512199465439 280.00006101754599 1.0184129998087883
153 294.45282846230549 280.00006126375865 1.0248850006610155
154 294.43062420976361 280.00006150898503 1.0307790003716946
155 294.40850844738537 280.00006175323352 1.036999000236392
156 294.38648039664128 280.00006199651631 1.0428320001810789
157 294.36453928991813 280.00006223883565 1.0489230006933212
158 294.3426843702926 280.00006248020389 1.0553740002214909
159 294.3209148913524 280.00006272063132 1.0616730004549026
160 294.29923011698162 280.00006296012043 1.0679990006610751
161 294.27762932117827 280.00006319868305 1.0743930004537106
162 294.25611178787472 280.00006343632538 1.0805430002510548
163 294.23467681074482 280.00006367305542 1.0869359998032451
164 294.21332369303423 280.00006390888211 1.0948060005903244
165 294.19205174737692 280.0000641438121 1.1025290004909039
166 294.17086029562842 280.00006437785549 1.1104749999940395
167 294.14974866869937 280.00006461101577 1.1170720001682639
168 294.12871620640368 280.00006484330032 1.1259160004556179
169 294.10776225727881 280.00006507471909 1.1333950003609061
170 294.08688617844211 280.00006530527673 1.1403200002387166
171 294.06608733543555 280.00006553498184 1.1461510006338358
172 294.04536510208914 280.00006576384072 1.151868000626564
173 294.02471886034755 280.0000659918623 1.1585650006309152
174 294.0041480001571 280.00006621904987 1.1650240002200007
175 293.98365191930117 280.00006644541139 1.1717840004712343
176 293.96323002328467 280.00006667095425 1.1778710000216961
177 293.94288172518952 280.00006689568278 1.1842860002070665
178 293.92260644554221 280.00006711960538 1.190506000071764
179 293.90240361219702 280.00006734272944 1.1974459998309612
180 293.88227266018697 280.0000675650582 1.2040189998224378
181 293.86221303163893 280.00006778660043 1.2098799999803305
182 293.84222417561153 280.00006800735963 1.216020000167191
183 293.82230554801578 280.00006822734298 1.2227549999952316
184 293.80245661147217 280.0000684465578 1.2292570006102324
185 293.78267683520926 280.00006866500939 1.2356660002842546
186 293.76296569495378 280.00006888270235 1.242573999799788
187 293.74332267282495 280.00006909964173 1.2489109998568892
188 293.72374725722 280.00006931583482 1.2552089998498559
189 293.70423894271858 280.00006953128735 1.2612370001152158
190 293.68479722997449 280.00006974600461 1.2676320001482964
191 293.66542162562968 280.00006995999252 1.2745019998401403
192 293.64611164219548 280.00007017325515 1.2806150000542402
193 293.62686679797793 280.00007038579724 1.2870470006018877
194 293.60768661696835 280.00007059762441 1.2932010004296899
195 293.58857062876746 280.00007080874468 1.299600999802351
196 293.56951836848418 280.00007101916225 1.3057570001110435
197 293.55052937663692 280.00007122888002 1.3118780003860593
198 293.53160319911018 280.00007143790202 1.3181230006739497
199 293.51273938700859 280.00007164623514 1.3245950005948544
200 293.49393749662755 280.00007185388631 1.3313830001279712
201 293.47519708934237 280.00007206086036 1.3376660002395511
202 293.456517731541 280.00007226715763 1.3433020003139973
203 293.4378989945381 280.00007247278438 1.3501360006630421
204 293.41934045450648 280.0000726777472 1.3562430003657937
205 293.4008416923939 280.00007288204955 1.3625410003587604
206 293.38240229385229 280.00007308569894 1.3684530006721616
207 293.36402184917125 280.00007328869611 1.3752049999311566
208 293.34569995319936 280.00007349104436 1.3814570000395179
209 293.32743620527964 280.00007369275136 1.3878640001639724
210 293.30923020918084 280.00007389381909 1.3975530005991459
211 293.29108157302937 280.00007409425712 1.4041740000247955
212 293.2729899092385 280.0000742940648 1.4100630003958941
213 293.25495483445212 280.00007449324545 1.4164260001853108
214 293.23697596948887 280.0000746918069 1.423034000210464
215 293.21905293925539 280.000074889752 1.4298020005226135
216 293.2011853727073 280.00007508708467 1.4359229998663068
217 293.18337290277736 280.00007528380672 1.442183000035584
218 293.16561516633277 280.00007547992567 1.4485120000317693
219 293.14791180409622 280.00007567544401 1.4553490001708269
220 293.13026246060616 280.00007587036703 1.4616499999538064
221 293.11266678415438 280.00007606469597 1.4680110001936555
222 293.09512442672957 280.00007625843591 1.474337000399828
223 293.07763504396962 280.00007645159025 1.480744999833405
224 293.06019829511109 280.00007664416552 1.4871160006150603
225 293.04281384292386 280.00007683616133 1.4932519998401403
226 293.0254813536751 280.00007702758427 1.4992280006408691
227 293.00820049707801 280.00007721843645 1.5058720000088215
228 292.99097094623079 280.00007740872223 1.5122899999842048
229 292.9737923775869 280.00007759844465 1.5184730002656579
230 292.95666447089019 280.00007778760704 1.52536900062114
231 292.93958690914417 280.00007797621305 1.5316040003672242
232 292.92255937855316 280.00007816427041 1.537903000600636
233 292.90558156848977 280.0000783517753 1.5439720004796982
234 292.88865317144007 280.00007853873382 1.5506480000913143
235 292.87177388297488 280.00007872515022 1.5576090002432466
236 292.854943401686 280.00007891103047 1.5646620001643896
237 292.83816142917073 280.00007909637236 1.5717870006337762
238 292.82142766995787 280.00007928118197 1.577883000485599
239 292.80474183151125 280.00007946546413 1.5840779999271035
240 292.78810362415487 280.00007964921861 1.5899860002100468
241 292.77151276103223 280.00007983244853 1.5965579999610782
242 292.75496895810437 280.00008001516056 1.602679000236094
243 292.73847193407539 280.00008019735725 1.6090050004422665
244 292.72202141037559 280.00008037904001 1.6154100000858307
245 292.70561711111236 280.00008056020988 1.6218309998512268
246 292.68925876304854 280.00008074087299 1.6280669998377562
247 292.67294609555637 280.00008092103434 1.6348210005089641
248 292.65667884058877 280.00008110069109 1.6411290001124144
249 292.64045673264388 280.00008127985114 1.6470920005813241
250 292.62427950872814 280.00008145851484 1.6534250006079674
251 292.60814690833445 280.00008163668593 1.6592399999499321
252 292.59205867339205 280.0000818143659 1.6654160004109144
253 292.57601454825488 280.0000819915598 1.6719200005754828
254 292.56001427965543 280.00008216826933 1.6781370006501675
255 292.5440576166834 280.00008234449678 1.6846489999443293
256 292.52814431074376 280.00008252024509 1.6909469999372959
257 292.5122741155443 280.00008269551813 1.6979060005396605
258 292.49644678705414 280.00008287031693 1.7044740002602339
259 292.48066208347751 280.00008304464637 1.7104609999805689
260 292.46491976521781 280.00008321850663 1.716567000374198
261 292.44921959487897 280.0000833919018 1.7228270005434752
262 292.43356133719561 280.00008356483318 1.7293159998953342
263 292.41794475903549 280.0000837373056 1.7351320004090667
264 292.40236962936888 280.00008390931976 1.7412339998409152
265 292.38683571923463 280.00008408087666 1.7477020006626844
266 292.37134280171773 280.00008425198496 1.7541080005466938
267 292.35589065192744 280.00008442263965 1.7600610004737973
268 292.3404790469753 280.00008459284697 1.7658750005066395
269 292.32510776592886 280.00008476261104 1.7725010002031922
270 292.30977658981851 280.00008493193059 1.7789090005680919
271 292.29448530159902 280.00008510080841 1.7849759999662638
272 292.27923368611891 280.00008526925075 1.7917560003697872
273 292.26402153010747 280.00008543725545 1.7979540005326271
274 292.24884862215191 280.00008560482678 1.8041430003941059
275 292.23371475267089 280.00008577196837 1.8100490001961589
276 292.21861971389256 280.00008593868029 1.8164750002324581
277 292.20356329983849 280.00008610496388 1.8227810002863407
278 292.18854530629886 280.00008627082627 1.8291500005871058
279 292.1735655308089 280.00008643626478 1.8350920006632805
280 292.15862377263176 280.0000866012827 1.8416579999029636
281 292.14371983273168 280.00008676588453 1.8476220006123185
282 292.12885351376633 280.00008693007078 1.8537500007078052
283 292.11402462006043 280.00008709384196 1.859722999855876
284 292.09923295757829 280.00008725720448 1.8658720003440976
285 292.08447833392302 280.00008742015581 1.8723600003868341
286 292.06976055829227 280.00008758270036 1.8786730002611876
287 292.05507944149116 280.00008774484235 1.8848410006612539
288 292.04043479587602 280.00008790657819 1.8912710007280111
289 292.02582643538346 280.00008806791652 1.8973949998617172
290 292.01125417546325 280.00008822885439 1.9036739999428391
291 291.99671783309316 280.00008838939488 1.9095370005816221
292 291.98221722675731 280.00008854954285 1.9161310000345111
293 291.96775217641505 280.00008870929673 1.9226660002022982
294 291.95332250349657 280.00008886865896 1.9291650000959635
295 291.93892803088738 280.00008902763545 1.935220000334084
296 291.92456858290205 280.00008918622189 1.9417320005595684
297 291.91024398527679 280.00008934442468 1.9480280000716448
298 291.89595406514826 280.00008950224526 1.9544660001993179
299 291.88169865104277 280.00008965968323 1.9601720003411174
300 291.86747757285627 280.00008981674392 1.9659100007265806
301 291.85329066184227 280.00008997342582 1.9724740004166961
302 291.83913775060199 280.00009012973311 1.9788880003616214
303 291.82501867305047 280.00009028566552 1.9849089998751879
304 291.81093326442567 280.00009044122692 1.9913389999419451
305 291.79688136125776 280.00009059641803 1.9978999998420477
306 291.78286280136717 280.00009075124092 2.0045730005949736
307 291.76887742383462 280.00009090569762 2.0105880005285144
308 291.75492506900548 280.00009105978955 2.0170840006321669
309 291.74100557846486 280.00009121351792 2.0233190003782511
310 291.72711879502168 280.00009136688584 2.0297739999368787
311 291.71326456271203 280.00009151989377 2.0358220003545284
312 291.69944272676565 280.0000916725453 2.04228900000453
313 291.68565313360193 280.00009182483797 2.0484710000455379
314 291.67189563082604 280.00009197677804 2.054836000315845
315 291.65817006720135 280.00009212836625 2.0606209998950362
316 291.64447629264401 280.00009227960101 2.0673719998449087
317 291.63081415821125 280.00009243048765 2.0737550007179379
318 291.61718351609051 280.00009258102648 2.0801530005410314
319 291.60358421958426 280.00009273121964 2.0862500006332994
320 291.59001612309891 280.0000928810677 2.0924329999834299
321 291.57647908213573 280.00009303057254 2.0987550001591444
322 291.56297295328136 280.00009317973627 2.1053740000352263
323 291.549497594179 280.00009332856075 2.1116070002317429
324 291.53605286355264 280.00009347704491 2.1178029999136925
325 291.52263862115751 280.00009362519432 2.1236390005797148
326 291.50925472779608 280.00009377300802 2.1301530003547668
327 291.4959010452946 280.00009392048725 2.1362100001424551
328 291.4825774364964 280.00009406763616 2.1426950003951788
329 291.46928376525523 280.00009421445191 2.1486889999359846
330 291.45601989641261 280.00009436094223 2.1551320003345609
331 291.44278569580206 280.00009450710058 2.1612720005214214
332 291.42958103023369 280.00009465293624 2.16754399985075
333 291.4164057674829 280.00009479844556 2.1733929999172688
334 291.40325977628294 280.00009494363195 2.1799980001524091
335 291.39014292630782 280.00009508849547 2.1858999999240041
336 291.37705508817675 280.0000952330397 2.1916620004922152
337 291.36399613343099 280.00009537726481 2.1977000003680587
338 291.3509659345354 280.00009552117206 2.204088999889791
339 291.33796436486335 280.00009566476285 2.2101320000365376
340 291.32499129868847 280.00009580804038 2.2167710000649095
341 291.31204661117795 280.00009595100295 2.2230560006573796
342 291.29913017837589 280.00009609365293 2.2295590005815029
343 291.2862418772101 280.00009623599345 2.2355289999395609
344 291.27338158546712 280.00009637802481 2.2415940007194877
345 291.26054918179898 280.00009651974744 2.2481760000810027
346 291.24774454569598 280.00009666116335 2.2546910000964999
347 291.23496755749665 280.00009680227538 2.260768000036478
348 291.2222180983706 280.00009694308164 2.266894000582397
349 291.20949605031262 280.00009708358579 2.2731790002435446
350 291.19680129613852 280.00009722378888 2.2803279999643564
351 291.1841337194619 280.000097363691 2.2862149998545647
352 291.17149320470924 280.00009750329457 2.292302000336349
353 291.15887963709093 280.00009764260079 2.2988390000537038
354 291.14629290261064 280.00009778161103 2.3054090002551675
355 291.1337328880528 280.00009792032461 2.311727000400424
356 291.12119948095722 280.00009805874618 2.3178679998964071
357 291.1086925696485 280.00009819687324 2.323556000366807
358 291.09621204319609 280.00009833470989 2.3300290005281568
359 291.08375779141835 280.00009847225664 2.3360839998349547
360 291.07132970488618 280.00009860951531 2.3425200004130602
361 291.05892767489365 280.00009874648379 2.3487269999459386
362 291.04655159346515 280.00009888316816 2.3552430002018809
363 291.03420135335688 280.00009901956503 2.3615480000153184
364 291.02187684803755 280.00009915567875 2.3674680003896356
365 291.0095779716745 280.0000992915098 2.3733040001243353
366 290.99730461914862 280.00009942705782 2.379887000657618
367 290.98505668602706 280.00009956232645 2.3859270000830293
368 290.97283406857707 280.00009969731394 2.3920160001143813
369 290.96063666374431 280.00009983202472 2.3982220003381371
370 290.94846436914378 280.00009996645633 2.4042990002781153
371 290.93631708306924 280.00010010061385 2.4101610006764531
372 290.9241947044801 280.00010023449369 2.4165900005027652
373 290.91209713298787 280.00010036810187 2.42312700022012
374 290.90002426886417 280.00010050143669 2.4296010006219149
375 290.88797601301866 280.00010063449849 2.4359800005331635
376 290.87595226701001 280.00010076729029 2.4421390006318688
377 290.86395293302473 280.00010089981299 2.4484430002048612
378 290.85197791388481 280.00010103206716 2.4548620004206896
379 290.84002711303253 280.00010116405321 2.4609520006924868
380 290.8281004345306 280.00010129577419 2.4673040006309748
381 290.81619778305208 280.00010142722749 2.4735590005293489
382 290.80431906387918 280.00010155841801 2.4800240006297827
383 290.79246418289563 280.0001016893454 2.4865540005266666
384 290.7806330465778 280.00010182000926 2.4925150005146861
385 290.76882556200053 280.00010195041352 2.4983470002189279
386 290.75704163682343 280.00010208055733 2.504963000304997
387 290.74528117928071 280.00010221044079 2.5112290000542998
388 290.73354409819297 280.0001023400676 2.5177350006997585
389 290.72183030294042 280.00010246943617 2.5241029998287559
390 290.71013970347889 280.00010259854861 2.530629999935627
391 290.69847221031722 280.00010272740633 2.5371289998292923
392 290.68682773452895 280.00010285600933 2.5430220002308488
393 290.67520618773148 280.00010298435927 2.5499780001118779
394 290.66360748209166 280.00010311245723 2.5561979999765754
395 290.65203153032451 280.0001032403033 2.5625510001555085
396 290.64047824567132 280.00010336789933 2.5683890003710985
397 290.62894754191257 280.00010349524592 2.5751180006191134
398 290.61743933335867 280.00010362234491 2.581385999917984
399 290.60595353483882 280.00010374919594 2.5875740004703403
400 290.59449006170337 280.00010387579999 2.5932060005143285
401 290.58304882981884 280.00010400215905 2.6001360006630421
402 290.57162975556764 280.00010412827243 2.6062970003113151
403 290.5602327558214 280.00010425414257 2.6126680001616478
404 290.54885774797157 280.00010437976908 2.6185280000790954
405 290.53750464990054 280.00010450515475 2.6247470006346703
406 290.52617337998527 280.00010463029878 2.6311680004000664
407 290.51486385709256 280.00010475520276 2.6377429999411106
408 290.50357600056975 280.00010487986839 2.6435600006952882
409 290.49230973025027 280.00010500429346 2.650373000651598
410 290.48106496644778 280.00010512848195 2.6567060006782413
411 290.46984162994079 280.00010525243476 2.6632170006632805
412 290.45863964198946 280.00010537615049 2.6690840004011989
413 290.44745892430677 280.00010549963275 2.675068000331521
414 290.43629939907646 280.00010562288037 2.6815400002524257
415 290.42516098893839 280.00010574589396 2.6881070006638765
416 290.41404361698193 280.00010586867603 2.6942100003361702
417 290.40294720675422 280.00010599122618 2.7008159998804331
418 290.39187168224856 280.00010611354571 2.7069819997996092
419 290.38081696789527 280.00010623563594 2.713539999909699
420 290.3697829885723 280.00010635749732 2.7199400002136827
421 290.35876966958932 280.00010647912882 2.7258460000157356
422 290.34777693668696 280.00010660053414 2.7323690000921488
423 290.33680471604401 280.00010672171402 2.7390609998255968
424 290.32585293425245 280.00010684266607 2.7452650004997849
425 290.31492151833584 280.0001069633945 2.7517260005697608
426 290.30401039573701 280.00010708389834 2.7581430003046989
427 290.29311949430502 280.00010720417913 2.7645439999178052
428 290.2822487423137 280.00010732423698 2.7709960006177425
429 290.27139806843837 280.00010744407365 2.7769990004599094
430 290.26056740176074 280.00010756369039 2.7834029998630285
431 290.24975667176801 280.0001076830855 2.7896429998800159
432 290.23896580834423 280.00010780226 2.7958209998905659
433 290.22819474177027 280.0001079212181 2.8015490006655455
434 290.21744340272448 280.00010803995804 2.80816899985075
435 290.20671172226804 280.00010815847969 2.8143920004367828
436 290.19599963185283 280.00010827678511 2.8206970002502203
437 290.18530706331893 280.00010839487663 2.8265289999544621
438 290.1746339488783 280.00010851275158 2.8329870002344251
439 290.16398022113157 280.00010863041177 2.8393520005047321
440 290.15334581304808 280.00010874786034 2.8459130004048347
441 290.14273065796874 280.0001088650958 2.8518270002678037
442 290.13213468960328 280.00010898211946 2.8594160005450249
443 290.12155784204265 280.00010909893081 2.8858170006424189
444 290.1110000497149 280.00010921553326 2.8919720007106662
445 290.10046124743195 280.00010933192516 2.8978160005062819
446 290.08994137035728 280.00010944810811 2.9039080003276467
447 290.07944035400737 280.00010956408329 2.9096590001136065
448 290.06895813424705 280.00010967984957 2.9163359999656677
449 290.0584946473021 280.00010979541008 2.9229100001975894
450 290.04804982974269 280.00010991076414 2.9293189998716116
451 290.03762361847669 280.00011002591327 2.935220000334084
452 290.02721595076213 280.00011014085561 2.9413560004904866
453 290.01682676419443 280.00011025559667 2.9476880002766848
454 290.0064559967031 280.00011037013223 2.9537690002471209
455 289.99610358656076 280.00011048446567 2.9596770005300641
456 289.98576947235921 280.00011059859798 2.9661039998754859
457 289.97545359302808 280.00011071252669 2.9723820006474853
458 289.96515588782552 280.0001108262565 2.9786950005218387
459 289.9548762963318 280.00011093978617 2.9848450003191829
460 289.94461475844611 280.00011105311597 2.9913260005414486
461 289.93437121439467 280.00011116624694 2.9977730000391603
462 289.92414560471423 280.00011127918009 3.0042610000818968
463 289.91393787026664 280.00011139191616 3.0100739998742938
464 289.90374795221169 280.00011150445425 3.0165280001237988
465 289.89357579203516 280.00011161679805 3.0226280000060797
466 289.88342133151889 280.00011172894546 3.0288980007171631
467 289.87328451275931 280.00011184089783 3.0347560001537204
468 289.86316527815114 280.00011195265506 3.0412510000169277
469 289.85306357039536 280.00011206422039 3.047414000146091
470 289.84297933249036 280.00011217559285 3.0536660002544522
471 289.83291250772749 280.00011228677232 3.0598090002313256
472 289.82286303970545 280.00011239775966 3.0667730001732707
473 289.8128308723019 280.00011250855619 3.0727430004626513
474 289.80281594968881 280.00011261916177 3.0787980007007718
475 289.79281821633464 280.00011272957954 3.0847970005124807
476 289.78283761698856 280.00011283980609 3.091045000590384
477 289.77287409668037 280.00011294984449 3.0975640006363392
478 289.76292760073284 280.00011305969582 3.1039169998839498
479 289.75299807473971 280.00011316935814 3.1095259999856353
480 289.74308546458241 280.0001132788351 3.1156339999288321
481 289.7331897164114 280.00011338812436 3.1223130002617836
482 289.72331077665217 280.00011349722837 3.1284480001777411
483 289.71344859200474 280.0001136061482 3.1349640004336834
484 289.70360310944346 280.00011371488409 3.1408420000225306
485 289.6937742762085 280.00011382343467 3.1471790000796318
486 289.68396203980501 280.00011393180171 3.1536360001191497
487 289.67416634800691 280.00011403998701 3.1595689998939633
488 289.66438714884475 280.00011414799025 3.1656579999253154
489 289.65462439061844 280.00011425581198 3.1720170006155968
490 289.64487802189018 280.00011436345136 3.1782189998775721
491 289.63514799146412 280.00011447091129 3.1843110006302595
492 289.62543424841539 280.0001145781913 3.1904480000957847
493 289.61573674206721 280.00011468529203 3.1969020003452897
494 289.60605542199835 280.00011479221354 3.2031120005995035
495 289.59639023803277 280.00011489895809 3.2090969998389482
496 289.58674114025234 280.0001150055237 3.2158449999988079
497 289.57710807897655 280.00011511191207 3.2221880005672574
498 289.5674910047739 280.0001152181249 3.228473000228405
499 289.55788986846096 280.00011532416124 3.2345300000160933
500 289.54830462108902 280.00011543002199 3.2409709999337792
501 289.53873521396036 280.00011553570772 3.247444000095129
502 289.52918159860246 280.00011564121911 3.2536090007051826
503 289.51964372679163 280.00011574655679 3.2592259999364614
504 289.51012155053076 280.0001158517212 3.2652449999004602
505 289.50061502206847 280.0001159567131 3.2716049998998642
506 289.49112409387777 280.00011606153248 3.2782749999314547
507 289.48164871865947 280.00011616617917 3.2848410001024604
508 289.47218884935143 280.0001162706555 3.2915790006518364
509 289.46274443911295 280.00011637496027 3.2976510003209114
510 289.45331544133836 280.00011647909588 3.3037270000204444
511 289.44390180963558 280.00011658306153 3.3097810000181198
512 289.43450349784592 280.00011668685755 3.3159199999645352
513 289.42512046002474 280.00011679048527 3.3224090002477169
514 289.41575265044816 280.00011689394438 3.3286470007151365
515 289.40640002361846 280.00011699723638 3.3347270004451275
516 289.39706253424731 280.00011710036125 3.3412310006096959
517 289.38774013727124 280.00011720331878 3.3478110004216433
518 289.37843278782907 280.00011730610953 3.3540440006181598
519 289.36914044128321 280.0001174087372 3.3597530005499721
520 289.35986305319943 280.00011751119735 3.3660200005397201
521 289.35060057936249 280.00011761349361 3.37247300054878
522 289.34135297575892 280.00011771562544 3.3805490005761385
523 289.33212019858894 280.00011781759315 3.3866690006107092
524 289.32290220425062 280.00011791939812 3.3926640003919601
525 289.31369894935568 280.00011802104024 3.3989780005067587
526 289.30451039071511 280.00011812252058 3.4057450005784631
527 289.29533648534237 280.00011822383783 3.4119340004399419
528 289.28617719044934 280.00011832499536 3.4179730005562305
529 289.27703246345112 280.00011842599048 3.4244699999690056
530 289.26790226196289 280.00011852682616 3.4308780003339052
531 289.25878654379187 280.00011862750097 3.4372640000656247
532 289.24968526694067 280.00011872801667 3.4432290000841022
533 289.24059838961068 280.00011882837356 3.4500609999522567
534 289.23152587019314 280.00011892857088 3.4564100001007318
535 289.22246766727744 280.00011902861189 3.4626150000840425
536 289.21342373963165 280.00011912849465 3.4682830004021525
537 289.20439404622556 280.00011922821938 3.4747029999271035
538 289.19537854620745 280.00011932778779 3.4809320000931621
539 289.18637719892376 280.0001194272001 3.487207000143826
540 289.17738996389647 280.00011952645616 3.4934000000357628
541 289.1684168008361 280.00011962555703 3.5001090001314878
542 289.15945766964171 280.00011972450278 3.5063120005652308
543 289.15051253038553 280.00011982329431 3.5126210004091263
544 289.14158134332587 280.0001199219318 3.5183920003473759
545 289.13266406890079 280.00012002041495 3.52498700004071
546 289.12376066773078 280.00012011874549 3.5315030002966523
547 289.11487110060631 280.00012021692316 3.5382040003314614
548 289.10599532850318 280.00012031494822 3.5440790001302958
549 289.09713331256552 280.00012041282167 3.5498820003122091
550 289.08828501411517 280.00012051054335 3.5560070006176829
551 289.07945039465358 280.00012060811486 3.5625750003382564
552 289.07062941584422 280.00012070553424 3.5685060005635023
553 289.06182203952397 280.00012080280482 3.5748390005901456
554 289.05302822770307 280.00012089992498 3.581042000092566
555 289.04424794256164 280.00012099689496 3.5876090005040169
556 289.035481146449 280.00012109371687 3.5945129999890924
557 289.02672780187385 280.00012119038979 3.6012209998443723
558 289.01798787151665 280.00012128691566 3.6073670005425811
559 289.00926131822735 280.00012138329305 3.6140040000900626
560 289.00054810500808 280.0001214795239 3.6202720003202558
561 288.99184819503409 280.0001215756073 3.6266999999061227
562 288.98316155164116 280.00012167154375 3.6331470003351569
563 288.9744881383204 280.00012176733412 3.6395230004563928
564 288.96582791873197 280.0001218629788 3.6457839999347925
565 288.95718085668557 280.00012195847825 3.6515450002625585
566 288.9485469161549 280.00012205383308 3.658029000274837
567 288.93992606127074 280.00012214904274 3.6643510004505515
568 288.9313182563161 280.0001222441096 3.6706050001084805
569 288.922723465736 280.00012233903141 3.6765769999474287
570 288.91414165412334 280.00012243381002 3.6826149998232722
571 288.90557278622788 280.00012252844601 3.6887450003996491
572 288.89701682694874 280.0001226229391 3.6950630005449057
573 288.88847374134207 280.0001227172898 3.7010160004720092
574 288.87994349460809 280.00012281149947 3.7071270002052188
575 288.87142605210556 280.00012290556725 3.713574000634253
576 288.86292137933094 280.00012299949384 3.7197790006175637
577 288.85442944193483 280.00012309328014 3.7260320000350475
578 288.84595020571862 280.00012318692649 3.7321279998868704
579 288.83748363662107 280.00012328043255 3.7384660001844168
580 288.82902970073428 280.00012337379792 3.7445729998871684
581 288.82058836429087 280.00012346702556 3.7510250005871058
582 288.81215959366898 280.00012356011467 3.7574010007083416
583 288.80374335538403 280.00012365306526 3.7637590002268553
584 288.79533961610366 280.00012374587646 3.7697970001026988
585 288.78694834262819 280.00012383855142 3.7757060006260872
586 288.7785695018996 280.00012393108801 3.781806000508368
587 288.77020306100235 280.00012402348887 3.7884470000863075
588 288.76184898715536 280.00012411575216 3.7946690004318953
589 288.75350724772147 280.00012420787999 3.8011309998109937
590 288.74517781019546 280.00012429987169 3.8072800002992153
591 288.73686064220863 280.00012439172758 3.8138350006192923
592 288.72855571152843 280.00012448344938 3.8198319999501109
593 288.72026298605999 280.00012457503487 3.8260220000520349
594 288.71198243383651 280.00012466648673 3.8328689998015761
595 288.70371402303249 280.00012475780375 3.8389079999178648
596 288.69545772194527 280.00012484898753 3.8449020003899932
597 288.68721349901199 280.00012494003761 3.8510580006986856
598 288.67898132279203 280.00012503095576 3.8573630005121231
599 288.67076116198302 280.0001251217397 3.8638590006157756
600 288.66255298541148 280.00012521239233 3.8700710004195571
601 288.65435676202497 280.00012530291241 3.8760630004107952
602 288.64617246090643 280.00012539330004 3.8825430003926158
603 288.63800005126569 280.00012548355807 3.8889920003712177
604 288.62983950242955 280.00012557368427 3.8953030006960034
605 288.62169078386114 280.00012566368019 3.9010169999673963
606 288.61355386514549 280.00012575354475 3.9069010000675917
607 288.60542871599148 280.00012584327987 3.9133790004998446
608 288.59731530622577 280.00012593288642 3.9194710003212094
609 288.58921360581235 280.00012602236302 3.9259640006348491
610 288.58112358482242 280.00012611171024 3.932651000097394
611 288.57304521345594 280.00012620092861 3.9390850001946092
612 288.56497846203177 280.0001262900193 3.9453070005401969
613 288.55692330099316 280.00012637898095 3.951210000552237
614 288.54887970089226 280.00012646781602 3.9572890000417829
615 288.54084763241292 280.00012655652324 3.9639250002801418
616 288.53282706634997 280.00012664510331 3.9701860006898642
617 288.52481797361236 280.00012673355684 3.9775040000677109
618 288.51682032523524 280.00012682188441 3.9853570004925132
619 288.50883409236047 280.00012691008573 3.9913600003346801
620 288.5008592462554 280.00012699816079 3.9983900003135204
621 288.49289575828931 280.00012708611035 4.0055970000103116
622 288.48494359995937 280.00012717393577 4.0125409997999668
623 288.47700274286728 280.00012726163538 4.0194370001554489
624 288.46907315872852 280.0001273492108 4.0258300006389618
625 288.46115481937431 280.00012743666235 4.0331500004976988
626 288.45324769675068 280.00012752398874 4.0395020004361868
627 288.44535176289997 280.00012761119285 4.0457390006631613
628 288.43746698999439 280.00012769827373 4.0516730006784201
629 288.42959335030116 280.00012778523177 4.0580440005287528
630 288.42173081620643 280.00012787206651 4.0642430000007153
631 288.41387936019566 280.00012795877899 4.0704979998990893
632 288.40603895487533 280.00012804536937 4.0766030000522733
633 288.3982095729454 280.00012813183895 4.0824620006605983
634 288.39039118721865 280.00012821818592 4.0891380002722144
635 288.38258377061993 280.00012830441261 4.0956040006130934
636 288.37478729617209 280.00012839051715 4.1015050001442432
637 288.36700173700586 280.00012847650157 4.1079240003600717
638 288.35922706635483 280.0001285623668 4.1142819998785853
639 288.35146325755881 280.00012864811112 4.1208260003477335
640 288.3437102840615 280.00012873373635 4.1267990004271269
641 288.33596811940845 280.0001288192426 4.1330960001796484
642 288.32823673725136 280.00012890462835 4.1393760005012155
643 288.32051611133096 280.00012898989604 4.1459070006385446
644 288.31280621550928 280.00012907504566 4.1517719998955727
645 288.30510702373101 280.00012916007574 4.1576319998130202
646 288.29741851004854 280.00012924498924 4.1642990000545979
647 288.28974064862018 280.00012932978473 4.1709139999002218
648 288.28207341369063 280.00012941446295 4.1768610002472997
649 288.27441677960832 280.00012949902367 4.1828030003234744
650 288.26677072082805 280.00012958346798 4.189211000688374
651 288.25913521189091 280.00012966779519 4.195656000636518
652 288.25151022743898 280.00012975200684 4.201643000356853
653 288.24389574221175 280.00012983610225 4.2075680000707507
654 288.23629173104348 280.00012992008243 4.2144750002771616
655 288.22869816886737 280.00013000394716 4.2208200003951788
656 288.22111503070511 280.00013008769594 4.2265849998220801
657 288.21354229167952 280.00013017133068 4.2327560000121593
658 288.20597992700573 280.00013025484998 4.2393700005486608
659 288.19842791199056 280.00013033825536 4.2457429999485612
660 288.19088622203191 280.00013042154654 4.2517269998788834
661 288.18335483262632 280.00013050472506 4.2581740003079176
662 288.17583371935564 280.00013058778922 4.2647510003298521
663 288.16832285790201 280.00013067074002 4.271530999802053
664 288.16082222403099 280.00013075357822 4.277581000700593
665 288.15333179360022 280.00013083630324 4.2837770003825426
666 288.14585154256167 280.00013091891645 4.2897580005228519
667 288.13838144694967 280.000131001417 4.2963089998811483
668 288.13092148289547 280.00013108380597 4.3022990003228188
669 288.12347162661547 280.00013116608369 4.3090310003608465
670 288.11603185441442 280.00013124824989 4.3153889998793602
671 288.10860214268803 280.00013133030427 4.3217400005087256
672 288.10118246791302 280.00013141224787 4.3275960003957152
673 288.09377280665746 280.00013149408232 4.3342230003327131
674 288.08637313557813 280.00013157580463 4.3404230000451207
675 288.07898343140931 280.000131657417 4.3469590004533529
676 288.07160367098402 280.00013173892012 4.3532500006258488
677 288.06423383120671 280.00013182031404 4.3590250005945563
678 288.05687388907671 280.00013190159859 4.3652730006724596
679 288.0495238216792 280.00013198277361 4.3715540003031492
680 288.04218360616778 280.00013206383937 4.3775120005011559
681 288.03485321979662 280.00013214479782 4.3836390003561974
682 288.02753263989382 280.00013222564667 4.3898769998922944
683 288.02022184387465 280.00013230638859 4.39654800016433
684 288.01292080923412 280.00013238702218 4.4026230005547404
685 288.00562951354812 280.00013246754855 4.4091540006920695
686 287.99834793448053 280.00013254796727 4.4153089998289943
687 287.99107604976507 280.00013262827878 4.421616000123322
688 287.98381383722381 280.00013270848422 4.4274599999189377
689 287.97656127475841 280.00013278858245 4.4342750003561378
690 287.96931834034785 280.00013286857398 4.4404050000011921
691 287.96208501205689 280.00013294846025 4.4467480005696416
692 287.95486126802047 280.00013302824055 4.4527679998427629
693 287.94764708645295 280.00013310791417 4.4590450003743172
694 287.94044244565754 280.00013318748449 4.4650920005515218
695 287.93324732400515 280.00013326694773 4.4716079998761415
696 287.92606169994127 280.00013334630626 4.4776670001447201
697 287.91888555200177 280.00013342556042 4.4839869998395443
698 287.91171885878606 280.00013350471096 4.4902720004320145
699 287.90456159897849 280.00013358375685 4.4968600003048778
700 287.89741375133065 280.00013366269866 4.5030500004068017
701 287.89027529468353 280.00013374153633 4.5090169999748468
702 287.8831462079375 280.00013382027083 4.5151829998940229
703 287.87602647008015 280.00013389890205 4.5216020001098514
704 287.86891606016167 280.00013397743061 4.5277000004425645
705 287.86181495732046 280.00013405585628 4.5340189998969436
706 287.85472314075997 280.00013413417952 4.540090000256896
707 287.8476405897535 280.00013421239947 4.546428999863565
708 287.84056728365783 280.00013429051842 4.5524900006130338
709 287.83350320189106 280.00013436853499 4.5589660005643964
710 287.82644832395516 280.0001344464506 4.5651150001212955
711 287.81940262941481 280.00013452426413 4.5716650001704693
712 287.81236609790938 280.00013460197579 4.5777690000832081
713 287.80533870914883 280.00013467958786 4.5844400003552437
714 287.79832044292147 280.00013475709812 4.5902360007166862
715 287.79131127906976 280.00013483450834 4.5967640001326799
716 287.78431119752196 280.00013491181909 4.6027990002185106
717 287.77732017827054 280.00013498902848 4.6089369999244809
718 287.77033820137603 280.00013506613857 4.6150630004703999
719 287.76336524696728 280.00013514314895 4.6216719998046756
720 287.75640129524925 280.00013522005963 4.627577000297606
721 287.74944632648726 280.00013529687078 4.6338820001110435
722 287.74250032101793 280.00013537358467 4.6400650003924966
723 287.73556325924949 280.00013545019789 4.6467120004817843
724 287.72863512164622 280.00013552671362 4.6528160003945231
725 287.72171588875517 280.00013560313016 4.6591199999675155
726 287.71480554118102 280.00013567944927 4.6652800003066659
727 287.70790405959463 280.00013575567033 4.6718009999021888
728 287.70101142473658 280.00013583179322 4.6776660000905395
729 287.69412761741154 280.00013590781913 4.6841940004378557
730 287.68725261849119 280.00013598374767 4.6906610000878572
731 287.68038640891319 280.00013605957901 4.6969420006498694
732 287.67352896967446 280.00013613531354 4.7030739998444915
733 287.66668028184347 280.00013621095144 4.7094970000907779
734 287.65984032655206 280.00013628649265 4.7157450001686811
735 287.65300908499131 280.00013636193813 4.7221920005977154
736 287.64618653842086 280.00013643728681 4.728477000258863
737 287.63937266816856 280.00013651254028 4.7347269998863339
738 287.63256745561097 280.00013658769791 4.7404829999431968
739 287.62577088219962 280.00013666275999 4.7469740007072687
740 287.6189829294479 280.00013673772725 4.7532339999452233
741 287.61220357892267 280.00013681259992 4.7592230001464486
742 287.60543281226541 280.00013688737721 4.7652870006859303
743 287.59867061116677 280.00013696205895 4.7715819999575615
744 287.59191695739361 280.00013703664689 4.777552000246942
745 287.5851718327566 280.00013711114167 4.7836480000987649
746 287.57843521914003 280.00013718554135 4.7898450000211596
747 287.57170709849026 280.00013725984792 4.7962730005383492
748 287.56498745280078 280.00013733406058 4.8022330002859235
749 287.55827626413662 280.00013740818042 4.8088290002197027
750 287.55157351461889 280.00013748220636 4.8151560006663203
751 287.54487918642803 280.00013755613952 4.8219950003549457
752 287.53819326180354 280.00013762997941 4.8282040003687143
753 287.53151572304529 280.00013770372703 4.834311000071466
754 287.52484655251158 280.00013777738286 4.840315000154078
755 287.51818573261971 280.00013785094734 4.8467120006680489
756 287.51153324584351 280.00013792441797 4.8528020000085235
757 287.50488907471032 280.00013799779805 4.8589449999853969
758 287.49825320181634 280.00013807108496 4.865191999822855
759 287.49162560980727 280.00013814428075 4.8717880006879568
760 287.48500628138726 280.00013821738668 4.8779429998248816
761 287.47839519931654 280.00013829039966 4.8843970000743866
762 287.47179234641459 280.00013836332289 4.8906110003590584
763 287.46519770555415 280.00013843615477 4.897146999835968
764 287.45861125966616 280.0001385088969 4.9034020006656647
765 287.45203299173875 280.00013858154853 4.9095850000157952
766 287.44546288481143 280.00013865410943 4.9160299999639392
767 287.43890092198023 280.00013872658053 4.9221189999952912
768 287.43234708639898 280.00013879896187 4.9281540000811219
769 287.42580136127469 280.00013887125408 4.934328000061214
770 287.41926372986904 280.00013894345699 4.9426110005006194
771 287.41273417549718 280.00013901557031 4.9497680002823472
772 287.40621268153154 280.00013908759473 4.9560350002720952
773 287.39969923139159 280.00013915952974 4.9621740002185106
774 287.39319380855812 280.00013923137647 4.9682579999789596
775 287.38669639656229 280.00013930313469 4.975038000382483
776 287.38020697898361 280.00013937480509 4.981301000341773
777 287.37372553946403 280.00013944638704 4.9873710004612803
778 287.36725206169291 280.00013951788156 4.9931930005550385
779 287.36078652940836 280.00013958928702 4.9999100007116795
780 287.35432892640915 280.00013966060652 5.0061370003968477
781 287.34787923653693 280.00013973183712 5.0126590002328157
782 287.34143744369408 280.00013980298098 5.0183530002832413
783 287.33500353182632 280.00013987403827 5.0247950004413724
784 287.32857748493387 280.00013994500796 5.0309330001473427
785 287.32215928707109 280.00014001589187 5.0372060006484389
786 287.31574892234232 280.00014008668887 5.0432179998606443
787 287.30934637490009 280.00014015739936 5.0499900002032518
788 287.30295162894311 280.00014022802361 5.056326000019908
789 287.29656466872876 280.00014029856254 5.062623000703752
790 287.29018547856015 280.0001403690153 5.0682840002700686
791 287.2838140427931 280.00014043938194 5.0742370001971722
792 287.27745034582506 280.00014050966331 5.0806630002334714
793 287.27109437211465 280.00014057985948 5.0869620004668832
794 287.26474610615594 280.00014064997032 5.0930130006745458
795 287.25840553250441 280.00014071999692 5.0991799999028444
796 287.25207263575749 280.00014078993888 5.1055089998990297
797 287.2457474005646 280.00014085979569 5.1117770001292229
798 287.23942981161957 280.00014092956837 5.1177139999344945
799 287.23311985366371 280.00014099925596 5.1234940001741052
800 287.22681751149196 280.00014106886022 5.1302500003948808
801 287.22052276993998 280.00014113838012 5.1363850003108382
802 287.21423561389571 280.00014120781589 5.1425720006227493
803 287.20795602829452 280.00014127716872 5.1488800002261996
804 287.20168399811701 280.00014134643811 5.1553570004180074
805 287.19541950838311 280.00014141562394 5.1615280006080866
806 287.18916254417275 280.00014148472701 5.1676059998571873
807 287.1829130906097 280.00014155374691 5.1740979999303818
808 287.17667113285722 280.00014162268417 5.1806420003995299
809 287.1704366561234 280.00014169153872 5.186723000369966
810 287.16420964567499 280.00014176031056 5.192650000564754
811 287.15799008680779 280.00014182899997 5.1987990001216531
812 287.15177796487865 280.00014189760719 5.2052310006693006
813 287.14557326527557 280.0001419661329 5.2115219999104738
814 287.1393759734367 280.00014203457681 5.2175970003008842
815 287.13318607485621 280.00014210293921 5.2238290002569556
816 287.12700355505666 280.00014217122038 5.2306230003014207
817 287.12082839961221 280.00014223941946 5.2372470004484057
818 287.11466059414005 280.0001423075372 5.2432099999859929
819 287.10850012430291 280.00014237557394 5.2492410000413656
820 287.10234697580654 280.00014244352991 5.2554550003260374
821 287.09620113440104 280.00014251140533 5.2616539997979999
822 287.09006258587891 280.00014257920054 5.2678550006821752
823 287.0839313160775 280.00014264691578 5.2745380001142621
824 287.07780731087075 280.0001427145499 5.2809899998828769
825 287.07169055619198 280.00014278210398 5.2873840006068349
826 287.06558103799381 280.00014284957865 5.293252999894321
827 287.05947874229628 280.00014291697278 5.2993980003520846
828 287.05338365514086 280.00014298428789 5.3228710005059838
829 287.04729576262179 280.00014305152257 5.3339720005169511
830 287.04121505087733 280.00014311867994 5.340081000700593
831 287.03514150607924 280.00014318575631 5.3459720006212592
832 287.02907511444943 280.00014325275436 5.3518310002982616
833 287.02301586224758 280.0001433196735 5.3586490005254745
834 287.01696373577266 280.00014338651368 5.3648570002987981
835 287.01091872137249 280.00014345327577 5.3713340004906058
836 287.0048808054234 280.00014351996003 5.3772419998422265
837 286.99884997435379 280.00014358656477 5.3837200002744794
838 286.99282621462925 280.00014365309244 5.3897810000926256
839 286.9868095127548 280.00014371954154 5.3960540005937219
840 286.98079985527573 280.00014378591334 5.4019010001793504
841 286.97479722877858 280.00014385220663 5.4082090007141232
842 286.9688016198902 280.00014391842336 5.414363999851048
843 286.96281301527449 280.00014398456233 5.4208160005509853
844 286.95683140164391 280.00014405062439 5.4266360001638532
845 286.9508567657337 280.00014411660857 5.4340620003640652
846 286.94488909433784 280.00014418251692 5.4413760006427765
847 286.93892837427535 280.0001442483474 5.4483630005270243
848 286.9329745924116 280.00014431410165 5.4562849998474121
849 286.92702773565111 280.00014437977961 5.4638660000637174
850 286.92108779092752 280.0001444453813 5.470083000138402
851 286.91515474522345 280.00014451090675 5.4758810000494123
852 286.9092285855628 280.00014457635604 5.4822550006210804
853 286.90330929899085 280.00014464172949 5.4887279998511076
854 286.89739687261232 280.00014470702666 5.4956400003284216
855 286.89149129355371 280.00014477224966 5.50167699996382
856 286.8855925489832 280.00014483739614 5.508198999799788
857 286.87970062611254 280.00014490246696 5.5145350005477667
858 286.87381551218823 280.0001449674628 5.52086800057441
859 286.86793719449059 280.0001450323839 5.5268500000238419
860 286.86206566033286 280.00014509723025 5.5336680002510548
861 286.85620089708277 280.00014516200093 5.5395889999344945
862 286.85034289212985 280.00014522669721 5.5457120006904006
863 286.84449163290174 280.00014529131982 5.5517859999090433
864 286.83864710687254 280.00014535586848 5.5578120006248355
865 286.83280930153757 280.00014542034131 5.5639500003308058
866 286.82697820444349 280.00014548474076 5.5704760001972318
867 286.82115380316191 280.00014554906789 5.5766040002927184
868 286.81533608530731 280.00014561331869 5.5829750001430511
869 286.80952503853047 280.00014567749685 5.5893240002915263
870 286.80372065050511 280.00014574160139 5.595954000018537
871 286.79792290896131 280.00014580563294 5.6018730001524091
872 286.79213180165061 280.00014586959128 5.6085320003330708
873 286.78634731635952 280.00014593347589 5.6147400001063943
874 286.78056944091952 280.00014599728701 5.621280999854207
875 286.7747981631864 280.00014606102559 5.6272220006212592
876 286.76903347105792 280.00014612469209 5.6339140003547072
877 286.7632753524656 280.00014618828601 5.6400530003011227
878 286.75752379536829 280.00014625180717 5.646573000587523
879 286.75177878777032 280.00014631525619 5.6523680007085204
880 286.7460403177011 280.00014637863183 5.6585849998518825
881 286.74030837323318 280.00014644193647 5.6648070001974702
882 286.73458294246603 280.00014650516886 5.6714130006730556
883 286.72886401353912 280.00014656832974 5.6774249998852611
884 286.7231515746148 280.00014663141837 5.6842790003865957
885 286.71744561390233 280.0001466944363 5.6903389999642968
886 286.71174611963573 280.00014675738174 5.6968959998339415
887 286.70605308008834 280.00014682025693 5.7027900004759431
888 286.70036648355995 280.00014688306055 5.7107410002499819
889 286.69468631838743 280.00014694579312 5.7174140000715852
890 286.68901257294726 280.00014700845446 5.723513999953866
891 286.68334523563436 280.000147071046 5.7298550000414252
892 286.67768429488848 280.00014713356592 5.736047999933362
893 286.67202973917512 280.00014719601569 5.7426320007070899
894 286.66638155699462 280.00014725839452 5.7494419999420643
895 286.66073973688617 280.00014732070446 5.7554529998451471
896 286.65510426741002 280.00014738294345 5.7615800006315112
897 286.6494751371622 280.00014744511168 5.767497000284493
898 286.64385233477537 280.00014750721107 5.7739890003576875
899 286.63823584891213 280.00014756923997 5.7804720001295209
900 286.63262566826097 280.00014763120004 5.7867200002074242
901 286.62702178155035 280.00014769309041 5.7929730005562305
902 286.62142417753824 280.00014775491138 5.7994290003553033
903 286.61583284500705 280.00014781666215 5.8058820003643632
904 286.61024777278419 280.00014787834414 5.8119520004838705
905 286.60466894970921 280.00014793995786 5.818355000577867
906 286.59909636467194 280.00014800150257 5.8249139999970794
907 286.59353000658228 280.00014806297821 5.8311860002577305
908 286.58796986438222 280.00014812438548 5.8373650005087256
909 286.58241592704542 280.00014818572373 5.8433150006458163
910 286.57686818357973 280.00014824699326 5.8501610001549125
911 286.57132662301683 280.00014830819521 5.8566209999844432
912 286.56579123441981 280.00014836932894 5.8631190005689859
913 286.56026200689212 280.00014843039406 5.8689760006964207
914 286.55473892954984 280.00014849139171 5.8757500005885959
915 286.54922199155669 280.00014855232229 5.8822110006585717
916 286.54371118209281 280.00014861318391 5.8885679999366403
917 286.53820649037476 280.00014867397834 5.894612000323832
918 286.53270790565 280.00014873470536 5.9005940007045865
919 286.5272154171866 280.00014879536462 5.9066480007022619
920 286.52172901429759 280.000148855958 5.9132139999419451
921 286.51624868630864 280.00014891648237 5.9192719999700785
922 286.51077442258446 280.00014897694206 5.9256140002980828
923 286.50530621252079 280.00014903733415 5.9318860005587339
924 286.49984404553169 280.00014909765929 5.9383220002055168
925 286.49438791107133 280.00014915791689 5.9443180002272129
926 286.48893779861328 280.00014921810896 5.9508750000968575
927 286.48349369767357 280.00014927823457 5.9570730002596974
928 286.47805559778021 280.0001493382938 5.9634150005877018
929 286.47262348849489 280.00014939828645 5.9693849999457598
930 286.46719735941758 280.00014945821312 5.9753640005365014
931 286.46177720016624 280.00014951807429 5.9815270006656647
932 286.45636300038558 280.00014957786942 5.9879919998347759
933 286.45095474975898 280.00014963759929 5.9939020005986094
934 286.44555243798823 280.000149697263 6.0003500003367662
935 286.44015605480041 280.00014975686139 6.0063850004225969
936 286.43476558996622 280.00014981639453 6.0127260005101562
937 286.42938103326526 280.00014987586167 6.0186240002512932
938 286.42400237451727 280.00014993526395 6.0246450006961823
939 286.41862960356463 280.00014999460188 6.0308100003749132
940 286.41326271027629 280.00015005387462 6.0372050004079938
941 286.40790168455146 280.00015011308278 6.0432230001315475
942 286.4025465163129 280.00015017222643 6.0494960006326437
943 286.39719719551363 280.00015023130459 6.0562150003388524
944 286.39185371213392 280.00015029031846 6.0625430000945926
945 286.38651605617372 280.00015034926878 6.068235999904573
946 286.3811842176687 280.00015040815435 6.0746450005099177
947 286.37585818667992 280.00015046697598 6.0809580003842711
948 286.37053795328893 280.0001505257332 6.0873140003532171
949 286.36522350760765 280.00015058442659 6.0934110004454851
950 286.35991483977517 280.00015064305603 6.0998410005122423
951 286.35461193995769 280.00015070162283 6.1064560003578663
952 286.34931479834194 280.00015076012551 6.1128030000254512
953 286.34402340514424 280.00015081856435 6.1185699999332428
954 286.33873775061221 280.00015087694004 6.1248639998957515
955 286.33345782500635 280.00015093525229 6.1311560003086925
956 286.32818361862934 280.00015099350179 6.1375480005517602
957 286.32291512179586 280.00015105168762 6.1435070000588894
958 286.31765232485253 280.00015110981064 6.1502130003646016
959 286.31239521817014 280.00015116787102 6.1565760001540184
960 286.30714379214101 280.00015122586819 6.1629619998857379
961 286.30189803719219 280.00015128380318 6.1688839998096228
962 286.29665794377172 280.00015134167535 6.1753890002146363
963 286.29142350234304 280.00015139948596 6.1815210003405809
964 286.28619470341118 280.00015145723319 6.1879690000787377
965 286.28097153749508 280.00015151491874 6.1939949998632073
966 286.27575399514137 280.00015157254188 6.2001830004155636
967 286.27054206691946 280.00015163010272 6.2065010005608201
968 286.26533574342858 280.00015168760211 6.212933000177145
969 286.26013501528632 280.00015174504017 6.2189589999616146
970 286.25493987314542 280.00015180241559 6.2250939998775721
971 286.24975030766495 280.00015185973052 6.2313760006800294
972 286.24456630954251 280.00015191698293 6.2378440005704761
973 286.23938786950231 280.0001519741736 6.243839000351727
974 286.23421497828218 280.00015203130351 6.2500109998509288
975 286.22904762664581 280.00015208837306 6.2562190005555749
976 286.223885805387 280.00015214538121 6.2625580001622438
977 286.21872950531719 280.00015220232791 6.2684770002961159
978 286.21357871727594 280.00015225921436 6.2744190003722906
979 286.20843343212965 280.00015231603868 6.2809819998219609
980 286.20329364075582 280.00015237280383 6.2874340005218983
981 286.19815933406898 280.00015242950838 6.2933530006557703
982 286.19303050300033 280.00015248615182 6.2995629999786615
983 286.18790713850353 280.00015254273524 6.3058750005438924
984 286.18278923156061 280.00015259925812 6.3121380005031824
985 286.17767677316908 280.00015265572068 6.3181460006162524
986 286.17256975436601 280.00015271212317 6.3242310006171465
987 286.16746816618416 280.0001527684658 6.3306670002639294
988 286.16237199970823 280.00015282474789 6.336862999945879
989 286.15728124602617 280.00015288097114 6.3431190000846982
990 286.15219589625627 280.00015293713409 6.3494939999654889
991 286.1471159415396 280.00015299323849 6.3558090003207326
992 286.14204137303784 280.00015304928229 6.3619780000299215
993 286.13697218193357 280.00015310526715 6.3679680004715919
994 286.13190835944198 280.00015316119243 6.3741580005735159
995 286.1268498967849 280.00015321705922 6.3805650006979704
996 286.12179678522244 280.00015327286599 6.386994999833405
997 286.11674901602441 280.0001533286146 6.3928420003503561
998 286.11170658048798 280.00015338430427 6.3993850005790591
999 286.10666946993712 280.00015343993488 6.406093000434339
1000 286.10163767570157 280.00015349550625 6.4126340001821518
1001 286.09661118916074 280.00015355101931 6.4183229999616742
1002 286.09159000168574 280.00015360647467 6.4247830007225275
1003 286.08657410469078 280.00015366187034 6.4310320001095533
1004 286.08156348960313 280.00015371720815 6.4374550003558397
1005 286.07655814786938 280.00015377248781 6.4433909999206662
1006 286.07155807096382 280.00015382770903 6.4492460004985332
1007 286.06656325038102 280.00015388287267 6.4559090007096529
1008 286.06157367763609 280.00015393797833 6.4621770000085235
1009 286.05658934425844 280.00015399302629 6.4685310004279017
1010 286.05161024181558 280.00015404801553 6.4749800004065037
1011 286.04663636187837 280.00015410294765 6.4814720004796982
1012 286.04166769604751 280.00015415782235 6.4881980000063777
1013 286.03670423594724 280.00015421263976 6.4943890003487468
1014 286.03174597321669 280.00015426739918 6.5005740001797676
1015 286.02679289952067 280.00015432210154 6.5064530000090599
1016 286.02184500653846 280.00015437674796 6.5130970003083348
1017 286.01690228597658 280.00015443133577 6.519535000436008
1018 286.01196472956076 280.00015448586652 6.5258960006758571
1019 286.00703232903822 280.00015454034133 6.5320570003241301
1020 286.00210507617237 280.0001545947589 6.5385779999196529
1021 285.99718296274983 280.00015464911968 6.544493000023067
1022 285.99226598057754 280.0001547034235 6.5507200006395578
1023 285.98735412148505 280.000154757671 6.556700000539422
1024 285.98244737731909 280.00015481186188 6.5631820000708103
1025 285.9775457399499 280.00015486599597 6.5691970000043511
1026 285.97264920125775 280.00015492007418 6.5752760004252195
1027 285.96775775316218 280.00015497409646 6.5814020000398159
1028 285.96287138758004 280.0001550280623 6.5877430001273751
1029 285.9579900964664 280.00015508197197 6.5936130005866289
1030 285.95311387179061 280.00015513582525 6.6001400006935
1031 285.94824270553642 280.00015518962346 6.6062520006671548
1032 285.94337658971142 280.00015524336555 6.6126420004293323
1033 285.93851551634549 280.00015529705178 6.6185779999941587
1034 285.9336594774843 280.00015535068235 6.6250419998541474
1035 285.9288084651937 280.00015540425784 6.6311440002173185
1036 285.92396247155966 280.00015545777757 6.637377000413835
1037 285.9191214886871 280.00015551124233 6.6432039998471737
1038 285.91428550870484 280.00015556465183 6.6496400004252791
1039 285.90945452375217 280.00015561800564 6.6559650003910065
1040 285.9046285259945 280.00015567130413 6.6622430002316833
1041 285.89980750760913 280.00015572454879 6.6682690000161529
1042 285.89499146080573 280.00015577773758 6.6749590002000332
1043 285.89018037779744 280.0001558308723 6.6812260001897812
1044 285.88537425082978 280.00015588395195 6.6874020006507635
1045 285.88057307215564 280.0001559369768 6.6934580001980066
1046 285.87577683405823 280.00015598994736 6.6994250006973743
1047 285.87098552882702 280.00015604286307 6.7057260004803538
1048 285.86619914878122 280.00015609572415 6.7120570000261068
1049 285.86141768625117 280.0001561485318 6.7182180006057024
1050 285.85664113358877 280.00015620128443 6.7244810005649924
1051 285.85186948316641 280.00015625398322 6.7311280006542802
1052 285.84710272737323 280.00015630662796 6.7377350004389882
1053 285.84234085861885 280.00015635921852 6.7434590002521873
1054 285.83758386931908 280.00015641175565 6.7503340002149343
1055 285.832831751924 280.00015646423839 6.7569869998842478
1056 285.82808449890092 280.00015651666797 6.7635610001161695
1057 285.82334210272342 280.00015656904327 6.7694220002740622
1058 285.81860455589219 280.00015662136542 6.7756270002573729
1059 285.81387185091802 280.00015667363414 6.7818550001829863
1060 285.80914398034872 280.00015672584908 6.7885710000991821
1061 285.80442093672315 280.00015677801099 6.7949090003967285
1062 285.79970271261686 280.00015683011969 6.801032000221312
1063 285.79498930061783 280.00015688217536 6.8068880001083016
1064 285.79028069333543 280.0001569341772 6.8132670000195503
1065 285.7855768833831 280.00015698612742 6.8193359998986125
1066 285.78087786341121 280.00015703802421 6.8254900006577373
1067 285.77618362607376 280.00015708986757 6.8315960001200438
1068 285.77149416404848 280.00015714165886 6.8381019998341799
1069 285.76680947002984 280.0001571933966 6.8440629998221993
1070 285.76212953672893 280.00015724508364 6.8501420002430677
1071 285.75745435687281 280.0001572967164 6.8567500002682209
1072 285.75278392320661 280.00015734829697 6.8634370006620884
1073 285.7481182284962 280.00015739982501 6.8696530004963279
1074 285.74345726551536 280.00015745130156 6.8786620004102588
1075 285.73880102707028 280.00015750272587 6.8849210003390908
1076 285.73414950596879 280.00015755409822 6.89083700068295
1077 285.7295026950423 280.00015760541794 6.8974970001727343
1078 285.72486058713844 280.00015765668655 6.9036389999091625
1079 285.72022317512995 280.00015770790327 6.9093900006264448
1080 285.71559045189184 280.00015775906792 6.9154799999669194
1081 285.71096241032194 280.00015781018061 6.9220280004665256
1082 285.70633904334034 280.00015786124169 6.928319999948144
1083 285.70172034387861 280.00015791225081 6.9345880001783371
1084 285.69710630488021 280.00015796320974 6.9411180000752211
1085 285.69249691931731 280.00015801411587 6.947325000539422
1086 285.68789218016565 280.00015806497134 6.9536150004714727
1087 285.68329208042928 280.00015811577555 6.9594870004802942
1088 285.67869661312318 280.00015816652831 6.9659660002216697
1089 285.6741057712731 280.00015821723076 6.9721990004181862
1090 285.66951954792779 280.00015826788086 6.9786740001291037
1091 285.66493793615467 280.00015831848179 6.9843930006027222
1092 285.66036092903141 280.0001583690306 6.9903340004384518
1093 285.65578851965466 280.0001584195291 6.99681599996984
1094 285.65122070113529 280.00015846997701 7.0032270001247525
1095 285.64665746660251 280.00015852037376 7.0092719998210669
1096 285.64209880920311 280.00015857071952 7.0154060004279017
1097 285.63754472209257 280.00015862101611 7.0218360004946589
1098 285.63299519844787 280.00015867126183 7.0280330004170537
1099 285.62845023146701 280.00015872145747 7.0343519998714328
1100 285.62390981434936 280.00015877160178 7.0407159999012947
1101 285.61937394032384 280.00015882169708 7.046989000402391
1102 285.61484260262841 280.00015887174203 7.0531330006197095
1103 285.61031579451753 280.0001589217365 7.0593830002471805
1104 285.60579350926031 280.00015897168169 7.0657370006665587
1105 285.60127574014615 280.00015902157554 7.0723310001194477
1106 285.5967624804743 280.00015907142097 7.0785340005531907
1107 285.59225372355536 280.0001591212162 7.0846990002319217
1108 285.58774946273712 280.00015917096175 7.0912800002843142
1109 285.58324969135759 280.00015922065819 7.0975090004503727
1110 285.57875440277917 280.00015927030455 7.1038950001820922
1111 285.57426359038186 280.00015931990157 7.1096490006893873
1112 285.56977724755745 280.00015936944914 7.1161879999563098
1113 285.56529536771797 280.00015941894827 7.1228530006483197
1114 285.56081794428235 280.00015946839676 7.1291669998317957
1115 285.55634497069849 280.00015951779727 7.1350659998133779
1116 285.55187644041342 280.00015956714878 7.1409800006076694
1117 285.54741234689311 280.00015961645045 7.1471600001677871
1118 285.54295268362716 280.00015966570362 7.1533559998497367
1119 285.53849744411195 280.00015971490762 7.1596070006489754
1120 285.53404662185886 280.00015976406308 7.1657899999991059
1121 285.52960021040138 280.00015981317006 7.172410000115633
1122 285.52515820328136 280.00015986222786 7.1786350002512336
1123 285.52072059405259 280.0001599112374 7.1845810003578663
1124 285.51628737628903 280.00015996019835 7.1910520000383258
1125 285.51185854357698 280.00016000911143 7.1973350001499057
1126 285.50743408951979 280.00016005797556 7.2035680003464222
1127 285.5030140077339 280.00016010679195 7.2096380004659295
1128 285.49859829185078 280.0001601555602 7.2161460006609559
1129 285.49418693550894 280.00016020427967 7.2222629999741912
1130 285.48977993237702 280.0001602529511 7.2283970005810261
1131 285.48537727611745 280.00016030157497 7.2343589998781681
1132 285.48097896042981 280.00016035015079 7.2403199998661876
1133 285.47658497900841 280.00016039867853 7.2467729998752475
1134 285.47219532557261 280.00016044715824 7.2529080007225275
1135 285.46780999385203 280.00016049559048 7.2590420003980398
1136 285.4634289775903 280.00016054397548 7.2652380000799894
1137 285.45905227054914 280.00016059231245 7.2717160005122423
1138 285.45467986649891 280.0001606406023 7.2777990000322461
1139 285.45031175922531 280.00016068884361 7.2843810003250837
1140 285.4459479425355 280.00016073703813 7.2906910004094243
1141 285.44158841023426 280.00016078518649 7.2972550000995398
1142 285.43723315615426 280.00016083328569 7.3033400001004338
1143 285.43288217414204 280.00016088133822 7.3094640001654625
1144 285.42853545804957 280.00016092934419 7.3156900005415082
1145 285.42419300174475 280.00016097730321 7.3221160005778074
1146 285.41985479911278 280.00016102521482 7.3283780002966523
1147 285.41552084405373 280.00016107307937 7.3345470000058413
1148 285.41119113047375 280.00016112089759 7.3409910006448627
1149 285.40686565229817 280.00016116866857 7.3473240006715059
1150 285.40254440346672 280.000161216393 7.3533520000055432
1151 285.39822737792775 280.00016126407053 7.359197000041604
1152 285.39391456964847 280.00016131170253 7.3654190003871918
1153 285.38960597260518 280.00016135928729 7.3718119999393821
1154 285.38530158078879 280.00016140682624 7.378002000041306
1155 285.38100138820602 280.00016145431687 7.3845380004495382
1156 285.37670538887448 280.00016150176276 7.3905340004712343
1157 285.37241357682296 280.00016154916199 7.397065999917686
1158 285.36812594609881 280.00016159651551 7.4032620005309582
1159 285.36384249075701 280.00016164382259 7.4093320006504655
1160 285.35956320487287 280.00016169108346 7.4157730005681515
1161 285.35528808252235 280.00016173829897 7.4221980003640056
1162 285.35101711781226 280.00016178546741 7.4283739998936653
1163 285.34675030483993 280.00016183259078 7.4348520003259182
1164 285.34248763774031 280.00016187966861 7.4408370004966855
1165 285.33822911064442 280.00016192669966 7.4472289998084307
1166 285.333974717697 280.00016197368649 7.4536089999601245
1167 285.32972445306137 280.00016202062693 7.459498000331223
1168 285.32547831091455 280.0001620675219 7.4662359999492764
1169 285.32123628544167 280.00016211437134 7.472630999982357
1170 285.31699837084415 280.00016216117564 7.4789439998567104
1171 285.31276456133031 280.00016220793418 7.4846780002117157
1172 285.30853485112686 280.00016225464753 7.4907809998840094
1173 285.30430923447562 280.00016230131598 7.4972750004380941
1174 285.30008770562159 280.00016234793964 7.5034929998219013
1175 285.29587025882654 280.00016239451838 7.5097200004383922
1176 285.29165688837003 280.00016244105109 7.5163620002567768
1177 285.28744758853736 280.00016248753917 7.5225490005686879
1178 285.2832423536272 280.00016253398263 7.5287000006064773
1179 285.27904117795691 280.00016258038079 7.5348510006442666
1180 285.27484405584693 280.00016262673518 7.541321000084281
1181 285.27065098163285 280.00016267304284 7.5479210000485182
1182 285.26646194967049 280.00016271930838 7.5542259998619556
1183 285.26227695431862 280.00016276552793 7.5599890006706119
1184 285.25809598994545 280.00016281170275 7.5669499998912215
1185 285.25391905094693 280.00016285783363 7.5730490004643798
1186 285.24974613171275 280.00016290391864 7.5794820003211498
1187 285.24557722665833 280.00016294996129 7.5851440001279116
1188 285.24141233020288 280.00016299595904 7.5915919998660684
1189 285.23725143677984 280.0001630419124 7.5977910002693534
1190 285.23309454084392 280.00016308782142 7.6042690007016063
1191 285.22894163684327 280.00016313368684 7.6102030007168651
1192 285.22479271925027 280.00016317950781 7.6164810005575418
1193 285.22064778254907 280.00016322528586 7.6228390000760555
1194 285.21650682123294 280.00016327101883 7.6291669998317957
1195 285.21236982981009 280.00016331670815 7.6350770005956292
1196 285.20823680279511 280.0001633623537 7.6410690005868673
1197 285.20410773471707 280.00016340795565 7.6474760007113218
1198 285.19998262011319 280.00016345351474 7.6537850005552173
1199 285.19586145354123 280.00016349902899 7.6597480000928044
1200 285.19174422956888 280.00016354450025 7.6664709998294711
1201 285.18763094276494 280.00016358992787 7.6725730001926422
1202 285.18352158772075 280.00016363531245 7.6788969999179244
1203 285.17941615903203 280.00016368065269 7.6850359998643398
1204 285.17531465131214 280.00016372595042 7.691487000323832
1205 285.1712170591814 280.00016377120517 7.6974969999864697
1206 285.16712337727438 280.00016381641552 7.704203000292182
1207 285.16303360023585 280.00016386158364 7.7100640004500747
1208 285.15894772271668 280.00016390670851 7.7187000000849366
1209 285.15486573939432 280.00016395179057 7.7443400006741285
1210 285.15078764493893 280.00016399682937 7.7502540005370975
1211 285.14671343404495 280.00016404182594 7.7559600006788969
1212 285.14264310141112 280.00016408677897 7.7621210003271699
1213 285.13857664175345 280.00016413169004 7.7688980000093579
1214 285.13451404979037 280.00016417655701 7.7751560006290674
1215 285.13045532026246 280.00016422138236 7.7811190001666546
1216 285.12640044790811 280.000164266166 7.7874300004914403
1217 285.12234942749461 280.0001643109058 7.7932930001989007
1218 285.1183022537806 280.00016435560394 7.8000690005719662
1219 285.11425892154898 280.00016440025922 7.8063860004767776
1220 285.11021942558801 280.00016444487289 7.8125310000032187
1221 285.10618376070408 280.00016448944268 7.8183130007237196
1222 285.10215192170489 280.00016453397058 7.8249320005998015
1223 285.09812390340801 280.00016457845749 7.831042000092566
1224 285.09409970065713 280.00016462290142 7.8373469999060035
1225 285.0900793082875 280.00016466730284 7.8432310000061989
1226 285.08606272116162 280.00016471166253 7.8502000002190471
1227 285.0820499341433 280.00016475597988 7.8563280003145337
1228 285.07804094210513 280.00016480025624 7.8625600002706051
1229 285.07403573994094 280.00016484449003 7.868278999812901
1230 285.07003432254248 280.00016488868278 7.87440500035882
1231 285.06603668482097 280.00016493283329 7.8807070003822446
1232 285.0620428216958 280.00016497694168 7.887122000567615
1233 285.05805272810136 280.00016502100925 7.8930600006133318
1234 285.05406639897137 280.00016506503454 7.8995430003851652
1235 285.05008382925797 280.00016510901793 7.9057860001921654
1236 285.04610501392534 280.00016515296096 7.9118830002844334
1237 285.04212994794409 280.0001651968625 7.9179060002788901
1238 285.03815862629318 280.00016524072248 7.9241150002926588
1239 285.03419104397238 280.00016528454029 7.9306789999827743
1240 285.03022719597811 280.00016532831791 7.9371650004759431
1241 285.02626707732708 280.0001653720542 7.9431220004335046
1242 285.02231068304206 280.00016541574905 7.9502650005742908
1243 285.01835800815678 280.00016545940241 7.9563560001552105
1244 285.01440904771562 280.00016550301513 7.9625430004671216
1245 285.01046379677462 280.00016554658799 7.9684370001778007
1246 285.00652225039386 280.00016559011783 7.9745399998500943
1247 285.002584403654 280.00016563360816 7.9809940000995994
1248 284.9986502516341 280.0001656770574 7.9871829999610782
1249 284.99471978943461 280.00016572046604 7.9932470005005598
1250 284.99079301215636 280.00016576383427 7.9998249998316169
1251 284.98686991491519 280.00016580716124 8.0059600006788969
1252 284.98295049283996 280.00016585044722 8.0120270000770688
1253 284.97903474106255 280.00016589369369 8.0181700000539422
1254 284.97512265472989 280.00016593689952 8.0243310006335378
1255 284.97121422899352 280.00016598006454 8.0306040002033114
1256 284.96730945901771 280.00016602318925 8.0369600001722574
1257 284.96340833998414 280.00016606627389 8.0432120002806187
1258 284.95951086707544 280.00016610931846 8.0500520002096891
1259 284.95561703547821 280.00016615232198 8.0562110003083944
1260 284.95172684040438 280.00016619528697 8.0622800001874566
1261 284.94784027706692 280.00016623821091 8.0683000003919005
1262 284.94395734068729 280.00016628109438 8.0746389999985695
1263 284.94007802650214 280.00016632393778 8.0810259999707341
1264 284.9362023297515 280.00016636674184 8.0874009998515248
1265 284.9323302456915 280.00016640950571 8.0932710003107786
1266 284.92846176958142 280.00016645222939 8.0999429998919368
1267 284.92459689669374 280.00016649491283 8.1061450000852346
1268 284.92073562231218 280.00016653755864 8.1124320002272725
1269 284.91687794172611 280.00016658016358 8.118308000266552
1270 284.91302385023573 280.00016662272816 8.1246960004791617
1271 284.90917334315111 280.00016666525363 8.131359999999404
1272 284.90532641579676 280.00016670773982 8.1379690002650023
1273 284.90148306349613 280.00016675018639 8.1441990006715059
1274 284.89764328159009 280.00016679259357 8.1506219999864697
1275 284.89380706542659 280.00016683496108 8.1566900005564094
1276 284.88997441036202 280.00016687728913 8.163336000405252
1277 284.88614531176256 280.00016691957859 8.1696210000663996
1278 284.88231976500327 280.00016696182865 8.1757220001891255
1279 284.8784977654729 280.00016700403887 8.181768000125885
1280 284.8746793085657 280.00016704621078 8.1885150000452995
1281 284.87086438967964 280.00016708834272 8.1946740001440048
1282 284.86705300423569 280.00016713043607 8.2008840003982186
1283 284.86324514765096 280.00016717249133 8.2074159998446703
1284 284.85944081535598 280.0001672145072 8.2142080003395677
1285 284.85564000279589 280.00016725648277 8.2208489999175072
1286 284.85184270541714 280.00016729842076 8.2264970000833273
1287 284.84804891867481 280.00016734031976 8.232265000231564
1288 284.84425863804171 280.00016738218005 8.2390999998897314
1289 284.84047185899266 280.00016742400231 8.2458480000495911
1290 284.83668857701366 280.00016746578581 8.2518070004880428
1291 284.83290878759999 280.00016750752962 8.2582760006189346
1292 284.82913248625397 280.00016754923558 8.264831000007689
1293 284.82535966848616 280.00016759090289 8.2716669999063015
1294 284.82159032982429 280.00016763253251 8.2778040003031492
1295 284.81782446579518 280.00016767412342 8.284001000225544
1296 284.8140620719339 280.00016771567556 8.2901020003482699
1297 284.81030314379763 280.0001677571899 8.2961349999532104
1298 284.80654767693426 280.00016779866547 8.3022060003131628
1299 284.80279566691479 280.00016784010324 8.3087410004809499
1300 284.7990471093126 280.00016788150333 8.3148450003936887
1301 284.79530199970606 280.00016792286561 8.3215070003643632
1302 284.79156033369594 280.00016796418902 8.327508999966085
1303 284.78782210687564 280.00016800547411 8.333895000629127
1304 284.7840873148574 280.00016804672174 8.3399950005114079
1305 284.78035595325872 280.00016808793129 8.3466680003330112
1306 284.77662801770629 280.0001681291032 8.3528950000181794
1307 284.77290350383413 280.00016817023732 8.3592119999229908
1308 284.76918240728696 280.00016821133363 8.3656720006838441
1309 284.76546472371473 280.00016825239254 8.3722170004621148
1310 284.76175044878238 280.00016829341308 8.3783769998699427
1311 284.75803957815447 280.00016833439599 8.384748000651598
1312 284.75433210751208 280.00016837534258 8.3910410003736615
1313 284.75062803254019 280.0001684162504 8.3973400006070733
1314 284.74692734893398 280.00016845712156 8.4036770006641746
1315 284.74323005239876 280.00016849795543 8.4095029998570681
1316 284.73953613864131 280.00016853875161 8.4159430004656315
1317 284.73584560337963 280.00016857951044 8.4224120005965233
1318 284.73215844234892 280.00016862023131 8.4287769999355078
1319 284.72847465128035 280.00016866091528 8.4348340006545186
1320 284.72479422592153 280.00016870156242 8.4413060005754232
1321 284.72111716202625 280.0001687421734 8.44766900036484
1322 284.71744345535257 280.00016878274562 8.4538890002295375
1323 284.71377310167139 280.00016882328191 8.4597920002415776
1324 284.71010609676097 280.00016886378063 8.4661720003932714
1325 284.706442436408 280.0001689042432 8.4725360004231334
1326 284.70278211640357 280.00016894466802 8.4787800004705787
1327 284.69912513255201 280.00016898505572 8.4849890004843473
1328 284.69547148066198 280.00016902540739 8.4909319998696446
1329 284.6918211565544 280.00016906572245 8.4969520000740886
1330 284.68817415605599 280.00016910600016 8.5030550006777048
1331 284.68453047499975 280.00016914624217 8.5091700004413724
1332 284.68089010922694 280.0001691864465 8.5155699998140335
1333 284.67725305458993 280.00016922661501 8.5219870004802942
1334 284.67361930694977 280.00016926674698 8.5282950000837445
1335 284.66998886216697 280.00016930684211 8.5344099998474121
1336 284.66636171612191 280.00016934690012 8.5409090006724
1337 284.66273786469117 280.00016938692266 8.5475289998576045
1338 284.6591173037728 280.00016942690843 8.5537090003490448
1339 284.65550002925687 280.00016946685844 8.5597160002216697
1340 284.65188603705633 280.0001695067715 8.5661679999902844
1341 284.648275323083 280.00016954664818 8.5729840006679296
1342 284.64466788325853 280.00016958649007 8.5791469998657703
1343 284.64106371350658 280.00016962629439 8.5856309998780489
1344 284.63746280977563 280.00016966606375 8.5922900000587106
1345 284.63386516800392 280.00016970579679 8.598517999984324
1346 284.63027078414291 280.00016974549209 8.6051010005176067
1347 284.62667965415756 280.00016978515396 8.6111700003966689
1348 284.62309177401602 280.00016982477888 8.6173100005835295
1349 284.6195071396906 280.00016986436839 8.6232639998197556
1350 284.61592574716684 280.00016990392203 8.6296800002455711
1351 284.61234759243717 280.00016994343969 8.6356330001726747
1352 284.60877267150181 280.00016998292119 8.6421230006963015
1353 284.60520098036005 280.00017002236791 8.6482130000367761
1354 284.60163251503371 280.00017006177796 8.6548239998519421
1355 284.59806727154307 280.00017010115357 8.6607929999008775
1356 284.59450524591063 280.00017014049291 8.6672520004212856
1357 284.59094643418166 280.00017017979684 8.6731759998947382
1358 284.58739083239664 280.00017021906535 8.6794900000095367
1359 284.58383843660732 280.00017025829862 8.6853029998019338
1360 284.58028924287265 280.00017029749654 8.6918740002438426
1361 284.57674324725872 280.00017033665881 8.6981500005349517
1362 284.57320044584242 280.00017037578596 8.7045340007171035
1363 284.56966083470218 280.00017041487803 8.7104600006714463
1364 284.56612440992842 280.00017045393514 8.716707999818027
1365 284.5625911676135 280.00017049295639 8.7229249998927116
1366 284.55906110386354 280.00017053194267 8.7292640004307032
1367 284.55553421479033 280.0001705708948 8.7353269997984171
1368 284.55201049651356 280.00017060981151 8.7412260007113218
1369 284.54848994515504 280.00017064869377 8.7476099999621511
1370 284.54497255684657 280.0001706875392 8.7539720004424453
1371 284.54145832772878 280.0001707263504 8.7598720006644726
1372 284.53794725395335 280.00017076512802 8.7665800005197525
1373 284.53443933167318 280.00017080387016 8.7726540006697178
1374 284.53093455704243 280.00017084257735 8.7786779999732971
1375 284.52743292623978 280.00017088124901 8.7847540006041527
1376 284.52393443543292 280.00017091988718 8.7907079998403788
1377 284.52043908081015 280.00017095849046 8.7971490006893873
1378 284.5169468585587 280.00017099705946 8.8036390002816916
1379 284.51345776487642 280.0001710355931 8.8094390006735921
1380 284.50997179596919 280.00017107409309 8.815786000341177
1381 284.50648894804601 280.00017111255767 8.8222070001065731
1382 284.50300921732861 280.00017115098888 8.8283250005915761
1383 284.49953260003809 280.00017118938473 8.83464299980551
1384 284.49605909240842 280.00017122774676 8.8408120004460216
1385 284.49258869067927 280.00017126607418 8.847380000166595
1386 284.48912139109603 280.00017130436748 8.85374900046736
1387 284.48565718991529 280.00017134262669 8.8596210004761815
1388 284.48219608339235 280.00017138085087 8.8659749999642372
1389 284.47873806779734 280.00017141904334 8.8724119998514652
1390 284.47528313940228 280.0001714571996 8.8786670006811619
1391 284.47183129449269 280.00017149532158 8.8844020003452897
1392 284.46838252935368 280.00017153341071 8.8910440001636744
1393 284.46493684027649 280.0001715714651 8.8973489999771118
1394 284.46149422356825 280.00017160948494 8.9035860002040863
1395 284.45805467553248 280.0001716474722 8.9099520007148385
1396 284.45461819248834 280.00017168542553 8.9163500005379319
1397 284.45118477075033 280.00017172334458 8.9227060005068779
1398 284.44775440665643 280.00017176122958 8.929042000323534
1399 284.44432709653591 280.00017179908224 8.9350000005215406
1400 284.44090283673387 280.00017183689994 8.9416869999840856
1401 284.43748162359594 280.00017187468484 8.9482060000300407
1402 284.43406345348251 280.00017191243478 8.9548620004206896
1403 284.43064832274814 280.00017195015255 8.96072500012815
1404 284.42723622776998 280.00017198783598 8.9672560002654791
1405 284.4238271649167 280.00017202548599 8.9734080005437136
1406 284.42042113057244 280.00017206310275 8.9798110006377101
1407 284.41701812112865 280.00017210068557 8.9856110000982881
1408 284.41361813297544 280.00017213823571 8.9924860000610352
1409 284.41022116251838 280.0001721757522 8.9990140004083514
1410 284.40682720616439 280.00017221323611 9.005834000185132
1411 284.40343626032865 280.00017225068626 9.0121690006926656
1412 284.40004832142904 280.00017228810276 9.0182520002126694
1413 284.39666338590126 280.00017232548691 9.0246930001303554
1414 284.39328145017282 280.00017236283776 9.0308579998090863
1415 284.38990251068691 280.00017240015467 9.0375660005956888
1416 284.38652656389189 280.00017243743946 9.0434579998254776
1417 284.38315360623938 280.00017247469111 9.0496370000764728
1418 284.37978363418904 280.00017251190928 9.055800000205636
1419 284.37641664420863 280.0001725490946 9.0620769998058677
1420 284.37305263277074 280.00017258624786 9.0685640005394816
1421 284.36969159635669 280.00017262336695 9.0754810003563762
1422 284.36633353144629 280.00017266045398 9.0816799998283386
1423 284.36297843454082 280.00017269750765 9.0878860000520945
1424 284.35962630212856 280.00017273452977 9.0936000002548099
1425 284.35627713072296 280.00017277151795 9.1002480005845428
1426 284.35293091682894 280.0001728084747 9.106542999856174
1427 284.34958765696268 280.00017284539786 9.1127869999036193
1428 284.3462473476531 280.00017288228833 9.1186939999461174
1429 284.34290998542542 280.00017291914696 9.1253530001267791
1430 284.33957556681662 280.00017295597246 9.1315450007095933
1431 284.33624408837227 280.00017299276618 9.1381149999797344
1432 284.33291554663623 280.0001730295262 9.1442440003156662
1433 284.32958993816374 280.00017306625546 9.1504650004208088
1434 284.32626725951502 280.00017310295175 9.1565270004794002
1435 284.32294750725907 280.00017313961462 9.1629140004515648
1436 284.31963067796642 280.00017317624645 9.1689610006287694
1437 284.31631676821837 280.00017321284594 9.1748959999531507
1438 284.31300577459785 280.00017324941291 9.180970000103116
1439 284.30969769369932 280.00017328594788 9.1892940001562238
1440 284.30639252211506 280.00017332245147 9.1967870006337762
1441 284.30309025645397 280.00017335892187 9.2030260004103184
1442 284.29979089331829 280.00017339536112 9.2094140006229281
1443 284.29649442932975 280.00017343176694 9.2158949999138713
1444 284.29320086110812 280.00017346814235 9.2222700007259846
1445 284.28991018528035 280.00017350448519 9.2284329999238253
1446 284.2866223984804 280.00017354079529 9.2346609998494387
1447 284.28333749734583 280.00017357707412 9.2410010006278753
1448 284.28005547852439 280.00017361332107 9.2472390001639724
1449 284.27677633866443 280.00017364953669 9.253792000003159
1450 284.27350007442698 280.0001736857202 9.259383000433445
1451 284.27022668246752 280.0001737218721 9.2652700003236532
1452 284.26695615946744 280.00017375799194 9.27180300001055
1453 284.26368850209138 280.00017379408087 9.2780090002343059
1454 284.26042370702316 280.00017383013784 9.2845630003139377
1455 284.25716177094961 280.00017386616287 9.2906840005889535
1456 284.25390269056089 280.00017390215635 9.297406000085175
1457 284.25064646256288 280.00017393811851 9.3040060000494123
1458 284.24739308364724 280.00017397404918 9.310029000043869
1459 284.24414255053267 280.00017400994898 9.3164320001378655
1460 284.24089485993414 280.0001740458161 9.3228000001981854
1461 284.23765000857134 280.00017408165274 9.3292720001190901
1462 284.23440799316984 280.00017411745864 9.3352570002898574
1463 284.23116881046514 280.00017415323254 9.341754000633955
1464 284.22793245719436 280.00017418897482 9.348170000128448
1465 284.22469893010179 280.00017422468625 9.3546370007097721
1466 284.22146822593919 280.00017426036618 9.3604690004140139
1467 284.21824034145476 280.00017429601633 9.3669020002707839
1468 284.21501527342002 280.00017433163475 9.3731110002845526
1469 284.21179301859786 280.00017436722169 9.379679000005126
1470 284.20857357375837 280.00017440277753 9.3857650002464652
1471 284.20535693568013 280.00017443830205 9.3920689998194575
1472 284.20214310115119 280.00017447379656 9.3982660006731749
1473 284.19893206695826 280.00017450925952 9.4047910002991557
1474 284.1957238298956 280.00017454469207 9.4107739999890327
1475 284.19251838676598 280.0001745800933 9.4175030002370477
1476 284.18931573437141 280.00017461546463 9.4238290004432201
1477 284.18611586952875 280.00017465080396 9.430124000646174
1478 284.18291878905006 280.00017468611281 9.4360560001805425
1479 284.17972448975718 280.00017472139143 9.4421520000323653
1480 284.17653296848744 280.00017475663878 9.4483040003105998
1481 284.17334422206181 280.00017479185527 9.4548420002683997
1482 284.17015824733164 280.00017482704197 9.4608220001682639
1483 284.16697504113364 280.00017486219718 9.4674920001998544
1484 284.16379460032186 280.00017489732289 9.4737109998241067
1485 284.16061692174452 280.00017493241762 9.4800599999725819
1486 284.15744200227221 280.000174967482 9.4861820004880428
1487 284.15426983876722 280.00017500251613 9.4921869998797774
1488 284.15110042809692 280.00017503751894 9.4983660001307726
1489 284.14793376714516 280.00017507249288 9.5048839999362826
1490 284.14476985278844 280.00017510743561 9.5109109999611974
1491 284.14160868192175 280.00017514234747 9.5177070004865527
1492 284.13845025143075 280.00017517722921 9.5235470002517104
1493 284.13529455821902 280.00017521208076 9.5298960004001856
1494 284.13214159918471 280.00017524690253 9.5358159998431802
1495 284.12899137124464 280.00017528169485 9.542221000418067
1496 284.1258438713042 280.00017531645659 9.5483830003067851
1497 284.12269909628998 280.00017535118729 9.55489999987185
1498 284.11955704312447 280.00017538588895 9.5609740000218153
1499 284.11641770873507 280.00017542056082 9.5673919999971986
1500 284.11328109006195 280.00017545520211 9.5735330004245043
1501 284.11014718404226 280.00017548981236 9.5797000005841255
1502 284.10701598762245 280.00017552439363 9.5856990003958344
1503 284.10388749775558 280.0001755589451 9.5915020005777478
1504 284.10076171139485 280.00017559346668 9.5977130001410842
1505 284.0976386255054 280.00017562795864 9.6040790006518364
1506 284.09451823704558 280.00017566242082 9.6100770002231002
1507 284.09140054299763 280.00017569685286 9.6164310006424785
1508 284.08828554032971 280.0001757312549 9.6227740002796054
1509 284.08517322603171 280.0001757656284 9.6291220001876354
1510 284.08206359708078 280.00017579997206 9.6350010000169277
1511 284.07895665047903 280.00017583428524 9.6415200000628829
1512 284.07585238321838 280.0001758685695 9.6476650005206466
1513 284.07275079229709 280.00017590282414 9.6539630005136132
1514 284.06965187473133 280.00017593704831 9.6597640002146363
1515 284.0665556275294 280.00017597124372 9.665625000372529
1516 284.06346204770603 280.00017600540951 9.6720059998333454
1517 284.06037113228848 280.00017603954615 9.678230999968946
1518 284.05728287830112 280.00017607365305 9.6844159997999668
1519 284.05419728277781 280.00017610773102 9.6909630000591278
1520 284.05111434275329 280.0001761417796 9.6971240006387234
1521 284.04803405527377 280.00017617579869 9.7031560000032187
1522 284.04495641738629 280.00017620978883 9.7090969998389482
1523 284.04188142613617 280.00017624374965 9.7153690000995994
1524 284.03880907859138 280.00017627768057 9.721921999938786
1525 284.03573937180954 280.00017631158289 9.7280999999493361
1526 284.03267230285564 280.00017634545651 9.7345989998430014
1527 284.02960786880061 280.0001763793004 9.7407450005412102
1528 284.02654606673042 280.00017641311581 9.7471059998497367
1529 284.02348689371462 280.00017644690081 9.7532130004838109
1530 284.02043034684749 280.00017648065761 9.7591940006241202
1531 284.01737642322036 280.0001765143856 9.765362000092864
1532 284.01432511992692 280.00017654808471 9.7717310003936291
1533 284.01127643407034 280.00017658175523 9.7778820004314184
1534 284.00823036275824 280.00017661539687 9.7843260001391172
1535 284.00518690309661 280.0001766490094 9.7907490003854036
1536 284.00214605220418 280.00017668259244 9.7971060005947948
1537 283.99910780720097 280.00017671614722 9.8033440001308918
1538 283.99607216521269 280.00017674967336 9.8089129999279976
1539 283.99303912336586 280.00017678317113 9.8149600001052022
1540 283.99000867880517 280.00017681664025 9.8215049998834729
1541 283.98698082865849 280.00017685007936 9.8275350006297231
1542 283.98395557007694 280.00017688349089 9.8341570002958179
1543 283.98093290020745 280.0001769168735 9.8404149999842048
1544 283.97791281620135 280.00017695022797 9.846773000434041
1545 283.9748953152191 280.00017698355413 9.8526849998161197
1546 283.97188039442756 280.0001770168509 9.8588540004566312
1547 283.96886805099177 280.00017705012021 9.864932999946177
1548 283.96585828207861 280.00017708335997 9.87156100012362
1549 283.96285108487552 280.00017711657193 9.8775780005380511
1550 283.95984645655687 280.00017714975581 9.8837770000100136
1551 283.95684439430585 280.00017718291031 9.890039000660181
1552 283.95384489532387 280.00017721603723 9.896714000031352
1553 283.95084795679884 280.00017724913567 9.9031469998881221
1554 283.94785357593429 280.00017728220655 9.9095189999789
1555 283.94486174993267 280.00017731524861 9.9155620001256466
1556 283.94187247600695 280.00017734826241 9.9219439998269081
1557 283.93888575137078 280.00017738124802 9.9282889999449253
1558 283.93590157323518 280.00017741420515 9.9342860002070665
1559 283.9329199388327 280.00017744713614 9.9406599998474121
1560 283.92994084538861 280.0001774800366 9.9472590005025268
1561 283.92696429012909 280.00017751291097 9.9535730006173253
1562 283.92399027029535 280.00017754575623 9.959778000600636
1563 283.9210187831257 280.0001775785741 9.9661790002137423
1564 283.91804982587439 280.00017761136337 9.972457000054419
1565 283.91508339578763 280.00017764412564 9.9786539999768138
1566 283.9121194901125 280.00017767685932 9.9847769998013973
1567 283.90915810611449 280.00017770956447 9.991440000012517
1568 283.90619924105636 280.00017774224284 9.9974960004910827
1569 283.90324289220928 280.00017777489296 10.003530000336468
1570 283.90028905683982 280.00017780751637 10.009411000646651
1571 283.89733773222645 280.00017784011055 10.015536000020802
1572 283.89438891565328 280.00017787267814 10.022047000005841
1573 283.89144260439917 280.00017790521719 10.028249000199139
1574 283.88849879576361 280.00017793772912 10.034715000540018
1575 283.8855574870376 280.00017797021349 10.042065000161529
1576 283.8826186755166 280.00017800267034 10.069072999991477
1577 283.87968235850468 280.00017803509991 10.075188999995589
1578 283.87674853331151 280.00017806750145 10.081211000680923
1579 283.8738171972501 280.00017809987548 10.087363000027835
1580 283.87088834763352 280.000178132222 10.093082000501454
1581 283.86796198178223 280.00017816454169 10.100151999853551
1582 283.8650380970206 280.00017819683291 10.106250000186265
1583 283.86211669068285 280.00017822909768 10.112337000668049
1584 283.85919776009717 280.00017826133444 10.118205000646412
1585 283.85628130260193 280.00017829354493 10.124594000168145
1586 283.85336731554253 280.00017832572701 10.130828999914229
1587 283.85045579626006 280.00017835788123 10.137091000564396
1588 283.84754674210853 280.00017839001009 10.143106000497937
1589 283.84464015044404 280.00017842211025 10.149956000037491
1590 283.84173601862267 280.00017845418421 10.156326999887824
1591 283.83883434400622 280.00017848623048 10.162891999818385
1592 283.83593512396664 280.00017851825004 10.168781000189483
1593 283.8330383558681 280.00017855024231 10.175154999829829
1594 283.83014403709649 280.00017858220798 10.18129700049758
1595 283.82725216502502 280.00017861414597 10.187890999950469
1596 283.82436273704076 280.00017864605729 10.193591999821365
1597 283.82147575052988 280.00017867794156 10.199804999865592
1598 283.81859120288374 280.00017870979889 10.207223000004888
1599 283.81570909150446 280.0001787416295 10.215828999876976
1600 283.81282941378612 280.00017877343328 10.222087999805808
1601 283.8099521671366 280.00017880520971 10.228205000050366
1602 283.80707734896896 280.00017883695972 10.234465000219643
1603 283.80420495668892 280.0001788686825 10.240753000602126
1604 283.80133498771812 280.00017890037964 10.247206000611186
1605 283.79846743947616 280.00017893204932 10.253332000225782
1606 283.79560230939057 280.00017896369172 10.259488999843597
1607 283.79273959488734 280.00017899530809 10.265804000198841
1608 283.78987929340218 280.00017902689763 10.272276000119746
1609 283.78702140237311 280.00017905846084 10.278351999819279
1610 283.78416591924406 280.00017908999655 10.284683000296354
1611 283.78131284145621 280.00017912150599 10.291207999922335
1612 283.77846216645753 280.00017915298963 10.297520000487566
1613 283.7756138917091 280.00017918444576 10.304070999845862
1614 283.77276801466235 280.00017921587602 10.309921000152826
1615 283.76992453278058 280.00017924728081 10.316285000182688
1616 283.76708344353125 280.00017927865809 10.322250000201166
1617 283.76424474438204 280.00017931000906 10.328619000501931
1618 283.76140843280757 280.00017934133405 10.334990000352263
1619 283.75857450628473 280.00017937263181 10.341754000633955
1620 283.75574296229581 280.00017940390444 10.348005999810994
1621 283.75291379832851 280.00017943514899 10.354114000685513
1622 283.75008701186766 280.00017946636825 10.359889000654221
1623 283.74726260040711 280.00017949756233 10.366164000704885
1624 283.74444056144671 280.00017952872918 10.372582000680268
1625 283.74162089248676 280.00017955986993 10.378898000344634
1626 283.73880359103225 280.00017959098471 10.385209999978542
1627 283.73598865459121 280.00017962207335 10.391037000343204
1628 283.73317608067924 280.00017965313617 10.39750700071454
1629 283.7303658668103 280.00017968417302 10.403885000385344
1630 283.72755801050494 280.00017971518281 10.409673999994993
1631 283.72475250928983 280.00017974616691 10.416140000335872
1632 283.72194936068922 280.00017977712537 10.422497000545263
1633 283.71914856224191 280.00017980805745 10.428826000541449
1634 283.71635011147612 280.00017983896447 10.436325000599027
1635 283.71355400593671 280.00017986984568 10.443525000475347
1636 283.71076024316505 280.00017990070018 10.451299000531435
1637 283.70796882071335 280.00017993152875 10.458553000353277
1638 283.70517973612414 280.00017996233191 10.464874000288546
1639 283.70239298695941 280.00017999310933 10.471192000433803
1640 283.69960857077649 280.00018002386099 10.477347999811172
1641 283.69682648513316 280.00018005458645 10.483861000277102
1642 283.69404672760157 280.00018008528605 10.490214000456035
1643 283.69126929575208 280.00018011596063 10.496915999799967
1644 283.68849418715399 280.0001801466089 10.503088000230491
1645 283.68572139938647 280.00018017723181 10.509047000668943
1646 283.68295093003007 280.00018020782926 10.515376999974251
1647 283.68018277667409 280.0001802384005 10.522057000547647
1648 283.67741693690334 280.00018026894782 10.528317000716925
1649 283.67465340830887 280.00018029946864 10.53455900028348
1650 283.67189218849086 280.00018032996337 10.540671000257134
1651 283.66913327504415 280.00018036043321 10.547337000258267
1652 283.66637666557591 280.00018039087757 10.553830999881029
1653 283.66362235769515 280.00018042129676 10.560030000284314
1654 283.66087034900784 280.00018045169043 10.565876999869943
1655 283.65812063712895 280.00018048205885 10.572478000074625
1656 283.65537321968122 280.00018051240153 10.578799000009894
1657 283.65262809427901 280.00018054271897 10.584766999818385
1658 283.64988525855472 280.00018057301213 10.59141799993813
1659 283.6471447101323 280.00018060327898 10.597413999959826
1660 283.64440644664944 280.00018063352047 10.603466000407934
1661 283.64167046573624 280.00018066373701 10.609465000219643
1662 283.63893676503784 280.00018069392826 10.615683999843895
1663 283.6362053421924 280.00018072409512 10.622105999849737
1664 283.63347619485228 280.00018075423566 10.628419999964535
1665 283.63074932066365 280.00018078435187 10.634577000513673
1666 283.62802471728378 280.00018081444182 10.641123000532389
1667 283.62530238236928 280.00018084450829 10.647534000687301
1668 283.62258231357816 280.00018087454816 10.653777000494301
1669 283.61986450858052 280.00018090456433 10.659719999879599
1670 283.61714896504174 280.00018093455617 10.665466000325978
1671 283.61443568063225 280.00018096452209 10.671986000612378
1672 283.61172465303127 280.00018099446271 10.678299000486732
1673 283.60901587991452 280.00018102437946 10.684330000542104
1674 283.60630935896597 280.00018105427034 10.690689000301063
1675 283.6036050878713 280.00018108413616 10.697240000590682
1676 283.60090306431562 280.00018111397793 10.703662000596523
1677 283.59820328599761 280.00018114379509 10.709809000603855
1678 283.59550575061434 280.00018117358644 10.716401999816298
1679 283.59281045585857 280.00018120335392 10.722769000567496
1680 283.59011739943679 280.00018123309695 10.729030000045896
1681 283.58742657906066 280.00018126281407 10.734884000383317
1682 283.58473799243069 280.00018129250719 10.741471000015736
1683 283.582051637272 280.00018132217622 10.747777000069618
1684 283.57936751128977 280.00018135181972 10.754197000525892
1685 283.57668561220891 280.00018138143895 10.760205000638962
1686 283.57400593775986 280.00018141103322 10.766673999838531
1687 283.57132848566152 280.00018144060363 10.773001000285149
1688 283.56865325364492 280.00018147014913 10.779399000108242
1689 283.56598023944883 280.00018149967025 10.78524100035429
1690 283.56330944080491 280.00018152916766 10.791672999970615
1691 283.56064085545916 280.0001815586395 10.797774000093341
1692 283.55797448115283 280.00018158808786 10.804166000336409
1693 283.55531031563567 280.0001816175112 10.810041000135243
1694 283.552648356654 280.00018164691022 10.816763000562787
1695 283.5499886019648 280.00018167628508 10.822869000025094
1696 283.54733104932808 280.00018170563493 10.829210000112653
1697 283.54467569649637 280.00018173496068 10.834952000528574
1698 283.54202254124624 280.00018176426261 10.841025000438094
1699 283.53937158133732 280.00018179354026 10.84724900033325
1700 283.53672281453908 280.00018182279382 10.853435000404716
1701 283.53407623863018 280.00018185202282 10.859559000469744
1702 283.531431851386 280.00018188122789 10.865991000086069
1703 283.52878965058517 280.00018191040874 10.872363000176847
1704 283.52614963401516 280.00018193956481 10.878653000108898
1705 283.52351179946339 280.0001819686978 10.885029000230134
1706 283.52087614471623 280.00018199780681 10.89138500019908
1707 283.51824266756887 280.00018202689137 10.897419000044465
1708 283.51561136582143 280.00018205595109 10.903708000667393
1709 283.51298223727315 280.00018208498841 10.909677000716329
1710 283.51035527972442 280.00018211400032 10.915742000564933
1711 283.50773049098603 280.0001821429895 10.922178000211716
1712 283.50510786886537 280.00018217195441 10.928512000478804
1713 283.50248741117412 280.00018220089453 10.934818999841809
1714 283.49986911573251 280.00018222981117 10.941123000346124
1715 283.49725298036066 280.00018225870502 10.947526000440121
1716 283.4946390028752 280.00018228757409 10.953726000152528
1717 283.49202718110797 280.00018231641923 10.959797999821603
1718 283.48941751288424 280.000182345241 10.966270999982953
1719 283.48680999604204 280.00018237403805 10.972768000327051
1720 283.48420462840988 280.00018240281236 10.979056000709534
1721 283.4816014078304 280.00018243156319 10.985071999952197
1722 283.47900033214398 280.00018246028912 10.991464000195265
1723 283.47640139919963 280.00018248899175 10.997690000571311
1724 283.47380460684116 280.00018251767165 11.004006000235677
1725 283.47120995292096 280.0001825463267 11.009947000071406
1726 283.46861743529291 280.00018257495924 11.016534000635147
1727 283.46602705181738 280.00018260356808 11.022901000455022
1728 283.46343880034749 280.0001826321527 11.0292730005458
1729 283.46085267875458 280.00018266071419 11.034911000169814
1730 283.45826868490423 280.00018268925214 11.041430000215769
1731 283.45568681666595 280.0001827177673 11.04766400065273
1732 283.45310707191072 280.00018274625791 11.053995000198483
1733 283.45052944851591 280.00018277472566 11.060220000334084
1734 283.44795394436164 280.00018280317005 11.066500000655651
1735 283.44538055732852 280.00018283159102 11.072468000464141
1736 283.44280928530441 280.00018285998812 11.079627000726759
1737 283.44024012617393 280.00018288836191 11.085527000017464
1738 283.4376730778344 280.00018291671358 11.091781000606716
1739 283.4351081381738 280.00018294504059 11.097969000227749
1740 283.43254530509211 280.00018297334526 11.104578000493348
1741 283.42998457649338 280.00018300162651 11.110462000593543
1742 283.42742595027642 280.00018302988366 11.116863000206649
1743 283.42486942434743 280.00018305811869 11.122857000678778
1744 283.42231499661887 280.00018308633071 11.129107000306249
1745 283.4197626650037 280.00018311451873 11.135600000619888
1746 283.41721242741528 280.00018314268311 11.142035000026226
1747 283.41466428177722 280.00018317082589 11.148450000211596
1748 283.41211822600246 280.00018319894548 11.154962000437081
1749 283.40957425802458 280.00018322704045 11.160947000607848
1750 283.40703237576292 280.00018325511337 11.167557000182569
1751 283.40449257715744 280.00018328316253 11.174010000191629
1752 283.40195486013124 280.00018331119054 11.180453000590205
1753 283.39941922263233 280.00018333919434 11.186889000236988
1754 283.39688566258457 280.00018336717557 11.193007000721991
1755 283.39435417794601 280.00018339513343 11.199707999825478
1756 283.3918247666536 280.00018342306862 11.205974000506103
1757 283.38929742665812 280.00018345098135 11.212271000258625
1758 283.386772155909 280.00018347887021 11.218053000047803
1759 283.3842489523629 280.00018350673781 11.224500000476837
1760 283.38172781397253 280.00018353458057 11.230682999826968
1761 283.37920873870138 280.00018356240219 11.237103000283241
1762 283.37669172451035 280.00018359019981 11.243133000098169
1763 283.37417676936803 280.00018361797561 11.249855999834836
1764 283.37166387123779 280.00018364572833 11.256163000129163
1765 283.36915302809928 280.00018367345848 11.262319000437856
1766 283.36664423791728 280.00018370116561 11.268308000639081
1767 283.36413749867302 280.00018372885023 11.274774000048637
1768 283.36163280835257 280.00018375651285 11.281074000522494
1769 283.35913016492736 280.00018378415206 11.287500000558794
1770 283.35662956639322 280.00018381176972 11.293240999802947
1771 283.35413101073169 280.00018383936322 11.299878000281751
1772 283.35163449593585 280.00018386693529 11.306141000241041
1773 283.34914002000426 280.00018389448456 11.312547000125051
1774 283.34664758093129 280.00018392201173 11.318433000706136
1775 283.34415717671521 280.0001839495169 11.324691000394523
1776 283.34166880536088 280.00018397699858 11.330750000663102
1777 283.33918246487309 280.00018400445805 11.337011000141501
1778 283.33669815326368 280.0001840318954 11.343024000525475
1779 283.33421586853592 280.00018405930945 11.349915000610054
1780 283.33173560871035 280.00018408670195 11.356349000707269
1781 283.32925737180153 280.00018411407206 11.362573999911547
1782 283.32678115583019 280.00018414141971 11.368381000123918
1783 283.32430695881754 280.00018416874479 11.374661000445485
1784 283.32183477878817 280.00018419604834 11.380801000632346
1785 283.31936461377285 280.00018422332926 11.387294000014663
1786 283.31689646179581 280.00018425058732 11.393163000233471
1787 283.31443032089612 280.00018427782396 11.399848000146449
1788 283.31196618910815 280.00018430503758 11.40586500056088
1789 283.3095040644734 280.00018433222988 11.411876000463963
1790 283.30704394502789 280.00018435940052 11.417969999834895
1791 283.30458582882329 280.0001843865474 11.424572000280023
1792 283.30212971390017 280.00018441367297 11.430838000029325
1793 283.29967559830936 280.00018444077671 11.437145000323653
1794 283.29722348010517 280.0001844678589 11.443400000222027
1795 283.29477335734248 280.00018449491802 11.450140000320971
1796 283.29232522807985 280.0001845219553 11.4562460007146
1797 283.28987909037818 280.00018454897076 11.462462999857962
1798 283.28743494229815 280.00018457596383 11.468480000272393
1799 283.28499278190628 280.00018460293632 11.474979000166059
1800 283.28255260727531 280.00018462988584 11.48091599997133
1801 283.28011441646788 280.00018465681376 11.487166999839246
1802 283.2776782075681 280.00018468372036 11.493085999973118
1803 283.27524397864727 280.00018471060355 11.499596999958158
1804 283.27281172778351 280.00018473746491 11.50585599988699
1805 283.27038145306545 280.00018476430523 11.512097000144422
1806 283.26795315256948 280.00018479112458 11.518288000486791
1807 283.26552682438597 280.00018481792023 11.524988000281155
1808 283.26310246660819 280.0001848446957 11.530886000022292
1809 283.26068007732442 280.00018487144882 11.537060000002384
1810 283.25825965463019 280.00018489818029 11.544367000460625
1811 283.25584119662631 280.00018492489011 11.550623999908566
1812 283.25342470140936 280.00018495157866 11.556827000342309
1813 283.25101016708567 280.00018497824516 11.563521000556648
1814 283.24859759176093 280.00018500488954 11.569854999892414
1815 283.24618697353662 280.00018503151313 11.575702000409365
1816 283.24377831053596 280.00018505811431 11.581842999905348
1817 283.24137160085803 280.00018508469486 11.588179000653327
1818 283.23896684263372 280.00018511125319 11.594287999905646
1819 283.23656403396893 280.00018513778957 11.601387999951839
1820 283.23416317298961 280.00018516430532 11.608195000328124
1821 283.23176425782054 280.00018519079924 11.61421800032258
1822 283.22936728659027 280.00018521727225 11.620362000539899
1823 283.22697225742382 280.00018524372291 11.626405999995768
1824 283.22457916845065 280.00018527015266 11.633220000192523
1825 283.22218801780593 280.00018529656148 11.639302000403404
1826 283.2197988036317 280.00018532294752 11.645387000404298
1827 283.21741152406275 280.00018534931331 11.651544000022113
1828 283.21502617723831 280.00018537565717 11.658115000464022
1829 283.21264276130586 280.00018540197971 11.664323000237346
1830 283.21026127441218 280.00018542828161 11.670436000451446
1831 283.2078817147048 280.0001854545614 11.676446000114083
1832 283.20550408033546 280.00018548082073 11.682405999861658
1833 283.20312836945845 280.00018550705857 11.688683000393212
1834 283.20075458023075 280.00018553327436 11.694899000227451
1835 283.19838271081215 280.00018555946991 11.701205000281334
1836 283.1960127593635 280.00018558564454 11.707307999953628
1837 283.1936447240505 280.00018561179735 11.713938000611961
1838 283.19127860303558 280.00018563792872 11.720223000273108
1839 283.18891439449203 280.00018566403941 11.726094000041485
1840 283.18655209659204 280.0001856901294 11.732281000353396
1841 283.18419170750582 280.00018571619813 11.738725000061095
1842 283.18183322540909 280.00018574224424 11.74507400020957
1843 283.17947664848668 280.00018576827154 11.751435000449419
1844 283.17712197491568 280.00018579427717 11.758543999865651
1845 283.17476920288067 280.00018582026149 11.765728000551462
1846 283.17241833056903 280.00018584622518 11.772576999850571
1847 283.17006935616712 280.00018587216766 11.778657000511885
1848 283.16772227786902 280.00018589808917 11.784882999956608
1849 283.16537709386421 280.00018592398925 11.7913520000875
1850 283.16303380235502 280.00018594986835 11.797605000436306
1851 283.16069240153405 280.00018597572756 11.804058000445366
1852 283.1583528896038 280.00018600156511 11.81091000046581
1853 283.15601526476956 280.00018602738248 11.817374000325799
1854 283.1536795252353 280.00018605317871 11.823226000182331
1855 283.15134566921017 280.00018607895458 11.829619999974966
1856 283.14901369490337 280.00018610470852 11.835558000020683
1857 283.1466836005248 280.00018613044278 11.841721000149846
1858 283.14435538429569 280.00018615615573 11.847904000431299
1859 283.14202904443141 280.00018618184811 11.854190000332892
1860 283.13970457915053 280.00018620751985 11.859922000207007
1861 283.13738198667801 280.00018623317089 11.866644999943674
1862 283.13506126523595 280.0001862588017 11.872991000302136
1863 283.13274241305396 280.00018628441143 11.879430000670254
1864 283.13042542835814 280.00018631 11.88542400021106
1865 283.12811030938326 280.00018633556903 11.891997000202537
1866 283.12579705436167 280.00018636111662 11.897816999815404
1867 283.12348566153025 280.00018638664341 11.903758000582457
1868 283.12117612912908 280.00018641215081 11.909958000294864
1869 283.11886845539783 280.0001864376373 11.917055999860168
1870 283.116562638581 280.0001864631023 11.923284000717103
1871 283.11425867692526 280.00018648854825 11.929820000194013
1872 283.11195656867523 280.00018651397318 11.935736999846995
1873 283.10965631208478 280.00018653937627 11.942185000516474
1874 283.10735790540207 280.00018656476084 11.948309999890625
1875 283.10506134688961 280.0001865901238 11.955210000276566
1876 283.10276663480221 280.00018661546767 11.961459000594914
1877 283.10047376739385 280.00018664079153 11.96748000010848
1878 283.09818274293201 280.00018666609299 11.973635000176728
1879 283.09589355967967 280.00018669137478 11.98013100028038
1880 283.09360621590503 280.00018671663702 11.986219000071287
1881 283.09132070987499 280.00018674187805 11.992419000715017
1882 283.08903703985879 280.00018676709965 11.999228999949992
1883 283.08675520413129 280.00018679230055 12.00571299996227
1884 283.08447520096956 280.00018681748105 12.012411000207067
1885 283.08219702865148 280.00018684264188 12.018215999938548
1886 283.07992068545695 280.00018686778191 12.024004000239074
1887 283.07764616966932 280.00018689290221 12.030966999940574
1888 283.07537347956833 280.00018691800193 12.037376000545919
1889 283.07310261344747 280.00018694308199 12.043085000477731
1890 283.07083356958964 280.00018696814118 12.04935900028795
1891 283.06856634629077 280.00018699318076 12.055968999862671
1892 283.06630094184305 280.00018701819999 12.062317000702024
1893 283.06403735454126 280.0001870431995 12.068194000050426
1894 283.06177558268388 280.00018706817878 12.074710000306368
1895 283.05951562457341 280.00018709313821 12.080924999900162
1896 283.05725747850897 280.00018711807661 12.087195000611246
1897 283.05500114279891 280.0001871429962 12.093230000697076
1898 283.05274661574651 280.00018716789623 12.099913000129163
1899 283.05049389566284 280.00018719277574 12.106209000572562
1900 283.04824298085771 280.00018721763496 12.112691000103951
1901 283.04599386964844 280.0001872424744 12.118815000168979
1902 283.04374656034815 280.00018726729337 12.125122000463307
1903 283.04150105127161 280.00018729209381 12.133535000495613
1904 283.03925734074437 280.00018731687294 12.141708000563085
1905 283.037015427087 280.00018734163285 12.147991000674665
1906 283.03477530861875 280.00018736637361 12.154692000709474
1907 283.03253698367467 280.0001873910939 12.160728000104427
1908 283.03030045057693 280.0001874157943 12.167364000342786
1909 283.02806570765813 280.00018744047532 12.173409000039101
1910 283.02583275325247 280.00018746513695 12.179822999984026
1911 283.02360158569508 280.00018748977783 12.186232999898493
1912 283.02137220332247 280.00018751440012 12.192200000397861
1913 283.01914460447381 280.00018753900116 12.198467000387609
1914 283.01691878749398 280.00018756358338 12.205018999986351
1915 283.01469475072145 280.00018758814679 12.211312000639737
1916 283.01247249250463 280.00018761268927 12.218086999841034
1917 283.01025201119353 280.00018763721243 12.22418799996376
1918 283.00803330513753 280.00018766171593 12.230733000673354
1919 283.00581637268436 280.00018768620004 12.237040000036359
1920 283.00360121219558 280.0001877106634 12.243072000332177
1921 283.0013878220193 280.00018773510953 12.249168000184
1922 282.9991762005219 280.00018775953532 12.25585800036788
1923 282.99696634605868 280.00018778394178 12.262850000523031
1924 282.99475825699591 280.00018780832789 12.269230000674725
1925 282.99255193169682 280.00018783269604 12.275164999999106
1926 282.99034736852616 280.0001878570427 12.281419000588357
1927 282.98814456585899 280.00018788137061 12.288077000528574
1928 282.98594352206322 280.00018790567862 12.294232000596821
1929 282.98374423551081 280.00018792996758 12.300032000057399
1930 282.98154670457819 280.00018795423767 12.30630400031805
1931 282.97935092763953 280.00018797848838 12.312820000573993
1932 282.97715690307763 280.00018800271909 12.31859300006181
1933 282.97496462927842 280.00018802693126 12.324746999889612
1934 282.9727741046172 280.00018805112308 12.330915000289679
1935 282.97058532748451 280.00018807529756 12.337313000112772
1936 282.9683982962614 280.00018809945067 12.343193000182509
1937 282.96621300935118 280.00018812358519 12.349648999981582
1938 282.96402946513132 280.00018814770061 12.356422000564635
1939 282.96184766200059 280.00018817179756 12.380452000536025
1940 282.95966759835659 280.00018819587444 12.391780000180006
1941 282.95748927259723 280.000188219932 12.397718000225723
1942 282.95531268312118 280.00018824397074 12.404078000225127
1943 282.9531378283279 280.00018826798993 12.409767000004649
1944 282.95096470662685 280.00018829199036 12.415777000598609
1945 282.9487933164188 280.00018831597197 12.422286000102758
1946 282.94662365611435 280.00018833993414 12.428625999949872
1947 282.94445572412252 280.00018836387665 12.435539000667632
1948 282.94228951885589 280.00018838780045 12.442358000203967
1949 282.94012503872898 280.00018841170532 12.448859000578523
1950 282.93796228215655 280.00018843559099 12.455488000065088
1951 282.93580124755601 280.00018845945806 12.461627000011504
1952 282.93364193334708 280.00018848330524 12.467621000483632
1953 282.93148433795415 280.00018850713508 12.47380100004375
1954 282.9293284598001 280.00018853094366 12.480365000665188
1955 282.9271742973109 280.00018855473513 12.486938999965787
1956 282.92502184891134 280.00018857850694 12.493336000479758
1957 282.92287111303654 280.00018860226015 12.499720999971032
1958 282.92072208811317 280.00018862599393 12.506191000342369
1959 282.9185747725794 280.00018864970917 12.512512000277638
1960 282.91642916486887 280.00018867340538 12.518350000493228
1961 282.91428526341588 280.00018869708242 12.524815999902785
1962 282.91214306666785 280.00018872074173 12.531109999865294
1963 282.91000257306052 280.00018874438206 12.537492999807
1964 282.90786378103752 280.00018876800385 12.543432000093162
1965 282.90572668904855 280.00018879160609 12.550298999994993
1966 282.90359129553565 280.00018881518849 12.55644900072366
1967 282.90145759894904 280.00018883875333 12.562578000128269
1968 282.899325597744 280.00018886230038 12.568309000693262
1969 282.89719529037421 280.00018888582792 12.574250000528991
1970 282.89506667528684 280.00018890933592 12.580775000154972
1971 282.89293975094904 280.00018893282549 12.587233000434935
1972 282.89081451581023 280.00018895629802 12.593185000121593
1973 282.88869096833554 280.00018897975025 12.599301000125706
1974 282.88656910699166 280.0001890031844 12.605518000200391
1975 282.88444893023598 280.00018902660042 12.611771000549197
1976 282.88233043653958 280.00018904999678 12.617938000708818
1977 282.88021362437308 280.00018907337551 12.624499999918044
1978 282.87809849220082 280.0001890967352 12.630799000151455
1979 282.87598503849654 280.00018912007681 12.636842000298202
1980 282.87387326173757 280.0001891433987 12.643037000671029
1981 282.87176316040023 280.00018916670382 12.649693000130355
1982 282.86965473296107 280.00018918998973 12.656112000346184
1983 282.86754797789524 280.00018921325659 12.662467000074685
1984 282.86544289369311 280.00018923650509 12.668384000658989
1985 282.86333947883116 280.00018925973632 12.675188000313938
1986 282.86123773179389 280.00018928294867 12.681383000686765
1987 282.85913765107819 280.00018930614118 12.687543000094593
1988 282.85703923516263 280.00018932931658 12.693319000303745
1989 282.85494248254633 280.00018935247442 12.699537000618875
1990 282.85284739171595 280.0001893756114 12.705970000475645
1991 282.85075396116719 280.00018939873229 12.712360000237823
1992 282.84866218940306 280.00018942183402 12.71834500040859
1993 282.84657207491409 280.00018944491723 12.72465300001204
1994 282.84448361620099 280.00018946798269 12.731157000176609
1995 282.84239681177274 280.00018949102935 12.737913000397384
1996 282.8403116601271 280.00018951405821 12.744010000489652
1997 282.83822815977061 280.0001895370691 12.750194000080228
1998 282.83614630921232 280.00018956006079 12.756548000499606
1999 282.83406610696238 280.00018958303548 12.762811000458896
2000 282.83198755152756 280.00018960599084 12.769059000536799
