iterat. internal-T external-T elapsed-time
0 300 280 0.0065270001068711281
1 299.93340000000046 280.00000073553855 0.013125999830663204
2 299.86768806437487 280.00000146127354 0.019783000461757183
3 299.80284266858348 280.00000217743832 0.02642500028014183
4 299.73884295557963 280.00000288425548 0.032964000478386879
5 299.67566871191468 280.00000358195803 0.039680999703705311
6 299.61330034464868 280.00000427076276 0.046319000422954559
7 299.55171885926046 280.0000049508796 0.052996000275015831
8 299.49090583844264 280.00000562250858 0.059673000127077103
9 299.43084342173273 280.00000628584786 0.066197999753057957
10 299.37151428590596 280.00000694108581 0.072940999642014503
11 299.31290162620684 280.00000758840997 0.079845000058412552
12 299.25498913828579 280.0000082280061 0.086951999925076962
13 299.19776100083567 280.00000886004221 0.096343999728560448
14 299.1412018589059 280.00000948469176 0.10307400021702051
15 299.08529680787558 280.00001010211304 0.10944500006735325
16 299.03003137803557 280.0000107124738 0.11627500038594007
17 298.97539151974337 280.0000113159262 0.12347900029271841
18 298.92136358920067 280.00001191261299 0.13049000035971403
19 298.86793433470336 280.00001250269185 0.13719400018453598
20 298.81509088345211 280.00001308630669 0.14405499957501888
21 298.76282072887614 280.00001366358396 0.15063000004738569
22 298.71111171836895 280.00001423466671 0.15759100019931793
23 298.65995204158116 280.00001479968046 0.16454400029033422
24 298.60933021904629 280.00001535875333 0.17130099982023239
25 298.55923509130776 280.00001591201237 0.17808299977332354
26 298.50965580839664 280.00001645957457 0.18479599989950657
27 298.46058181974081 280.00001700155718 0.19166100025177002
28 298.41200286440323 280.00001753806885 0.19849599990993738
29 298.36390896171133 280.00001806921978 0.20546900015324354
30 298.31629040220054 280.00001859512929 0.21232399996370077
31 298.26913773890857 280.00001911588816 0.21929199993610382
32 298.22244177896613 280.00001963160429 0.22598899994045496
33 298.17619357550308 280.00002014237754 0.23302400019019842
34 298.13038441984156 280.00002064830443 0.23985700029879808
35 298.08500583396773 280.00002114947142 0.24674199987202883
36 298.04004956326213 280.00002164597379 0.25629100017249584
37 297.9955075695035 280.00002213790202 0.26573900040239096
38 297.95137202412781 280.00002262533985 0.27462199982255697
39 297.90763530167067 280.00002310837397 0.28420899994671345
40 297.86428997351663 280.00002358708707 0.29130399972200394
41 297.82132880181086 280.00002406155392 0.30037099961191416
42 297.77874473360123 280.00002453185954 0.31000799965113401
43 297.73653089519445 280.00002499807556 0.31666299980133772
44 297.69468058667684 280.0000254602769 0.32523499988019466
45 297.65318727665874 280.00002591853325 0.33300499990582466
46 297.61204459718124 280.00002637292107 0.34113899990916252
47 297.5712463387876 280.00002682350464 0.34869700018316507
48 297.53078644579494 280.00002727034638 0.35722899995744228
49 297.49065901167342 280.00002771352189 0.36501699965447187
50 297.45085827465471 280.00002815308483 0.37276200018823147
51 297.41137861340997 280.00002858910091 0.38154099974781275
52 297.37221454293325 280.00002902163538 0.38822299987077713
53 297.33336071053009 280.00002945074476 0.39488000050187111
54 297.29481189195263 280.00002987648213 0.40146899968385696
55 297.25656298766052 280.00003029890684 0.40786899998784065
56 297.21860901920297 280.00003071807913 0.41490999981760979
57 297.1809451257202 280.00003113404449 0.42176499962806702
58 297.14356656056731 280.00003154685851 0.42880100011825562
59 297.10646868804423 280.00003195657206 0.43568999972194433
60 297.0696469802221 280.00003236323579 0.44250900018960238
61 297.03309701388889 280.00003276689944 0.44949499983340502
62 296.99681446758558 280.00003316761007 0.456279999576509
63 296.96079511874473 280.00003356541174 0.46326600015163422
64 296.92503484090111 280.00003396035692 0.47052100021392107
65 296.88952960103353 280.00003435248288 0.49504300020635128
66 296.85427545694171 280.00003474183427 0.50697200000286102
67 296.81926855472972 280.00003512845421 0.51367800030857325
68 296.78450512638636 280.00003551238763 0.52037500031292439
69 296.74998148741173 280.00003589367117 0.52700300049036741
70 296.71569403453447 280.00003627234554 0.53344700019806623
71 296.68163924350893 280.00003664845224 0.54008200019598007
72 296.64781366694859 280.00003702202611 0.54683800041675568
73 296.61421393226857 280.00003739310455 0.5539130000397563
74 296.58083673966621 280.00003776172537 0.56086399964988232
75 296.54767886016833 280.00003812792761 0.56770399957895279
76 296.51473713374151 280.00003849174055 0.57440700009465218
77 296.48200846746829 280.00003885320007 0.58120500016957521
78 296.44948983375241 280.00003921234514 0.58893700037151575
79 296.41717826861907 280.00003956919892 0.59727100003510714
80 296.38507087002995 280.00003992379703 0.60413100011646748
81 296.35316479627375 280.00004027617007 0.61095300037413836
82 296.32145726438716 280.00004062635253 0.61751100048422813
83 296.2899455486417 280.00004097437539 0.62438100017607212
84 296.25862697906507 280.00004132026203 0.631245999597013
85 296.2274989399952 280.00004166404671 0.63817800022661686
86 296.19655886871578 280.00004200575017 0.64580299984663725
87 296.16580425407864 280.00004234541041 0.65266400016844273
88 296.13523263522046 280.00004268304417 0.65928400028496981
89 296.10484160028398 280.00004301868694 0.66622599959373474
90 296.07462878517219 280.0000433523652 0.673097999766469
91 296.04459187236671 280.00004368409748 0.6801359998062253
92 296.01472858976621 280.00004401391055 0.68706999998539686
93 295.98503670955364 280.0000443418329 0.69397400040179491
94 295.95551404709181 280.00004466788431 0.70046900026500225
95 295.92615845988149 280.00004499209109 0.70738399960100651
96 295.89696784651159 280.00004531447752 0.71408300008624792
97 295.86794014565498 280.00004563506258 0.72165200021117926
98 295.83907333511218 280.00004595387236 0.72869499959051609
99 295.81036543084321 280.00004627092568 0.73548999987542629
100 295.78181448605494 280.00004658624692 0.7421059999614954
101 295.75341859031505 280.00004689985286 0.74910799972712994
102 295.72517586866422 280.00004721177049 0.75597099959850311
103 295.69708448079939 280.00004752201551 0.76294399984180927
104 295.66914262022726 280.00004783060848 0.76967099960893393
105 295.64134851348166 280.00004813757158 0.77620700001716614
106 295.61370041933799 280.00004844291999 0.78312399983406067
107 295.5861966280662 280.00004874667411 0.79009700007736683
108 295.55883546069623 280.00004904885702 0.79719499964267015
109 295.53161526830263 280.00004934948146 0.80408999975770712
110 295.50453443131306 280.00004964856441 0.81089999992400408
111 295.47759135883081 280.00004994612868 0.8176450002938509
112 295.4507844879779 280.00005024218586 0.8246069997549057
113 295.42411228326 280.00005053675835 0.83154899999499321
114 295.39757323594637 280.00005082985984 0.83852099999785423
115 295.37116586345564 280.00005112151007 0.84563199989497662
116 295.34488870878454 280.00005141171897 0.85256899986416101
117 295.31874033990994 280.0000517005052 0.85938899964094162
118 295.29271934926368 280.00005198788381 0.8662320002913475
119 295.26682435315553 280.00005227387101 0.87308899965137243
120 295.24105399127035 280.00005255848106 0.8799219997599721
121 295.21540692614332 280.00005284173312 0.88692300021648407
122 295.1898818426659 280.00005312363561 0.8939039995893836
123 295.16447744758591 280.00005340420557 0.90075900033116341
124 295.13919246903788 280.00005368345796 0.90755700040608644
125 295.1140256560879 280.00005396140176 0.91455799993127584
126 295.08897577827855 280.0000542380559 0.92163699958473444
127 295.06404162517993 280.00005451343117 0.92852200008928776
128 295.03922200597441 280.00005478754423 0.93548400048166513
129 295.01451574903564 280.00005506040202 0.9423010004684329
130 294.9899217015228 280.00005533201966 0.94913200009614229
131 294.96543872897655 280.00005560241362 0.95615800004452467
132 294.94106571494814 280.00005587159455 0.96330699976533651
133 294.91680156060715 280.00005613957137 0.97009600047022104
134 294.89264518439535 280.00005640636016 0.97684899996966124
135 294.86859552164816 280.00005667196587 0.98366800043731928
136 294.84465152425321 280.00005693640736 0.99071399960666895
137 294.82081216031105 280.0000571996959 0.99755800049751997
138 294.79707641381316 280.00005746183467 1.0043839998543262
139 294.77344328429473 280.00005772284271 1.0113570000976324
140 294.74991178654597 280.0000579827269 1.0181330004706979
141 294.72648095029479 280.00005824149963 1.0251709995791316
142 294.70314981988935 280.00005849917471 1.0319330003112555
143 294.6799174540327 280.00005875575602 1.0389529997482896
144 294.65678292548586 280.00005901125803 1.0459000002592802
145 294.6337453207733 280.00005926568872 1.0529770003631711
146 294.61080373994031 280.00005951905797 1.0595450000837445
147 294.58795729626507 280.00005977137488 1.0663560004904866
148 294.56520511600831 280.0000600226528 1.0733949998393655
149 294.54254633815447 280.00006027289834 1.0802929997444153
150 294.51998011417294 280.00006052212359 1.088450999930501
151 294.49750560776863 280.00006077033652 1.0966819999739528
152 294.47512199465439 280.00006101754445 1.1054549999535084
153 294.45282846230549 280.00006126375632 1.116194000467658
154 294.43062420976361 280.00006150898417 1.1232049996033311
155 294.40850844738537 280.00006175323443 1.1299660000950098
156 294.38648039664128 280.00006199651637 1.1367499995976686
157 294.36453928991813 280.00006223883611 1.1433739997446537
158 294.3426843702926 280.000062480206 1.1498819999396801
159 294.3209148913524 280.00006272063212 1.1569210002198815
160 294.29923011698162 280.00006296012288 1.1638120003044605
161 294.27762932117827 280.00006319868362 1.1707929996773601
162 294.25611178787472 280.00006343632492 1.1778210001066327
163 294.23467681074482 280.00006367305525 1.1847339998930693
164 294.21332369303423 280.00006390888097 1.1917240004986525
165 294.19205174737692 280.0000641438105 1.1987469997256994
166 294.17086029562842 280.00006437785527 1.2055000001564622
167 294.14974866869937 280.00006461101333 1.2125420002266765
168 294.12871620640368 280.00006484329941 1.2203970002010465
169 294.10776225727881 280.00006507472057 1.2271819999441504
170 294.08688617844211 280.00006530527759 1.233835999853909
171 294.06608733543555 280.00006553498417 1.2408790001645684
172 294.04536510208914 280.00006576384169 1.2477810001000762
173 294.02471886034755 280.00006599186446 1.2548249997198582
174 294.0041480001571 280.00006621905106 1.2616389999166131
175 293.98365191930117 280.00006644541043 1.268652000464499
176 293.96323002328467 280.00006667095306 1.2755040004849434
177 293.94288172518952 280.00006689568357 1.2822150001302361
178 293.92260644554221 280.00006711960532 1.2891629999503493
179 293.90240361219702 280.00006734273029 1.2960270000621676
180 293.88227266018697 280.00006756505871 1.3030620003119111
181 293.86221303163893 280.00006778659696 1.309837999753654
182 293.84222417561153 280.00006800735906 1.3168879998847842
183 293.82230554801578 280.00006822734554 1.3238559998571873
184 293.80245661147217 280.0000684465594 1.3308110004290938
185 293.78267683520926 280.00006866500979 1.3378280000761151
186 293.76296569495378 280.00006888270241 1.3446519998833537
187 293.74332267282495 280.00006909964037 1.3514769999310374
188 293.72374725722 280.00006931583624 1.3584500001743436
189 293.70423894271858 280.00006953128837 1.3656550003215671
190 293.68479722997449 280.00006974600291 1.3726559998467565
191 293.66542162562968 280.00006995999132 1.3794619999825954
192 293.64611164219548 280.00007017325402 1.386230000294745
193 293.62686679797793 280.0000703857994 1.3931350000202656
194 293.60768661696835 280.00007059762652 1.4015629999339581
195 293.58857062876746 280.00007080874747 1.4086960004642606
196 293.56951836848418 280.00007101916202 1.4154759999364614
197 293.55052937663692 280.00007122887865 1.4226449998095632
198 293.53160319911018 280.00007143790151 1.4293339997529984
199 293.51273938700859 280.00007164623588 1.4362949999049306
200 293.49393749662755 280.00007185388671 1.4429970001801848
201 293.47519708934237 280.00007206085843 1.4499719999730587
202 293.456517731541 280.00007226715587 1.4568659998476505
203 293.4378989945381 280.00007247278529 1.4639079999178648
204 293.41934045450648 280.00007267774856 1.4709099996834993
205 293.4008416923939 280.0000728820504 1.4777359999716282
206 293.38240229385229 280.00007308569883 1.4845610000193119
207 293.36402184917125 280.00007328869447 1.4916289998218417
208 293.34569995319936 280.00007349104476 1.4986009998247027
209 293.32743620527964 280.00007369275204 1.505646999925375
210 293.30923020918084 280.00007389381989 1.512555000372231
211 293.29108157302937 280.00007409425615 1.519450000487268
212 293.2729899092385 280.00007429406276 1.5262179998680949
213 293.25495483445212 280.00007449324767 1.5333580002188683
214 293.23697596948887 280.00007469180861 1.5402250001206994
215 293.21905293925539 280.00007488975189 1.5471639996394515
216 293.2011853727073 280.00007508708359 1.5540829999372363
217 293.18337290277736 280.00007528380803 1.5609459998086095
218 293.16561516633277 280.00007547992652 1.5677509997040033
219 293.14791180409622 280.00007567544361 1.5747880004346371
220 293.13026246060616 280.00007587036578 1.5818469999358058
221 293.11266678415438 280.00007606469529 1.5888240002095699
222 293.09512442672957 280.00007625843824 1.5958749996498227
223 293.07763504396962 280.00007645159218 1.6026959996670485
224 293.06019829511109 280.0000766441637 1.6095300000160933
225 293.04281384292386 280.00007683616127 1.616333999671042
226 293.0254813536751 280.00007702758302 1.6233769999817014
227 293.00820049707801 280.00007721843389 1.6304999999701977
228 292.99097094623079 280.00007740872115 1.6375350002199411
229 292.9737923775869 280.00007759844328 1.6469270000234246
230 292.95666447089019 280.00007778760943 1.6548579996451735
231 292.93958690914417 280.00007797621555 1.6615890003740788
232 292.92255937855316 280.00007816427069 1.6684469999745488
233 292.90558156848977 280.00007835177587 1.6749919997528195
234 292.88865317144007 280.00007853873365 1.6820400003343821
235 292.87177388297488 280.00007872515027 1.6891029998660088
236 292.854943401686 280.00007891102831 1.6970020001754165
237 292.83816142917073 280.00007909637162 1.704369000159204
238 292.82142766995787 280.00007928118316 1.7112910002470016
239 292.80474183151125 280.00007946546521 1.7179960003122687
240 292.78810362415487 280.00007964921775 1.724949000403285
241 292.77151276103223 280.0000798324503 1.731836000457406
242 292.75496895810437 280.00008001516107 1.7389030000194907
243 292.73847193407539 280.00008019735577 1.7458709999918938
244 292.72202141037559 280.00008037903712 1.7527949996292591
245 292.70561711111236 280.00008056021233 1.7593799997121096
246 292.68925876304854 280.00008074087373 1.7663700003176928
247 292.67294609555637 280.00008092103388 1.7734989998862147
248 292.65667884058877 280.00008110069234 1.7805279996246099
249 292.64045673264388 280.00008127985012 1.7874100003391504
250 292.62427950872814 280.00008145851319 1.7943409997969866
251 292.60814690833445 280.00008163668326 1.8011490004137158
252 292.59205867339205 280.00008181436698 1.8082240000367165
253 292.57601454825488 280.00008199155997 1.8152609998360276
254 292.56001427965543 280.00008216827001 1.8222719999030232
255 292.5440576166834 280.0000823444974 1.8290360001847148
256 292.52814431074376 280.00008252024594 1.8360289996489882
257 292.5122741155443 280.00008269551603 1.8427760004997253
258 292.49644678705414 280.00008287031562 1.8499079998582602
259 292.48066208347751 280.00008304464484 1.8569139996543527
260 292.46491976521781 280.00008321850771 1.8637889996170998
261 292.44921959487897 280.00008339190123 1.870682000182569
262 292.43356133719561 280.00008356483397 1.8775319997221231
263 292.41794475903549 280.00008373730526 1.8845690004527569
264 292.40236962936888 280.00008390931691 1.8915640003979206
265 292.38683571923463 280.00008408087746 1.8984700003638864
266 292.37134280171773 280.00008425198502 1.9054049998521805
267 292.35589065192744 280.00008442263891 1.9124840004369617
268 292.3404790469753 280.00008459284692 1.9193679997697473
269 292.32510776592886 280.00008476261013 1.9260970000177622
270 292.30977658981851 280.00008493192809 1.933373000472784
271 292.29448530159902 280.00008510080886 1.940484999679029
272 292.27923368611891 280.00008526925149 1.9473400004208088
273 292.26402153010747 280.00008543725653 1.9542349996045232
274 292.24884862215191 280.0000856048265 1.9611130002886057
275 292.23371475267089 280.00008577196752 1.9677459998056293
276 292.21861971389256 280.00008593867818 1.9749699998646975
277 292.20356329983849 280.00008610496474 1.9819660000503063
278 292.18854530629886 280.00008627082593 1.9890489997342229
279 292.1735655308089 280.0000864362633 1.9961630003526807
280 292.15862377263176 280.00008660128208 2.0031350003555417
281 292.14371983273168 280.00008676588504 2.0099410004913807
282 292.12885351376633 280.00008693007095 2.016847999766469
283 292.11402462006043 280.00008709384269 2.0238990001380444
284 292.09923295757829 280.0000872572038 2.030991000123322
285 292.08447833392302 280.00008742015495 2.0380910001695156
286 292.06976055829227 280.00008758269928 2.0450430000200868
287 292.05507944149116 280.00008774484161 2.0519000003114343
288 292.04043479587602 280.00008790657904 2.0586919998750091
289 292.02582643538346 280.00008806791806 2.0657299999147654
290 292.01125417546325 280.00008822885519 2.07266900036484
291 291.99671783309316 280.00008838939499 2.0795679995790124
292 291.98221722675731 280.0000885495428 2.0866360003128648
293 291.96775217641505 280.0000887092969 2.0932510001584888
294 291.95332250349657 280.00008886865965 2.0999739998951554
295 291.93892803088738 280.000089027635 2.1069360002875328
296 291.92456858290205 280.00008918622103 2.113901000469923
297 291.91024398527679 280.00008934442405 2.1208499995991588
298 291.89595406514826 280.00008950224606 2.1278739999979734
299 291.88169865104277 280.00008965968567 2.1346890004351735
300 291.86747757285627 280.00008981674483 2.1417859997600317
301 291.85329066184227 280.00008997342587 2.1487959995865822
302 291.83913775060199 280.00009012973163 2.1558490004390478
303 291.82501867305047 280.00009028566569 2.1628909995779395
304 291.81093326442567 280.00009044122709 2.1698880000039935
305 291.79688136125776 280.00009059641712 2.1767720002681017
306 291.78286280136717 280.00009075124217 2.1836529998108745
307 291.76887742383462 280.00009090569711 2.1906669996678829
308 291.75492506900548 280.00009105979046 2.1974480003118515
309 291.74100557846486 280.00009121351917 2.2044770000502467
310 291.72711879502168 280.00009136688556 2.2113530002534389
311 291.71326456271203 280.00009151989377 2.2179439999163151
312 291.69944272676565 280.00009167254382 2.2250920003280044
313 291.68565313360193 280.00009182483859 2.232158999890089
314 291.67189563082604 280.00009197677929 2.2392189996317029
315 291.65817006720135 280.00009212836517 2.2462060004472733
316 291.64447629264401 280.00009227960055 2.2533179996535182
317 291.63081415821125 280.00009243048754 2.2606929996982217
318 291.61718351609051 280.00009258102699 2.2671640003100038
319 291.60358421958426 280.00009273122078 2.2913300003856421
320 291.59001612309891 280.00009288106747 2.3032299997285008
321 291.57647908213573 280.00009303057311 2.309578999876976
322 291.56297295328136 280.00009317973581 2.3163139997050166
323 291.549497594179 280.00009332856109 2.3230320001021028
324 291.53605286355264 280.00009347704565 2.3297490002587438
325 291.52263862115751 280.00009362519251 2.3366780001670122
326 291.50925472779608 280.00009377300699 2.3433410003781319
327 291.4959010452946 280.00009392048719 2.3503419999033213
328 291.4825774364964 280.00009406763627 2.3573900004848838
329 291.46928376525523 280.00009421445191 2.3644319996237755
330 291.45601989641261 280.00009436093956 2.3714850004762411
331 291.44278569580206 280.00009450710189 2.3785009998828173
332 291.42958103023369 280.0000946529351 2.3854890000075102
333 291.4164057674829 280.00009479844465 2.3922229995951056
334 291.40325977628294 280.00009494363013 2.3993570003658533
335 291.39014292630782 280.00009508849598 2.4063790002837777
336 291.37705508817675 280.00009523303953 2.4132890002802014
337 291.36399613343099 280.00009537726453 2.4200250003486872
338 291.3509659345354 280.00009552117109 2.4267939999699593
339 291.33796436486335 280.00009566476126 2.4337010001763701
340 291.32499129868847 280.00009580803919 2.4408200001344085
341 291.31204661117795 280.00009595100266 2.4479090003296733
342 291.29913017837589 280.00009609365316 2.4548939997330308
343 291.2862418772101 280.00009623599396 2.4618349997326732
344 291.27338158546712 280.00009637802526 2.4721440002322197
345 291.26054918179898 280.00009651974727 2.4788969997316599
346 291.24774454569598 280.00009666116205 2.4856200003996491
347 291.23496755749665 280.00009680227527 2.4921249998733401
348 291.2222180983706 280.00009694308119 2.4991950001567602
349 291.20949605031262 280.00009708358516 2.5061950003728271
350 291.19680129613852 280.00009722378672 2.5131769999861717
351 291.1841337194619 280.00009736368986 2.5200020000338554
352 291.17149320470924 280.00009750329451 2.5269370004534721
353 291.15887963709093 280.00009764260068 2.5337439998984337
354 291.14629290261064 280.00009778160847 2.5408129999414086
355 291.1337328880528 280.00009792032586 2.5477130003273487
356 291.12119948095722 280.00009805874686 2.5547820003703237
357 291.1086925696485 280.00009819687421 2.5617469996213913
358 291.09621204319609 280.00009833470904 2.5687889996916056
359 291.08375779141835 280.0000984722567 2.5756120001897216
360 291.07132970488618 280.00009860951405 2.5825840001925826
361 291.05892767489365 280.00009874648441 2.5896079996600747
362 291.04655159346515 280.00009888316589 2.5965950004756451
363 291.03420135335688 280.00009901956565 2.6035430002957582
364 291.02187684803755 280.00009915567779 2.6104880003258586
365 291.0095779716745 280.00009929151054 2.6170239998027682
366 290.99730461914862 280.00009942705844 2.6239849999547005
367 290.98505668602706 280.00009956232657 2.6311790002509952
368 290.97283406857707 280.00009969731366 2.6381940003484488
369 290.96063666374431 280.00009983202375 2.6451960001140833
370 290.94846436914378 280.00009996645673 2.6521250000223517
371 290.93631708306924 280.00010010061294 2.6588880000635982
372 290.9241947044801 280.00010023449266 2.6658469997346401
373 290.91209713298787 280.0001003681021 2.6728779999539256
374 290.90002426886417 280.00010050143658 2.6798369996249676
375 290.88797601301866 280.00010063449861 2.6869639996439219
376 290.87595226701001 280.00010076728927 2.6937520001083612
377 290.86395293302473 280.00010089981339 2.7004930004477501
378 290.85197791388481 280.00010103206762 2.7076500002294779
379 290.84002711303253 280.00010116405275 2.7148259999230504
380 290.8281004345306 280.00010129577299 2.7217129999771714
381 290.81619778305208 280.00010142722914 2.7286449996754527
382 290.80431906387918 280.00010155841608 2.7354380004107952
383 290.79246418289563 280.00010168934341 2.7420020001009107
384 290.7806330465778 280.00010182001017 2.7490039998665452
385 290.76882556200053 280.00010195041261 2.7560440003871918
386 290.75704163682343 280.000102080555 2.7631200002506375
387 290.74528117928071 280.00010221044084 2.7701500002294779
388 290.73354409819297 280.00010234006601 2.7770779998973012
389 290.72183030294042 280.00010246943413 2.7838589996099472
390 290.71013970347889 280.0001025985481 2.7909500002861023
391 290.69847221031722 280.00010272740576 2.7979800002649426
392 290.68682773452895 280.00010285600797 2.8050319999456406
393 290.67520618773148 280.0001029843587 2.8119810000061989
394 290.66360748209166 280.00010311245808 2.8189770001918077
395 290.65203153032451 280.00010324030222 2.8257290003821254
396 290.64047824567132 280.00010336789865 2.8328069997951388
397 290.62894754191257 280.00010349524604 2.8399080000817776
398 290.61743933335867 280.00010362234343 2.8468859996646643
399 290.60595353483882 280.0001037491931 2.8539119996130466
400 290.59449006170337 280.0001038757992 2.8609480001032352
401 290.58304882981884 280.0001040021582 2.8675760002806783
402 290.57162975556764 280.00010412827095 2.8744590003043413
403 290.5602327558214 280.00010425414155 2.8815759997814894
404 290.54885774797157 280.00010437976755 2.8884319998323917
405 290.53750464990054 280.00010450515344 2.8953830003738403
406 290.52617337998527 280.0001046302994 2.902195000089705
407 290.51486385709256 280.00010475520185 2.9090130003169179
408 290.50357600056975 280.00010487986572 2.91612199973315
409 290.49230973025027 280.00010500429363 2.9230669997632504
410 290.48106496644778 280.00010512848172 2.9300349997356534
411 290.46984162994079 280.00010525243334 2.9370200000703335
412 290.45863964198946 280.00010537615168 2.9441750003024936
413 290.44745892430677 280.00010549963139 2.9509330000728369
414 290.43629939907646 280.00010562287855 2.9578999998047948
415 290.42516098893839 280.00010574589317 2.9649890000000596
416 290.41404361698193 280.00010586867404 2.9721579998731613
417 290.40294720675422 280.00010599122481 2.9790700003504753
418 290.39187168224856 280.00010611354503 2.9860319998115301
419 290.38081696789527 280.00010623563452 2.9926479998975992
420 290.3697829885723 280.00010635749464 2.9995259996503592
421 290.35876966958932 280.00010647912768 3.0066990004852414
422 290.34777693668696 280.000106600533 3.0137290004640818
423 290.33680471604401 280.00010672171254 3.0206989999860525
424 290.32585293425245 280.00010684266567 3.0277249999344349
425 290.31492151833584 280.00010696339285 3.0344329997897148
426 290.30401039573701 280.00010708389749 3.0414079995825887
427 290.29311949430502 280.0001072041789 3.0485720001161098
428 290.2822487423137 280.0001073242351 3.0554689997807145
429 290.27139806843837 280.00010744407319 3.0623620003461838
430 290.26056740176074 280.00010756368977 3.0693939998745918
431 290.24975667176801 280.00010768308368 3.07602300029248
432 290.23896580834423 280.00010780226063 3.0830420004203916
433 290.22819474177027 280.00010792121651 3.0900060003623366
434 290.21744340272448 280.00010803995661 3.0969460001215339
435 290.20671172226804 280.00010815847872 3.1040519997477531
436 290.19599963185283 280.0001082767854 3.1109960004687309
437 290.18530706331893 280.0001083948747 3.1177260000258684
438 290.1746339488783 280.00010851275124 3.1247169999405742
439 290.16398022113157 280.00010863041035 3.1319209998473525
440 290.15334581304808 280.00010874785931 3.138884000480175
441 290.14273065796874 280.00010886509477 3.1459140004590154
442 290.13213468960328 280.00010898211724 3.152959999628365
443 290.12155784204265 280.00010909893109 3.1596680004149675
444 290.1110000497149 280.00010921553286 3.1666480004787445
445 290.10046124743195 280.00010933192317 3.1735429996624589
446 290.08994137035728 280.00010944810782 3.1805579997599125
447 290.07944035400737 280.00010956408175 3.1875769998878241
448 290.06895813424705 280.00010967984923 3.1945670004934072
449 290.0584946473021 280.00010979541048 3.2013959996402264
450 290.04804982974269 280.00010991076306 3.2083850000053644
451 290.03762361847669 280.00011002591316 3.2155729997903109
452 290.02721595076213 280.00011014085487 3.2225479995831847
453 290.01682676419443 280.0001102555953 3.2294579995796084
454 290.0064559967031 280.00011037013104 3.236569999717176
455 289.99610358656076 280.0001104844643 3.2434400003403425
456 289.98576947235921 280.00011059859651 3.250365000218153
457 289.97545359302808 280.00011071252527 3.2573049999773502
458 289.96515588782552 280.00011082625559 3.2642769999802113
459 289.9548762963318 280.00011093978458 3.2712789997458458
460 289.94461475844611 280.00011105311444 3.2782800002023578
461 289.93437121439467 280.00011116624546 3.2852229997515678
462 289.92414560471423 280.00011127917753 3.2921630004420877
463 289.91393787026664 280.00011139191429 3.2991709997877479
464 289.90374795221169 280.00011150445363 3.3062030002474785
465 289.89357579203516 280.00011161679669 3.3132360000163317
466 289.88342133151889 280.000111728945 3.3203330002725124
467 289.87328451275931 280.00011184089692 3.3270829999819398
468 289.86316527815114 280.00011195265557 3.3339489996433258
469 289.85306357039536 280.00011206422079 3.3409690000116825
470 289.84297933249036 280.00011217559091 3.3480030000209808
471 289.83291250772749 280.00011228677107 3.3551230002194643
472 289.82286303970545 280.00011239775915 3.3620710000395775
473 289.8128308723019 280.00011250855567 3.3689999999478459
474 289.80281594968881 280.00011261916183 3.3758220002055168
475 289.79281821633464 280.00011272957795 3.3828229997307062
476 289.78283761698856 280.00011283980513 3.3897919999435544
477 289.77287409668037 280.00011294984421 3.3968890001997352
478 289.76292760073284 280.00011305969394 3.4046320002526045
479 289.75299807473971 280.00011316935746 3.411740000359714
480 289.74308546458241 280.00011327883442 3.4186810003593564
481 289.7331897164114 280.00011338812311 3.4253540001809597
482 289.72331077665217 280.0001134972286 3.4323519999161363
483 289.71344859200474 280.00011360614656 3.4393330002203584
484 289.70360310944346 280.00011371488245 3.446344000287354
485 289.6937742762085 280.00011382343325 3.4532500002533197
486 289.68396203980501 280.00011393180006 3.460105000063777
487 289.67416634800691 280.00011403998622 3.4670230001211166
488 289.66438714884475 280.00011414798854 3.4740070002153516
489 289.65462439061844 280.00011425580965 3.4809980001300573
490 289.64487802189018 280.00011436344982 3.4880619999021292
491 289.63514799146412 280.00011447091123 3.4951280001550913
492 289.62543424841539 280.0001145781896 3.5020490000024438
493 289.61573674206721 280.00011468529067 3.5088410004973412
494 289.60605542199835 280.00011479221166 3.5158420000225306
495 289.59639023803277 280.00011489895587 3.5228899996727705
496 289.58674114025234 280.00011500552461 3.5299859996885061
497 289.57710807897655 280.00011511191042 3.5370460003614426
498 289.5674910047739 280.00011521812399 3.5440039997920394
499 289.55788986846096 280.00011532415959 3.55078100040555
500 289.54830462108902 280.00011543002103 3.557706999592483
501 289.53873521396036 280.0001155357059 3.5647600004449487
502 289.52918159860246 280.00011564121752 3.5718740001320839
503 289.51964372679163 280.00011574655531 3.5788470003753901
504 289.51012155053076 280.00011585172069 3.5858850004151464
505 289.50061502206847 280.00011595671185 3.5927809998393059
506 289.49112409387777 280.00011606153123 3.599932000041008
507 289.48164871865947 280.00011616617769 3.6068710004910827
508 289.47218884935143 280.00011627065442 3.6139329997822642
509 289.46274443911295 280.0001163749601 3.6210200004279613
510 289.45331544133836 280.00011647909486 3.6277890000492334
511 289.44390180963558 280.00011658305954 3.6346570001915097
512 289.43450349784592 280.00011668685602 3.6415910003706813
513 289.42512046002474 280.00011679048447 3.6486419998109341
514 289.41575265044816 280.00011689394427 3.6557050002738833
515 289.40640002361846 280.00011699723495 3.6627240004017949
516 289.39706253424731 280.00011710035778 3.6698009995743632
517 289.38774013727124 280.00011720331923 3.6765689998865128
518 289.37843278782907 280.00011730610902 3.683377000503242
519 289.36914044128321 280.00011740873447 3.6904090000316501
520 289.35986305319943 280.00011751119575 3.6975149996578693
521 289.35060057936249 280.00011761349128 3.7046260004863143
522 289.34135297575892 280.00011771562367 3.7117469999939203
523 289.33212019858894 280.00011781759139 3.7188440002501011
524 289.32290220425062 280.00011791939841 3.7258719997480512
525 289.31369894935568 280.0001180210399 3.7355100000277162
526 289.30451039071511 280.00011812252018 3.7450670003890991
527 289.29533648534237 280.00011822383868 3.7551669999957085
528 289.28617719044934 280.00011832499519 3.7617709999904037
529 289.27703246345112 280.00011842598946 3.7681640004739165
530 289.26790226196289 280.00011852682417 3.7748549999669194
531 289.25878654379187 280.0001186274996 3.7815659996122122
532 289.24968526694067 280.00011872801588 3.788399999961257
533 289.24059838961068 280.00011882837208 3.7955250004306436
534 289.23152587019314 280.00011892857117 3.8024390004575253
535 289.22246766727744 280.0001190286107 3.8092539999634027
536 289.21342373963165 280.00011912849232 3.8163630003109574
537 289.20439404622556 280.00011922821778 3.8236220004037023
538 289.19537854620745 280.0001193277858 3.8308749999850988
539 289.18637719892376 280.00011942719942 3.8378710001707077
540 289.17738996389647 280.00011952645508 3.8448189999908209
541 289.1684168008361 280.00011962555732 3.8515079999342561
542 289.15945766964171 280.00011972450119 3.8585040001198649
543 289.15051253038553 280.00011982329374 3.8654749998822808
544 289.14158134332587 280.0001199219314 3.8726479997858405
545 289.13266406890079 280.00012002041569 3.8797180000692606
546 289.12376066773078 280.00012011874441 3.8868140000849962
547 289.11487110060631 280.0001202169222 3.8938459996134043
548 289.10599532850318 280.00012031494822 3.9007970001548529
549 289.09713331256552 280.00012041282122 3.9112170003354549
550 289.08828501411517 280.0001205105421 3.9178990004584193
551 289.07945039465358 280.00012060811287 3.9247650001198053
552 289.07062941584422 280.00012070553481 3.9318120004609227
553 289.06182203952397 280.00012080280351 3.9387959996238351
554 289.05302822770307 280.00012089992543 3.9458069996908307
555 289.04424794256164 280.00012099689474 3.9528590003028512
556 289.035481146449 280.00012109371733 3.959480999968946
557 289.02672780187385 280.0001211903878 3.9665019996464252
558 289.01798787151665 280.00012128691361 3.9736289996653795
559 289.00926131822735 280.00012138329117 3.9805669998750091
560 289.00054810500808 280.00012147952265 3.987622999586165
561 288.99184819503409 280.00012157560536 3.9946419997140765
562 288.98316155164116 280.00012167154136 4.001485999673605
563 288.9744881383204 280.00012176733338 4.0084870001301169
564 288.96582791873197 280.00012186297414 4.0154769998043776
565 288.95718085668557 280.00012195847637 4.0224599996581674
566 288.9485469161549 280.00012205383024 4.0296000000089407
567 288.93992606127074 280.00012214904109 4.0366700002923608
568 288.9313182563161 280.00012224410665 4.0435490002855659
569 288.922723465736 280.00012233902947 4.0503569999709725
570 288.91414165412334 280.00012243380695 4.0574430003762245
571 288.90557278622788 280.00012252844306 4.0645350003615022
572 288.89701682694874 280.00012262293649 4.0715690003708005
573 288.88847374134207 280.00012271728906 4.0785180004313588
574 288.87994349460809 280.00012281149685 4.0854709995910525
575 288.87142605210556 280.00012290556424 4.0923150004819036
576 288.86292137933094 280.00012299949145 4.0996200004592538
577 288.85442944193483 280.00012309327735 4.106712999753654
578 288.84595020571862 280.00012318692359 4.1138850003480911
579 288.83748363662107 280.00012328042993 4.1208960004150867
580 288.82902970073428 280.00012337379542 4.127899999730289
581 288.82058836429087 280.0001234670234 4.1346490001305938
582 288.81215959366898 280.00012356011104 4.1415790002793074
583 288.80374335538403 280.00012365306168 4.1486069997772574
584 288.79533961610366 280.00012374587425 4.155643000267446
585 288.78694834262819 280.0001238385492 4.1627529999241233
586 288.7785695018996 280.00012393108551 4.1697599999606609
587 288.77020306100235 280.00012402348665 4.1766060004010797
588 288.76184898715536 280.00012411574892 4.1834950000047684
589 288.75350724772147 280.00012420787749 4.1904790000990033
590 288.74517781019546 280.00012429986896 4.1977019999176264
591 288.73686064220863 280.00012439172338 4.2048310004174709
592 288.72855571152843 280.00012448344603 4.2118140002712607
593 288.72026298605999 280.00012457503055 4.2189349997788668
594 288.71198243383651 280.00012466648366 4.225789999589324
595 288.70371402303249 280.00012475780005 4.2327929995954037
596 288.69545772194527 280.00012484898411 4.2396970000118017
597 288.68721349901199 280.0001249400342 4.2468510000035167
598 288.67898132279203 280.0001250309532 4.2538980003446341
599 288.67076116198302 280.00012512173714 4.2608230002224445
600 288.66255298541148 280.00012521238898 4.2676550000905991
601 288.65435676202497 280.00012530290894 4.2747210003435612
602 288.64617246090643 280.0001253932972 4.2817770000547171
603 288.63800005126569 280.00012548355443 4.2887580003589392
604 288.62983950242955 280.00012557368149 4.2958479998633265
605 288.62169078386114 280.00012566367599 4.3029659995809197
606 288.61355386514549 280.00012575354123 4.3096860004588962
607 288.60542871599148 280.00012584327612 4.3166800001636147
608 288.59731530622577 280.00012593288392 4.3237549997866154
609 288.58921360581235 280.0001260223595 4.3323210002854466
610 288.58112358482242 280.00012611170638 4.3393200002610683
611 288.57304521345594 280.00012620092463 4.3461220003664494
612 288.56497846203177 280.00012629001532 4.353048000484705
613 288.55692330099316 280.00012637897834 4.3597339997068048
614 288.54887970089226 280.00012646781306 4.3667130004614592
615 288.54084763241292 280.00012655651881 4.373777000233531
616 288.53282706634997 280.00012664509956 4.3978270003572106
617 288.52481797361236 280.0001267335536 4.4091910002753139
618 288.51682032523524 280.00012682188066 4.4157809996977448
619 288.50883409236047 280.00012691008254 4.4225110001862049
620 288.5008592462554 280.00012699815841 4.4291620003059506
621 288.49289575828931 280.00012708610706 4.4359069997444749
622 288.48494359995937 280.00012717393298 4.4426939999684691
623 288.47700274286728 280.00012726163027 4.4498140001669526
624 288.46907315872852 280.00012734920699 4.4568840004503727
625 288.46115481937431 280.0001274366594 4.4639520002529025
626 288.45324769675068 280.00012752398476 4.4709250004962087
627 288.44535176289997 280.00012761118933 4.4779310002923012
628 288.43746698999439 280.00012769827094 4.4846930000931025
629 288.42959335030116 280.00012778522694 4.4918069997802377
630 288.42173081620643 280.00012787206242 4.4988690000027418
631 288.41387936019566 280.00012795877569 4.5058549996465445
632 288.40603895487533 280.0001280453663 4.5128229996189475
633 288.3982095729454 280.00012813183525 4.5199419995769858
634 288.39039118721865 280.00012821818274 4.5269130002707243
635 288.38258377061993 280.00012830440858 4.5337589997798204
636 288.37478729617209 280.00012839051362 4.5407480001449585
637 288.36700173700586 280.00012847649725 4.5478299995884299
638 288.35922706635483 280.00012856236333 4.5548409996554255
639 288.35146325755881 280.00012864810697 4.5620339997112751
640 288.3437102840615 280.00012873373259 4.568966000340879
641 288.33596811940845 280.00012881923749 4.5757529996335506
642 288.32823673725136 280.00012890462568 4.5826869998127222
643 288.32051611133096 280.00012898989286 4.5896800002083182
644 288.31280621550928 280.00012907504185 4.5967020001262426
645 288.30510702373101 280.00012916007279 4.6037560002878308
646 288.29741851004854 280.0001292449856 4.6108389999717474
647 288.28974064862018 280.00012932978177 4.6177420001477003
648 288.28207341369063 280.00012941445891 4.6247650003060699
649 288.27441677960832 280.00012949901867 4.6319620003923774
650 288.26677072082805 280.00012958346525 4.6391409998759627
651 288.25913521189091 280.00012966779138 4.6461359998211265
652 288.25151022743898 280.00012975200264 4.653052999638021
653 288.24389574221175 280.00012983609798 4.6599310003221035
654 288.23629173104348 280.00012992007834 4.6669509997591376
655 288.22869816886737 280.00013000394279 4.6739530004560947
656 288.22111503070511 280.00013008769236 4.6810820000246167
657 288.21354229167952 280.00013017132613 4.6880930000916123
658 288.20597992700573 280.00013025484589 4.6951780002564192
659 288.19842791199056 280.00013033825076 4.7021770002320409
660 288.19088622203191 280.00013042154222 4.7089200001209974
661 288.18335483262632 280.00013050472103 4.7160900002345443
662 288.17583371935564 280.00013058778501 4.7230829996988177
663 288.16832285790201 280.00013067073616 4.7300420003011823
664 288.16082222403099 280.00013075357356 4.7371720001101494
665 288.15333179360022 280.00013083629943 4.7442309996113181
666 288.14585154256167 280.00013091891128 4.751074000261724
667 288.13838144694967 280.00013100141382 4.7581510003656149
668 288.13092148289547 280.0001310838017 4.7653109999373555
669 288.12347162661547 280.00013116607988 4.7723979996517301
670 288.11603185441442 280.00013124824466 4.7794180000200868
671 288.10860214268803 280.00013133029955 4.7863969998434186
672 288.10118246791302 280.00013141224451 4.7933040000498295
673 288.09377280665746 280.00013149407721 4.8001309996470809
674 288.08637313557813 280.00013157580133 4.8071720004081726
675 288.07898343140931 280.0001316574153 4.814198000356555
676 288.07160367098402 280.00013173891938 4.821251000277698
677 288.06423383120671 280.00013182031347 4.8293510004878044
678 288.05687388907671 280.00013190159621 4.8387449998408556
679 288.0495238216792 280.00013198277281 4.8457399997860193
680 288.04218360616778 280.00013206383937 4.8527490003034472
681 288.03485321979662 280.00013214479713 4.8595059998333454
682 288.02753263989382 280.00013222564536 4.8666390003636479
683 288.02022184387465 280.00013230638774 4.8736939998343587
684 288.01292080923412 280.00013238702229 4.8809329997748137
685 288.00562951354812 280.00013246754793 4.8878939999267459
686 287.99834793448053 280.00013254796716 4.8949800003319979
687 287.99107604976507 280.00013262827969 4.9020680002868176
688 287.98381383722381 280.00013270848541 4.9089090004563332
689 287.97656127475841 280.00013278858268 4.9160869996994734
690 287.96931834034785 280.00013286857541 4.922945000231266
691 287.96208501205689 280.00013294846207 4.929832000285387
692 287.95486126802047 280.00013302824169 4.9368749996647239
693 287.94764708645295 280.00013310791661 4.9439860004931688
694 287.94044244565754 280.00013318748483 4.9507360002025962
695 287.93324732400515 280.00013326694835 4.9577630003914237
696 287.92606169994127 280.00013334630728 4.9648829996585846
697 287.91888555200177 280.00013342556252 4.9719599997624755
698 287.91171885878606 280.00013350471301 4.97891900036484
699 287.90456159897849 280.00013358375776 4.9859300004318357
700 287.89741375133065 280.00013366269962 4.9927709996700287
701 287.89027529468353 280.0001337415386 4.9998040003702044
702 287.8831462079375 280.00013382027157 5.0069129997864366
703 287.87602647008015 280.00013389890347 5.0138900000602007
704 287.86891606016167 280.00013397743089 5.0208890000358224
705 287.86181495732046 280.00013405585736 5.0278820004314184
706 287.85472314075997 280.00013413417929 5.0346910003572702
707 287.8476405897535 280.00013421240106 5.0418389998376369
708 287.84056728365783 280.00013429051984 5.0489560002461076
709 287.83350320189106 280.00013436853709 5.0560769997537136
710 287.82644832395516 280.00013444645265 5.0630230000242591
711 287.81940262941481 280.0001345242664 5.0701400004327297
712 287.81236609790938 280.00013460197835 5.0771460002288222
713 287.80533870914883 280.00013467958962 5.0839449996128678
714 287.79832044292147 280.00013475710085 5.090917999856174
715 287.79131127906976 280.00013483451141 5.097982999868691
716 287.78431119752196 280.00013491181926 5.1051939995959401
717 287.77732017827054 280.00013498903087 5.1124400002881885
718 287.77033820137603 280.00013506614056 5.1195750003680587
719 287.76336524696728 280.00013514315106 5.1263399999588728
720 287.75640129524925 280.00013522006282 5.1333640003576875
721 287.74944632648726 280.00013529687328 5.1403750004246831
722 287.74250032101793 280.00013537358677 5.1473850002512336
723 287.73556325924949 280.00013545020124 5.154470999725163
724 287.72863512164622 280.00013552671618 5.161472000181675
725 287.72171588875517 280.000135603133 5.1693529998883605
726 287.71480554118102 280.00013567945297 5.1761659998446703
727 287.70790405959463 280.00013575567323 5.18333899974823
728 287.70101142473658 280.00013583179623 5.1902560004964471
729 287.69412761741154 280.00013590782214 5.1972260000184178
730 287.68725261849119 280.00013598374966 5.2042990000918508
731 287.68038640891319 280.00013605958196 5.2114390004426241
732 287.67352896967446 280.00013613531689 5.2184809995815158
733 287.66668028184347 280.00013621095411 5.2252430003136396
734 287.65984032655206 280.00013628649555 5.232421999797225
735 287.65300908499131 280.00013636193961 5.2394550004974008
736 287.64618653842086 280.00013643728846 5.2465800000354648
737 287.63937266816856 280.00013651254284 5.2536819996312261
738 287.63256745561097 280.00013658770013 5.260687000118196
739 287.62577088219962 280.00013666276305 5.2674799999222159
740 287.6189829294479 280.00013673772946 5.2745359996333718
741 287.61220357892267 280.00013681260185 5.281530000269413
742 287.60543281226541 280.0001368873788 5.288676000200212
743 287.59867061116677 280.00013696206179 5.2956640003249049
744 287.59191695739361 280.00013703665104 5.3026529997587204
745 287.5851718327566 280.0001371111448 5.309430000372231
746 287.57843521914003 280.00013718554493 5.316562999971211
747 287.57170709849026 280.00013725984996 5.3236589999869466
748 287.56498745280078 280.0001373340636 5.33060900028795
749 287.55827626413662 280.00013740818309 5.3376670004799962
750 287.55157351461889 280.00013748220965 5.3447610000148416
751 287.54487918642803 280.00013755614367 5.3515560002997518
752 287.53819326180354 280.00013762998208 5.3585700001567602
753 287.53151572304529 280.00013770372999 5.365561000071466
754 287.52484655251158 280.00013777738388 5.372702999971807
755 287.51818573261971 280.00013785094848 5.379704000428319
756 287.51153324584351 280.00013792442041 5.3868610002100468
757 287.50488907471032 280.0001379978018 5.393818000331521
758 287.49825320181634 280.00013807108581 5.4006270002573729
759 287.49162560980727 280.00013814428189 5.4076159996911883
760 287.48500628138726 280.00013821738912 5.4148270003497601
761 287.47839519931654 280.0001382904012 5.421811000443995
762 287.47179234641459 280.00013836332369 5.4288079999387264
763 287.46519770555415 280.0001384361567 5.435746000148356
764 287.45861125966616 280.00013850889832 5.4426779998466372
765 287.45203299173875 280.00013858154898 5.4501310000196099
766 287.44546288481143 280.0001386541104 5.45711600035429
767 287.43890092198023 280.00013872658235 5.4644550001248717
768 287.43234708639898 280.00013879896414 5.4714639997109771
769 287.42580136127469 280.00013887125419 5.4785609999671578
770 287.41926372986904 280.00013894345881 5.4855650002136827
771 287.41273417549718 280.00013901557003 5.4923839997500181
772 287.40621268153154 280.00013908759445 5.4995069997385144
773 287.39969923139159 280.00013915953053 5.5065139997750521
774 287.39319380855812 280.0001392313776 5.5137620000168681
775 287.38669639656229 280.00013930313617 5.5208010002970695
776 287.38020697898361 280.00013937480537 5.5277690002694726
777 287.37372553946403 280.00013944638829 5.5346020003780723
778 287.36725206169291 280.00013951788253 5.5417729998007417
779 287.36078652940836 280.00013958928821 5.5488700000569224
780 287.35432892640915 280.00013966060652 5.5560739999637008
781 287.34787923653693 280.00013973183781 5.5630839997902513
782 287.34143744369408 280.00013980298223 5.5701280003413558
783 287.33500353182632 280.00013987403895 5.5770850004628301
784 287.32857748493387 280.00013994500961 5.5838419999927282
785 287.32215928707109 280.00014001589329 5.5911469999700785
786 287.31574892234232 280.0001400866912 5.5981520004570484
787 287.30934637490009 280.00014015740089 5.6051719998940825
788 287.30295162894311 280.00014022802554 5.6121140001341701
789 287.29656466872876 280.00014029856527 5.6190849998965859
790 287.29018547856015 280.00014036901626 5.6258270004764199
791 287.2838140427931 280.00014043938342 5.6329939998686314
792 287.27745034582506 280.00014050966536 5.6399720003828406
793 287.27109437211465 280.00014057986044 5.6471220003440976
794 287.26474610615594 280.0001406499714 5.6542379995808005
795 287.25840553250441 280.00014071999885 5.6612440003082156
796 287.25207263575749 280.00014078994064 5.6680450001731515
797 287.2457474005646 280.00014085979734 5.6751180002465844
798 287.23942981161957 280.00014092956928 5.6820820001885295
799 287.23311985366371 280.00014099925772 5.6891649998724461
800 287.22681751149196 280.00014106886005 5.6962179997935891
801 287.22052276993998 280.0001411383808 5.7032829998061061
802 287.21423561389571 280.00014120781697 5.7101090000942349
803 287.20795602829452 280.00014127716997 5.7171160001307726
804 287.20168399811701 280.00014134643942 5.7242660000920296
805 287.19541950838311 280.00014141562514 5.7312340000644326
806 287.18916254417275 280.00014148472849 5.7385299997404218
807 287.1829130906097 280.00014155374777 5.7454639999195933
808 287.17667113285722 280.00014162268457 5.7524779997766018
809 287.1704366561234 280.00014169153854 5.7592460000887513
810 287.16420964567499 280.00014176031056 5.766223999671638
811 287.15799008680779 280.00014182899952 5.7734129996970296
812 287.15177796487865 280.00014189760805 5.7805639998987317
813 287.14557326527557 280.00014196613409 5.7875600000843406
814 287.1393759734367 280.00014203457698 5.7946720002219081
815 287.13318607485621 280.00014210293898 5.8015430001541972
816 287.12700355505666 280.00014217122009 5.8085380000993609
817 287.12082839961221 280.00014223941935 5.8155000004917383
818 287.11466059414005 280.00014230753578 5.8225849997252226
819 287.10850012430291 280.00014237557411 5.8297810005024076
820 287.10234697580654 280.00014244352974 5.8369260001927614
821 287.09620113440104 280.00014251140658 5.8441180000081658
822 287.09006258587891 280.00014257920111 5.8508630003780127
823 287.0839313160775 280.00014264691583 5.857880000025034
824 287.07780731087075 280.00014271455103 5.8648889996111393
825 287.07169055619198 280.00014278210506 5.8719239998608828
826 287.06558103799381 280.00014284957956 5.8790889997035265
827 287.05947874229628 280.00014291697437 5.8860320001840591
828 287.05338365514086 280.00014298428869 5.8928190004080534
829 287.04729576262179 280.00014305152348 5.899724000133574
830 287.04121505087733 280.00014311868051 5.9068609997630119
831 287.03514150607924 280.00014318575722 5.914015999995172
832 287.02907511444943 280.00014325275572 5.9209839999675751
833 287.02301586224758 280.00014331967384 5.9279580004513264
834 287.01696373577266 280.00014338651567 5.9346359996125102
835 287.01091872137249 280.0001434532773 5.9419680004939437
836 287.0048808054234 280.00014351996032 5.9489329997450113
837 286.99884997435379 280.00014358656603 5.9559420002624393
838 286.99282621462925 280.00014365309261 5.9629250001162291
839 286.9868095127548 280.00014371954359 5.9698719996958971
840 286.98079985527573 280.00014378591442 5.97677499987185
841 286.97479722877858 280.00014385220726 5.9837560001760721
842 286.9688016198902 280.00014391842427 5.9907870003953576
843 286.96281301527449 280.00014398456369 5.9982270002365112
844 286.95683140164391 280.00014405062552 6.0052209999412298
845 286.9508567657337 280.00014411661027 6.0121999997645617
846 286.94488909433784 280.00014418251698 6.0193940000608563
847 286.93892837427535 280.0001442483495 6.0263510001823306
848 286.9329745924116 280.00014431410239 6.033359999768436
849 286.92702773565111 280.00014437978069 6.0404249997809529
850 286.92108779092752 280.00014444538243 6.0474380003288388
851 286.91515474522345 280.00014451090692 6.0544760003685951
852 286.9092285855628 280.00014457635649 6.0615870002657175
853 286.90330929899085 280.00014464172978 6.0688089998438954
854 286.89739687261232 280.00014470702763 6.0757200000807643
855 286.89149129355371 280.00014477225 6.0829579997807741
856 286.8855925489832 280.00014483739631 6.0899090003222227
857 286.87970062611254 280.00014490246775 6.0970430001616478
858 286.87381551218823 280.00014496746297 6.1040460001677275
859 286.86793719449059 280.00014503238475 6.1110239997506142
860 286.86206566033286 280.00014509723019 6.1178360003978014
861 286.85620089708277 280.00014516200139 6.1248989999294281
862 286.85034289212985 280.00014522669801 6.1319359997287393
863 286.84449163290174 280.00014529132096 6.1389030003920197
864 286.83864710687254 280.0001453558682 6.1460720002651215
865 286.83280930153757 280.00014542034228 6.1530050002038479
866 286.82697820444349 280.00014548474064 6.1597570003941655
867 286.82115380316191 280.00014554906687 6.1667550001293421
868 286.81533608530731 280.0001456133183 6.173994000069797
869 286.80952503853047 280.00014567749565 6.1810360001400113
870 286.80372065050511 280.00014574160053 6.1883129999041557
871 286.79792290896131 280.00014580563067 6.1952440002933145
872 286.79213180165061 280.00014586959026 6.2022759998217225
873 286.78634731635952 280.00014593347561 6.2090079998597503
874 286.78056944091952 280.00014599728621 6.2159799998626113
875 286.7747981631864 280.00014606102525 6.2230299999937415
876 286.76903347105792 280.00014612468965 6.2302559996023774
877 286.7632753524656 280.00014618828556 6.2372559998184443
878 286.75752379536829 280.00014625180552 6.2443030001595616
879 286.75177878777032 280.00014631525431 6.2511660000309348
880 286.7460403177011 280.00014637863012 6.2581650000065565
881 286.74030837323318 280.00014644193453 6.2651450000703335
882 286.73458294246603 280.00014650516692 6.2722509996965528
883 286.72886401353912 280.00014656832758 6.2792549999430776
884 286.7231515746148 280.00014663141758 6.2862740000709891
885 286.71744561390233 280.00014669443414 6.2931549996137619
886 286.71174611963573 280.00014675738026 6.3002270003780723
887 286.70605308008834 280.00014682025613 6.3073300002142787
888 286.70036648355995 280.00014688305896 6.3144180001690984
889 286.69468631838743 280.00014694579181 6.3215370001271367
890 286.68901257294726 280.00014700845287 6.3286319999024272
891 286.68334523563436 280.00014707104373 6.3357260003685951
892 286.67768429488848 280.00014713356495 6.3424549996852875
893 286.67202973917512 280.00014719601376 6.3494400000199676
894 286.66638155699462 280.00014725839321 6.3565130000934005
895 286.66073973688617 280.00014732070196 6.3636159999296069
896 286.65510426741002 280.00014738294021 6.3706120001152158
897 286.6494751371622 280.00014744511083 6.3777000000700355
898 286.64385233477537 280.00014750720982 6.3845399999991059
899 286.63823584891213 280.00014756923719 6.3915140004828572
900 286.63262566826097 280.00014763119691 6.3985360004007816
901 286.62702178155035 280.00014769308791 6.4055770002305508
902 286.62142417753824 280.00014775490814 6.412793000228703
903 286.61583284500705 280.00014781665897 6.4197380002588034
904 286.61024777278419 280.00014787834112 6.4264510003849864
905 286.60466894970921 280.00014793995541 6.4334819996729493
906 286.59909636467194 280.00014800150041 6.4406899996101856
907 286.59353000658228 280.00014806297514 6.44766900036484
908 286.58796986438222 280.00014812438246 6.4546710001304746
909 286.58241592704542 280.00014818572146 6.4792020004242659
910 286.57686818357973 280.00014824699048 6.4910970004275441
911 286.57132662301683 280.00014830819288 6.4976970003917813
912 286.56579123441981 280.00014836932689 6.5044379997998476
913 286.56026200689212 280.00014843039293 6.5110969999805093
914 286.55473892954984 280.00014849139097 6.5176060004159808
915 286.54922199155669 280.00014855232195 6.5248659998178482
916 286.54371118209281 280.00014861318317 6.5319370003417134
917 286.53820649037476 280.00014867397846 6.5389780001714826
918 286.53270790565 280.00014873470514 6.546085000038147
919 286.5272154171866 280.00014879536377 6.5531320003792644
920 286.52172901429759 280.00014885595749 6.5603149998933077
921 286.51624868630864 280.00014891648357 6.5670999996364117
922 286.51077442258446 280.00014897694257 6.5741990003734827
923 286.50530621252079 280.0001490373337 6.5812750002369285
924 286.49984404553169 280.00014909766008 6.588277000002563
925 286.49438791107133 280.00014915791832 6.5951979998499155
926 286.48893779861328 280.0001492181101 6.6022260002791882
927 286.48349369767357 280.0001492782356 6.6092579998075962
928 286.47805559778021 280.00014933829522 6.6163170002400875
929 286.47262348849489 280.00014939828623 6.6234060004353523
930 286.46719735941758 280.00014945821499 6.6306360000744462
931 286.46177720016624 280.00014951807509 6.6376750003546476
932 286.45636300038558 280.00014957786959 6.645503000356257
933 286.45095474975898 280.00014963760083 6.6552120000123978
934 286.44555243798823 280.00014969726379 6.6622010003775358
935 286.44015605480041 280.0001497568623 6.6691300002858043
936 286.43476558996622 280.00014981639561 6.6758859995752573
937 286.42938103326526 280.00014987586366 6.6828960003331304
938 286.42400237451727 280.00014993526707 6.6900650002062321
939 286.41862960356463 280.0001499946045 6.6973190000280738
940 286.41326271027629 280.00015005387706 6.704365000128746
941 286.40790168455146 280.00015011308517 6.711345000192523
942 286.4025465163129 280.00015017222887 6.7182310000061989
943 286.39719719551363 280.00015023130777 6.7252749996259809
944 286.39185371213392 280.00015029032056 6.7323350002989173
945 286.38651605617372 280.00015034927179 6.7394749997183681
946 286.3811842176687 280.00015040815731 6.7464349996298552
947 286.37585818667992 280.00015046697825 6.7533870004117489
948 286.37053795328893 280.00015052573588 6.7605029996484518
949 286.36522350760765 280.00015058442727 6.767212999984622
950 286.35991483977517 280.00015064305944 6.774461000226438
951 286.35461193995769 280.00015070162567 6.7814889997243881
952 286.34931479834194 280.00015076012721 6.7885790001600981
953 286.34402340514424 280.00015081856549 6.7957610003650188
954 286.33873775061221 280.0001508769414 6.8028149995952845
955 286.33345782500635 280.00015093525394 6.8097170004621148
956 286.32818361862934 280.00015099350281 6.816835000179708
957 286.32291512179586 280.0001510516887 6.8239289997145534
958 286.31765232485253 280.00015110981155 6.8310829997062683
959 286.31239521817014 280.00015116787114 6.8382360003888607
960 286.30714379214101 280.00015122586922 6.8452869998291135
961 286.30189803719219 280.00015128380409 6.8524139998480678
962 286.29665794377172 280.00015134167711 6.8591750003397465
963 286.29142350234304 280.0001513994867 6.866270000115037
964 286.28619470341118 280.00015145723381 6.8734100004658103
965 286.28097153749508 280.00015151491885 6.8804280003532767
966 286.27575399514137 280.00015157254177 6.887419999577105
967 286.27054206691946 280.0001516301034 6.894624000415206
968 286.26533574342858 280.00015168760223 6.901503000408411
969 286.26013501528632 280.00015174504063 6.9085389999672771
970 286.25493987314542 280.00015180241564 6.9157199999317527
971 286.24975030766495 280.00015185973012 6.9227609997615218
972 286.24456630954251 280.00015191698293 6.9299379996955395
973 286.23938786950231 280.00015197417491 6.9369230000302196
974 286.23421497828218 280.00015203130488 6.9439669996500015
975 286.22904762664581 280.00015208837408 6.9508589999750257
976 286.223885805387 280.00015214538195 6.9578630002215505
977 286.21872950531719 280.0001522023282 6.9649900002405047
978 286.21357871727594 280.0001522592147 6.9721520002931356
979 286.20843343212965 280.00015231603953 6.9792039999738336
980 286.20329364075582 280.00015237280451 6.9862599996849895
981 286.19815933406898 280.00015242950877 6.9931500004604459
982 286.19303050300033 280.00015248615313 7.0002210000529885
983 286.18790713850353 280.00015254273376 7.0074650002643466
984 286.18278923156061 280.00015259925891 7.0144579997286201
985 286.17767677316908 280.00015265572091 7.0215220004320145
986 286.17256975436601 280.00015271212266 7.0286619998514652
987 286.16746816618416 280.00015276846534 7.0359680000692606
988 286.16237199970823 280.00015282474868 7.0425979997962713
989 286.15728124602617 280.00015288097154 7.0496089998632669
990 286.15219589625627 280.00015293713602 7.0565740000456572
991 286.1471159415396 280.00015299323883 7.0637729996815324
992 286.14204137303784 280.00015304928309 7.0708699999377131
993 286.13697218193357 280.00015310526788 7.0780009999871254
994 286.13190835944198 280.00015316119215 7.0849299998953938
995 286.1268498967849 280.00015321705934 7.0920489998534322
996 286.12179678522244 280.00015327286729 7.09950300026685
997 286.11674901602441 280.00015332861443 7.1064010001718998
998 286.11170658048798 280.00015338430489 7.1134270001202822
999 286.10666946993712 280.00015343993573 7.1206700000911951
1000 286.10163767570157 280.00015349550642 7.1279050000011921
1001 286.09661118916074 280.00015355102119 7.134438999928534
1002 286.09159000168574 280.00015360647461 7.1414649998769164
1003 286.08657410469078 280.00015366187216 7.1487239999696612
1004 286.08156348960313 280.00015371720832 7.1557569997385144
1005 286.07655814786938 280.00015377248809 7.1628229999914765
1006 286.07155807096382 280.00015382770908 7.1697990000247955
1007 286.06656325038102 280.00015388287346 7.1768279997631907
1008 286.06157367763609 280.00015393797906 7.1836599996313453
1009 286.05658934425844 280.00015399302686 7.1908109998330474
1010 286.05161024181558 280.00015404801587 7.1978709995746613
1011 286.04663636187837 280.00015410294873 7.2049190001562238
1012 286.04166769604751 280.00015415782332 7.2119370000436902
1013 286.03670423594724 280.00015421263998 7.2189779998734593
1014 286.03174597321669 280.00015426739981 7.2258620001375675
1015 286.02679289952067 280.00015432210193 7.2328490000218153
1016 286.02184500653846 280.00015437674739 7.2399660004302859
1017 286.01690228597658 280.00015443133452 7.246997999958694
1018 286.01196472956076 280.00015448586657 7.2542009996250272
1019 286.00703232903822 280.00015454034116 7.2612290000542998
1020 286.00210507617237 280.0001545947585 7.2679820004850626
1021 285.99718296274983 280.00015464911854 7.2751890001818538
1022 285.99226598057754 280.00015470342277 7.2822979995980859
1023 285.98735412148505 280.00015475766986 7.2893479997292161
1024 285.98244737731909 280.00015481186028 7.2963290000334382
1025 285.9775457399499 280.00015486599477 7.3033649995923042
1026 285.97264920125775 280.00015492007333 7.3104320000857115
1027 285.96775775316218 280.00015497409385 7.3173820003867149
1028 285.96287138758004 280.00015502806019 7.3245999999344349
1029 285.9579900964664 280.00015508196896 7.3315289998427033
1030 285.95311387179061 280.00015513582332 7.3386730002239347
1031 285.94824270553642 280.00015518962152 7.3459989996626973
1032 285.94337658971142 280.00015524336317 7.3530200002714992
1033 285.93851551634549 280.0001552970495 7.359821000136435
1034 285.9336594774843 280.00015535068025 7.3668680004775524
1035 285.9288084651937 280.00015540425443 7.3739369995892048
1036 285.92396247155966 280.00015545777416 7.3809559997171164
1037 285.9191214886871 280.00015551123971 7.3881149999797344
1038 285.91428550870484 280.00015556464905 7.3952080002054572
1039 285.90945452375217 280.00015561800319 7.4022049997001886
1040 285.9046285259945 280.00015567130191 7.4092190004885197
1041 285.89980750760913 280.00015572454572 7.416299999691546
1042 285.89499146080573 280.00015577773439 7.423484000377357
1043 285.89018037779744 280.00015583086878 7.4304029997438192
1044 285.88537425082978 280.00015588395036 7.4374850001186132
1045 285.88057307215564 280.00015593697429 7.444446999579668
1046 285.87577683405823 280.00015598994372 7.4513410003855824
1047 285.87098552882702 280.00015604286011 7.4586420003324747
1048 285.86619914878122 280.00015609572074 7.465641999617219
1049 285.86141768625117 280.00015614852759 7.472749000415206
1050 285.85664113358877 280.00015620128232 7.4797649998217821
1051 285.85186948316641 280.00015625398231 7.4867040002718568
1052 285.84710272737323 280.0001563066258 7.4938289998099208
1053 285.84234085861885 280.00015635921704 7.5008169999346137
1054 285.83758386931908 280.00015641175401 7.5078320000320673
1055 285.832831751924 280.00015646423594 7.514805999584496
1056 285.82808449890092 280.00015651666638 7.5218179998919368
1057 285.82334210272342 280.00015656904225 7.5289190001785755
1058 285.81860455589219 280.00015662136491 7.5359859997406602
1059 285.81387185091802 280.00015667363294 7.5427710004150867
1060 285.80914398034872 280.00015672584846 7.5499200001358986
1061 285.80442093672315 280.00015677800985 7.5571060003712773
1062 285.79970271261686 280.00015683011964 7.5642959997057915
1063 285.79498930061783 280.00015688217553 7.5713649997487664
1064 285.79028069333543 280.00015693417811 7.578375999815762
1065 285.7855768833831 280.00015698612731 7.5855769999325275
1066 285.78087786341121 280.00015703802393 7.5924610001966357
1067 285.77618362607376 280.00015708986808 7.5995180001482368
1068 285.77149416404848 280.00015714165869 7.6066890005022287
1069 285.76680947002984 280.0001571933978 7.6139139998704195
1070 285.76212953672893 280.00015724508427 7.6209119996055961
1071 285.75745435687281 280.00015729671719 7.6278480002656579
1072 285.75278392320661 280.00015734829839 7.6346739996224642
1073 285.7481182284962 280.00015739982661 7.6418150002136827
1074 285.74345726551536 280.00015745130258 7.6490439996123314
1075 285.73880102707028 280.00015750272803 7.6560150003060699
1076 285.73414950596879 280.00015755409868 7.663034999743104
1077 285.7295026950423 280.00015760541828 7.6700550001114607
1078 285.72486058713844 280.00015765668638 7.6771710002794862
1079 285.72022317512995 280.00015770790361 7.6840289998799562
1080 285.71559045189184 280.00015775906786 7.6910229995846748
1081 285.71096241032194 280.00015781018084 7.6981239998713136
1082 285.70633904334034 280.00015786124175 7.7052119998261333
1083 285.70172034387861 280.00015791225178 7.7125490000471473
1084 285.69710630488021 280.00015796321026 7.7196880001574755
1085 285.69249691931731 280.00015801411683 7.7268909998238087
1086 285.68789218016565 280.00015806497441 7.7337640002369881
1087 285.68329208042928 280.00015811577617 7.7408889997750521
1088 285.67869661312318 280.00015816653013 7.7492680000141263
1089 285.6741057712731 280.00015821723184 7.7562600001692772
1090 285.66951954792779 280.00015826788263 7.7632940001785755
1091 285.66493793615467 280.0001583184827 7.7703459998592734
1092 285.66036092903141 280.00015836903128 7.7774970000609756
1093 285.65578851965466 280.00015841952973 7.7844190001487732
1094 285.65122070113529 280.00015846997843 7.7915780004113913
1095 285.64665746660251 280.00015852037427 7.7986399997025728
1096 285.64209880920311 280.00015857072134 7.8057390004396439
1097 285.63754472209257 280.00015862101787 7.8128080004826188
1098 285.63299519844787 280.00015867126183 7.8199880002066493
1099 285.62845023146701 280.00015872145832 7.8269840003922582
1100 285.62390981434936 280.0001587716028 7.8338510002940893
1101 285.61937394032384 280.00015882169726 7.8408430004492402
1102 285.61484260262841 280.00015887174266 7.8478190004825592
1103 285.61031579451753 280.00015892173678 7.8547710003331304
1104 285.60579350926031 280.0001589716818 7.8619499998167157
1105 285.60127574014615 280.0001590215756 7.8689160002395511
1106 285.5967624804743 280.00015907142159 7.8757779998704791
1107 285.59225372355536 280.00015912121518 7.8830490000545979
1108 285.58774946273712 280.00015917096277 7.8901639999821782
1109 285.58324969135759 280.00015922065893 7.8972800001502037
1110 285.57875440277917 280.00015927030444 7.9043250000104308
1111 285.57426359038186 280.00015931990163 7.9112489996477962
1112 285.56977724755745 280.00015936944959 7.9182609999552369
1113 285.56529536771797 280.00015941894787 7.9252140000462532
1114 285.56081794428235 280.00015946839727 7.9323350004851818
1115 285.55634497069849 280.00015951779812 7.9393849996849895
1116 285.55187644041342 280.00015956714822 7.9465319998562336
1117 285.54741234689311 280.00015961644988 7.9537909999489784
1118 285.54295268362716 280.00015966570385 7.9608319997787476
1119 285.53849744411195 280.00015971490802 7.9676909996196628
1120 285.53404662185886 280.00015976406326 7.9747770000249147
1121 285.52960021040138 280.00015981317119 7.9817770002409816
1122 285.52515820328136 280.0001598622278 7.9889540001749992
1123 285.52072059405259 280.00015991123723 7.996012999676168
1124 285.51628737628903 280.00015996019783 8.0030209999531507
1125 285.51185854357698 280.00016000911131 8.0099900001659989
1126 285.50743408951979 280.00016005797517 8.0174409998580813
1127 285.5030140077339 280.00016010679263 8.0251209996640682
1128 285.49859829185078 280.000160155559 8.0322010004892945
1129 285.49418693550894 280.0001602042791 8.0392319997772574
1130 285.48977993237702 280.00016025295088 8.0464150002226233
1131 285.48537727611745 280.00016030157406 8.0534950001165271
1132 285.48097896042981 280.00016035014988 8.0604929998517036
1133 285.47658497900841 280.00016039867722 8.0673150001093745
1134 285.47219532557261 280.0001604471579 8.0744329998269677
1135 285.46780999385203 280.00016049558968 8.0816829996183515
1136 285.4634289775903 280.00016054397395 8.0888090003281832
1137 285.45905227054914 280.00016059231115 8.0958979995921254
1138 285.45467986649891 280.000160640601 8.1028789998963475
1139 285.45031175922531 280.00016068884219 8.1097349999472499
1140 285.4459479425355 280.00016073703682 8.1168409995734692
1141 285.44158841023426 280.00016078518456 8.1239970000460744
1142 285.43723315615426 280.00016083328563 8.1310750003904104
1143 285.43288217414204 280.0001608813364 8.1380260000005364
1144 285.42853545804957 280.00016092934277 8.1458820002153516
1145 285.42419300174475 280.00016097730236 8.1527699995785952
1146 285.41985479911278 280.00016102521454 8.1595499999821186
1147 285.41552084405373 280.00016107307829 8.1666500000283122
1148 285.41119113047375 280.00016112089583 8.1738269999623299
1149 285.40686565229817 280.00016116866652 8.1807939996942878
1150 285.40254440346672 280.00016121639186 8.1879230001941323
1151 285.39822737792775 280.00016126406979 8.1954190004616976
1152 285.39391456964847 280.00016131170236 8.2024220004677773
1153 285.38960597260518 280.00016135928587 8.2092340001836419
1154 285.38530158078879 280.00016140682413 8.2164559997618198
1155 285.38100138820602 280.00016145431641 8.2236850000917912
1156 285.37670538887448 280.00016150176293 8.2307710004970431
1157 285.37241357682296 280.00016154916204 8.2379360003396869
1158 285.36812594609881 280.0001615965146 8.2449359996244311
1159 285.36384249075701 280.00016164382311 8.2518929997459054
1160 285.35956320487287 280.0001616910838 8.2587780002504587
1161 285.35528808252235 280.0001617382992 8.2660280000418425
1162 285.35101711781226 280.00016178546844 8.2731180004775524
1163 285.34675030483993 280.00016183259225 8.2802259996533394
1164 285.34248763774031 280.00016187966884 8.2872820002958179
1165 285.33822911064442 280.00016192670211 8.294340000487864
1166 285.333974717697 280.00016197368677 8.3012899998575449
1167 285.32972445306137 280.00016202062795 8.3083960004150867
1168 285.32547831091455 280.00016206752247 8.3156690001487732
1169 285.32123628544167 280.00016211437207 8.3229830004274845
1170 285.31699837084415 280.00016216117632 8.3300320003181696
1171 285.31276456133031 280.00016220793538 8.3371249996125698
1172 285.30853485112686 280.00016225464839 8.3446300001814961
1173 285.30430923447562 280.00016230131791 8.3515929998829961
1174 285.30008770562159 280.000162347941 8.358500000089407
1175 285.29587025882654 280.00016239451946 8.3657060004770756
1176 285.29165688837003 280.00016244105245 8.3727019997313619
1177 285.28744758853736 280.00016248753946 8.3798580002039671
1178 285.2832423536272 280.00016253398371 8.3868359997868538
1179 285.27904117795691 280.00016258038158 8.3938450003042817
1180 285.27484405584693 280.00016262673552 8.4007799997925758
1181 285.27065098163285 280.00016267304318 8.4079040000215173
1182 285.26646194967049 280.00016271930866 8.4149489998817444
1183 285.26227695431862 280.00016276552878 8.4221200002357364
1184 285.25809598994545 280.00016281170258 8.429127000272274
1185 285.25391905094693 280.00016285783272 8.4361600000411272
1186 285.24974613171275 280.00016290391926 8.4429360004141927
1187 285.24557722665833 280.00016294996112 8.450122999958694
1188 285.24141233020288 280.00016299596012 8.4572569997981191
1189 285.23725143677984 280.00016304191263 8.4644950004294515
1190 285.23309454084392 280.00016308782085 8.4714919999241829
1191 285.22894163684327 280.00016313368718 8.4784899996593595
1192 285.22479271925027 280.00016317950889 8.4854800002649426
1193 285.22064778254907 280.0001632252858 8.492318999953568
1194 285.21650682123294 280.00016327101832 8.4992119995877147
1195 285.21236982981009 280.00016331670759 8.5063800001516938
1196 285.20823680279511 280.00016336235359 8.513420999981463
1197 285.20410773471707 280.00016340795599 8.5205950001254678
1198 285.19998262011319 280.00016345351446 8.5277310004457831
1199 285.19586145354123 280.00016349902984 8.5347340004518628
1200 285.19174422956888 280.0001635444994 8.5417250003665686
1201 285.18763094276494 280.00016358992889 8.5488120000809431
1202 285.18352158772075 280.00016363531188 8.5560790002346039
1203 285.17941615903203 280.00016368065332 8.5630590002983809
1204 285.17531465131214 280.00016372595104 8.5702609997242689
1205 285.1712170591814 280.0001637712042 8.5946490000933409
1206 285.16712337727438 280.00016381641547 8.6064609996974468
1207 285.16303360023585 280.0001638615833 8.6131220003589988
1208 285.15894772271668 280.00016390670913 8.6198490001261234
1209 285.15486573939432 280.00016395179102 8.6262980001047254
1210 285.15078764493893 280.0001639968292 8.633224000222981
1211 285.14671343404495 280.00016404182617 8.6404010001569986
1212 285.14264310141112 280.00016408677863 8.6474970001727343
1213 285.13857664175345 280.00016413168998 8.6547689996659756
1214 285.13451404979037 280.00016417655723 8.6618569996207952
1215 285.13045532026246 280.00016422138174 8.6689240001142025
1216 285.12640044790811 280.00016426616406 8.6757789999246597
1217 285.12234942749461 280.00016431090529 8.6828760001808405
1218 285.1183022537806 280.00016435560264 8.689903000369668
1219 285.11425892154898 280.00016440025883 8.6971500003710389
1220 285.11021942558801 280.00016444487119 8.7048749998211861
1221 285.10618376070408 280.00016448944058 8.7118769995868206
1222 285.10215192170489 280.00016453396898 8.7191359996795654
1223 285.09812390340801 280.00016457845408 8.728995000012219
1224 285.09409970065713 280.0001646228975 8.7377789998427033
1225 285.0900793082875 280.00016466729983 8.7482810001820326
1226 285.08606272116162 280.00016471166003 8.7551690004765987
1227 285.0820499341433 280.00016475597727 8.7621910003945231
1228 285.07804094210513 280.0001648002534 8.7691900003701448
1229 285.07403573994094 280.00016484448781 8.7760330000892282
1230 285.07003432254248 280.00016488868079 8.7830550000071526
1231 285.06603668482097 280.00016493283056 8.790238999761641
1232 285.0620428216958 280.00016497693917 8.7972489995881915
1233 285.05805272810136 280.00016502100573 8.8043250003829598
1234 285.05406639897137 280.00016506503187 8.8116279998794198
1235 285.05008382925797 280.00016510901497 8.818589000031352
1236 285.04610501392534 280.00016515295863 8.8254460003226995
1237 285.04212994794409 280.00016519686091 8.8325669998303056
1238 285.03815862629318 280.00016524072026 8.8396720001474023
1239 285.03419104397238 280.00016528453881 8.8467039996758103
1240 285.03022719597811 280.000165328317 8.8539819996803999
1241 285.02626707732708 280.00016537205255 8.8610119996592402
1242 285.02231068304206 280.00016541574678 8.8678529998287559
1243 285.01835800815678 280.00016545940275 8.8749590003862977
1244 285.01440904771562 280.00016550301484 8.8820620002225041
1245 285.01046379677462 280.00016554658663 8.8891709996387362
1246 285.00652225039386 280.00016559011863 8.8964970000088215
1247 285.002584403654 280.00016563360816 8.9035040000453591
1248 284.9986502516341 280.00016567705711 8.9105099998414516
1249 284.99471978943461 280.00016572046576 8.917646000161767
1250 284.99079301215636 280.00016576383399 8.924851999618113
1251 284.98686991491519 280.00016580716249 8.9320130003616214
1252 284.98295049283996 280.00016585044847 8.9391909996047616
1253 284.97903474106255 280.00016589369505 8.9461399996653199
1254 284.97512265472989 280.00016593689912 8.9533000001683831
1255 284.97121422899352 280.00016598006511 8.9603960001841187
1256 284.96730945901771 280.00016602318976 8.9671930000185966
1257 284.96340833998414 280.00016606627406 8.9743919996544719
1258 284.95951086707544 280.00016610931908 8.9816039996221662
1259 284.95561703547821 280.00016615232437 8.9888979997485876
1260 284.95172684040438 280.00016619528645 8.99592399969697
1261 284.94784027706692 280.0001662382121 9.002899999730289
1262 284.94395734068729 280.00016628109302 9.0098630003631115
1263 284.94007802650214 280.00016632393834 9.0169639997184277
1264 284.9362023297515 280.00016636674309 9.0239540003240108
1265 284.9323302456915 280.00016640950685 9.0319570004940033
1266 284.92846176958142 280.00016645223133 9.0410070000216365
1267 284.92459689669374 280.00016649491499 9.0479480000212789
1268 284.92073562231218 280.00016653755961 9.0549299996346235
1269 284.91687794172611 280.00016658016426 9.0620259996503592
1270 284.91302385023573 280.00016662272816 9.069199999794364
1271 284.90917334315111 280.00016666525346 9.0760810002684593
1272 284.90532641579676 280.00016670773937 9.083356000483036
1273 284.90148306349613 280.00016675018628 9.0905010001733899
1274 284.89764328159009 280.00016679259238 9.0976830003783107
1275 284.89380706542659 280.00016683496108 9.1047870004549623
1276 284.88997441036202 280.00016687728834 9.1118489997461438
1277 284.88614531176256 280.00016691957785 9.1189980003982782
1278 284.88231976500327 280.00016696182797 9.1257589999586344
1279 284.8784977654729 280.00016700403944 9.133042000234127
1280 284.8746793085657 280.00016704621089 9.1403329996392131
1281 284.87086438967964 280.00016708834374 9.1471939999610186
1282 284.86705300423569 280.00016713043664 9.1541870003566146
1283 284.86324514765096 280.00016717249179 9.1613130001351237
1284 284.85944081535598 280.00016721450669 9.168155999854207
1285 284.85564000279589 280.00016725648345 9.175331000238657
1286 284.85184270541714 280.00016729842127 9.182396000251174
1287 284.84804891867481 280.0001673403209 9.1896090004593134
1288 284.84425863804171 280.0001673821813 9.1967320004478097
1289 284.84047185899266 280.00016742400334 9.2038019997999072
1290 284.83668857701366 280.00016746578626 9.2109009996056557
1291 284.83290878759999 280.00016750753048 9.2177299996837974
1292 284.82913248625397 280.00016754923575 9.2248120000585914
1293 284.82535966848616 280.00016759090352 9.2319480003789067
1294 284.82159032982429 280.00016763253285 9.2390989996492863
1295 284.81782446579518 280.00016767412353 9.2461569998413324
1296 284.8140620719339 280.00016771567539 9.2532099997624755
1297 284.81030314379763 280.00016775719013 9.2603070000186563
1298 284.80654767693426 280.00016779866553 9.26713200006634
1299 284.80279566691479 280.00016784010336 9.2741379998624325
1300 284.7990471093126 280.0001678815031 9.2811150001361966
1301 284.79530199970606 280.00016792286482 9.2883860003203154
1302 284.79156033369594 280.00016796418817 9.2956819999963045
1303 284.78782210687564 280.0001680054728 9.302780999802053
1304 284.7840873148574 280.0001680467202 9.31018599960953
1305 284.78035595325872 280.00016808793009 9.3171119997277856
1306 284.77662801770629 280.00016812910212 9.3241499997675419
1307 284.77290350383413 280.00016817023777 9.3312229998409748
1308 284.76918240728696 280.00016821133238 9.3384210001677275
1309 284.76546472371473 280.00016825239197 9.3454029997810721
1310 284.76175044878238 280.00016829341268 9.3523850003257394
1311 284.75803957815447 280.00016833439679 9.3592969998717308
1312 284.75433210751208 280.00016837534253 9.3664899999275804
1313 284.75062803254019 280.00016841625092 9.3735520001500845
1314 284.74692734893398 280.00016845712247 9.3807800002396107
1315 284.74323005239876 280.00016849795577 9.3878499995917082
1316 284.73953613864131 280.00016853875059 9.3947949996218085
1317 284.73584560337963 280.00016857951039 9.4017019998282194
1318 284.73215844234892 280.00016862023125 9.4087850004434586
1319 284.72847465128035 280.00016866091624 9.4157760003581643
1320 284.72479422592153 280.00016870156338 9.4227839997038245
1321 284.72111716202625 280.00016874217215 9.4298910005018115
1322 284.71744345535257 280.00016878274636 9.4371419996023178
1323 284.71377310167139 280.00016882328237 9.4443610003218055
1324 284.71010609676097 280.00016886378097 9.451197000220418
1325 284.706442436408 280.00016890424354 9.4582310002297163
1326 284.70278211640357 280.00016894466722 9.4653930002823472
1327 284.69912513255201 280.00016898505504 9.4724449999630451
1328 284.69547148066198 280.0001690254075 9.4794749999418855
1329 284.6918211565544 280.00016906572284 9.4866770002990961
1330 284.68817415605599 280.00016910599953 9.4939829995855689
1331 284.68453047499975 280.00016914624229 9.5007659997791052
1332 284.68089010922694 280.0001691864461 9.5078330002725124
1333 284.67725305458993 280.00016922661456 9.5148940002545714
1334 284.67361930694977 280.0001692667463 9.5218850001692772
1335 284.66998886216697 280.00016930684149 9.5290959998965263
1336 284.66636171612191 280.0001693469008 9.5362390000373125
1337 284.66273786469117 280.00016938692301 9.5430530002340674
1338 284.6591173037728 280.0001694269082 9.5502970004454255
1339 284.65550002925687 280.00016946685946 9.5572600001469254
1340 284.65188603705633 280.00016950677201 9.564202000387013
1341 284.648275323083 280.00016954664937 9.571433000266552
1342 284.64466788325853 280.00016958648939 9.5784510001540184
1343 284.64106371350658 280.00016962629388 9.5858789999037981
1344 284.63746280977563 280.00016966606353 9.5927210003137589
1345 284.63386516800392 280.00016970579537 9.5998060004785657
1346 284.63027078414291 280.00016974549328 9.6070649996399879
1347 284.62667965415756 280.0001697851543 9.6142330002039671
1348 284.62309177401602 280.00016982477842 9.6212740000337362
1349 284.6195071396906 280.00016986436759 9.6282190000638366
1350 284.61592574716684 280.00016990392169 9.635325999930501
1351 284.61234759243717 280.00016994343804 9.6423899997025728
1352 284.60877267150181 280.00016998291972 9.6495860004797578
1353 284.60520098036005 280.00017002236694 9.6566540002822876
1354 284.60163251503371 280.00017006177615 9.6638360004872084
1355 284.59806727154307 280.00017010115164 9.6707600001245737
1356 284.59450524591063 280.00017014049178 9.6778669999912381
1357 284.59094643418166 280.00017017979576 9.6846650000661612
1358 284.58739083239664 280.0001702190653 9.6917939996346831
1359 284.58383843660732 280.00017025829993 9.6991600003093481
1360 284.58028924287265 280.00017029749625 9.7063530003651977
1361 284.57674324725872 280.00017033665813 9.7134790001437068
1362 284.57320044584242 280.00017037578533 9.7207000004127622
1363 284.56966083470218 280.00017041487672 9.7277170000597835
1364 284.56612440992842 280.00017045393378 9.7344519998878241
1365 284.5625911676135 280.00017049295633 9.7416369998827577
1366 284.55906110386354 280.00017053194159 9.7488869996741414
1367 284.55553421479033 280.00017057089411 9.7558749997988343
1368 284.55201049651356 280.00017060980986 9.7628709999844432
1369 284.54848994515504 280.00017064869314 9.770130000077188
1370 284.54497255684657 280.0001706875384 9.7774020005017519
1371 284.54145832772878 280.00017072635069 9.784341000020504
1372 284.53794725395335 280.00017076512773 9.7914460003376007
1373 284.53443933167318 280.00017080386942 9.7986150002107024
1374 284.53093455704243 280.00017084257627 9.8058320004492998
1375 284.52743292623978 280.00017088124912 9.812784000299871
1376 284.52393443543292 280.00017091988656 9.8197999997064471
1377 284.52043908081015 280.00017095849125 9.8268149998039007
1378 284.5169468585587 280.00017099705849 9.8336389996111393
1379 284.51345776487642 280.00017103559395 9.8409439995884895
1380 284.50997179596919 280.00017107409286 9.8480299999937415
1381 284.50648894804601 280.00017111255761 9.8550410000607371
1382 284.50300921732861 280.0001711509891 9.862019999884069
1383 284.49953260003809 280.00017118938575 9.8692190004512668
1384 284.49605909240842 280.00017122774653 9.8759960001334548
1385 284.49258869067927 280.00017126607378 9.883220000192523
1386 284.48912139109603 280.00017130436783 9.8904079999774694
1387 284.48565718991529 280.00017134262652 9.8973840000107884
1388 284.48219608339235 280.00017138085082 9.9044770002365112
1389 284.47873806779734 280.00017141904254 9.9117320002987981
1390 284.47528313940228 280.00017145719829 9.9187639998272061
1391 284.47183129449269 280.00017149532175 9.9256380004808307
1392 284.46838252935368 280.00017153340957 9.9330219998955727
1393 284.46493684027649 280.00017157146459 9.9400110002607107
1394 284.46149422356825 280.00017160948488 9.9479989996179938
1395 284.45805467553248 280.00017164747135 9.9573180004954338
1396 284.45461819248834 280.00017168542433 9.9641230003908277
1397 284.45118477075033 280.00017172334549 9.9711560001596808
1398 284.44775440665643 280.00017176123072 9.9783520000055432
1399 284.44432709653591 280.00017179908224 9.9851740002632141
1400 284.44090283673387 280.00017183690017 9.9920540004968643
1401 284.43748162359594 280.00017187468467 9.9990710001438856
1402 284.43406345348251 280.00017191243535 10.006413999944925
1403 284.43064832274814 280.00017195015204 10.013372999615967
1404 284.42723622776998 280.00017198783456 10.02061599958688
1405 284.4238271649167 280.00017202548526 10.027594000101089
1406 284.42042113057244 280.00017206310179 10.034305999986827
1407 284.41701812112865 280.00017210068529 10.04154899995774
1408 284.41361813297544 280.00017213823526 10.048825000412762
1409 284.41022116251838 280.00017217575254 10.056059000082314
1410 284.40682720616439 280.00017221323645 10.063101000152528
1411 284.40343626032865 280.00017225068501 10.070144000463188
1412 284.40004832142904 280.00017228810162 10.077118000015616
1413 284.39666338590126 280.00017232548487 10.08423599973321
1414 284.39328145017282 280.00017236283628 10.091254999861121
1415 284.38990251068691 280.00017240015387 10.098520999774337
1416 284.38652656389189 280.00017243743855 10.105531999841332
1417 284.38315360623938 280.00017247468901 10.112577999942005
1418 284.37978363418904 280.00017251190786 10.119766999967396
1419 284.37641664420863 280.00017254909363 10.12661200016737
1420 284.37305263277074 280.00017258624655 10.133592000231147
1421 284.36969159635669 280.00017262336593 10.140913999639452
1422 284.36633353144629 280.00017266045285 10.147985000163317
1423 284.36297843454082 280.00017269750759 10.154982999898493
1424 284.35962630212856 280.00017273452841 10.162096999585629
1425 284.35627713072296 280.0001727715192 10.169133000075817
1426 284.35293091682894 280.00017280847362 10.175940999761224
1427 284.34958765696268 280.00017284539842 10.183157999999821
1428 284.3462473476531 280.00017288228867 10.190165000036359
1429 284.34290998542542 280.0001729191485 10.197413999587297
1430 284.33957556681662 280.0001729559724 10.204556000418961
1431 284.33624408837227 280.00017299276681 10.211569000035524
1432 284.33291554663623 280.00017302952915 10.218520999886096
1433 284.32958993816374 280.00017306625608 10.225591000169516
1434 284.32626725951502 280.00017310295266 10.232751999981701
1435 284.32294750725907 280.00017313961524 10.239957000128925
1436 284.31963067796642 280.00017317624776 10.247100999578834
1437 284.31631676821837 280.00017321284565 10.254111000336707
1438 284.31300577459785 280.0001732494128 10.261315000243485
1439 284.30969769369932 280.00017328594947 10.26808699965477
1440 284.30639252211506 280.00017332245261 10.275125999934971
1441 284.30309025645397 280.00017335892261 10.282231000252068
1442 284.29979089331829 280.00017339536237 10.289477000012994
1443 284.29649442932975 280.00017343176728 10.296644000336528
1444 284.29320086110812 280.00017346814337 10.303770000115037
1445 284.28991018528035 280.00017350448576 10.310844000428915
1446 284.2866223984804 280.00017354079461 10.317762999795377
1447 284.28333749734583 280.00017357707424 10.324908999726176
1448 284.28005547852439 280.00017361332107 10.331890000030398
1449 284.27677633866443 280.00017364953737 10.339027999900281
1450 284.27350007442698 280.00017368571912 10.346125000156462
1451 284.27022668246752 280.00017372187119 10.353473000228405
1452 284.26695615946744 280.00017375799172 10.360427999868989
1453 284.26368850209138 280.00017379408087 10.367278999648988
1454 284.26042370702316 280.00017383013761 10.374378999695182
1455 284.25716177094961 280.00017386616219 10.381550000049174
1456 284.25390269056089 280.00017390215692 10.388636000454426
1457 284.25064646256288 280.00017393811805 10.395604000426829
1458 284.24739308364724 280.00017397404946 10.402836999855936
1459 284.24414255053267 280.00017400994898 10.409664999693632
1460 284.24089485993414 280.00017404581587 10.416925000026822
1461 284.23765000857134 280.00017408165348 10.423967000097036
1462 284.23440799316984 280.00017411745824 10.431161999702454
1463 284.23116881046514 280.00017415323151 10.438296999782324
1464 284.22793245719436 280.00017418897482 10.445407000370324
1465 284.22469893010179 280.00017422468625 10.452560000121593
1466 284.22146822593919 280.00017426036652 10.459297999739647
1467 284.21824034145476 280.00017429601508 10.466486999765038
1468 284.21501527342002 280.00017433163362 10.473567999899387
1469 284.21179301859786 280.00017436722084 10.480707000009716
1470 284.20857357375837 280.00017440277486 10.487789999693632
1471 284.20535693568013 280.00017443829972 10.494931999593973
1472 284.20214310115119 280.00017447379457 10.5021420000121
1473 284.19893206695826 280.00017450925623 10.5089570004493
1474 284.1957238298956 280.00017454468917 10.515913999639452
1475 284.19251838676598 280.00017458009188 10.523288999684155
1476 284.18931573437141 280.0001746154623 10.530488000251353
1477 284.18611586952875 280.00017465080299 10.537492000497878
1478 284.18291878905006 280.00017468611082 10.544684999622405
1479 284.17972448975718 280.00017472139007 10.551594999618828
1480 284.17653296848744 280.00017475663645 10.55863600037992
1481 284.17334422206181 280.00017479185431 10.566021000035107
1482 284.17015824733164 280.00017482704146 10.573038999922574
1483 284.16697504113364 280.00017486219656 10.580066000111401
1484 284.16379460032186 280.00017489732306 10.587213999591768
1485 284.16061692174452 280.00017493241688 10.594220999628305
1486 284.15744200227221 280.00017496748063 10.60097000002861
1487 284.15426983876722 280.00017500251505 10.608280000276864
1488 284.15110042809692 280.00017503751803 10.615466999821365
1489 284.14793376714516 280.00017507249123 10.622453999705613
1490 284.14476985278844 280.00017510743305 10.629483999684453
1491 284.14160868192175 280.00017514234844 10.636691999621689
1492 284.13845025143075 280.00017517722927 10.643842999823391
1493 284.13529455821902 280.00017521208082 10.650646000169218
1494 284.13214159918471 280.00017524690219 10.657864999957383
1495 284.12899137124464 280.00017528169604 10.665044999681413
1496 284.1258438713042 280.00017531645585 10.67210500035435
1497 284.12269909628998 280.00017535118769 10.679344999603927
1498 284.11955704312447 280.00017538588907 10.703739000484347
1499 284.11641770873507 280.00017542055934 10.715560999698937
1500 284.11328109006195 280.00017545520046 10.722249999642372
1501 284.11014718404226 280.00017548981248 10.728876000270247
1502 284.10701598762245 280.00017552439289 10.735576000064611
1503 284.10388749775558 280.00017555894482 10.742065000347793
1504 284.10076171139485 280.00017559346776 10.74923999980092
1505 284.0976386255054 280.00017562795892 10.75650000013411
1506 284.09451823704558 280.00017566241979 10.763532999902964
1507 284.09140054299763 280.00017569685389 10.77072099968791
1508 284.08828554032971 280.00017573125638 10.777765000239015
1509 284.08517322603171 280.00017576562971 10.784678000025451
1510 284.08206359708078 280.00017579997296 10.791915999725461
1511 284.07895665047903 280.00017583428593 10.798976000398397
1512 284.07585238321838 280.00017586856865 10.806090000085533
1513 284.07275079229709 280.00017590282289 10.813245999626815
1514 284.06965187473133 280.00017593704825 10.820276999846101
1515 284.0665556275294 280.00017597124327 10.827364000491798
1516 284.06346204770603 280.00017600540951 10.834246999584138
1517 284.06037113228848 280.00017603954598 10.841408000327647
1518 284.05728287830112 280.00017607365209 10.848579999990761
1519 284.05419728277781 280.00017610772949 10.855800000019372
1520 284.05111434275329 280.00017614177801 10.8629210004583
1521 284.04803405527377 280.00017617579783 10.869981000199914
1522 284.04495641738629 280.00017620978713 10.876989999786019
1523 284.04188142613617 280.00017624374891 10.883972000330687
1524 284.03880907859138 280.00017627768051 10.890913999639452
1525 284.03573937180954 280.00017631158323 10.898168999701738
1526 284.03267230285564 280.000176345456 10.905367000028491
1527 284.02960786880061 280.00017637929903 10.912344000302255
1528 284.02654606673042 280.00017641311575 10.919422999955714
1529 284.02348689371462 280.00017644690155 10.926334000192583
1530 284.02043034684749 280.00017648065858 10.933439999818802
1531 284.01737642322036 280.00017651438617 10.94068400003016
1532 284.01432511992692 280.00017654808443 10.947863000445068
1533 284.01127643407034 280.00017658175511 10.954931000247598
1534 284.00823036275824 280.00017661539749 10.961880999617279
1535 284.00518690309661 280.00017664900815 10.969062999822199
1536 284.00214605220418 280.00017668259142 10.976187000051141
1537 283.99910780720097 280.0001767161466 10.983006999827921
1538 283.99607216521269 280.00017674967262 10.990326999686658
1539 283.99303912336586 280.00017678317118 10.997391999699175
1540 283.99000867880517 280.00017681664031 11.00454100035131
1541 283.98698082865849 280.00017685007919 11.011637999676168
1542 283.98395557007694 280.00017688349021 11.018694000318646
1543 283.98093290020745 280.00017691687219 11.025465999729931
1544 283.97791281620135 280.00017695022774 11.032510999590158
1545 283.9748953152191 280.00017698355362 11.03980700019747
1546 283.97188039442756 280.00017701685061 11.046932999975979
1547 283.96886805099177 280.00017705011902 11.053996999748051
1548 283.96585828207861 280.00017708335963 11.061046999879181
1549 283.96285108487552 280.00017711657051 11.067850000225008
1550 283.95984645655687 280.0001771497549 11.074820999987423
1551 283.95684439430585 280.00017718290866 11.082035999745131
1552 283.95384489532387 280.00017721603643 11.089220999740064
1553 283.95084795679884 280.00017724913528 11.09644899982959
1554 283.94785357593429 280.00017728220593 11.103463999927044
1555 283.94486174993267 280.00017731524804 11.110658000223339
1556 283.94187247600695 280.0001773482615 11.117600999772549
1557 283.93888575137078 280.00017738124723 11.124629000201821
1558 283.93590157323518 280.00017741420504 11.131796999834478
1559 283.9329199388327 280.00017744713642 11.138887000270188
1560 283.92994084538861 280.00017748003614 11.146087000146508
1561 283.92696429012909 280.00017751291017 11.153282999992371
1562 283.92399027029535 280.00017754575543 11.16030399966985
1563 283.9210187831257 280.00017757857421 11.167140000499785
1564 283.91804982587439 280.00017761136206 11.174437000416219
1565 283.91508339578763 280.00017764412354 11.18151200003922
1566 283.9121194901125 280.00017767685881 11.18843699991703
1567 283.90915810611449 280.00017770956401 11.195763999596238
1568 283.90619924105636 280.0001777422429 11.202925999648869
1569 283.90324289220928 280.00017777489279 11.209792000241578
1570 283.90028905683982 280.00017780751614 11.216860000044107
1571 283.89733773222645 280.00017784010987 11.224152999930084
1572 283.89438891565328 280.00017787267905 11.23120899964124
1573 283.89144260439917 280.00017790521593 11.238437999971211
1574 283.88849879576361 280.00017793772946 11.245385000482202
1575 283.8855574870376 280.00017797021286 11.252590999938548
1576 283.8826186755166 280.00017800266943 11.259364999830723
1577 283.87968235850468 280.00017803509979 11.266498000361025
1578 283.87674853331151 280.000178067501 11.27349799964577
1579 283.8738171972501 280.00017809987474 11.280705000273883
1580 283.87088834763352 280.00017813222172 11.287635999731719
1581 283.86796198178223 280.00017816454027 11.29475300014019
1582 283.8650380970206 280.00017819683296 11.301772999577224
1583 283.86211669068285 280.00017822909643 11.308714999817312
1584 283.85919776009717 280.0001782613337 11.315892999991775
1585 283.85628130260193 280.00017829354306 11.322966000065207
1586 283.85336731554253 280.00017832572661 11.330137000419199
1587 283.85045579626006 280.00017835788049 11.33723200019449
1588 283.84754674210853 280.00017839000861 11.344283999875188
1589 283.84464015044404 280.00017842210929 11.351168000139296
1590 283.84173601862267 280.00017845418347 11.358331000432372
1591 283.83883434400622 280.00017848622844 11.365311000496149
1592 283.83593512396664 280.00017851824919 11.372453999705613
1593 283.8330383558681 280.00017855024129 11.379603000357747
1594 283.83014403709649 280.00017858220713 11.386730000376701
1595 283.82725216502502 280.00017861414426 11.393741000443697
1596 283.82436273704076 280.00017864605542 11.400581000372767
1597 283.82147575052988 280.000178677939 11.40775499958545
1598 283.81859120288374 280.00017870979656 11.414819000288844
1599 283.81570909150446 280.000178741627 11.421974999830127
1600 283.81282941378612 280.00017877343208 11.429124000482261
1601 283.8099521671366 280.00017880520733 11.436139999888837
1602 283.80707734896896 280.00017883695955 11.443181999959052
1603 283.80420495668892 280.00017886868147 11.450198999606073
1604 283.80133498771812 280.00017890037776 11.457383999601007
1605 283.79846743947616 280.00017893204921 11.464670999906957
1606 283.79560230939057 280.00017896369121 11.471645999699831
1607 283.79273959488734 280.00017899530803 11.478728000074625
1608 283.78987929340218 280.00017902689848 11.48573200032115
1609 283.78702140237311 280.00017905846175 11.492556000128388
1610 283.78416591924406 280.00017908999666 11.499776000156999
1611 283.78131284145621 280.00017912150747 11.506984000094235
1612 283.77846216645753 280.00017915298901 11.514068000018597
1613 283.7756138917091 280.00017918444581 11.521305000409484
1614 283.77276801466235 280.00017921587596 11.528491999953985
1615 283.76992453278058 280.0001792472799 11.535517999902368
1616 283.76708344353125 280.0001792786594 11.542344000190496
1617 283.76424474438204 280.00017931000923 11.549606000073254
1618 283.76140843280757 280.00017934133388 11.556893999688327
1619 283.75857450628473 280.00017937263198 11.56402700021863
1620 283.75574296229581 280.00017940390416 11.571072000078857
1621 283.75291379832851 280.00017943515013 11.578079000115395
1622 283.75008701186766 280.00017946636814 11.585226999595761
1623 283.74726260040711 280.00017949756233 11.592211999930441
1624 283.74444056144671 280.0001795287302 11.599190000444651
1625 283.74162089248676 280.00017955987016 11.606474000029266
1626 283.73880359103225 280.00017959098454 11.613634999841452
1627 283.73598865459121 280.00017962207272 11.620769999921322
1628 283.73317608067924 280.00017965313543 11.627992999739945
1629 283.7303658668103 280.00017968417302 11.635115000419319
1630 283.72755801050494 280.00017971518298 11.641985000111163
1631 283.72475250928983 280.00017974616577 11.649163999594748
1632 283.72194936068922 280.0001797771252 11.65629499964416
1633 283.71914856224191 280.00017980805745 11.663465999998152
1634 283.71635011147612 280.00017983896356 11.670425999909639
1635 283.71355400593671 280.00017986984352 11.677474000491202
1636 283.71076024316505 280.00017990069767 11.684446000494063
1637 283.70796882071335 280.00017993152881 11.691548000089824
1638 283.70517973612414 280.00017996233106 11.698854999616742
1639 283.70239298695941 280.00017999310751 11.70590199995786
1640 283.69960857077649 280.0001800238586 11.713089999742806
1641 283.69682648513316 280.00018005458446 11.720197999849916
1642 283.69404672760157 280.0001800852836 11.727362999692559
1643 283.69126929575208 280.00018011596052 11.734206000342965
1644 283.68849418715399 280.00018014660952 11.741496999748051
1645 283.68572139938647 280.00018017723255 11.748634000308812
1646 283.68295093003007 280.00018020782869 11.755800000391901
1647 283.68018277667409 280.00018023839965 11.762856000103056
1648 283.67741693690334 280.00018026894753 11.770027000457048
1649 283.67465340830887 280.00018029946978 11.777286999858916
1650 283.67189218849086 280.00018032996417 11.784122999757528
1651 283.66913327504415 280.00018036043497 11.791133999824524
1652 283.66637666557591 280.00018039087695 11.799510999582708
1653 283.66362235769515 280.00018042129761 11.808458000421524
1654 283.66087034900784 280.00018045169071 11.815542000345886
1655 283.65812063712895 280.00018048205766 11.822549000382423
1656 283.65537321968122 280.00018051240255 11.829539000056684
1657 283.65262809427901 280.00018054271868 11.836822999641299
1658 283.64988525855472 280.00018057301156 11.84383700042963
1659 283.6471447101323 280.00018060327835 11.85085800010711
1660 283.64440644664944 280.00018063351962 11.85820799972862
1661 283.64167046573624 280.00018066373497 11.865334999747574
1662 283.63893676503784 280.00018069392672 11.87253599986434
1663 283.6362053421924 280.00018072409307 11.879618000239134
1664 283.63347619485228 280.00018075423452 11.886644000187516
1665 283.63074932066365 280.00018078435068 11.893645999953151
1666 283.62802471728378 280.00018081444125 11.900682999752462
1667 283.62530238236928 280.00018084450664 11.907921999692917
1668 283.62258231357816 280.00018087454742 11.914920000359416
1669 283.61986450858052 280.00018090456371 11.921993999741971
1670 283.61714896504174 280.00018093455509 11.92913500033319
1671 283.61443568063225 280.00018096452203 11.936369000002742
1672 283.61172465303127 280.00018099446174 11.943173999898136
1673 283.60901587991452 280.00018102437804 11.950269999913871
1674 283.60630935896597 280.00018105426824 11.957615000195801
1675 283.6036050878713 280.00018108413411 11.964766999706626
1676 283.60090306431562 280.00018111397651 11.971892000176013
1677 283.59820328599761 280.00018114379185 11.979016000404954
1678 283.59550575061434 280.00018117358422 11.98603400029242
1679 283.59281045585857 280.00018120335062 11.992808000184596
1680 283.59011739943679 280.00018123309474 12.000103999860585
1681 283.58742657906066 280.00018126281242 12.0072579998523
1682 283.58473799243069 280.00018129250697 12.014403999783099
1683 283.582051637272 280.00018132217474 12.021576000377536
1684 283.57936751128977 280.00018135181909 12.028687999583781
1685 283.57668561220891 280.00018138143764 12.035972000099719
1686 283.57400593775986 280.00018141103294 12.042724999599159
1687 283.57132848566152 280.00018144060402 12.050107999704778
1688 283.56865325364492 280.00018147014964 12.057128000073135
1689 283.56598023944883 280.00018149967116 12.064349999651313
1690 283.56330944080491 280.00018152916812 12.071561000309885
1691 283.56064085545916 280.00018155864035 12.078653000295162
1692 283.55797448115283 280.00018158808865 12.085668999701738
1693 283.55531031563567 280.00018161751154 12.092482999898493
1694 283.552648356654 280.0001816469092 12.099658000282943
1695 283.5499886019648 280.00018167628446 12.106840999796987
1696 283.54733104932808 280.00018170563555 12.114169999957085
1697 283.54467569649637 280.00018173496102 12.12119899969548
1698 283.54202254124624 280.00018176426266 12.128196000121534
1699 283.53937158133732 280.00018179354055 12.135191000066698
1700 283.53672281453908 280.00018182279257 12.142269999720156
1701 283.53407623863018 280.00018185202265 12.149292999878526
1702 283.531431851386 280.00018188122641 12.156502000056207
1703 283.52878965058517 280.00018191040692 12.163502000272274
1704 283.52614963401516 280.00018193956481 12.170531000010669
1705 283.52351179946339 280.00018196869701 12.177772999741137
1706 283.52087614471623 280.00018199780612 12.184771999716759
1707 283.51824266756887 280.00018202688949 12.191847999580204
1708 283.51561136582143 280.00018205595057 12.199132000096142
1709 283.51298223727315 280.00018208498659 12.206369999796152
1710 283.51035527972442 280.00018211399947 12.213519999757409
1711 283.50773049098603 280.00018214298734 12.220602000132203
1712 283.50510786886537 280.00018217195162 12.22769199963659
1713 283.50248741117412 280.00018220089197 12.234431999735534
1714 283.49986911573251 280.00018222980975 12.241786999627948
1715 283.49725298036066 280.0001822587036 12.248802999965847
1716 283.4946390028752 280.00018228757284 12.256083999760449
1717 283.49202718110797 280.00018231641809 12.26303599961102
1718 283.48941751288424 280.00018234524049 12.270237999968231
1719 283.48680999604204 280.00018237403651 12.277308000251651
1720 283.48420462840988 280.00018240281145 12.284315999597311
1721 283.4816014078304 280.00018243156148 12.291383000090718
1722 283.47900033214398 280.0001824602893 12.298538000322878
1723 283.47640139919963 280.00018248899062 12.305545000359416
1724 283.47380460684116 280.0001825176717 12.312552999705076
1725 283.47120995292096 280.00018254632664 12.319783999584615
1726 283.46861743529291 280.00018257495861 12.326830999925733
1727 283.46602705181738 280.00018260356757 12.333870000205934
1728 283.46343880034749 280.00018263215247 12.340935000218451
1729 283.46085267875458 280.00018266071464 12.347994999960065
1730 283.45826868490423 280.00018268925186 12.354981999844313
1731 283.45568681666595 280.00018271776673 12.362196000292897
1732 283.45310707191072 280.00018274625631 12.369180000387132
1733 283.45052944851591 280.00018277472606 12.376114999875426
1734 283.44795394436164 280.00018280316965 12.383158000186086
1735 283.44538055732852 280.00018283159 12.390503000468016
1736 283.44280928530441 280.00018285998959 12.397626999765635
1737 283.44024012617393 280.00018288836208 12.404749000445008
1738 283.4376730778344 280.00018291671205 12.411948000080884
1739 283.4351081381738 280.00018294503946 12.419160000048578
1740 283.43254530509211 280.00018297334481 12.425994999706745
1741 283.42998457649338 280.00018300162469 12.433228000067174
1742 283.42742595027642 280.00018302988212 12.440371000207961
1743 283.42486942434743 280.00018305811733 12.447603999637067
1744 283.42231499661887 280.000183086329 12.454818000085652
1745 283.4197626650037 280.00018311451589 12.461760000325739
1746 283.41721242741528 280.00018314268243 12.46877000015229
1747 283.41466428177722 280.00018317082487 12.475846000015736
1748 283.41211822600246 280.00018319894292 12.483044000342488
1749 283.40957425802458 280.00018322703909 12.490077000111341
1750 283.40703237576292 280.00018325511127 12.497224999591708
1751 283.40449257715744 280.00018328316156 12.504513000138104
1752 283.40195486013124 280.00018331118815 12.511567999608815
1753 283.39941922263233 280.00018333919184 12.51880900003016
1754 283.39688566258457 280.00018336717346 12.525696000084281
1755 283.39435417794601 280.00018339513088 12.532722000032663
1756 283.3918247666536 280.00018342306618 12.539996000006795
1757 283.38929742665812 280.00018345097834 12.547144999727607
1758 283.386772155909 280.0001834788693 12.554096000269055
1759 283.3842489523629 280.00018350673463 12.561270999722183
1760 283.38172781397253 280.00018353457961 12.568029999732971
1761 283.37920873870138 280.00018356240105 12.57506399974227
1762 283.37669172451035 280.00018359019884 12.582356000319123
1763 283.37417676936803 280.00018361797476 12.589503000490367
1764 283.37166387123779 280.00018364572725 12.596695999614894
1765 283.36915302809928 280.00018367345729 12.603822999633849
1766 283.36664423791728 280.00018370116595 12.610836000181735
1767 283.36413749867302 280.00018372884921 12.617902000434697
1768 283.36163280835257 280.00018375651206 12.624994999729097
1769 283.35913016492736 280.00018378415302 12.632063000462949
1770 283.35662956639322 280.00018381176949 12.639340000227094
1771 283.35413101073169 280.00018383936253 12.646282999776304
1772 283.35163449593585 280.00018386693478 12.653520000167191
1773 283.34914002000426 280.00018389448451 12.660465000197291
1774 283.34664758093129 280.00018392201088 12.667418000288308
1775 283.34415717671521 280.00018394951513 12.674624999985099
1776 283.34166880536088 280.0001839769966 12.681795000098646
1777 283.33918246487309 280.0001840044572 12.688965000212193
1778 283.33669815326368 280.0001840318937 12.696027999743819
1779 283.33421586853592 280.0001840593095 12.703138999640942
1780 283.33173560871035 280.00018408670144 12.710323999635875
1781 283.32925737180153 280.00018411407081 12.71728300023824
1782 283.32678115583019 280.00018414141829 12.724473000504076
1783 283.32430695881754 280.00018416874417 12.731492999941111
1784 283.32183477878817 280.00018419604748 12.738780000247061
1785 283.31936461377285 280.00018422332795 12.74600899964571
1786 283.31689646179581 280.00018425058641 12.753108999691904
1787 283.31443032089612 280.00018427782265 12.760022999718785
1788 283.31196618910815 280.00018430503684 12.767057999968529
1789 283.3095040644734 280.00018433222925 12.774279000237584
1790 283.30704394502789 280.00018435939847 12.781511999666691
1791 283.30458582882329 280.00018438654587 12.805003999732435
1792 283.30212971390017 280.00018441367217 12.816719000227749
1793 283.29967559830936 280.00018444077551 12.823420000262558
1794 283.29722348010517 280.0001844678568 12.830110999755561
1795 283.29477335734248 280.00018449491677 12.8369169998914
1796 283.29232522807985 280.00018452195349 12.844015000388026
1797 283.28987909037818 280.00018454896929 12.850960000418127
1798 283.28743494229815 280.00018457596371 12.858102000318468
1799 283.28499278190628 280.00018460293506 12.865349999628961
1800 283.28255260727531 280.0001846298843 12.872378000058234
1801 283.28011441646788 280.00018465681211 12.879553999751806
1802 283.2776782075681 280.00018468371775 12.886723999865353
1803 283.27524397864727 280.00018471060213 12.894044999964535
1804 283.27281172778351 280.00018473746462 12.901007999666035
1805 283.27038145306545 280.0001847643037 12.908141000196338
1806 283.26795315256948 280.00018479112293 12.915280999615788
1807 283.26552682438597 280.00018481791903 12.922505999915302
1808 283.26310246660819 280.00018484469439 12.929708999581635
1809 283.26068007732442 280.00018487144729 12.936782999895513
1810 283.25825965463019 280.00018489818086 12.943986999802291
1811 283.25584119662631 280.00018492488937 12.950743000023067
1812 283.25342470140936 280.00018495157769 12.957870000042021
1813 283.25101016708567 280.00018497824328 12.965057999826968
1814 283.24859759176093 280.00018500488898 12.972183999605477
1815 283.24618697353662 280.00018503151193 12.979410000145435
1816 283.24377831053596 280.00018505811403 12.986581000499427
1817 283.24137160085803 280.0001850846935 12.993579000234604
1818 283.23896684263372 280.00018511125251 13.000632000155747
1819 283.23656403396893 280.00018513778861 13.007725999690592
1820 283.23416317298961 280.00018516430413 13.014689999632537
1821 283.23176425782054 280.00018519079748 13.021882999688387
1822 283.22936728659027 280.0001852172702 13.029071000404656
1823 283.22697225742382 280.00018524372149 13.036116999574006
1824 283.22457916845065 280.00018527015084 13.042828000150621
1825 283.22218801780593 280.00018529655944 13.050080000422895
1826 283.2197988036317 280.00018532294558 13.057285999879241
1827 283.21741152406275 280.00018534931172 13.064388000406325
1828 283.21502617723831 280.00018537565728 13.071483000181615
1829 283.21264276130586 280.00018540197857 13.078741000033915
1830 283.21026127441218 280.00018542828082 13.085746999830008
1831 283.2078817147048 280.00018545456032 13.092546000145376
1832 283.20550408033546 280.00018548082062 13.099662000313401
1833 283.20312836945845 280.00018550705715 13.106874999590218
1834 283.20075458023075 280.00018553327408 13.114157999865711
1835 283.19838271081215 280.0001855594694 13.121117000468075
1836 283.1960127593635 280.00018558564437 13.128305000253022
1837 283.1936447240505 280.00018561179701 13.135329999960959
1838 283.19127860303558 280.00018563792844 13.142080999910831
1839 283.18891439449203 280.00018566403975 13.149348000064492
1840 283.18655209659204 280.00018569012832 13.1565450001508
1841 283.18419170750582 280.00018571619711 13.163584999740124
1842 283.18183322540909 280.00018574224379 13.170717000029981
1843 283.17947664848668 280.00018576827227 13.177868000231683
1844 283.17712197491568 280.00018579427723 13.184514000080526
1845 283.17476920288067 280.00018582026115 13.191646000370383
1846 283.17241833056903 280.00018584622399 13.198782999999821
1847 283.17006935616712 280.00018587216647 13.205841000191867
1848 283.16772227786902 280.00018589808792 13.213002000004053
1849 283.16537709386421 280.00018592398823 13.220231999643147
1850 283.16303380235502 280.00018594986869 13.227382999844849
1851 283.16069240153405 280.00018597572699 13.234163000248373
1852 283.1583528896038 280.00018600156602 13.241330999881029
1853 283.15601526476956 280.00018602738282 13.248472000472248
1854 283.1536795252353 280.00018605317803 13.255677999928594
1855 283.15134566921017 280.00018607895373 13.262846000492573
1856 283.14901369490337 280.00018610470875 13.270030000247061
1857 283.1466836005248 280.00018613044165 13.277014999650419
1858 283.14435538429569 280.00018615615551 13.284032000228763
1859 283.14202904443141 280.00018618184743 13.291240000165999
1860 283.13970457915053 280.00018620751786 13.298357999883592
1861 283.13738198667801 280.00018623317038 13.305394999682903
1862 283.13506126523595 280.00018625880097 13.312553999945521
1863 283.13274241305396 280.00018628441126 13.319585000164807
1864 283.13042542835814 280.00018630999961 13.326576000079513
1865 283.12811030938326 280.00018633556681 13.333802999928594
1866 283.12579705436167 280.00018636111662 13.340998000465333
1867 283.12348566153025 280.00018638664295 13.348059000447392
1868 283.12117612912908 280.00018641215041 13.355239000171423
1869 283.11886845539783 280.00018643763661 13.362339000217617
1870 283.116562638581 280.00018646310303 13.369451000355184
1871 283.11425867692526 280.0001864885478 13.376206999644637
1872 283.11195656867523 280.00018651397227 13.383535999804735
1873 283.10965631208478 280.00018653937741 13.390780000016093
1874 283.10735790540207 280.00018656476044 13.397819999605417
1875 283.10506134688961 280.00018659012414 13.404880999587476
1876 283.10276663480221 280.00018661546744 13.412004999816418
1877 283.10047376739385 280.00018664079113 13.419025000184774
1878 283.09818274293201 280.00018666609276 13.425955000333488
1879 283.09589355967967 280.00018669137427 13.432946000248194
1880 283.09360621590503 280.00018671663497 13.440156999975443
1881 283.09132070987499 280.00018674187652 13.447643999941647
1882 283.08903703985879 280.00018676709794 13.454661999829113
1883 283.08675520413129 280.0001867923001 13.461647000163794
1884 283.08447520096956 280.00018681747963 13.468710999935865
1885 283.08219702865148 280.00018684264063 13.475607000291348
1886 283.07992068545695 280.00018686777946 13.482878999784589
1887 283.07764616966932 280.00018689289965 13.48997600004077
1888 283.07537347956833 280.00018691799988 13.497031999751925
1889 283.07310261344747 280.00018694308017 13.504216999746859
1890 283.07083356958964 280.00018696813959 13.511416000314057
1891 283.06856634629077 280.00018699318042 13.518505999818444
1892 283.06630094184305 280.00018701820011 13.525345000438392
1893 283.06403735454126 280.0001870432003 13.532573999837041
1894 283.06177558268388 280.00018706817991 13.539901999756694
1895 283.05951562457341 280.00018709313849 13.546934000216424
1896 283.05725747850897 280.00018711807894 13.554035000503063
1897 283.05500114279891 280.00018714299659 13.561119000427425
1898 283.05274661574651 280.00018716789697 13.568141999654472
1899 283.05049389566284 280.00018719277466 13.575043000280857
1900 283.04824298085771 280.00018721763388 13.582279000431299
1901 283.04599386964844 280.00018724247354 13.589372999966145
1902 283.04374656034815 280.00018726729314 13.596501000225544
1903 283.04150105127161 280.00018729209302 13.603578000329435
1904 283.03925734074437 280.0001873168726 13.610650000162423
1905 283.037015427087 280.00018734163331 13.617584999650717
1906 283.03477530861875 280.00018736637321 13.624956999905407
1907 283.03253698367467 280.0001873910939 13.632048999890685
1908 283.03030045057693 280.00018741579419 13.639186999760568
1909 283.02806570765813 280.00018744047526 13.646506999619305
1910 283.02583275325247 280.00018746513507 13.65357800014317
1911 283.02360158569508 280.0001874897776 13.66078899987042
1912 283.02137220332247 280.00018751439865 13.667511000297964
1913 283.01914460447381 280.0001875390015 13.674790999852121
1914 283.01691878749398 280.00018756358315 13.682027000002563
1915 283.01469475072145 280.00018758814656 13.689132999628782
1916 283.01247249250463 280.00018761268893 13.696306999772787
1917 283.01025201119353 280.00018763721204 13.703475000336766
1918 283.00803330513753 280.00018766171667 13.710386999882758
1919 283.00581637268436 280.00018768620021 13.717493999749422
1920 283.00360121219558 280.00018771066442 13.725986000150442
1921 283.0013878220193 280.00018773510828 13.734466000460088
1922 282.9991762005219 280.00018775953549 13.743843999691308
1923 282.99696634605868 280.00018778394093 13.752230999991298
1924 282.99475825699591 280.00018780832647 13.760413999669254
1925 282.99255193169682 280.00018783269451 13.767122999764979
1926 282.99034736852616 280.00018785704026 13.77426700014621
1927 282.98814456585899 280.00018788136992 13.781320000067353
1928 282.98594352206322 280.00018790567862 13.788417000323534
1929 282.98374423551081 280.00018792996656 13.795735999941826
1930 282.98154670457819 280.00018795423699 13.80273099988699
1931 282.97935092763953 280.0001879784885 13.809491000138223
1932 282.97715690307763 280.00018800271937 13.816719000227749
1933 282.97496462927842 280.00018802693069 13.823681999929249
1934 282.9727741046172 280.0001880511233 13.830899000167847
1935 282.97058532748451 280.00018807529602 13.838130000047386
1936 282.9683982962614 280.0001880994501 13.845185000449419
1937 282.96621300935118 280.00018812358462 13.852308000437915
1938 282.96402946513132 280.00018814769874 13.859070000238717
1939 282.96184766200059 280.00018817179671 13.866183999925852
1940 282.95966759835659 280.00018819587336 13.873282000422478
1941 282.95748927259723 280.00018821993058 13.880455000326037
1942 282.95531268312118 280.00018824397 13.88758600037545
1943 282.9531378283279 280.00018826798959 13.894553000107408
1944 282.95096470662685 280.00018829198871 13.901444000191987
1945 282.9487933164188 280.00018831597038 13.908750000409782
1946 282.94662365611435 280.00018833993408 13.916048999875784
1947 282.94445572412252 280.00018836387579 13.922953000292182
1948 282.94228951885589 280.00018838779988 13.930386999621987
1949 282.94012503872898 280.00018841170493 13.93747999984771
1950 282.93796228215655 280.00018843558985 13.944461000151932
1951 282.93580124755601 280.00018845945658 13.95129800029099
1952 282.93364193334708 280.00018848330421 13.958970000036061
1953 282.93148433795415 280.00018850713468 13.966064999811351
1954 282.9293284598001 280.00018853094303 13.973065000027418
1955 282.9271742973109 280.00018855473456 13.980372999794781
1956 282.92502184891134 280.00018857850608 13.987502999603748
1957 282.92287111303654 280.00018860225913 13.994587999768555
1958 282.92072208811317 280.00018862599245 14.00154700037092
1959 282.9185747725794 280.00018864970838 14.008458999916911
1960 282.91642916486887 280.00018867340378 14.015728999860585
1961 282.91428526341588 280.00018869708123 14.022881000302732
1962 282.91214306666785 280.00018872074122 14.029973999597132
1963 282.91000257306052 280.00018874438058 14.037123000249267
1964 282.90786378103752 280.00018876800175 14.044312000274658
1965 282.90572668904855 280.00018879160388 14.051308000460267
1966 282.90359129553565 280.00018881518827 14.058449000120163
1967 282.90145759894904 280.00018883875316 14.065479000099003
1968 282.899325597744 280.00018886229839 14.072567000053823
1969 282.89719529037421 280.0001888858269 14.079726999625564
1970 282.89506667528684 280.00018890933575 14.086958999745548
1971 282.89293975094904 280.00018893282675 14.093886000104249
1972 282.89081451581023 280.00018895629717 14.100724999792874
1973 282.88869096833554 280.00018897975053 14.108080999925733
1974 282.88656910699166 280.00018900318344 14.1153229996562
1975 282.88444893023598 280.00018902660099 14.122254000045359
1976 282.88233043653958 280.00018904999627 14.129265000112355
1977 282.88021362437308 280.00018907337409 14.136563000269234
1978 282.87809849220082 280.00018909673611 14.143831999972463
1979 282.87598503849654 280.00018912007579 14.150728999637067
1980 282.87387326173757 280.00018914339898 14.157708000391722
1981 282.87176316040023 280.00018916670314 14.164893999695778
1982 282.86965473296107 280.00018918998956 14.172133999876678
1983 282.86754797789524 280.00018921325545 14.179148999974132
1984 282.86544289369311 280.00018923650401 14.18628599960357
1985 282.86333947883116 280.00018925973347 14.193327000364661
1986 282.86123773179389 280.00018928294747 14.200199999846518
1987 282.85913765107819 280.00018930614027 14.207403999753296
1988 282.85703923516263 280.00018932931556 14.214600999839604
1989 282.85494248254633 280.00018935247294 14.221628000028431
1990 282.85284739171595 280.0001893756106 14.228845999576151
1991 282.85075396116719 280.00018939872956 14.235779999755323
1992 282.84866218940306 280.00018942183158 14.242731999605894
1993 282.84657207491409 280.00018944491399 14.249973000027239
1994 282.84448361620099 280.00018946798025 14.25727800000459
1995 282.84239681177274 280.0001894910277 14.26432800013572
1996 282.8403116601271 280.00018951405679 14.271461999975145
1997 282.83822815977061 280.0001895370678 14.27916599996388
1998 282.83614630921232 280.00018956006096 14.288736999966204
1999 282.83406610696238 280.0001895830323 14.295722000300884
2000 282.83198755152756 280.00018960599061 14.302876999601722
