iterat. internal-T external-T elapsed-time
0 300 280 0.0064040003344416618
1 299.93339999999813 280.00000073554128 0.012513000518083572
2 299.86768806438033 280.00000146127155 0.01906100008636713
3 299.80284266858121 280.00000217743343 0.025482000783085823
4 299.73884295557502 280.00000288425565 0.032065000385046005
5 299.67566871191934 280.00000358196144 0.038451000116765499
6 299.61330034464908 280.00000427076492 0.044962000101804733
7 299.55171885926205 280.00000495088119 0.051201000809669495
8 299.49090583844111 280.00000562250767 0.05780200008302927
9 299.43084342173205 280.00000628584792 0.06437700055539608
10 299.37151428590619 280.00000694108718 0.070795000530779362
11 299.31290162620741 280.00000758841225 0.077330000698566437
12 299.25498913828284 280.00000822800683 0.084137000143527985
13 299.19776100083561 280.00000886004153 0.091231000609695911
14 299.14120185890448 280.00000948469034 0.099783000536262989
15 299.08529680787638 280.00001010211213 0.10652700066566467
16 299.03003137803631 280.00001071247237 0.1127510005608201
17 298.97539151974479 280.00001131592364 0.11944500077515841
18 298.92136358920243 280.00001191261367 0.12626300007104874
19 298.86793433470507 280.00001250269611 0.13280200026929379
20 298.81509088345325 280.00001308630726 0.13933400064706802
21 298.76282072887301 280.00001366358515 0.1457700002938509
22 298.71111171836645 280.0000142346675 0.15236400067806244
23 298.65995204158287 280.00001479968034 0.15894700028002262
24 298.60933021905134 280.00001535875595 0.16555000003427267
25 298.55923509130508 280.00001591201357 0.17198000010102987
26 298.50965580839869 280.00001645957445 0.17847099993377924
27 298.4605818197407 280.0000170015548 0.18520500045269728
28 298.41200286440397 280.00001753806953 0.19192200060933828
29 298.36390896171343 280.00001806922313 0.19876800011843443
30 298.31629040220059 280.00001859512952 0.20524600055068731
31 298.26913773890885 280.00001911589095 0.21176300011575222
32 298.22244177896494 280.00001963160673 0.21873900014907122
33 298.17619357550359 280.00002014237776 0.22537699993699789
34 298.13038441983997 280.00002064830113 0.23197000008076429
35 298.08500583396471 280.00002114946966 0.23841200023889542
36 298.04004956326145 280.00002164597345 0.24488600064069033
37 297.9955075695031 280.00002213790032 0.25146600045263767
38 297.95137202413059 280.0000226253394 0.25845800060778856
39 297.90763530166953 280.00002310837414 0.26634200010448694
40 297.86428997351612 280.00002358708707 0.27511700056493282
41 297.82132880181132 280.00002406155551 0.28323100041598082
42 297.77874473360345 280.00002453186067 0.29109600000083447
43 297.73653089519263 280.00002499807624 0.29941300023347139
44 297.69468058667866 280.0000254602769 0.30741200037300587
45 297.65318727665709 280.00002591853524 0.31551000010222197
46 297.61204459718545 280.00002637292079 0.32317500002682209
47 297.57124633878834 280.00002682350237 0.33205000031739473
48 297.53078644579165 280.00002727034729 0.34070200007408857
49 297.49065901167228 280.00002771352149 0.34852100070565939
50 297.45085827465647 280.00002815308522 0.35601100046187639
51 297.41137861340979 280.00002858910494 0.36315400060266256
52 297.37221454293211 280.00002902163976 0.37059800047427416
53 297.33336071052918 280.00002945074567 0.37812500074505806
54 297.2948118919515 280.0000298764835 0.38500700052827597
55 297.25656298765972 280.00003029891064 0.39192900061607361
56 297.21860901919871 280.0000307180789 0.39860800001770258
57 297.180945125721 280.000031134045 0.40509600006043911
58 297.14356656056782 280.00003154685811 0.41165000014007092
59 297.10646868804537 280.00003195657223 0.41803600080311298
60 297.06964698022335 280.00003236323732 0.42498100083321333
61 297.03309701388633 280.00003276690001 0.43173700012266636
62 296.99681446758473 280.00003316761251 0.43818600010126829
63 296.96079511874439 280.00003356541583 0.4448000006377697
64 296.92503484090258 280.00003396035675 0.45172800030559301
65 296.88952960103637 280.00003435248306 0.45846999995410442
66 296.85427545693921 280.00003474183404 0.46518000029027462
67 296.81926855473256 280.00003512845529 0.47167000081390142
68 296.78450512638352 280.00003551238711 0.47815100010484457
69 296.74998148741309 280.00003589367145 0.48517000023275614
70 296.71569403453623 280.00003627234702 0.4918770007789135
71 296.68163924350966 280.00003664845229 0.4984950004145503
72 296.64781366694814 280.00003702202736 0.50483900029212236
73 296.61421393226891 280.00003739310745 0.51141400076448917
74 296.58083673966814 280.00003776172969 0.51749400049448013
75 296.54767886016566 280.00003812793108 0.52405200060456991
76 296.51473713374338 280.00003849174283 0.53070000000298023
77 296.48200846746784 280.000038853202 0.53731900081038475
78 296.44948983375144 280.0000392123444 0.54381200019270182
79 296.41717826861839 280.00003956919892 0.55044100061058998
80 296.38507087003069 280.00003992379698 0.55704000033438206
81 296.35316479627477 280.00004027617086 0.56348000001162291
82 296.32145726438824 280.0000406263527 0.57010000012814999
83 296.28994554864164 280.00004097437346 0.57673500012606382
84 296.25862697906456 280.00004132025884 0.58352500014007092
85 296.22749893999497 280.00004166404341 0.59044100064784288
86 296.1965588687155 280.0000420057487 0.59756200015544891
87 296.16580425407716 280.00004234540654 0.60440000053495169
88 296.13523263522228 280.00004268304457 0.61098500061780214
89 296.1048416002854 280.00004301868694 0.61759100016206503
90 296.07462878517038 280.0000433523636 0.62424700055271387
91 296.04459187236762 280.00004368409691 0.63061800040304661
92 296.01472858976751 280.00004401391021 0.63725600019097328
93 295.98503670955057 280.00004434183063 0.64404800068587065
94 295.95551404709028 280.00004466788334 0.65086599998176098
95 295.92615845988252 280.00004499209098 0.6575470007956028
96 295.89696784651028 280.0000453144778 0.66410700045526028
97 295.86794014565419 280.00004563506366 0.67089000064879656
98 295.83907333511303 280.00004595387225 0.67868000082671642
99 295.81036543084281 280.00004627092596 0.68530100025236607
100 295.78181448605363 280.00004658624584 0.69216000009328127
101 295.75341859031329 280.00004689985388 0.69908499997109175
102 295.7251758686624 280.00004721177044 0.70621000044047832
103 295.69708448080218 280.00004752201488 0.71269600000232458
104 295.66914262022794 280.00004783060979 0.71959600038826466
105 295.64134851348246 280.00004813757204 0.72655200026929379
106 295.61370041933975 280.00004844291988 0.73332200013101101
107 295.58619662806706 280.0000487466761 0.73992500081658363
108 295.55883546069515 280.0000490488581 0.74628700036555529
109 295.53161526830451 280.00004934948174 0.75357600022107363
110 295.50453443131329 280.00004964856623 0.76044400036334991
111 295.47759135883132 280.00004994612988 0.76753500010818243
112 295.4507844879779 280.00005024218842 0.77430200017988682
113 295.42411228325983 280.00005053675937 0.78089000005275011
114 295.39757323594506 280.00005082985967 0.78734100051224232
115 295.3711658634561 280.00005112150711 0.79393400065600872
116 295.34488870878602 280.00005141171687 0.80087999999523163
117 295.31874033991187 280.00005170050298 0.80757200066000223
118 295.29271934926288 280.00005198788199 0.81413400080054998
119 295.26682435315581 280.00005227387044 0.82071400061249733
120 295.24105399127177 280.00005255848197 0.82726099994033575
121 295.21540692614286 280.00005284173329 0.83395200036466122
122 295.18988184266971 280.00005312363618 0.84052500035613775
123 295.1644774475875 280.00005340420557 0.84710900019854307
124 295.13919246903805 280.00005368345614 0.85428400058299303
125 295.1140256560895 280.00005396140244 0.86105500068515539
126 295.08897577827724 280.00005423805527 0.86769300047308207
127 295.06404162518186 280.0000545134327 0.87430600076913834
128 295.03922200597742 280.00005478754343 0.88075300026684999
129 295.01451574903456 280.00005506040185 0.88747100066393614
130 294.9899217015215 280.00005533202216 0.89401100017130375
131 294.96543872897564 280.00005560241522 0.90098199993371964
132 294.94106571494694 280.00005587159654 0.90769500005990267
133 294.91680156060869 280.00005613957325 0.91428699996322393
134 294.89264518439546 280.00005640635953 0.92071900051087141
135 294.8685955216506 280.00005667196757 0.92736400011926889
136 294.8446515242556 280.00005693640855 0.93421400059014559
137 294.82081216031548 280.00005719969369 0.9410390006378293
138 294.79707641381168 280.00005746183376 0.94747400004416704
139 294.77344328429365 280.00005772284095 0.95418900065124035
140 294.74991178654778 280.00005798272696 0.96112100034952164
141 294.72648095029467 280.00005824150003 0.96775100007653236
142 294.70314981988855 280.00005849917369 0.97439000010490417
143 294.67991745403458 280.00005875575494 0.98096200078725815
144 294.65678292548313 280.00005901125684 0.98741400055587292
145 294.63374532077171 280.00005926568775 0.99444100074470043
146 294.61080373994048 280.00005951905689 1.0016580000519753
147 294.58795729626519 280.00005977137516 1.0083140004426241
148 294.56520511600701 280.00006002265366 1.0148930000141263
149 294.54254633815333 280.00006027290055 1.0212700003758073
150 294.51998011416964 280.0000605221241 1.028273000381887
151 294.49750560776891 280.00006077033726 1.035312999971211
152 294.47512199465234 280.00006101754525 1.0421330006793141
153 294.45282846230606 280.0000612637582 1.0488070007413626
154 294.43062420976219 280.0000615089848 1.0552400005981326
155 294.40850844738117 280.00006175323364 1.0618020007386804
156 294.38648039664065 280.00006199651637 1.0683620003983378
157 294.36453928991671 280.00006223883565 1.075051000341773
158 294.34268437029482 280.00006248020418 1.0818910002708435
159 294.32091489135297 280.00006272063172 1.0890290001407266
160 294.2992301169806 280.00006296012054 1.0966740008443594
161 294.27762932117707 280.00006319868322 1.1044169999659061
162 294.25611178787369 280.00006343632532 1.1119240000844002
163 294.23467681074584 280.00006367305537 1.1199480006471276
164 294.21332369303769 280.00006390888194 1.1284340005367994
165 294.19205174737635 280.00006414381204 1.1359999999403954
166 294.17086029562921 280.00006437785544 1.142829000018537
167 294.14974866869807 280.00006461101486 1.1495360005646944
168 294.12871620640328 280.00006484330004 1.1563840005546808
169 294.10776225727949 280.00006507471869 1.162882000207901
170 294.08688617844246 280.00006530527708 1.1695110006257892
171 294.0660873354359 280.00006553498235 1.176656000316143
172 294.04536510209022 280.00006576384135 1.1834090007469058
173 294.02471886034829 280.00006599186293 1.1900350004434586
174 294.00414800015335 280.00006621905015 1.1965760001912713
175 293.98365191930196 280.00006644541128 1.2033510003238916
176 293.96323002328432 280.00006667095391 1.2099320003762841
177 293.94288172518918 280.00006689568272 1.2167730005457997
178 293.9226064455417 280.00006711960538 1.2237970000132918
179 293.90240361219702 280.00006734272961 1.2306730002164841
180 293.88227266018521 280.00006756505815 1.2379590002819896
181 293.86221303163757 280.00006778659974 1.2446840004995465
182 293.84222417561222 280.00006800735906 1.2517460007220507
183 293.8223055480118 280.00006822734377 1.2585470005869865
184 293.80245661146995 280.0000684465582 1.2654620008543134
185 293.78267683520863 280.00006866500974 1.2719250004738569
186 293.76296569495298 280.00006888270269 1.2784620001912117
187 293.74332267282603 280.00006909964151 1.2854679999873042
188 293.7237472572192 280.00006931583459 1.2923790002241731
189 293.7042389427184 280.00006953128741 1.2992900004610419
190 293.68479722997478 280.00006974600461 1.3060310008004308
191 293.66542162563206 280.00006995999195 1.3123990008607507
192 293.6461116421961 280.00007017325476 1.3192290002480149
193 293.62686679797582 280.00007038579696 1.3264359999448061
194 293.60768661696915 280.00007059762481 1.3331080004572868
195 293.5885706287674 280.00007080874508 1.3397020008414984
196 293.56951836848134 280.00007101916219 1.3461640002205968
197 293.55052937663982 280.00007122887985 1.3533520000055432
198 293.53160319910887 280.00007143790208 1.3600700004026294
199 293.51273938700814 280.00007164623509 1.3669520001858473
200 293.49393749662812 280.00007185388642 1.3736710008233786
201 293.4751970893397 280.00007206086002 1.3801009999588132
202 293.45651773153998 280.00007226715746 1.3866520002484322
203 293.437898994541 280.0000724727837 1.3935450008139014
204 293.41934045450694 280.00007267774674 1.4008940001949668
205 293.40084169239282 280.00007288204989 1.4077940005809069
206 293.38240229384928 280.00007308569923 1.4143120003864169
207 293.36402184917034 280.00007328869589 1.4208150003105402
208 293.34569995319794 280.00007349104413 1.4275820003822446
209 293.32743620528015 280.00007369275141 1.4352110000327229
210 293.3092302091834 280.00007389381909 1.4418150000274181
211 293.29108157302983 280.000074094257 1.4485290003940463
212 293.27298990923714 280.0000742940644 1.4551110006868839
213 293.2549548344557 280.00007449324522 1.4801960000768304
214 293.23697596948921 280.00007469180719 1.4912650007754564
215 293.21905293925329 280.00007488975245 1.4974640002474189
216 293.20118537270434 280.00007508708484 1.5039690006524324
217 293.18337290277685 280.00007528380678 1.5099080000072718
218 293.16561516633027 280.00007547992539 1.5169590003788471
219 293.14791180409634 280.00007567544401 1.5237950002774596
220 293.13026246060548 280.0000758703668 1.5302720004692674
221 293.11266678415575 280.00007606469546 1.5368570005521178
222 293.09512442672866 280.00007625843591 1.5443070000037551
223 293.07763504396991 280.00007645159059 1.5510040000081062
224 293.06019829511189 280.00007664416557 1.5579290008172393
225 293.0428138429229 280.00007683616155 1.5645580003038049
226 293.0254813536763 280.00007702758398 1.5708490004763007
227 293.00820049707784 280.00007721843582 1.5781220002099872
228 292.9909709462313 280.00007740872212 1.5847010007128119
229 292.97379237758929 280.00007759844425 1.5914300000295043
230 292.95666447089133 280.00007778760687 1.5981330005452037
231 292.9395869091403 280.0000779762139 1.604695999994874
232 292.922559378551 280.00007816427035 1.6118200002238154
233 292.90558156849062 280.00007835177524 1.6178290005773306
234 292.88865317144212 280.00007853873342 1.6246009999886155
235 292.87177388297567 280.00007872514999 1.6311480002477765
236 292.85494340168793 280.00007891103002 1.637661000713706
237 292.83816142917055 280.00007909637139 1.6447290005162358
238 292.82142766996094 280.00007928118191 1.6517850002273917
239 292.80474183151176 280.00007946546413 1.6584710003808141
240 292.78810362415402 280.00007964921861 1.665111000649631
241 292.77151276103433 280.00007983244848 1.671560000628233
242 292.75496895810466 280.0000800151609 1.6784000005573034
243 292.7384719340771 280.00008019735691 1.6854840004816651
244 292.72202141037428 280.00008037903945 1.6919889999553561
245 292.70561711111162 280.00008056020971 1.6985700000077486
246 292.68925876304598 280.00008074087305 1.7052240008488297
247 292.67294609555802 280.00008092103474 1.7119130007922649
248 292.65667884059104 280.0000811006912 1.7185510005801916
249 292.64045673264388 280.0000812798512 1.7253430001437664
250 292.62427950872853 280.00008145851484 1.7320760004222393
251 292.60814690833456 280.00008163668593 1.7384980004280806
252 292.59205867339352 280.00008181436544 1.7451010001823306
253 292.5760145482522 280.0000819915598 1.7516860002651811
254 292.56001427965492 280.00008216826978 1.7583270007744431
255 292.54405761668073 280.00008234449689 1.765047000721097
256 292.5281443107462 280.0000825202452 1.7715290002524853
257 292.51227411554612 280.00008269551773 1.7781750001013279
258 292.49644678705397 280.00008287031653 1.785139000043273
259 292.48066208347734 280.00008304464592 1.7917950004339218
260 292.46491976521969 280.00008321850646 1.7983690006658435
261 292.449219594878 280.00008339190191 1.8048080001026392
262 292.43356133719578 280.00008356483323 1.8123590005561709
263 292.41794475903436 280.0000837373056 1.8193010007962584
264 292.40236962937075 280.00008390931959 1.8266360005363822
265 292.38683571923559 280.00008408087638 1.8348000003024936
266 292.37134280171534 280.00008425198484 1.8414830006659031
267 292.35589065192812 280.00008442263965 1.8481830004602671
268 292.34047904697428 280.00008459284675 1.8546560006216168
269 292.32510776593057 280.0000847626107 1.8616639999672771
270 292.30977658981919 280.00008493193081 1.8688090005889535
271 292.29448530159794 280.00008510080795 1.8755860002711415
272 292.27923368611755 280.00008526925103 1.8822630001232028
273 292.26402153010685 280.00008543725562 1.8888420006260276
274 292.24884862215231 280.00008560482661 1.8954330002889037
275 292.23371475267038 280.0000857719682 1.9020640002563596
276 292.21861971389006 280.00008593867972 1.9086090000346303
277 292.20356329984043 280.00008610496405 1.9152380004525185
278 292.18854530630097 280.0000862708261 1.921697000041604
279 292.17356553080816 280.00008643626461 1.9282540008425713
280 292.15862377262999 280.00008660128293 1.9349080007523298
281 292.14371983272929 280.00008676588465 1.941682000644505
282 292.12885351376548 280.00008693007049 1.9483910007402301
283 292.1140246200585 280.0000870938423 1.9548240005970001
284 292.09923295757886 280.00008725720448 1.9616140006110072
285 292.08447833392506 280.00008742015552 1.9682370005175471
286 292.06976055829369 280.00008758270025 1.9750780006870627
287 292.05507944149059 280.00008774484212 1.9816680001094937
288 292.04043479587767 280.0000879065779 1.9881410002708435
289 292.02582643538057 280.00008806791664 1.9945740001276135
290 292.01125417546234 280.00008822885445 2.0013260003179312
291 291.99671783309265 280.00008838939493 2.0079169999808073
292 291.98221722675811 280.00008854954285 2.0145209999755025
293 291.96775217641482 280.00008870929639 2.0210620006546378
294 291.95332250349566 280.00008886865896 2.0278140008449554
295 291.93892803088863 280.00008902763511 2.0345630003139377
296 291.92456858290154 280.00008918622166 2.0413850005716085
297 291.91024398527787 280.00008934442479 2.0479770004749298
298 291.89595406514718 280.00008950224532 2.0544050000607967
299 291.88169865104146 280.00008965968323 2.0608640005812049
300 291.86747757285588 280.00008981674404 2.0673290006816387
301 291.85329066184391 280.00008997342536 2.0742310006171465
302 291.83913775060478 280.00009012973283 2.0810219999402761
303 291.82501867304882 280.00009028566524 2.0876460000872612
304 291.8109332644251 280.00009044122697 2.0941420001909137
305 291.79688136125895 280.00009059641786 2.1008100006729364
306 291.78286280136723 280.00009075124098 2.1073670005425811
307 291.76887742383457 280.00009090569773 2.113812000490725
308 291.75492506900537 280.00009105978938 2.1204000003635883
309 291.74100557846447 280.00009121351803 2.1274580005556345
310 291.72711879502179 280.00009136688578 2.1339810006320477
311 291.71326456271203 280.00009151989389 2.1405530003830791
312 291.69944272676707 280.00009167254512 2.1470440002158284
313 291.68565313360034 280.00009182483745 2.1533490000292659
314 291.67189563082854 280.00009197677838 2.1600290006026626
315 291.6581700672038 280.00009212836608 2.1666370006278157
316 291.64447629264612 280.00009227960089 2.1735960002988577
317 291.63081415821273 280.00009243048805 2.1835660003125668
318 291.61718351609073 280.00009258102648 2.1901850001886487
319 291.60358421958375 280.00009273122009 2.1965360008180141
320 291.59001612310044 280.00009288106725 2.2029060004279017
321 291.57647908213653 280.00009303057237 2.209761000238359
322 291.56297295327948 280.0000931797361 2.2165280003100634
323 291.54949759417997 280.00009332856081 2.2231499999761581
324 291.53605286355156 280.00009347704474 2.2296040002256632
325 291.52263862116263 280.0000936251941 2.23617900069803
326 291.50925472779744 280.0000937730079 2.2427170006558299
327 291.49590104529057 280.00009392048685 2.2492830008268356
328 291.48257743649452 280.00009406763633 2.2562250001356006
329 291.46928376525307 280.00009421445168 2.2627660008147359
330 291.45601989641085 280.00009436094183 2.2690500002354383
331 291.44278569580035 280.00009450710064 2.275526000186801
332 291.42958103023449 280.00009465293596 2.2821560008451343
333 291.41640576748307 280.00009479844516 2.2886330001056194
334 291.4032597762814 280.00009494363155 2.2954120002686977
335 291.39014292630742 280.00009508849536 2.3021760005503893
336 291.37705508817419 280.00009523303936 2.3087770007550716
337 291.36399613343025 280.00009537726447 2.3152990005910397
338 291.35096593453341 280.00009552117189 2.3216760000213981
339 291.33796436486347 280.00009566476228 2.3283640006557107
340 291.32499129868648 280.00009580803982 2.3351850006729364
341 291.31204661117596 280.00009595100278 2.3417430007830262
342 291.29913017837555 280.00009609365321 2.3483220003545284
343 291.28624187720766 280.00009623599328 2.3547360002994537
344 291.27338158547076 280.00009637802475 2.3609190005809069
345 291.26054918179915 280.00009651974716 2.3677640007808805
346 291.24774454569649 280.00009666116313 2.3744290005415678
347 291.23496755749625 280.0000968022751 2.3811560003086925
348 291.22221809837259 280.0000969430813 2.3875440005213022
349 291.20949605031473 280.0000970835855 2.3941029999405146
350 291.19680129613806 280.00009722378854 2.4008990004658699
351 291.18413371945957 280.00009736369054 2.4078900003805757
352 291.17149320470656 280.00009750329446 2.4147980008274317
353 291.15887963709247 280.00009764260085 2.4214409999549389
354 291.14629290261229 280.00009778161092 2.4282530006021261
355 291.13373288804723 280.00009792032455 2.4348280001431704
356 291.12119948095534 280.00009805874629 2.4414330003783107
357 291.10869256964781 280.0000981968733 2.4481490002945065
358 291.09621204319342 280.00009833470989 2.4551270008087158
359 291.0837577914179 280.00009847225687 2.4617710001766682
360 291.07132970488402 280.00009860951525 2.4682579999789596
361 291.05892767489343 280.00009874648401 2.47484300006181
362 291.04655159346572 280.00009888316828 2.4814389999955893
363 291.03420135335807 280.00009901956435 2.4878370007500052
364 291.02187684803619 280.00009915567904 2.4941610004752874
365 291.00957797167615 280.00009929151014 2.5011690007522702
366 290.99730461914874 280.00009942705793 2.5078819999471307
367 290.98505668602775 280.000099562326 2.5143850008025765
368 290.97283406857878 280.00009969731389 2.5208240002393723
369 290.960636663743 280.00009983202466 2.527759000658989
370 290.94846436914281 280.00009996645622 2.5342650003731251
371 290.93631708307146 280.00010010061385 2.5408260002732277
372 290.92419470448181 280.00010023449374 2.5474330000579357
373 290.91209713298883 280.00010036810181 2.5542020006105304
374 290.90002426886537 280.00010050143686 2.5608149999752641
375 290.88797601301826 280.00010063449838 2.5676200008019805
376 290.87595226700762 280.00010076729058 2.5741290003061295
377 290.86395293302564 280.00010089981299 2.5807350007817149
378 290.85197791388362 280.00010103206716 2.5871689999476075
379 290.84002711303231 280.00010116405321 2.5940910000354052
380 290.82810043453156 280.00010129577396 2.6006810003891587
381 290.81619778305259 280.00010142722755 2.6073000002652407
382 290.80431906387895 280.00010155841812 2.6136950002983212
383 290.7924641828929 280.00010168934557 2.6203690003603697
384 290.78063304657815 280.00010182000943 2.627573000267148
385 290.76882556200064 280.00010195041318 2.6342060007154942
386 290.75704163682298 280.00010208055733 2.6407719999551773
387 290.74528117928224 280.00010221044084 2.6473510004580021
388 290.73354409819433 280.0001023400676 2.653694000095129
389 290.72183030294116 280.00010246943617 2.6606360003352165
390 290.71013970347792 280.00010259854918 2.6674480000510812
391 290.69847221032006 280.00010272740656 2.674027000553906
392 290.68682773452656 280.00010285600973 2.6804360002279282
393 290.67520618772943 280.00010298435905 2.6872760001569986
394 290.6636074820936 280.00010311245728 2.6938360007479787
395 290.65203153032434 280.00010324030325 2.7006459999829531
396 290.64047824567331 280.00010336789927 2.7076780004426837
397 290.62894754191279 280.00010349524581 2.7141710007563233
398 290.6174393333568 280.00010362234423 2.7207980006933212
399 290.60595353483836 280.00010374919606 2.7278060000389814
400 290.59449006170371 280.00010387579977 2.7348660007119179
401 290.58304882982202 280.00010400215865 2.7416080003604293
402 290.57162975556776 280.00010412827214 2.7482839999720454
403 290.56023275582083 280.00010425414234 2.7547120004892349
404 290.54885774797674 280.00010437976897 2.7613970004022121
405 290.53750464990338 280.00010450515452 2.7681900002062321
406 290.5261733799868 280.00010463029878 2.7748589999973774
407 290.51486385709239 280.00010475520264 2.7813580008223653
408 290.50357600056896 280.00010487986776 2.7876720000058413
409 290.49230973024964 280.00010500429335 2.794149000197649
410 290.48106496644567 280.00010512848189 2.8008510004729033
411 290.46984162994426 280.00010525243448 2.807583000510931
412 290.45863964199179 280.00010537615094 2.8143050000071526
413 290.44745892430541 280.00010549963235 2.8207780001685023
414 290.43629939907345 280.0001056228798 2.8278090003877878
415 290.42516098893725 280.00010574589373 2.8342490000650287
416 290.41404361698312 280.0001058686754 2.8408040003851056
417 290.40294720675251 280.00010599122572 2.8473750008270144
418 290.39187168224885 280.00010611354571 2.8538049999624491
419 290.38081696789527 280.00010623563554 2.8603270007297397
420 290.36978298857309 280.00010635749686 2.8670110004022717
421 290.35876966958961 280.00010647912842 2.8737220000475645
422 290.34777693668877 280.00010660053351 2.8801400000229478
423 290.33680471604401 280.00010672171391 2.8867660006508231
424 290.32585293425177 280.0001068426659 2.8934400007128716
425 290.31492151833709 280.0001069633941 2.9000409999862313
426 290.30401039573525 280.00010708389823 2.9066020008176565
427 290.29311949430672 280.00010720417879 2.9129890007898211
428 290.28224874231586 280.00010732423652 2.9199160002171993
429 290.27139806843695 280.00010744407382 2.9265950005501509
430 290.26056740176 280.00010756369016 2.9333370001986623
431 290.24975667176824 280.00010768308516 2.9400620004162192
432 290.23896580834349 280.0001078022604 2.9464600002393126
433 290.2281947417689 280.00010792121788 2.9529850007966161
434 290.21744340272386 280.00010803995775 2.9595200000330806
435 290.20671172226787 280.00010815847963 2.9661070005968213
436 290.195999631853 280.000108276785 2.9727170001715422
437 290.18530706331961 280.00010839487612 2.9792650006711483
438 290.17463394888006 280.00010851275118 2.9858000008389354
439 290.16398022113077 280.00010863041143 2.9923730008304119
440 290.15334581304762 280.00010874785966 2.9991650003939867
441 290.14273065796959 280.00010886509551 3.0058690002188087
442 290.13213468960544 280.00010898211889 3.0123390005901456
443 290.12155784203901 280.00010909893069 3.0190380001440644
444 290.11100004971445 280.00010921553292 3.0255930004641414
445 290.10046124743326 280.00010933192482 3.0321620004251599
446 290.08994137035813 280.00010944810805 3.038612000644207
447 290.0794403540072 280.00010956408306 3.0451370002701879
448 290.06895813424643 280.00010967984923 3.0542990006506443
449 290.0584946473009 280.00010979541008 3.0614670002833009
450 290.04804982974434 280.0001099107638 3.0680350000038743
451 290.0376236184772 280.00011002591287 3.0745980003848672
452 290.02721595076088 280.00011014085555 3.0812420006841421
453 290.01682676419335 280.00011025559581 3.0876960000023246
454 290.0064559967044 280.00011037013195 3.0941940005868673
455 289.9961035865586 280.00011048446538 3.1008100006729364
456 289.98576947236108 280.00011059859725 3.1073770001530647
457 289.97545359302887 280.00011071252646 3.1139360005035996
458 289.96515588782472 280.00011082625588 3.1207370003685355
459 289.95487629633186 280.00011093978571 3.1274330001324415
460 289.94461475844804 280.00011105311586 3.133869000710547
461 289.93437121439399 280.0001111662466 3.1405330002307892
462 289.92414560471474 280.00011127917946 3.1469459999352694
463 289.91393787026419 280.00011139191554 3.1533970003947616
464 289.90374795221027 280.00011150445397 3.1597830001264811
465 289.89357579203278 280.00011161679799 3.1664280006662011
466 289.8834213315177 280.00011172894466 3.1731460001319647
467 289.87328451275931 280.00011184089709 3.1796560008078814
468 289.86316527815274 280.00011195265489 3.1862790007144213
469 289.85306357039559 280.00011206421982 3.192739000543952
470 289.84297933248945 280.00011217559211 3.1993160005658865
471 289.83291250772942 280.00011228677175 3.205706000328064
472 289.82286303970557 280.00011239775898 3.2122340006753802
473 289.81283087230008 280.00011250855556 3.218941000290215
474 289.80281594969034 280.00011261916137 3.2253370005637407
475 289.79281821633316 280.0001127295784 3.2319240001961589
476 289.78283761698651 280.00011283980547 3.23836600035429
477 289.77287409667855 280.00011294984421 3.2449360005557537
478 289.76292760073284 280.00011305969502 3.2513650003820658
479 289.75299807474056 280.00011316935769 3.2579150004312396
480 289.74308546458656 280.00011327883436 3.2646460002288222
481 289.7331897164122 280.00011338812368 3.2712900005280972
482 289.72331077665325 280.00011349722791 3.2779360003769398
483 289.71344859200565 280.00011360614758 3.2846680004149675
484 289.70360310944221 280.00011371488353 3.2913410002365708
485 289.69377427620771 280.00011382343399 3.2979360008612275
486 289.68396203980467 280.00011393180137 3.3047830006107688
487 289.67416634800537 280.00011403998627 3.3111169999465346
488 289.66438714884612 280.00011414798979 3.3174890000373125
489 289.65462439061878 280.00011425581101 3.3247720003128052
490 289.64487802188859 280.00011436345028 3.3315590005367994
491 289.6351479914635 280.00011447091117 3.3380230003967881
492 289.62543424841846 280.0001145781909 3.3445630008354783
493 289.61573674206795 280.00011468529141 3.3510960005223751
494 289.60605542199897 280.00011479221251 3.3578220000490546
495 289.59639023803368 280.00011489895735 3.3646150007843971
496 289.58674114025342 280.00011500552318 3.3711970001459122
497 289.57710807897854 280.00011511191167 3.3777340007945895
498 289.56749100477504 280.00011521812411 3.3844940001145005
499 289.5578898684609 280.00011532416056 3.3910270007327199
500 289.54830462108879 280.00011543002171 3.3973860004916787
501 289.53873521395656 280.00011553570721 3.4038949999958277
502 289.52918159860241 280.00011564121837 3.4104290008544922
503 289.51964372678759 280.00011574655639 3.4169860007241368
504 289.51012155053212 280.00011585172052 3.4235190004110336
505 289.50061502206967 280.00011595671248 3.4299680003896356
506 289.49112409387806 280.00011606153168 3.4366600001230836
507 289.48164871866061 280.0001161661782 3.4431549999862909
508 289.47218884935279 280.00011627065447 3.4498010007664561
509 289.46274443911403 280.00011637495976 3.4564430005848408
510 289.45331544133836 280.00011647909514 3.4628130001947284
511 289.4439018096387 280.00011658306079 3.469548000022769
512 289.43450349784661 280.00011668685676 3.4759269999340177
513 289.42512046002236 280.00011679048447 3.4825920006260276
514 289.41575265044577 280.00011689394387 3.4893860006704926
515 289.40640002362068 280.00011699723541 3.495856000110507
516 289.3970625342497 280.00011710036006 3.5024360008537769
517 289.38774013727181 280.00011720331844 3.5089480001479387
518 289.37843278782827 280.00011730610868 3.5163000002503395
519 289.36914044128082 280.00011740873606 3.5243260003626347
520 289.35986305320017 280.00011751119661 3.5307660000398755
521 289.35060057936249 280.00011761349271 3.5373380007222295
522 289.34135297575818 280.0001177156247 3.5437980005517602
523 289.33212019858576 280.00011781759252 3.5503410007804632
524 289.32290220425165 280.00011791939755 3.5569310002028942
525 289.31369894935477 280.00011802103938 3.5633270004764199
526 289.30451039071681 280.00011812252001 3.5701640006154776
527 289.29533648534061 280.00011822383686 3.5768260005861521
528 289.28617719045053 280.00011832499456 3.5838150000199676
529 289.27703246344942 280.0001184259894 3.5905370004475117
530 289.26790226196465 280.00011852682496 3.597040000371635
531 289.25878654378977 280.00011862750023 3.6214130008593202
532 289.24968526694005 280.00011872801616 3.6320790005847812
533 289.2405983896125 280.00011882837271 3.6383610004559159
534 289.23152587019615 280.0001189285702 3.6447560004889965
535 289.22246766727557 280.0001190286107 3.6517680007964373
536 289.21342373963108 280.00011912849402 3.6584170004352927
537 289.20439404622471 280.00011922821875 3.6650180006399751
538 289.195378546207 280.00011932778659 3.6714560007676482
539 289.18637719892712 280.00011942719942 3.6783010000362992
540 289.17738996389556 280.00011952645548 3.6853410005569458
541 289.16841680083843 280.00011962555641 3.6920390008017421
542 289.15945766963915 280.0001197245021 3.6987130008637905
543 289.15051253038462 280.0001198232934 3.705188000574708
544 289.14158134332695 280.00011992193083 3.7116310000419617
545 289.13266406890148 280.00012002041422 3.718129999935627
546 289.12376066772725 280.00012011874446 3.7247050004079938
547 289.11487110060682 280.00012021692203 3.7313190000131726
548 289.10599532850449 280.00012031494731 3.7377610001713037
549 289.09713331256449 280.00012041282076 3.7443580003455281
550 289.08828501411483 280.00012051054244 3.7507530003786087
551 289.07945039465119 280.00012060811349 3.7573830001056194
552 289.07062941584348 280.00012070553345 3.7641890002414584
553 289.06182203952119 280.00012080280396 3.7707080002874136
554 289.05302822770341 280.00012089992453 3.7773770000785589
555 289.04424794256391 280.00012099689422 3.7842670008540154
556 289.03548114644917 280.00012109371625 3.7908749999478459
557 289.02672780187606 280.00012119038865 3.7972880005836487
558 289.01798787151893 280.00012128691475 3.8038980001583695
559 289.00926131822791 280.00012138329305 3.8106000004336238
560 289.00054810500723 280.00012147952384 3.817267999984324
561 288.99184819503557 280.00012157560741 3.8238540003076196
562 288.98316155164235 280.0001216715437 3.8302980000153184
563 288.97448813832239 280.00012176733446 3.8368570003658533
564 288.96582791873112 280.0001218629788 3.8434420004487038
565 288.957180856685 280.0001219584787 3.8501910008490086
566 288.94854691615666 280.00012205383337 3.8569380007684231
567 288.93992606127244 280.00012214904297 3.8633730001747608
568 288.9313182563161 280.00012224410955 3.8698220001533628
569 288.92272346573577 280.00012233903169 3.8762900000438094
570 288.91414165412209 280.00012243380968 3.8828660007566214
571 288.90557278622828 280.00012252844641 3.889495000243187
572 288.89701682694817 280.0001226229391 3.8962060008198023
573 288.88847374134315 280.00012271729008 3.9031010000035167
574 288.87994349460746 280.00012281149941 3.9097830001264811
575 288.87142605210823 280.00012290556685 3.9163830000907183
576 288.86292137933032 280.0001229994939 3.922966000624001
577 288.85442944193551 280.00012309328014 3.9294859999790788
578 288.84595020571771 280.0001231869262 3.9362740004435182
579 288.83748363662176 280.00012328043221 3.9432749999687076
580 288.82902970073434 280.00012337379769 3.9516560006886721
581 288.82058836429297 280.00012346702562 3.9599010003730655
582 288.81215959366932 280.00012356011445 3.966822000220418
583 288.80374335538454 280.00012365306526 3.9734860006719828
584 288.79533961610633 280.00012374587646 3.9799669999629259
585 288.78694834262768 280.00012383855119 3.9866800000891089
586 288.77856950190136 280.00012393108813 3.993418000638485
587 288.7702030610011 280.00012402348881 4.0000110007822514
588 288.76184898715474 280.00012411575233 4.0068780006840825
589 288.7535072477171 280.00012420788022 4.0132840005680919
590 288.74517781019529 280.00012429987214 4.0198870003223419
591 288.7368606422072 280.00012439172741 4.0268670003861189
592 288.72855571152684 280.00012448344927 4.033682000823319
593 288.72026298605908 280.0001245750347 4.0402340004220605
594 288.71198243383537 280.00012466648656 4.0465060006827116
595 288.70371402303073 280.00012475780352 4.0534210000187159
596 288.69545772194476 280.0001248489873 4.0601500002667308
597 288.68721349901017 280.00012494003732 4.0667300000786781
598 288.67898132279214 280.00012503095559 4.0733350003138185
599 288.67076116198234 280.00012512173976 4.0798040004447103
600 288.66255298541137 280.00012521239211 4.0864140000194311
601 288.65435676202571 280.00012530291229 4.092166000045836
602 288.64617246090762 280.00012539330004 4.0988040007650852
603 288.63800005126456 280.00012548355801 4.1054230006411672
604 288.62983950242824 280.00012557368404 4.1120130000635982
605 288.62169078386142 280.00012566367991 4.1183110000565648
606 288.61355386514606 280.00012575354481 4.1249680006876588
607 288.60542871599131 280.00012584327982 4.1319019999355078
608 288.59731530622719 280.00012593288636 4.1384650003165007
609 288.58921360581155 280.00012602236245 4.1451330007985234
610 288.58112358482464 280.0001261117099 4.1520690005272627
611 288.57304521345725 280.00012620092826 4.15864900033921
612 288.56497846203177 280.00012629001907 4.1653220001608133
613 288.55692330099339 280.00012637898089 4.1717790002003312
614 288.5488797008905 280.00012646781579 4.1785210007801652
615 288.54084763241246 280.00012655652279 4.1852510003373027
616 288.53282706635088 280.00012664510314 4.1918470002710819
617 288.52481797361332 280.00012673355695 4.1984210005030036
618 288.51682032523274 280.00012682188458 4.2050220007076859
619 288.50883409235985 280.00012691008521 4.2118300003930926
620 288.50085924625398 280.00012699816068 4.2183760004118085
621 288.49289575829044 280.00012708611024 4.2248619999736547
622 288.48494359995971 280.0001271739356 4.2313930001109838
623 288.47700274286848 280.00012726163499 4.2377230003476143
624 288.46907315872812 280.00012734921069 4.244297000579536
625 288.46115481937846 280.00012743666235 4.2513340003788471
626 288.45324769674897 280.00012752398879 4.2581480005756021
627 288.44535176290236 280.00012761119297 4.2648940002545714
628 288.43746698999081 280.00012769827373 4.2713550003245473
629 288.42959335030019 280.00012778523131 4.2779860002920032
630 288.42173081620643 280.00012787206623 4.2846930008381605
631 288.41387936019436 280.00012795877899 4.2912090001627803
632 288.40603895487413 280.00012804536914 4.2977730007842183
633 288.39820957294432 280.00012813183855 4.3042530007660389
634 288.39039118722059 280.00012821818598 4.3108130004256964
635 288.3825837706205 280.00012830441199 4.3175660008564591
636 288.37478729617152 280.00012839051698 4.3244860004633665
637 288.36700173700143 280.00012847650112 4.331347000785172
638 288.35922706635387 280.00012856236634 4.3377970000728965
639 288.35146325755699 280.0001286481106 4.3441560007631779
640 288.34371028406179 280.00012873373612 4.3511430006474257
641 288.33596811940822 280.00012881924198 4.3576880004256964
642 288.32823673725227 280.00012890462818 4.3641750002279878
643 288.3205161113321 280.00012898989553 4.3707320000976324
644 288.3128062155086 280.00012907504549 4.3773250002413988
645 288.30510702373078 280.0001291600758 4.3842410007491708
646 288.29741851005059 280.00012924498856 4.3907880000770092
647 288.28974064862041 280.00012932978467 4.3972620004788041
648 288.28207341369307 280.00012941446249 4.403804000467062
649 288.27441677961014 280.00012949902293 4.410135000012815
650 288.26677072082623 280.00012958346792 4.4168370002880692
651 288.2591352118892 280.00012966779451 4.4236930003389716
652 288.25151022743853 280.00012975200633 4.4301680000498891
653 288.24389574221311 280.00012983610168 4.4365670001134276
654 288.23629173104388 280.00012992008175 4.4426710000261664
655 288.22869816886805 280.00013000394665 4.449282000772655
656 288.22111503070533 280.0001300876956 4.4560510003939271
657 288.21354229168145 280.00013017133006 4.4627130003646016
658 288.20597992700624 280.00013025484901 4.4694170001894236
659 288.19842791198965 280.00013033825502 4.4757480006664991
660 288.19088622202986 280.00013042154592 4.4823980005457997
661 288.18335483262598 280.0001305047245 4.4888660004362464
662 288.17583371935467 280.00013058778865 4.4956490006297827
663 288.16832285790201 280.00013067073917 4.5023680003359914
664 288.16082222403014 280.00013075357765 4.5089400000870228
665 288.15333179360084 280.00013083630273 4.5155620006844401
666 288.14585154255968 280.00013091891606 4.5220010001212358
667 288.13838144694796 280.00013100141695 4.5285889999940991
668 288.13092148289701 280.0001310838054 4.5348990000784397
669 288.12347162661376 280.00013116608346 4.5416040001437068
670 288.11603185441351 280.00013124824926 4.5484830001369119
671 288.10860214268888 280.0001313303033 4.554861000739038
672 288.10118246791137 280.00013141224758 4.561370000243187
673 288.09377280665649 280.00013149408181 4.5679680006578565
674 288.08637313557665 280.00013157580372 4.5746760005131364
675 288.07898343141028 280.00013165741655 4.581500000320375
676 288.0716036709839 280.00013173891983 4.588022000156343
677 288.06423383120841 280.00013182031347 4.594573000445962
678 288.05687388907768 280.00013190159774 4.601269000209868
679 288.04952382167698 280.0001319827731 4.607893000356853
680 288.04218360616335 280.00013206383892 4.6144350003451109
681 288.03485321979616 280.00013214479713 4.6209610002115369
682 288.02753263989268 280.00013222564638 4.6271560005843639
683 288.02022184387408 280.00013230638837 4.6341150002554059
684 288.01292080923281 280.00013238702235 4.6409170003607869
685 288.00562951355113 280.00013246754816 4.6474780002608895
686 287.99834793447906 280.00013254796721 4.6540120001882315
687 287.99107604976302 280.00013262827861 4.6606149999424815
688 287.98381383722528 280.00013270848456 4.6670440007001162
689 287.97656127475869 280.00013278858245 4.6735230004414916
690 287.96931834034865 280.00013286857438 4.6799330003559589
691 287.96208501205979 280.00013294846065 4.6867380002513528
692 287.95486126801984 280.00013302824067 4.6936840005218983
693 287.94764708645675 280.00013310791411 4.7003910001367331
694 287.94044244565856 280.00013318748455 4.7069930005818605
695 287.93324732400316 280.00013326694744 4.7134180003777146
696 287.9260616999419 280.00013334630682 4.7201630007475615
697 287.91888555200336 280.00013342556065 4.7268680008128285
698 287.911718858786 280.00013350471107 4.733585000038147
699 287.90456159897832 280.00013358375691 4.7401740001514554
700 287.89741375133036 280.00013366269837 4.7465930003672838
701 287.89027529468206 280.00013374153667 4.7533619999885559
702 287.88314620794029 280.00013382027055 4.7592870006337762
703 287.87602647007634 280.00013389890245 4.7657840000465512
704 287.86891606016235 280.00013397743072 4.772456000559032
705 287.86181495732177 280.00013405585651 4.7792790001258254
706 287.8547231407594 280.00013413417975 4.7857020003721118
707 287.84764058975293 280.00013421239959 4.7922410005703568
708 287.8405672836567 280.00013429051842 4.7987770000472665
709 287.83350320189146 280.00013436853533 4.8053020006045699
710 287.82644832395647 280.00013444645072 4.8118360005319118
711 287.8194026294139 280.00013452426441 4.8208620008081198
712 287.81236609790847 280.00013460197636 4.8271040003746748
713 287.80533870915247 280.00013467958803 4.8338090004399419
714 287.7983204429222 280.00013475709869 4.8403920000419021
715 287.79131127907198 280.00013483450874 4.846845000050962
716 287.78431119752071 280.00013491181954 4.8535940004512668
717 287.77732017826946 280.00013498902888 4.860292000696063
718 287.77033820137729 280.00013506613891 4.8668850008398294
719 287.76336524696836 280.00013514314946 4.8734389999881387
720 287.75640129525055 280.00013522006054 4.8798760008066893
721 287.74944632648806 280.00013529687106 4.8864120002835989
722 287.74250032101878 280.0001353735849 4.8928320007398725
723 287.73556325924687 280.00013545019829 4.8994340002536774
724 287.72863512164355 280.0001355267139 4.9061250006780028
725 287.72171588875642 280.00013560313067 4.9127730000764132
726 287.71480554118324 280.00013567944973 4.9197820005938411
727 287.70790405959497 280.00013575567033 4.9264100007712841
728 287.70101142473601 280.00013583179322 4.933029000647366
729 287.69412761741091 280.00013590781907 4.9396730000153184
730 287.68725261848977 280.00013598374767 4.946110000833869
731 287.68038640891484 280.00013605957895 4.9532620003446937
732 287.67352896967259 280.00013613531354 4.9598179999738932
733 287.66668028184273 280.0001362109515 4.9663630006834865
734 287.65984032655052 280.00013628649265 4.973021000623703
735 287.65300908499023 280.00013636193825 4.9794380003586411
736 287.64618653842393 280.0001364372867 4.9860620005056262
737 287.63937266816708 280.00013651254 4.9926510006189346
738 287.63256745561097 280.00013658769831 4.9992930004373193
739 287.62577088219916 280.00013666276038 5.0062140002846718
740 287.61898292944699 280.0001367377273 5.0127180004492402
741 287.6122035789225 280.00013681260003 5.0190530000254512
742 287.60543281226472 280.0001368873771 5.0255190003663301
743 287.59867061116603 280.00013696205912 5.0321450000628829
744 287.59191695739145 280.00013703664752 5.0386860007420182
745 287.58517183275706 280.00013711114184 5.0456230007112026
746 287.57843521914498 280.00013718554152 5.0522970007732511
747 287.57170709849066 280.00013725984769 5.0588360000401735
748 287.56498745280066 280.00013733406053 5.0655450001358986
749 287.5582762641356 280.00013740818042 5.0719800004735589
750 287.55157351461764 280.00013748220664 5.0785690005868673
751 287.54487918642661 280.0001375561398 5.0851120008155704
752 287.53819326180337 280.00013762997952 5.0919090006500483
753 287.5315157230462 280.00013770372732 5.0986090004444122
754 287.52484655251146 280.0001377773832 5.1050400007516146
755 287.51818573262148 280.00013785094785 5.1118280002847314
756 287.51153324584214 280.00013792441894 5.118321000598371
757 287.50488907471288 280.00013799779919 5.1249510003253818
758 287.49825320181594 280.00013807108564 5.1315170004963875
759 287.49162560980602 280.00013814428144 5.1378880003467202
760 287.4850062813868 280.00013821738759 5.1444110004231334
761 287.4783951993154 280.00013829040051 5.1513790003955364
762 287.47179234641288 280.0001383633234 5.1580360000953078
763 287.46519770555346 280.00013843615528 5.164678000845015
764 287.45861125966746 280.00013850889741 5.1710900003090501
765 287.45203299173767 280.00013858154898 5.1774610001593828
766 287.44546288480825 280.00013865410966 5.1841040002182126
767 287.43890092198291 280.00013872658116 5.1909380005672574
768 287.43234708639858 280.00013879896238 5.1974720004945993
769 287.42580136127481 280.00013887125436 5.2040900001302361
770 287.41926372986927 280.00013894345761 5.210831000469625
771 287.41273417549814 280.00013901557077 5.2174300001934171
772 287.40621268153052 280.00013908759513 5.2239840002730489
773 287.39969923139137 280.00013915953036 5.2305660005658865
774 287.393193808555 280.0001392313772 5.2376250000670552
775 287.38669639656263 280.00013930313531 5.2446150006726384
776 287.38020697898401 280.00013937480577 5.2512760004028678
777 287.37372553946483 280.00013944638783 5.2577220005914569
778 287.36725206169217 280.00013951788202 5.2639190005138516
779 287.36078652940876 280.00013958928764 5.2706530001014471
780 287.35432892640887 280.00013966060698 5.2774530006572604
781 287.34787923653607 280.00013973183763 5.284205000847578
782 287.34143744369248 280.00013980298166 5.2907980000600219
783 287.33500353182507 280.00013987403827 5.2973720002919436
784 287.32857748493467 280.00013994500847 5.3039160007610917
785 287.32215928707353 280.00014001589238 5.310831000097096
786 287.31574892234386 280.0001400866895 5.3175260005518794
787 287.30934637489742 280.00014015739976 5.3240930000320077
788 287.30295162894373 280.00014022802424 5.3305190000683069
789 287.29656466873013 280.00014029856322 5.3371880007907748
790 287.29018547855873 280.00014036901575 5.3437930000945926
791 287.28381404279094 280.00014043938251 5.3505080007016659
792 287.277450345825 280.00014050966354 5.357073999941349
793 287.27109437211226 280.00014057985942 5.3635950004681945
794 287.26474610615668 280.00014064997026 5.3703360008075833
795 287.25840553250561 280.00014071999726 5.3767910003662109
796 287.25207263575874 280.00014078993956 5.3833910003304482
797 287.24574740056516 280.00014085979592 5.390043000690639
798 287.23942981161872 280.00014092956877 5.3964990004897118
799 287.23311985366246 280.00014099925664 5.4029620001092553
800 287.22681751149196 280.00014106886044 5.4095380008220673
801 287.22052276993782 280.00014113838034 5.4163230005651712
802 287.21423561389895 280.00014120781645 5.4231569999828935
803 287.20795602829497 280.00014127716918 5.4296160005033016
804 287.2016839981153 280.00014134643885 5.4362449999898672
805 287.19541950838345 280.00014141562468 5.4429830005392432
806 287.18916254417377 280.00014148472775 5.4500040002167225
807 287.18291309060982 280.00014155374748 5.4574870001524687
808 287.17667113285478 280.00014162268462 5.4645700007677078
809 287.17043665612232 280.000141691539 5.4710780000314116
810 287.16420964567504 280.00014176031056 5.4778480008244514
811 287.1579900868079 280.00014182900009 5.4840140007436275
812 287.15177796487836 280.00014189760742 5.4906440004706383
813 287.14557326527375 280.00014196613324 5.4972070008516312
814 287.13937597343966 280.00014203457698 5.5039030006155372
815 287.13318607485616 280.00014210293909 5.5107690002769232
816 287.12700355505245 280.00014217122077 5.5172220002859831
817 287.12082839961073 280.00014223941969 5.5238530002534389
818 287.1146605941417 280.00014230753715 5.5302920006215572
819 287.10850012430143 280.00014237557406 5.5370670007541776
820 287.10234697580574 280.00014244353019 5.5435200007632375
821 287.09620113440184 280.00014251140539 5.5501290000975132
822 287.09006258587766 280.00014257920083 5.5567780006676912
823 287.08393131607863 280.00014264691532 5.563311000354588
824 287.07780731087382 280.00014271454955 5.5703120008111
825 287.07169055619289 280.00014278210386 5.5768910003826022
826 287.06558103799682 280.00014284957871 5.5834950003772974
827 287.05947874229673 280.00014291697261 5.5901020001620054
828 287.05338365514064 280.000142984288 5.5965530006214976
829 287.04729576262105 280.00014305152314 5.6035950006917119
830 287.04121505087642 280.00014311867966 5.6102330004796386
831 287.03514150607924 280.00014318575671 5.6167990006506443
832 287.0290751144521 280.00014325275458 5.6234420007094741
833 287.02301586224758 280.00014331967344 5.629806000739336
834 287.01696373577568 280.00014338651408 5.636417000554502
835 287.01091872137397 280.00014345327577 5.642964000813663
836 287.00488080542232 280.00014351995964 5.6495650000870228
837 286.99884997435373 280.00014358656489 5.6562200002372265
838 286.99282621463016 280.00014365309227 5.6628150008618832
839 286.98680951275577 280.00014371954154 5.6698120003566146
840 286.98079985527482 280.00014378591266 5.6762530002743006
841 286.97479722877745 280.00014385220601 5.6828400008380413
842 286.96880161989117 280.00014391842313 5.689457000233233
843 286.9628130152733 280.00014398456238 5.6957950005307794
844 286.95683140164084 280.0001440506241 5.7026630006730556
845 286.95085676573194 280.00014411660862 5.7093040002509952
846 286.94488909433937 280.00014418251652 5.7161199999973178
847 286.93892837427404 280.00014424834757 5.7229520007967949
848 286.93297459241313 280.00014431410125 5.7294720001518726
849 286.92702773564884 280.0001443797791 5.7451490005478263
850 286.9210877909253 280.00014444538101 5.7643990004435182
851 286.9151547452239 280.00014451090607 5.7704680003225803
852 286.90922858556104 280.00014457635552 5.7768800007179379
853 286.90330929899147 280.00014464172892 5.7834910005331039
854 286.89739687261192 280.00014470702615 5.7901300005614758
855 286.89149129355451 280.00014477224903 5.7964910008013248
856 286.88559254898144 280.00014483739568 5.8030630005523562
857 286.8797006261139 280.00014490246645 5.8096420001238585
858 286.87381551218459 280.00014496746229 5.8162650000303984
859 286.86793719448997 280.0001450323831 5.8229200001806021
860 286.86206566033235 280.00014509722973 5.8295800006017089
861 286.85620089708408 280.00014516200054 5.8364860005676746
862 286.85034289212865 280.00014522669682 5.8429510006681085
863 286.84449163290276 280.00014529131988 5.8497460000216961
864 286.83864710687214 280.00014535586803 5.8564740000292659
865 286.83280930153813 280.0001454203412 5.8628660002723336
866 286.82697820444344 280.00014548473979 5.8695290004834533
867 286.82115380316145 280.0001455490675 5.8756270008161664
868 286.81533608530333 280.00014561331847 5.882238999940455
869 286.80952503852819 280.00014567749673 5.8887970000505447
870 286.80372065050642 280.0001457416011 5.8954710001125932
871 286.79792290896273 280.00014580563226 5.9019810007885098
872 286.79213180165215 280.00014586959105 5.9086300004273653
873 286.78634731635907 280.00014593347561 5.9153840001672506
874 286.78056944091645 280.00014599728718 5.9219540003687143
875 286.77479816318811 280.00014606102548 5.9285380002111197
876 286.76903347106133 280.00014612469204 5.9351580003276467
877 286.76327535246423 280.00014618828607 5.9418090004473925
878 286.75752379536743 280.00014625180705 5.9485530005767941
879 286.75177878777072 280.00014631525625 5.955180000513792
880 286.74604031770161 280.00014637863165 5.9618780007585883
881 286.74030837323579 280.00014644193647 5.9691220000386238
882 286.7345829424678 280.00014650516897 5.9756869999691844
883 286.7288640135381 280.0001465683298 5.9823259999975562
884 286.72315157461748 280.00014663141872 5.9888250008225441
885 286.71744561390324 280.00014669443624 5.9952050000429153
886 286.71174611963551 280.00014675738186 6.0014620004221797
887 286.70605308008885 280.00014682025699 6.0083030005916953
888 286.70036648356 280.00014688306027 6.0151830008253455
889 286.69468631838942 280.00014694579352 6.021726000122726
890 286.68901257294897 280.00014700845475 6.0281910002231598
891 286.68334523563647 280.00014707104611 6.0347440000623465
892 286.67768429488353 280.00014713356626 6.0413860008120537
893 286.6720297391762 280.00014719601597 6.0480240005999804
894 286.66638155699644 280.00014725839475 6.0544290002435446
895 286.66073973688685 280.00014732070434 6.0610600002110004
896 286.65510426740957 280.0001473829434 6.0677869999781251
897 286.64947513716521 280.00014744511208 6.0742620006203651
898 286.64385233477486 280.00014750721141 6.0807760003954172
899 286.63823584891264 280.00014756923986 6.0873110005632043
900 286.63262566826086 280.00014763120004 6.0941570000723004
901 286.62702178155314 280.00014769309053 6.1005970006808639
902 286.62142417753802 280.00014775491104 6.1073300000280142
903 286.61583284500813 280.00014781666175 6.1140860002487898
904 286.61024777278328 280.0001478783438 6.1205810001119971
905 286.60466894970926 280.00014793995757 6.1273440001532435
906 286.59909636467512 280.0001480015024 6.1339890006929636
907 286.59353000658433 280.00014806297747 6.140802999958396
908 286.58796986438159 280.00014812438496 6.1475800005719066
909 286.58241592704792 280.00014818572356 6.1540350001305342
910 286.57686818358002 280.00014824699281 6.1606280002743006
911 286.57132662301763 280.0001483081947 6.1669789999723434
912 286.56579123442202 280.00014836932866 6.173590000718832
913 286.5602620068903 280.00014843039344 6.180014000274241
914 286.55473892954899 280.0001484913912 6.1863370006904006
915 286.54922199155629 280.00014855232178 6.1932010008022189
916 286.54371118209173 280.00014861318334 6.2000230001285672
917 286.53820649037567 280.00014867397772 6.2067260006442666
918 286.5327079056508 280.00014873470491 6.2130800001323223
919 286.52721541718586 280.00014879536423 6.2195620005950332
920 286.52172901429731 280.00014885595709 6.2261190004646778
921 286.51624868630785 280.00014891648186 6.2328980006277561
922 286.51077442258645 280.00014897694189 6.2395010003820062
923 286.50530621252159 280.00014903733353 6.2459790008142591
924 286.49984404553106 280.00014909765895 6.2526940004900098
925 286.49438791107093 280.00014915791655 6.2592330006882548
926 286.48893779861652 280.00014921810873 6.2658800007775426
927 286.48349369767203 280.00014927823446 6.2723850002512336
928 286.4780555977797 280.00014933829357 6.2790900003165007
929 286.47262348849563 280.00014939828611 6.2858880003914237
930 286.46719735941713 280.00014945821255 6.2923469999805093
931 286.46177720016578 280.00014951807344 6.2989320000633597
932 286.45636300038484 280.00014957786891 6.3053590003401041
933 286.45095474975773 280.00014963759884 6.3118540002033114
934 286.44555243798624 280.00014969726266 6.3186480002477765
935 286.44015605480013 280.00014975686105 6.325395000167191
936 286.4347655899669 280.00014981639436 6.3319950001314282
937 286.42938103326418 280.00014987586189 6.3384480001404881
938 286.4240023745179 280.00014993526418 6.3450240008533001
939 286.41862960356343 280.00014999460183 6.3508010003715754
940 286.41326271027742 280.00015005387507 6.3575210003182292
941 286.4079016845505 280.00015011308273 6.3643110003322363
942 286.40254651631307 280.0001501722266 6.3708460005000234
943 286.39719719551391 280.00015023130453 6.3776060007512569
944 286.39185371213364 280.00015029031835 6.3844800004735589
945 286.38651605617304 280.00015034926889 6.3912900006398559
946 286.38118421767047 280.00015040815458 6.3979350002482533
947 286.37585818668015 280.00015046697604 6.4043980007991195
948 286.37053795328745 280.00015052573343 6.4108380004763603
949 286.36522350760919 280.00015058442636 6.4175000004470348
950 286.35991483977699 280.00015064305603 6.4241380002349615
951 286.35461193995815 280.00015070162283 6.4306880002841353
952 286.34931479833972 280.00015076012545 6.43758499994874
953 286.34402340514453 280.00015081856463 6.4438620004802942
954 286.33873775061232 280.00015087694004 6.450420000590384
955 286.33345782500623 280.00015093525286 6.4569530002772808
956 286.32818361862951 280.0001509935019 6.4633050002157688
957 286.32291512179631 280.00015105168819 6.4702690001577139
958 286.3176523248531 280.00015110981133 6.4776270007714629
959 286.31239521816991 280.00015116787137 6.4841849999502301
960 286.30714379213953 280.00015122586893 6.4907180005684495
961 286.30189803719259 280.00015128380352 6.497117000631988
962 286.29665794377178 280.0001513416762 6.5038230000063777
963 286.29142350234486 280.00015139948664 6.5105450004339218
964 286.28619470341278 280.00015145723353 6.5174310002475977
965 286.28097153749542 280.00015151491903 6.524040000513196
966 286.2757539951408 280.00015157254222 6.530451999977231
967 286.27054206691787 280.0001516301034 6.5370460003614426
968 286.26533574342926 280.00015168760245 6.5435100002214313
969 286.26013501528564 280.00015174504051 6.5500770006328821
970 286.25493987314553 280.0001518024161 6.5568369999527931
971 286.2497503076649 280.00015185973086 6.5634740004315972
972 286.24456630954512 280.00015191698287 6.5699530001729727
973 286.23938786950197 280.00015197417429 6.5762840006500483
974 286.2342149782819 280.00015203130403 6.5828680004924536
975 286.22904762664331 280.00015208837334 6.5894349999725819
976 286.22388580538353 280.00015214538149 6.5960230007767677
977 286.2187295053136 280.00015220232831 6.602615000680089
978 286.21357871727599 280.00015225921476 6.6091960007324815
979 286.20843343213051 280.00015231603913 6.6160820005461574
980 286.20329364075667 280.00015237280411 6.6228060005232692
981 286.19815933406937 280.0001524295086 6.6292179999873042
982 286.19303050299919 280.0001524861525 6.6358330007642508
983 286.18790713850376 280.00015254273518 6.6425220007076859
984 286.18278923155952 280.00015259925823 6.649108000099659
985 286.17767677317329 280.00015265572102 6.6556020006537437
986 286.17256975436646 280.00015271212334 6.662113000638783
987 286.16746816618672 280.00015276846585 6.6688700001686811
988 286.16237199970885 280.00015282474789 6.6753290006890893
989 286.15728124602646 280.00015288097114 6.6819290006533265
990 286.15219589625684 280.00015293713466 6.6884860005229712
991 286.14711594153971 280.0001529932386 6.6952510001137853
992 286.1420413730354 280.0001530492828 6.7016940005123615
993 286.13697218193323 280.00015310526732 6.7082970002666116
994 286.1319083594417 280.00015316119237 6.7149430001154542
995 286.12684989678604 280.00015321705911 6.7214379999786615
996 286.12179678522051 280.00015327286582 6.7280109999701381
997 286.11674901602021 280.00015332861494 6.7346419999375939
998 286.11170658048752 280.00015338430404 6.7414920004084706
999 286.10666946993604 280.00015343993527 6.7481420002877712
1000 286.10163767570162 280.00015349550586 6.754534000530839
1001 286.09661118916091 280.00015355101937 6.7610500007867813
1002 286.09159000168512 280.00015360647416 6.7677190005779266
1003 286.08657410468805 280.00015366187034 6.7742710001766682
1004 286.08156348960364 280.00015371720775 6.7809110004454851
1005 286.07655814786807 280.00015377248741 6.7873740000650287
1006 286.07155807096467 280.00015382770886 6.7942670006304979
1007 286.06656325038108 280.00015388287238 6.8009890001267195
1008 286.06157367763575 280.00015393797821 6.8076010001823306
1009 286.05658934425861 280.00015399302617 6.8139830008149147
1010 286.05161024181422 280.00015404801525 6.8207030007615685
1011 286.04663636187797 280.00015410294736 6.8272980004549026
1012 286.04166769604666 280.00015415782229 6.834235000424087
1013 286.03670423594724 280.00015421263953 6.8408130006864667
1014 286.03174597321333 280.0001542673989 6.8473480008542538
1015 286.02679289952374 280.00015432210131 6.8538850005716085
1016 286.02184500653516 280.00015437674716 6.8604890005663037
1017 286.01690228597494 280.00015443133526 6.8670530002564192
1018 286.0119647295611 280.00015448586618 6.8738080002367496
1019 286.00703232903919 280.00015454034082 6.880303000099957
1020 286.00210507617135 280.0001545947589 6.8867850005626678
1021 285.99718296274847 280.00015464911945 6.8933280007913709
1022 285.99226598057618 280.00015470342333 6.9000420002266765
1023 285.98735412148898 280.00015475767071 6.9068310000002384
1024 285.98244737732222 280.00015481186182 6.9133379999548197
1025 285.97754573994757 280.00015486599636 6.9198839999735355
1026 285.97264920125974 280.00015492007412 6.9255750002339482
1027 285.96775775316001 280.00015497409657 6.9323890004307032
1028 285.96287138758203 280.00015502806252 6.9391270000487566
1029 285.95799009646697 280.00015508197214 6.9457060005515814
1030 285.9531138717881 280.00015513582565 6.9523960007354617
1031 285.94824270553545 280.00015518962363 6.9588470002636313
1032 285.94337658971551 280.00015524336561 6.9654750004410744
1033 285.93851551634771 280.00015529705223 6.9721410004422069
1034 285.93365947748458 280.00015535068212 6.9790400005877018
1035 285.92880846519051 280.00015540425744 6.986065000295639
1036 285.92396247156336 280.00015545777774 6.9936669999733567
1037 285.91912148868931 280.00015551124278 7.0073510007932782
1038 285.91428550870285 280.00015556465183 7.0172160007059574
1039 285.90945452375234 280.00015561800609 7.0270320000126958
1040 285.90462852599273 280.00015567130413 7.0334400003775954
1041 285.89980750760827 280.00015572454851 7.040094000287354
1042 285.89499146080601 280.0001557777378 7.0467080008238554
1043 285.8901803777992 280.00015583087213 7.0536370007321239
1044 285.88537425083109 280.00015588395189 7.0610060002654791
1045 285.88057307215712 280.0001559369764 7.0677000004798174
1046 285.87577683405613 280.00015598994719 7.0742350006476045
1047 285.87098552882634 280.00015604286324 7.0806870004162192
1048 285.86619914878099 280.00015609572409 7.0873500006273389
1049 285.86141768624896 280.00015614853106 7.0945890005677938
1050 285.85664113358757 280.00015620128426 7.1016450002789497
1051 285.85186948316777 280.00015625398333 7.1082129999995232
1052 285.84710272737527 280.0001563066275 7.1149059999734163
1053 285.84234085861772 280.00015635921841 7.1213510008528829
1054 285.83758386931822 280.00015641175514 7.1277950005605817
1055 285.83283175192724 280.00015646423782 7.1343760006129742
1056 285.82808449890371 280.00015651666729 7.1409640004858375
1057 285.82334210272376 280.00015656904316 7.147520000115037
1058 285.81860455588958 280.00015662136514 7.1542720003053546
1059 285.81387185091842 280.00015667363357 7.161396000534296
1060 285.80914398034724 280.00015672584851 7.168185000307858
1061 285.80442093672195 280.00015677801059 7.1747000003233552
1062 285.79970271261556 280.00015683011929 7.1812480008229613
1063 285.79498930061953 280.00015688217513 7.1876750001683831
1064 285.79028069333492 280.00015693417691 7.1953040007501841
1065 285.7855768833835 280.00015698612702 7.2030990002676845
1066 285.7808778634116 280.00015703802376 7.2096270006150007
1067 285.77618362607529 280.000157089867 7.216410000808537
1068 285.77149416404978 280.00015714165869 7.2230940004810691
1069 285.7668094700316 280.00015719339655 7.2295010006055236
1070 285.76212953673036 280.00015724508313 7.2363790003582835
1071 285.75745435687429 280.00015729671622 7.2430170001462102
1072 285.75278392320757 280.00015734829657 7.2496070004999638
1073 285.74811822849352 280.00015739982439 7.2562510007992387
1074 285.74345726551843 280.00015745130094 7.262661000713706
1075 285.73880102707074 280.00015750272547 7.2700850004330277
1076 285.73414950596674 280.00015755409737 7.276787000708282
1077 285.72950269504184 280.00015760541726 7.2833720007911325
1078 285.72486058714009 280.00015765668587 7.2899670004844666
1079 285.72022317513211 280.00015770790282 7.2963900007307529
1080 285.71559045189338 280.00015775906769 7.3031320003792644
1081 285.710962410322 280.0001578101805 7.3097300007939339
1082 285.7063390433409 280.00015786124152 7.3162590004503727
1083 285.70172034387951 280.00015791225076 7.3229270000010729
1084 285.69710630488021 280.00015796320997 7.329309000633657
1085 285.692496919316 280.00015801411598 7.3359870007261634
1086 285.68789218016798 280.00015806497157 7.3429050007835031
1087 285.68329208043173 280.00015811577578 7.3495230004191399
1088 285.67869661312096 280.00015816652831 7.3561580004170537
1089 285.67410577127458 280.00015821723036 7.3626080006361008
1090 285.66951954792734 280.00015826788109 7.3689810000360012
1091 285.66493793615376 280.00015831848157 7.3756140004843473
1092 285.66036092903283 280.00015836903043 7.3823910001665354
1093 285.65578851965711 280.00015841952978 7.3891340000554919
1094 285.65122070113779 280.00015846997769 7.3957330007106066
1095 285.64665746660381 280.00015852037427 7.40196100063622
1096 285.64209880920436 280.00015857072049 7.4085150007158518
1097 285.637544722092 280.00015862101685 7.4150880007073283
1098 285.63299519844702 280.00015867126234 7.4217150006443262
1099 285.62845023146724 280.00015872145798 7.4284320008009672
1100 285.62390981434964 280.00015877160234 7.4356400007382035
1101 285.61937394032333 280.0001588216972 7.4421760002151132
1102 285.61484260262796 280.0001588717426 7.4489460000768304
1103 285.61031579451696 280.00015892173667 7.455468000844121
1104 285.60579350925957 280.00015897168151 7.4620680008083582
1105 285.60127574014655 280.00015902157548 7.4686560006812215
1106 285.59676248047299 280.00015907142102 7.4752609999850392
1107 285.59225372355638 280.00015912121637 7.4821100002154708
1108 285.58774946273644 280.00015917096198 7.4887720001861453
1109 285.58324969135668 280.00015922065859 7.4953910000622272
1110 285.57875440277996 280.00015927030432 7.5020730001851916
1111 285.57426359037891 280.00015931990151 7.5086320005357265
1112 285.56977724755836 280.00015936944902 7.5152150001376867
1113 285.5652953677166 280.0001594189481 7.5218190001323819
1114 285.56081794428371 280.00015946839676 7.5287490002810955
1115 285.55634497070042 280.00015951779699 7.5356090003624558
1116 285.55187644041189 280.00015956714793 7.5423300005495548
1117 285.54741234689305 280.00015961645011 7.5489400001242757
1118 285.54295268362631 280.00015966570345 7.55729900021106
1119 285.53849744411343 280.0001597149078 7.5649820007383823
1120 285.53404662186006 280.00015976406291 7.5713990004733205
1121 285.52960021040207 280.00015981317 7.5778330005705357
1122 285.52515820328415 280.00015986222746 7.5839200001209974
1123 285.52072059405327 280.00015991123689 7.5908330008387566
1124 285.51628737628823 280.00015996019778 7.597482000477612
1125 285.51185854357561 280.00016000911091 7.6039770003408194
1126 285.50743408952195 280.00016005797551 7.6108090002089739
1127 285.50301400773418 280.00016010679167 7.6176270004361868
1128 285.49859829185124 280.00016015555957 7.6242390004917979
1129 285.49418693550871 280.00016020427933 7.6307020001113415
1130 285.48977993237429 280.00016025295116 7.6372980000451207
1131 285.48537727611875 280.00016030157479 7.643804999999702
1132 285.48097896042754 280.00016035015051 7.6505810003727674
1133 285.47658497900818 280.00016039867808 7.6573230000212789
1134 285.47219532557102 280.00016044715812 7.6639250004664063
1135 285.46780999385328 280.00016049559031 7.670397000387311
1136 285.46342897759058 280.00016054397565 7.6770630003884435
1137 285.4590522705513 280.0001605923124 7.6837440002709627
1138 285.45467986649868 280.00016064060236 7.6903170002624393
1139 285.45031175922793 280.00016068884395 7.6967299999669194
1140 285.44594794253516 280.00016073703813 7.7030800003558397
1141 285.44158841023398 280.00016078518678 7.7095500007271767
1142 285.4372331561562 280.00016083328586 7.7163160005584359
1143 285.43288217414414 280.00016088133827 7.7230910006910563
1144 285.42853545805229 280.00016092934425 7.7294860007241368
1145 285.42419300174498 280.00016097730315 7.736171000637114
1146 285.41985479911511 280.00016102521539 7.7428770000115037
1147 285.41552084405237 280.00016107307925 7.7494980003684759
1148 285.41119113047256 280.00016112089764 7.7561550000682473
1149 285.40686565229993 280.00016116866863 7.7628970006480813
1150 285.40254440346678 280.00016121639294 7.7701020007953048
1151 285.39822737792861 280.00016126407081 7.7766990000382066
1152 285.39391456964881 280.00016131170287 7.7834100006148219
1153 285.38960597260473 280.00016135928701 7.7899750005453825
1154 285.38530158078817 280.00016140682595 7.7963519999757409
1155 285.38100138820317 280.00016145431647 7.8034830000251532
1156 285.37670538887636 280.0001615017627 7.8100780006498098
1157 285.37241357682223 280.00016154916176 7.8169560004025698
1158 285.36812594609768 280.00016159651523 7.8233890002593398
1159 285.36384249075633 280.00016164382276 7.8297520000487566
1160 285.35956320486906 280.00016169108284 7.8365340000018477
1161 285.35528808252246 280.00016173829829 7.8436270002275705
1162 285.3510171178101 280.00016178546724 7.8501630006358027
1163 285.3467503048434 280.00016183259066 7.8567500002682209
1164 285.34248763774247 280.00016187966816 7.8631850006058812
1165 285.33822911064169 280.00016192669972 7.8882360002025962
1166 285.33397471769746 280.00016197368592 7.9013860002160072
1167 285.32972445306581 280.00016202062665 7.9133960008621216
1168 285.32547831091551 280.00016206752156 7.9207690004259348
1169 285.32123628544258 280.00016211437088 7.9299820000305772
1170 285.3169983708446 280.00016216117552 7.936557000502944
1171 285.31276456133105 280.00016220793407 7.9429339999333024
1172 285.30853485112698 280.00016225464736 7.9496160000562668
1173 285.30430923447449 280.00016230131598 7.9566310001537204
1174 285.30008770562102 280.00016234793952 7.9631950007751584
1175 285.29587025882353 280.00016239451816 7.9700760003179312
1176 285.29165688836952 280.0001624410508 7.9767260001972318
1177 285.28744758853799 280.00016248753894 7.9831910002976656
1178 285.28324235362834 280.00016253398263 7.9898930005729198
1179 285.27904117795543 280.0001625803805 7.9963800003752112
1180 285.27484405584505 280.000162626735 8.0029070004820824
1181 285.27065098163371 280.00016267304272 8.0091090006753802
1182 285.26646194966906 280.00016271930815 8.015930000692606
1183 285.26227695431817 280.00016276552793 8.0225960006937385
1184 285.25809598994829 280.00016281170247 8.0289650000631809
1185 285.25391905094637 280.00016285783357 8.0356710003688931
1186 285.24974613171031 280.00016290391875 8.0427680006250739
1187 285.24557722666043 280.00016294996124 8.049380000680685
1188 285.24141233020254 280.00016299595927 8.0560920005664229
1189 285.23725143678007 280.00016304191234 8.062521000392735
1190 285.23309454084324 280.00016308782125 8.068771000020206
1191 285.22894163684083 280.00016313368712 8.0753570003435016
1192 285.22479271925266 280.00016317950781 8.0819550007581711
1193 285.22064778254799 280.00016322528592 8.0885990001261234
1194 285.21650682123567 280.00016327101912 8.0968820005655289
1195 285.21236982980889 280.00016331670798 8.1036450006067753
1196 285.20823680279267 280.00016336235399 8.110453000292182
1197 285.20410773471667 280.00016340795599 8.1170920003205538
1198 285.19998262011143 280.00016345351463 8.1238029999658465
1199 285.19586145354344 280.00016349902899 8.1302440008148551
1200 285.19174422956678 280.00016354450014 8.1368510005995631
1201 285.18763094276312 280.00016358992809 8.1434380002319813
1202 285.18352158772041 280.00016363531245 8.1500700004398823
1203 285.17941615903231 280.00016368065297 8.1566610001027584
1204 285.17531465131441 280.00016372595059 8.163251000456512
1205 285.17121705917941 280.00016377120483 8.1700220005586743
1206 285.16712337727392 280.00016381641569 8.1761819999665022
1207 285.16303360023574 280.0001638615837 8.1827580006793141
1208 285.15894772271764 280.00016390670868 8.1895880000665784
1209 285.15486573939495 280.00016395179051 8.1960249999538064
1210 285.15078764493995 280.0001639968292 8.2024800004437566
1211 285.14671343404626 280.00016404182554 8.2090640002861619
1212 285.1426431014122 280.00016408677823 8.2156780008226633
1213 285.13857664175237 280.00016413168959 8.2225600006058812
1214 285.13451404979008 280.00016417655672 8.2291480004787445
1215 285.1304553202624 280.00016422138214 8.2359230006113648
1216 285.1264004479093 280.0001642661656 8.2428069999441504
1217 285.12234942749802 280.0001643109054 8.2493980005383492
1218 285.11830225378333 280.00016435560377 8.2559770001098514
1219 285.1142589215508 280.00016440025945 8.2624099999666214
1220 285.11021942559108 280.00016444487227 8.2687440002337098
1221 285.10618376070516 280.00016448944223 8.2754740007221699
1222 285.10215192170148 280.00016453397029 8.2820830000564456
1223 285.09812390340767 280.00016457845715 8.2886940008029342
1224 285.09409970065701 280.00016462290125 8.2955430001020432
1225 285.09007930828631 280.00016466730284 8.302734000608325
1226 285.08606272116026 280.00016471166276 8.3093050001189113
1227 285.0820499341412 280.00016475598028 8.3158380007371306
1228 285.07804094210593 280.0001648002563 8.3222390003502369
1229 285.07403573993804 280.0001648444906 8.3288560006767511
1230 285.07003432254146 280.00016488868289 8.3356079999357462
1231 285.0660366848208 280.00016493283312 8.3419560007750988
1232 285.06204282169909 280.00016497694156 8.3486120002344251
1233 285.05805272810028 280.00016502100897 8.3549920003861189
1234 285.05406639897109 280.00016506503442 8.3616350004449487
1235 285.05008382925985 280.0001651090177 8.3682840000838041
1236 285.04610501392665 280.00016515296085 8.3749700002372265
1237 285.04212994794159 280.0001651968625 8.3815379999577999
1238 285.03815862629227 280.0001652407222 8.3879869999364018
1239 285.03419104397341 280.00016528454017 8.3951759999617934
1240 285.03022719597845 280.00016532831762 8.4017190001904964
1241 285.02626707732611 280.00016537205374 8.4085420006886125
1242 285.02231068303939 280.00016541574792 8.4150800006464124
1243 285.01835800815667 280.00016545940235 8.4216250004246831
1244 285.01440904771334 280.00016550301552 8.4280510004609823
1245 285.01046379677592 280.00016554658748 8.4343520002439618
1246 285.00652225039511 280.00016559011777 8.4410470006987453
1247 285.00258440365036 280.00016563360776 8.4477780004963279
1248 284.99865025163416 280.00016567705694 8.4542750008404255
1249 284.99471978943444 280.00016572046582 8.4609980005770922
1250 284.99079301215687 280.00016576383388 8.4680080004036427
1251 284.98686991491491 280.00016580716095 8.4745960002765059
1252 284.9829504928399 280.00016585044671 8.4812070000916719
1253 284.9790347410638 280.00016589369324 8.4876020001247525
1254 284.97512265472847 280.00016593689895 8.4940590001642704
1255 284.97121422899176 280.00016598006442 8.5006060004234314
1256 284.96730945901697 280.00016602318885 8.5073359999805689
1257 284.96340833998295 280.00016606627304 8.5140340002253652
1258 284.95951086707129 280.00016610931823 8.5208990005776286
1259 284.9556170354773 280.00016615232209 8.5274910004809499
1260 284.95172684040375 280.00016619528679 8.5341280000284314
1261 284.9478402770647 280.00016623821045 8.5406880006194115
1262 284.94395734068888 280.00016628109375 8.5474290000274777
1263 284.94007802650117 280.00016632393749 8.5541210006922483
1264 284.93620232975195 280.00016636674223 8.5602210005745292
1265 284.93233024569065 280.0001664095056 8.5668220007792115
1266 284.92846176958028 280.00016645222945 8.5735160000622272
1267 284.92459689669261 280.00016649491312 8.5799030000343919
1268 284.92073562231047 280.00016653755836 8.5866220006719232
1269 284.91687794172492 280.00016658016347 8.5931560005992651
1270 284.91302385023499 280.00016662272782 8.5999260004609823
1271 284.90917334315589 280.0001666652534 8.6066479999572039
1272 284.90532641579711 280.00016670773948 8.6133190002292395
1273 284.90148306349624 280.00016675018594 8.6200220007449389
1274 284.89764328158992 280.00016679259289 8.6270620003342628
1275 284.8938070654259 280.00016683496068 8.6339170001447201
1276 284.88997441035957 280.00016687728908 8.6404490005224943
1277 284.88614531176131 280.00016691957785 8.6470580007880926
1278 284.88231976500509 280.00016696182843 8.6534649999812245
1279 284.87849776547563 280.00016700403893 8.6596389999613166
1280 284.87467930856639 280.00016704621044 8.6663890006020665
1281 284.87086438968083 280.00016708834272 8.6732610007748008
1282 284.86705300423495 280.00016713043607 8.6798430001363158
1283 284.86324514765067 280.00016717249144 8.6864889999851584
1284 284.85944081535706 280.00016721450686 8.6930340006947517
1285 284.85564000279561 280.00016725648305 8.6996160000562668
1286 284.85184270541538 280.00016729842065 8.7061950005590916
1287 284.84804891867481 280.00016734031976 8.7126240003854036
1288 284.84425863804341 280.00016738217994 8.7195830000564456
1289 284.84047185899055 280.00016742400197 8.7264510001987219
1290 284.83668857701247 280.00016746578552 8.7330440003424883
1291 284.83290878759914 280.00016750752968 8.7396160000935197
1292 284.82913248625448 280.00016754923547 8.7459990000352263
1293 284.82535966848701 280.00016759090312 8.7529629999771714
1294 284.82159032982565 280.00016763253228 8.7597850002348423
1295 284.81782446579609 280.00016767412319 8.7665690006688237
1296 284.81406207193646 280.00016771567556 8.7731660008430481
1297 284.81030314379609 280.0001677571899 8.7795820003375411
1298 284.80654767693414 280.0001677986657 8.7863560002297163
1299 284.80279566691655 280.00016784010336 8.7932380000129342
1300 284.79904710931038 280.0001678815035 8.7999130003154278
1301 284.79530199970628 280.00016792286601 8.8065440002828836
1302 284.79156033369583 280.00016796418953 8.8131420006975532
1303 284.78782210687712 280.00016800547439 8.8198430007323623
1304 284.78408731485757 280.00016804672197 8.8266230002045631
1305 284.7803559532602 280.00016808793151 8.833356000483036
1306 284.77662801770771 280.0001681291032 8.8399700000882149
1307 284.77290350383578 280.00016817023732 8.8463690001517534
1308 284.76918240728367 280.00016821133346 8.8529410008341074
1309 284.76546472371564 280.00016825239248 8.8597030006349087
1310 284.7617504487821 280.00016829341286 8.8664480000734329
1311 284.75803957815646 280.00016833439599 8.8731170007959008
1312 284.75433210751373 280.00016837534235 8.8794600004330277
1313 284.75062803254224 280.00016841625023 8.886162000708282
1314 284.74692734893489 280.00016845712133 8.8929670006036758
1315 284.74323005239614 280.00016849795503 8.8996290005743504
1316 284.73953613863966 280.00016853875104 8.9062480004504323
1317 284.73584560338037 280.00016857951016 8.9126720000058413
1318 284.73215844235011 280.00016862023142 8.9192820005118847
1319 284.72847465128172 280.00016866091534 8.9260540008544922
1320 284.72479422592056 280.00016870156253 8.9330240003764629
1321 284.72111716202681 280.00016874217312 8.941240000538528
1322 284.71744345535564 280.00016878274539 8.9494730001315475
1323 284.71377310167492 280.00016882328174 8.9577680006623268
1324 284.71010609676267 280.00016886378017 8.9643999999389052
1325 284.70644243640481 280.00016890424308 8.9707620004191995
1326 284.70278211640345 280.00016894466751 8.9773930003866553
1327 284.6991251325498 280.00016898505584 8.9839960001409054
1328 284.69547148066425 280.00016902540722 8.9907190008088946
1329 284.69182115655485 280.00016906572273 8.9973470000550151
1330 284.68817415605901 280.0001691060005 9.0039500007405877
1331 284.68453047499776 280.00016914624172 9.0115670002996922
1332 284.68089010922597 280.00016918644661 9.0183200007304549
1333 284.67725305458919 280.00016922661479 9.0252390000969172
1334 284.67361930694432 280.00016926674698 9.0318170003592968
1335 284.66998886216595 280.00016930684166 9.0381720000877976
1336 284.66636171612112 280.00016934690024 9.0446350006386638
1337 284.66273786469088 280.00016938692266 9.0513140000402927
1338 284.65911730377252 280.00016942690837 9.0580430002883077
1339 284.65550002925721 280.00016946685923 9.0646620001643896
1340 284.65188603705644 280.00016950677161 9.0710240006446838
1341 284.64827532308391 280.00016954664835 9.0777480006217957
1342 284.64466788325535 280.00016958648985 9.0842880001291633
1343 284.64106371350772 280.00016962629439 9.0909420000389218
1344 284.63746280977307 280.00016966606381 9.0976610006764531
1345 284.63386516800477 280.00016970579645 9.104271000251174
1346 284.63027078414603 280.0001697454918 9.1108500007539988
1347 284.62667965415886 280.00016978515407 9.1175160007551312
1348 284.62309177401409 280.00016982477899 9.1242180000990629
1349 284.61950713969173 280.00016986436833 9.1309680007398129
1350 284.61592574716587 280.0001699039214 9.1375640006735921
1351 284.61234759243661 280.0001699434394 9.1439740005880594
1352 284.60877267149982 280.00016998292114 9.1504870001226664
1353 284.60520098036113 280.0001700223674 9.157094000838697
1354 284.60163251503161 280.00017006177796 9.1634920006617904
1355 284.59806727154097 280.00017010115295 9.1701640002429485
1356 284.59450524591335 280.00017014049257 9.1772380005568266
1357 284.59094643418319 280.00017017979684 9.1839310005307198
1358 284.58739083240056 280.00017021906535 9.1905540004372597
1359 284.58383843660857 280.00017025829919 9.1971890004351735
1360 284.58028924286947 280.00017029749682 9.2035240000113845
1361 284.57674324725969 280.0001703366591 9.2099770000204444
1362 284.57320044584156 280.00017037578635 9.2167150005698204
1363 284.56966083470149 280.00017041487826 9.2235260000452399
1364 284.56612440992819 280.00017045393525 9.230061000213027
1365 284.56259116761004 280.00017049295627 9.2369410004466772
1366 284.5590611038624 280.0001705319429 9.2430350007489324
1367 284.55553421478953 280.00017057089514 9.2496840003877878
1368 284.55201049651362 280.00017060981179 9.2566900001838803
1369 284.54848994515504 280.00017064869348 9.2634000005200505
1370 284.5449725568464 280.00017068753942 9.269815000705421
1371 284.54145832772986 280.00017072635075 9.2758650006726384
1372 284.53794725395363 280.0001707651283 9.2824470000341535
1373 284.53443933167478 280.00017080387011 9.2891810005530715
1374 284.53093455704629 280.00017084257723 9.2957190005108714
1375 284.5274329262383 280.00017088124844 9.3022960005328059
1376 284.52393443543139 280.0001709198869 9.3088670000433922
1377 284.52043908081083 280.00017095849063 9.3157160002738237
1378 284.51694685856137 280.00017099705912 9.3225549999624491
1379 284.51345776487648 280.00017103559316 9.3289940003305674
1380 284.5099717959684 280.00017107409292 9.3355750003829598
1381 284.50648894804846 280.00017111255778 9.3420850001275539
1382 284.50300921732696 280.00017115098916 9.3486540000885725
1383 284.49953260003866 280.0001711893849 9.3550730003044009
1384 284.4960590924079 280.00017122774682 9.3615129999816418
1385 284.49258869067836 280.00017126607435 9.3681830000132322
1386 284.48912139109655 280.00017130436748 9.3749210005626082
1387 284.48565718991335 280.00017134262691 9.3815800007432699
1388 284.48219608339252 280.00017138085138 9.3879869999364018
1389 284.47873806779705 280.000171419043 9.3946780003607273
1390 284.47528313940188 280.00017145719937 9.4017370007932186
1391 284.47183129449468 280.00017149532164 9.4085349999368191
1392 284.46838252935129 280.00017153341111 9.4150730008259416
1393 284.46493684027831 280.00017157146505 9.4214850002899766
1394 284.4614942235682 280.00017160948522 9.4278170000761747
1395 284.458054675531 280.00017164747209 9.4345750007778406
1396 284.45461819248601 280.00017168542553 9.4414079999551177
1397 284.45118477075295 280.00017172334492 9.4480260005220771
1398 284.4477544066558 280.00017176122918 9.4544520005583763
1399 284.44432709653688 280.00017179908212 9.4608500003814697
1400 284.44090283673137 280.00017183689982 9.4674510005861521
1401 284.43748162359839 280.00017187468455 9.4742360003292561
1402 284.43406345348166 280.00017191243495 9.4808650007471442
1403 284.43064832274769 280.00017195015232 9.4873240003362298
1404 284.42723622776873 280.00017198783604 9.4945620000362396
1405 284.42382716491466 280.00017202548594 9.5011990005150437
1406 284.42042113057187 280.0001720631023 9.5077210003510118
1407 284.41701812112683 280.00017210068557 9.5140060000121593
1408 284.41361813297578 280.00017213823548 9.5208809999749064
1409 284.41022116251708 280.0001721757522 9.5276040006428957
1410 284.40682720616485 280.00017221323634 9.534107000567019
1411 284.40343626032859 280.00017225068615 9.5406710002571344
1412 284.40004832143029 280.00017228810276 9.5472950004041195
1413 284.39666338590109 280.00017232548669 9.5540130008012056
1414 284.3932814501747 280.0001723628373 9.5604030005633831
1415 284.38990251068617 280.00017240015461 9.5672560008242726
1416 284.38652656389104 280.00017243743929 9.5740180006250739
1417 284.38315360623693 280.00017247469088 9.580642000772059
1418 284.37978363418807 280.000172511909 9.5870560007169843
1419 284.37641664420977 280.00017254909443 9.5933980001136661
1420 284.37305263277102 280.00017258624769 9.5999400001019239
1421 284.36969159635487 280.0001726233665 9.6065170001238585
1422 284.36633353144634 280.00017266045364 9.612937000580132
1423 284.36297843454128 280.00017269750748 9.6198540003970265
1424 284.3596263021301 280.0001727345296 9.626528000459075
1425 284.35627713072142 280.00017277151824 9.6330920001491904
1426 284.35293091682854 280.00017280847464 9.6397150000557303
1427 284.34958765696399 280.00017284539769 9.6463340008631349
1428 284.34624734765242 280.00017288228844 9.6532420003786683
1429 284.3429099854248 280.00017291914691 9.6599320005625486
1430 284.33957556681872 280.00017295597229 9.6665540002286434
1431 284.33624408837255 280.00017299276612 9.6731950007379055
1432 284.3329155466356 280.00017302952637 9.6796650001779199
1433 284.32958993816345 280.00017306625523 9.6865509999915957
1434 284.32626725951314 280.00017310295186 9.6933940006420016
1435 284.3229475072614 280.00017313961428 9.7001340007409453
1436 284.31963067797 280.00017317624634 9.7067040000110865
1437 284.31631676821951 280.00017321284594 9.7132270000874996
1438 284.31300577459797 280.00017324941291 9.7199160000309348
1439 284.30969769369784 280.00017328594777 9.7263480005785823
1440 284.30639252211574 280.0001733224517 9.7328600008040667
1441 284.30309025645141 280.00017335892204 9.7394090006127954
1442 284.29979089331749 280.000173395361 9.7458430007100105
1443 284.29649442933101 280.00017343176722 9.7526390003040433
1444 284.29320086110909 280.00017346814263 9.758950000628829
1445 284.28991018528063 280.00017350448564 9.7656410001218319
1446 284.28662239847927 280.0001735407954 9.7721830001100898
1447 284.28333749734531 280.00017357707435 9.7788280006498098
1448 284.28005547852047 280.00017361332129 9.7854570001363754
1449 284.2767763386654 280.0001736495368 9.7920369999483228
1450 284.27350007442601 280.00017368571963 9.7986240005120635
1451 284.27022668247008 280.00017372187205 9.8051270004361868
1452 284.26695615946431 280.00017375799223 9.8129600007086992
1453 284.2636885020936 280.00017379408069 9.8208280000835657
1454 284.26042370702402 280.00017383013767 9.8280750000849366
1455 284.25716177094915 280.00017386616258 9.8346950002014637
1456 284.25390269056402 280.00017390215629 9.8412470007315278
1457 284.25064646256061 280.00017393811839 9.8479730002582073
1458 284.24739308364826 280.00017397404895 9.8546299999579787
1459 284.24414255053671 280.00017400994909 9.8611400006338954
1460 284.24089485993329 280.0001740458161 9.8673830004408956
1461 284.2376500085694 280.00017408165274 9.8741970006376505
1462 284.2344079931695 280.00017411745847 9.8807580005377531
1463 284.23116881046531 280.00017415323214 9.8873230004683137
1464 284.22793245719453 280.00017418897471 9.8939420003443956
1465 284.22469893010009 280.00017422468591 9.9004020001739264
1466 284.22146822593533 280.00017426036652 9.9070590008050203
1467 284.21824034145396 280.00017429601616 9.9135080007836223
1468 284.21501527342133 280.00017433163458 9.9199130004271865
1469 284.21179301859428 280.00017436722163 9.9258120004087687
1470 284.20857357375814 280.00017440277742 9.9325810000300407
1471 284.20535693567956 280.00017443830183 9.9394080005586147
1472 284.20214310115205 280.00017447379668 9.945834000594914
1473 284.19893206695883 280.00017450925964 9.9528840007260442
1474 284.19572382989446 280.00017454469184 9.9596860008314252
1475 284.19251838676672 280.00017458009285 9.966321000829339
1476 284.18931573437061 280.00017461546418 9.9727920005097985
1477 284.18611586952687 280.00017465080361 9.9791920008137822
1478 284.18291878904597 280.00017468611242 9.9856320004910231
1479 284.17972448975843 280.00017472139092 9.9924330003559589
1480 284.17653296848727 280.0001747566385 9.9991390006616712
1481 284.1733442220638 280.00017479185504 10.005626000463963
1482 284.17015824733267 280.00017482704209 10.012117000296712
1483 284.16697504113426 280.00017486219713 10.018360000103712
1484 284.16379460032005 280.00017489732267 10.024932000786066
1485 284.16061692174685 280.00017493241739 10.047397000715137
1486 284.15744200227311 280.000174967482 10.059869999997318
1487 284.15426983876529 280.00017500251641 10.066170000471175
1488 284.15110042809732 280.0001750375186 10.072314000688493
1489 284.14793376714709 280.00017507249237 10.078776000067592
1490 284.14476985279072 280.00017510743533 10.084987000562251
1491 284.1416086819201 280.00017514234736 10.091806000098586
1492 284.1384502514324 280.00017517722904 10.098598000593483
1493 284.13529455821919 280.00017521208076 10.10502600017935
1494 284.13214159918454 280.0001752469027 10.111858000047505
1495 284.1289913712443 280.00017528169502 10.118583000265062
1496 284.12584387130329 280.00017531645682 10.125189000740647
1497 284.12269909628759 280.00017535118747 10.131818000227213
1498 284.11955704312317 280.00017538588895 10.138395000249147
1499 284.1164177087378 280.00017542056065 10.145219000056386
1500 284.11328109006348 280.000175455202 10.152027999982238
1501 284.11014718404277 280.00017548981276 10.158542999997735
1502 284.10701598762427 280.00017552439351 10.165266999974847
1503 284.10388749775643 280.00017555894482 10.171655000187457
1504 284.10076171139463 280.00017559346691 10.178325000219047
1505 284.09763862550295 280.0001756279583 10.185604000464082
1506 284.09451823704853 280.00017566242042 10.192502000369132
1507 284.09140054299792 280.00017569685275 10.198980000801384
1508 284.08828554033079 280.00017573125518 10.205255000852048
1509 284.08517322602802 280.00017576562834 10.211851000785828
1510 284.08206359708038 280.000175799972 10.218563000671566
1511 284.07895665047778 280.00017583428536 10.22520300000906
1512 284.07585238321775 280.00017586856922 10.231774000450969
1513 284.07275079229737 280.00017590282374 10.238432000391185
1514 284.06965187473185 280.00017593704831 10.245282000862062
1515 284.06655562752792 280.00017597124332 10.251759000122547
1516 284.06346204770733 280.00017600540917 10.258533000014722
1517 284.06037113228825 280.0001760395462 10.265162000432611
1518 284.05728287830016 280.00017607365317 10.271629000082612
1519 284.05419728277519 280.00017610773119 10.278136000037193
1520 284.05111434275159 280.00017614177909 10.28464600071311
1521 284.04803405527377 280.00017617579931 10.291260000318289
1522 284.04495641738328 280.00017620978826 10.298098000697792
1523 284.04188142613617 280.00017624374954 10.30471200030297
1524 284.03880907858905 280.00017627768074 10.310916000045836
1525 284.03573937180954 280.00017631158317 10.31749300006777
1526 284.03267230285775 280.0001763454564 10.324283000081778
1527 284.02960786880027 280.00017637930017 10.330825000070035
1528 284.02654606672854 280.0001764131157 10.337352000176907
1529 284.02348689371433 280.00017644690053 10.344466000795364
1530 284.02043034684823 280.00017648065756 10.350868999958038
1531 284.01737642322001 280.00017651438532 10.357469000853598
1532 284.01432511992635 280.00017654808448 10.363959000445902
1533 284.01127643407057 280.00017658175506 10.370733000338078
1534 284.0082303627579 280.00017661539636 10.377514000050724
1535 284.00518690309923 280.00017664900878 10.384245000779629
1536 284.00214605220418 280.00017668259227 10.390804000198841
1537 283.99910780720109 280.00017671614683 10.397386000491679
1538 283.99607216521088 280.00017674967245 10.403986000455916
1539 283.99303912337012 280.0001767831705 10.410419000312686
1540 283.99000867880596 280.00017681663979 10.417133000679314
1541 283.9869808286598 280.00017685007919 10.423730000853539
1542 283.98395557007939 280.00017688349067 10.430148000828922
1543 283.98093290020688 280.00017691687339 10.436862000264227
1544 283.97791281619982 280.00017695022808 10.443630000576377
1545 283.97489531521956 280.00017698355441 10.450589000247419
1546 283.9718803944279 280.0001770168509 10.457289000041783
1547 283.96886805099035 280.00017705012027 10.463743000291288
1548 283.96585828208089 280.00017708335969 10.470450000837445
1549 283.96285108487251 280.00017711657176 10.476955000311136
1550 283.95984645655449 280.00017714975536 10.483479999937117
1551 283.9568443943075 280.00017718291019 10.490345000289381
1552 283.95384489532051 280.00017721603717 10.49764099996537
1553 283.95084795680015 280.00017724913556 10.504064000211656
1554 283.94785357593258 280.00017728220644 10.510747000575066
1555 283.94486174993364 280.00017731524878 10.517676000483334
1556 283.94187247600684 280.00017734826264 10.524335000663996
1557 283.93888575137311 280.00017738124831 10.531101000495255
1558 283.93590157323393 280.00017741420527 10.537625000812113
1559 283.93291993883378 280.00017744713648 10.544390000402927
1560 283.92994084538776 280.00017748003648 10.551854000426829
1561 283.9269642901275 280.00017751291068 10.558621000498533
1562 283.92399027029563 280.00017754575634 10.565826999954879
1563 283.92101878312951 280.00017757857432 10.572552000172436
1564 283.91804982587598 280.00017761136343 10.57894999999553
1565 283.91508339578712 280.00017764412524 10.585784000344574
1566 283.91211949011102 280.00017767685887 10.592808000743389
1567 283.90915810611529 280.00017770956453 10.599462000653148
1568 283.90619924105624 280.0001777422429 10.606011000461876
1569 283.90324289221121 280.0001777748929 10.612430999986827
1570 283.90028905683846 280.00017780751637 10.618958000093699
1571 283.89733773222696 280.00017784011061 10.625448000617325
1572 283.89438891565214 280.00017787267831 10.632101000286639
1573 283.89144260440145 280.00017790521724 10.638717000372708
1574 283.88849879576526 280.00017793772923 10.645416000857949
1575 283.88555748703556 280.00017797021354 10.652118000201881
1576 283.88261867551824 280.00017800267022 10.65873400028795
1577 283.87968235850752 280.00017803510002 10.66535900067538
1578 283.87674853331254 280.00017806750128 10.671913000755012
1579 283.87381719724817 280.00017809987548 10.6788200000301
1580 283.87088834763324 280.00017813222217 10.685446999967098
1581 283.86796198178166 280.00017816454158 10.692062000744045
1582 283.8650380970218 280.00017819683302 10.69866400025785
1583 283.86211669068319 280.00017822909751 10.7051190007478
1584 283.85919776009797 280.0001782613341 10.711534000001848
1585 283.85628130260159 280.00017829354476 10.71808800008148
1586 283.85336731554179 280.00017832572718 10.724890000186861
1587 283.85045579626245 280.00017835788105 10.731566000729799
1588 283.84754674210785 280.00017839000981 10.738020000047982
1589 283.844640150445 280.00017842211008 10.744677999988198
1590 283.84173601862057 280.00017845418392 10.751578000374138
1591 283.8388343440073 280.00017848623025 10.758248000405729
1592 283.83593512396772 280.00017851824964 10.765024000778794
1593 283.83303835586798 280.00017855024225 10.771479000337422
1594 283.83014403709547 280.00017858220781 10.777889000251889
1595 283.82725216502376 280.00017861414574 10.78475600015372
1596 283.82436273704212 280.00017864605707 10.791547000408173
1597 283.82147575052943 280.00017867794134 10.798195000737906
1598 283.81859120288493 280.00017870979866 10.804651000536978
1599 283.81570909150344 280.00017874162887 10.81109800003469
1600 283.8128294137843 280.00017877343379 10.817525000311434
1601 283.80995216713825 280.00017880520977 10.824392000213265
1602 283.80707734896896 280.00017883696023 10.831059000454843
1603 283.80420495668909 280.0001788686825 10.837483000010252
1604 283.80133498771875 280.00017890037935 10.843834000639617
1605 283.7984674394765 280.00017893204921 10.850449000485241
1606 283.79560230938853 280.00017896369189 10.857280000112951
1607 283.79273959488398 280.00017899530792 10.863993000239134
1608 283.78987929340479 280.00017902689791 10.870505000464618
1609 283.78702140237402 280.0001790584609 10.877003000117838
1610 283.78416591924332 280.00017908999655 10.88359700050205
1611 283.78131284145616 280.00017912150616 10.890312000177801
1612 283.77846216645833 280.00017915298957 10.897030000574887
1613 283.77561389170751 280.0001791844457 10.903731000609696
1614 283.77276801466115 280.0001792158759 10.910450000315905
1615 283.7699245327795 280.00017924728053 10.916961000300944
1616 283.76708344353085 280.00017927865798 10.923670000396669
1617 283.76424474438153 280.00017931000883 10.930102000012994
1618 283.7614084328082 280.00017934133348 10.936763999983668
1619 283.75857450628416 280.00017937263181 10.943434000015259
1620 283.75574296229729 280.00017940390421 10.950124000199139
1621 283.75291379832873 280.00017943514911 10.956779000349343
1622 283.7500870118663 280.00017946636819 10.963214999996126
1623 283.74726260040296 280.00017949756233 10.969814999960363
1624 283.74444056144642 280.00017952872901 10.976910000666976
1625 283.74162089248529 280.00017955986999 10.983696999959648
1626 283.73880359103146 280.00017959098483 10.990312000736594
1627 283.73598865459491 280.00017962207306 10.99672600068152
1628 283.73317608067759 280.0001796531356 11.003183000721037
1629 283.73036586681064 280.00017968417285 11.009871000424027
1630 283.72755801050687 280.00017971518298 11.016741000115871
1631 283.72475250928932 280.0001797461664 11.023421999998391
1632 283.72194936068809 280.00017977712542 11.02985000051558
1633 283.71914856224311 280.00017980805728 11.036648000590503
1634 283.71635011147282 280.00017983896407 11.043885000050068
1635 283.71355400593916 280.00017986984534 11.050538000650704
1636 283.71076024316653 280.00017990069983 11.057140000164509
1637 283.70796882071488 280.00017993152875 11.063610000535846
1638 283.70517973612425 280.00017996233203 11.070393000729382
1639 283.70239298695719 280.00017999310887 11.077250000089407
1640 283.69960857077649 280.00018002386082 11.083824000321329
1641 283.69682648513441 280.000180054586 11.090419000014663
1642 283.69404672760157 280.00018008528536 11.096830000169575
1643 283.69126929575117 280.00018011596023 11.103502000682056
1644 283.68849418715536 280.00018014660918 11.110590999945998
1645 283.68572139938692 280.0001801772321 11.117348000407219
1646 283.68295093003007 280.0001802078292 11.123974000103772
1647 283.68018277667147 280.00018023840073 11.130445000715554
1648 283.67741693690573 280.00018026894747 11.137043000198901
1649 283.67465340831001 280.00018029946818 11.143966000527143
1650 283.67189218849103 280.00018032996309 11.150837000459433
1651 283.66913327504471 280.00018036043332 11.157527000643313
1652 283.66637666557563 280.00018039087729 11.164209000766277
1653 283.66362235769526 280.00018042129653 11.170613000169396
1654 283.66087034900664 280.00018045169043 11.176697000861168
1655 283.65812063713025 280.00018048205874 11.183233000338078
1656 283.65537321968003 280.00018051240187 11.189853000454605
1657 283.65262809427708 280.00018054271885 11.196425000205636
1658 283.64988525855438 280.00018057301173 11.203031999990344
1659 283.64714471013468 280.00018060327864 11.209912000223994
1660 283.64440644665041 280.00018063352024 11.216434000059962
1661 283.64167046573573 280.00018066373684 11.222912000492215
1662 283.63893676503602 280.00018069392786 11.229395000264049
1663 283.63620534219319 280.00018072409443 11.236386000178754
1664 283.63347619485086 280.00018075423492 11.243000000715256
1665 283.63074932066013 280.00018078435124 11.249537000432611
1666 283.62802471728213 280.00018081444142 11.256097000092268
1667 283.62530238236894 280.00018084450795 11.262445000000298
1668 283.6225823135793 280.00018087454771 11.269160000607371
1669 283.61986450857978 280.00018090456376 11.275756000541151
1670 283.61714896504293 280.00018093455554 11.282586000859737
1671 283.61443568063316 280.00018096452175 11.289290000684559
1672 283.61172465303048 280.00018099446237 11.295643000863492
1673 283.60901587991407 280.00018102437929 11.30211800057441
1674 283.60630935896347 280.00018105426983 11.308858999982476
1675 283.60360508787244 280.00018108413582 11.315466000698507
1676 283.60090306431545 280.00018111397753 11.321936000138521
1677 283.59820328599773 280.00018114379463 11.328448000364006
1678 283.59550575061172 280.00018117358599 11.335049000568688
1679 283.59281045585897 280.00018120335346 11.341677000746131
1680 283.59011739943799 280.00018123309627 11.348232000134885
1681 283.58742657905793 280.00018126281344 11.35482900030911
1682 283.58473799243478 280.00018129250725 11.361390000209212
1683 283.58205163727189 280.00018132217605 11.368045000359416
1684 283.57936751129228 280.00018135181966 11.374762000516057
1685 283.57668561221146 280.00018138143867 11.381647000089288
1686 283.57400593776231 280.00018141103288 11.388184000737965
1687 283.5713284856601 280.00018144060306 11.394749999977648
1688 283.56865325364492 280.00018147014919 11.400841000489891
1689 283.56598023944684 280.00018149967013 11.407514000311494
1690 283.56330944080543 280.00018152916687 11.414141000248492
1691 283.56064085545842 280.00018155863893 11.420912000350654
1692 283.55797448115283 280.00018158808774 11.427892000414431
1693 283.55531031563669 280.0001816175112 11.434637000784278
1694 283.55264835665361 280.00018164690971 11.441229000687599
1695 283.54998860196525 280.00018167628474 11.447825000621378
1696 283.54733104932768 280.00018170563482 11.454266000539064
1697 283.54467569650035 280.00018173496039 11.460795000195503
1698 283.54202254124579 280.00018176426187 11.467600000090897
1699 283.53937158133721 280.00018179353998 11.474229000508785
1700 283.53672281454084 280.00018182279319 11.480772000737488
1701 283.53407623863245 280.00018185202248 11.487231000326574
1702 283.53143185138379 280.00018188122726 11.493677000515163
1703 283.52878965058608 280.000181910408 11.50023700017482
1704 283.52614963401368 280.00018193956464 11.506916000507772
1705 283.52351179946049 280.0001819686974 11.513584000058472
1706 283.52087614471895 280.00018199780612 11.52044300083071
1707 283.51824266757109 280.00018202689074 11.52673100028187
1708 283.51561136582376 280.00018205595075 11.533473000861704
1709 283.51298223727156 280.00018208498824 11.540386999957263
1710 283.51035527972402 280.0001821140001 11.546953000128269
1711 283.50773049098484 280.00018214298899 11.553546000272036
1712 283.50510786886451 280.00018217195372 11.560039000585675
1713 283.50248741117315 280.00018220089419 11.566673000343144
1714 283.49986911573313 280.00018222981106 11.573529000394046
1715 283.49725298036009 280.00018225870463 11.58016400039196
1716 283.49463900287481 280.00018228757364 11.58655699994415
1717 283.49202718110661 280.00018231641889 11.593193000182509
1718 283.48941751288493 280.00018234524049 11.59995000064373
1719 283.48680999604346 280.00018237403782 11.606635000556707
1720 283.48420462841074 280.00018240281162 11.613042999990284
1721 283.48160140783125 280.00018243156279 11.619750000536442
1722 283.47900033214694 280.00018246028924 11.626255000010133
1723 283.47640139920054 280.00018248899119 11.632988000288606
1724 283.47380460684093 280.00018251767136 11.639845000579953
1725 283.47120995292238 280.0001825463263 11.646240000613034
1726 283.46861743529365 280.00018257495896 11.652966000139713
1727 283.46602705181544 280.00018260356779 11.659483000636101
1728 283.46343880035124 280.00018263215242 11.666152000427246
1729 283.46085267875645 280.00018266071419 11.672935000620782
1730 283.45826868490406 280.00018268925163 11.679436000064015
1731 283.45568681666782 280.00018271776696 11.686153000220656
1732 283.45310707191391 280.00018274625791 11.692241000011563
1733 283.45052944851597 280.00018277472589 11.698813000693917
1734 283.44795394436346 280.00018280316988 11.705377000384033
1735 283.44538055732869 280.00018283159068 11.712240000255406
1736 283.44280928530452 280.00018285998794 11.719343000091612
1737 283.44024012617302 280.00018288836168 11.726039000786841
1738 283.43767307783219 280.00018291671341 11.732631999999285
1739 283.43510813817522 280.00018294504054 11.739215000532568
1740 283.43254530509404 280.0001829733452 11.745589000172913
1741 283.42998457649094 280.00018300162623 11.752021000720561
1742 283.42742595027329 280.00018302988309 11.758784000761807
1743 283.42486942434658 280.00018305811801 11.765467000193894
1744 283.42231499662171 280.00018308633025 11.772010000422597
1745 283.41976266500251 280.00018311451805 11.778623000718653
1746 283.4172124274167 280.00018314268277 11.785194000229239
1747 283.41466428177495 280.00018317082498 11.792026000097394
1748 283.41211822600582 280.00018319894468 11.798850000835955
1749 283.40957425802321 280.00018322704022 11.805261000059545
1750 283.40703237576298 280.00018325511297 11.811855000443757
1751 283.40449257715585 280.00018328316236 11.818307000212371
1752 283.40195486013118 280.00018331118997 11.824969000183046
1753 283.39941922262909 280.00018333919371 11.831752000376582
1754 283.39688566258457 280.00018336717517 11.838196000084281
1755 283.39435417794658 280.00018339513321 11.844484000466764
1756 283.39182476665337 280.00018342306805 11.85132999997586
1757 283.38929742665886 280.00018345098078 11.858176000416279
1758 283.38677215590923 280.00018347886981 11.864776000380516
1759 283.38424895235977 280.00018350673713 11.871141000650823
1760 283.38172781397247 280.00018353458034 11.877699000760913
1761 283.37920873870007 280.00018356240224 11.884038000367582
1762 283.37669172451029 280.00018359019941 11.890964000485837
1763 283.37417676936673 280.00018361797532 11.897687000222504
1764 283.37166387123932 280.00018364572776 11.904185000807047
1765 283.36915302809632 280.00018367345803 11.91102800052613
1766 283.36664423791643 280.00018370116538 11.917581000365317
1767 283.3641374986741 280.00018372884972 11.924376000650227
1768 283.36163280835154 280.00018375651246 11.931193000636995
1769 283.3591301649281 280.00018378415189 11.937646999955177
1770 283.35662956639248 280.00018381176926 11.944281000643969
1771 283.35413101073209 280.00018383936305 11.951200000010431
1772 283.35163449593739 280.00018386693512 11.957981999963522
1773 283.34914002000255 280.00018389448473 11.964650000445545
1774 283.34664758093373 280.0001839220111 11.971108000725508
1775 283.34415717671487 280.00018394951627 11.977559000253677
1776 283.34166880536037 280.00018397699762 11.984182000160217
1777 283.33918246487389 280.00018400445788 11.990760000422597
1778 283.33669815326283 280.00018403189489 11.997356000356376
1779 283.33421586853672 280.00018405930854 12.00388800073415
1780 283.3317356087116 280.00018408670144 12.010435000061989
1781 283.32925737180324 280.00018411407183 12.017376000061631
1782 283.3267811558311 280.0001841414192 12.023974000476301
1783 283.32430695881555 280.0001841687444 12.030450000427663
1784 283.32183477878533 280.000184196048 12.037078000605106
1785 283.31936461377114 280.0001842233284 12.043699000030756
1786 283.31689646179603 280.00018425058664 12.050475000403821
1787 283.31443032089982 280.00018427782334 12.057164000347257
1788 283.31196618910752 280.00018430503764 12.063636000268161
1789 283.30950406447386 280.00018433222925 12.070203000679612
1790 283.30704394503061 280.00018435939973 12.07698200084269
1791 283.30458582882318 280.00018438654661 12.083664000034332
1792 283.30212971389938 280.00018441367263 12.090326000005007
1793 283.29967559830868 280.0001844407762 12.097031000070274
1794 283.29722348010642 280.00018446785793 12.103637000545859
1795 283.29477335734504 280.00018449491773 12.110704000107944
1796 283.29232522808127 280.00018452195496 12.117531999945641
1797 283.28987909037772 280.00018454896991 12.124104999937117
1798 283.28743494229707 280.00018457596337 12.130572000518441
1799 283.28499278190691 280.00018460293632 12.137401000596583
1800 283.28255260727531 280.00018462988561 12.144044000655413
1801 283.28011441646618 280.00018465681279 12.168179000727832
1802 283.27767820756929 280.00018468372025 12.179387000389397
1803 283.27524397864642 280.00018471060298 12.185870000161231
1804 283.27281172778396 280.00018473746485 12.192270000465214
1805 283.27038145306557 280.00018476430489 12.198871999979019
1806 283.26795315257044 280.00018479112396 12.205389000475407
1807 283.26552682438563 280.00018481792034 12.213653000071645
1808 283.26310246660864 280.00018484469541 12.22068400029093
1809 283.26068007732385 280.00018487144831 12.227210000157356
1810 283.25825965462883 280.00018489817995 12.233603000640869
1811 283.25584119662477 280.00018492488965 12.240240000188351
1812 283.25342470140839 280.00018495157821 12.246682000346482
1813 283.25101016708902 280.00018497824442 12.253454000689089
1814 283.24859759176212 280.00018500488909 12.259998000226915
1815 283.24618697353702 280.00018503151233 12.266862000338733
1816 283.24377831053425 280.00018505811403 12.273533000610769
1817 283.24137160086036 280.00018508469412 12.279957000166178
1818 283.23896684263121 280.0001851112529 12.286520000547171
1819 283.23656403396922 280.00018513778912 12.293047000654042
1820 283.23416317298745 280.00018516430509 12.299696000292897
1821 283.2317642578214 280.00018519079839 12.306522000581026
1822 283.22936728659198 280.00018521727162 12.312980000860989
1823 283.22697225742144 280.00018524372229 12.31921200081706
1824 283.22457916844962 280.00018527015209 12.325700000859797
1825 283.22218801780605 280.00018529656103 12.332379000261426
1826 283.2197988036325 280.00018532294712 12.33901400025934
1827 283.21741152406111 280.0001853493128 12.345719000324607
1828 283.21502617723678 280.00018537565666 12.352154000662267
1829 283.21264276130802 280.00018540197931 12.358753000386059
1830 283.21026127441218 280.00018542828155 12.365503000095487
1831 283.20788171470542 280.00018545456112 12.372039000503719
1832 283.205504080335 280.00018548082051 12.378523000515997
1833 283.20312836946022 280.00018550705795 12.38553100079298
1834 283.20075458023092 280.00018553327419 12.392045000568032
1835 283.19838271081107 280.0001855594694 12.398679000325501
1836 283.19601275936338 280.00018558564426 12.405171000398695
1837 283.19364472405169 280.00018561179706 12.411782000213861
1838 283.19127860303746 280.0001856379285 12.418554000556469
1839 283.18891439449288 280.00018566403901 12.425427000038326
1840 283.18655209659039 280.00018569012917 12.43221400026232
1841 283.184191707504 280.00018571619796 12.438646000809968
1842 283.18183322540983 280.00018574224384 12.445172000676394
1843 283.17947664848634 280.00018576827125 12.451864000409842
1844 283.17712197491778 280.00018579427712 12.458545000292361
1845 283.17476920288198 280.00018582026183 12.465359000489116
1846 283.17241833056971 280.00018584622478 12.471855000592768
1847 283.17006935616593 280.00018587216744 12.478533999994397
1848 283.16772227786799 280.00018589808906 12.485111000016332
1849 283.16537709386245 280.00018592398902 12.491730000823736
1850 283.16303380235405 280.00018594986864 12.498299000784755
1851 283.16069240153405 280.00018597572722 12.50484300032258
1852 283.15835288960324 280.000186001565 12.511536000296474
1853 283.15601526476826 280.00018602738243 12.518213000148535
1854 283.1536795252332 280.00018605317837 12.524802000261843
1855 283.15134566920995 280.00018607895407 12.531534000299871
1856 283.14901369490241 280.00018610470835 12.538199000060558
1857 283.14668360052423 280.00018613044278 12.544832000508904
1858 283.14435538429609 280.00018615615568 12.550910000689328
1859 283.14202904443118 280.00018618184816 12.557496000081301
1860 283.13970457915275 280.00018620751973 12.563973000273108
1861 283.1373819866817 280.0001862331705 12.570882000029087
1862 283.13506126523714 280.00018625880136 12.578147999942303
1863 283.13274241305425 280.00018628441086 12.584733000025153
1864 283.13042542835751 280.00018630999972 12.591281000524759
1865 283.1281103093836 280.00018633556846 12.597908000461757
1866 283.12579705436315 280.00018636111611 12.604312000796199
1867 283.12348566153247 280.00018638664267 12.610847000032663
1868 283.12117612912903 280.00018641215036 12.617588000372052
1869 283.11886845539806 280.00018643763707 12.624414999969304
1870 283.11656263858072 280.0001864631023 12.630880000069737
1871 283.11425867692219 280.00018648854837 12.637395000085235
1872 283.11195656867346 280.00018651397238 12.643810000270605
1873 283.10965631208586 280.00018653937644 12.650336000137031
1874 283.10735790540451 280.00018656476084 12.657099000178277
1875 283.1050613468903 280.00018659012403 12.663630000315607
1876 283.10276663480096 280.00018661546756 12.670366000384092
1877 283.10047376739209 280.00018664079118 12.676469000056386
1878 283.09818274293264 280.0001866660927 12.683045000769198
1879 283.0958935596812 280.00018669137455 12.689797000028193
1880 283.0936062159052 280.00018671663656 12.696458000689745
1881 283.0913207098713 280.000186741878 12.703381000086665
1882 283.08903703985811 280.00018676709954 12.710559000261128
1883 283.08675520413294 280.00018679230055 12.717206000350416
1884 283.08447520096996 280.00018681748088 12.723921000026166
1885 283.08219702865409 280.00018684264211 12.730454999953508
1886 283.0799206854598 280.00018686778185 12.737206000834703
1887 283.07764616966512 280.00018689290209 12.743650000542402
1888 283.07537347956702 280.00018691800142 12.750191000290215
1889 283.07310261344725 280.00018694308216 12.756806000135839
1890 283.07083356958816 280.00018696814078 12.763194000348449
1891 283.06856634629048 280.00018699318088 12.769609000533819
1892 283.06630094184294 280.00018701819988 12.776269000023603
1893 283.06403735454262 280.00018704319973 12.783123000524938
1894 283.06177558268348 280.00018706817878 12.789803000167012
1895 283.05951562457307 280.00018709313821 12.796335000544786
1896 283.05725747851 280.00018711807655 12.803391000255942
1897 283.05500114279971 280.00018714299597 12.810522000305355
1898 283.05274661574538 280.00018716789623 12.817220000550151
1899 283.05049389566352 280.00018719277489 12.823904000222683
1900 283.04824298085833 280.00018721763462 12.830454000271857
1901 283.04599386965015 280.00018724247388 12.836986000649631
1902 283.04374656034673 280.00018726729354 12.843586000613868
1903 283.04150105127422 280.0001872920937 12.850201000459492
1904 283.03925734074267 280.00018731687237 12.856817000545561
1905 283.03701542708512 280.00018734163268 12.863483000546694
1906 283.03477530861926 280.00018736637281 12.870240000076592
1907 283.03253698367786 280.00018739109362 12.877048000693321
1908 283.03030045057801 280.0001874157939 12.883648000657558
1909 283.0280657076562 280.0001874404752 12.890279999934137
1910 283.02583275325247 280.00018746513689 12.896780000068247
1911 283.02360158569246 280.00018748977834 12.903271000832319
1912 283.0213722033248 280.00018751439984 12.909595000557601
1913 283.01914460447608 280.0001875390015 12.916482000611722
1914 283.0169187874917 280.00018756358355 12.923036000691354
1915 283.01469475072173 280.00018758814684 12.929429000243545
1916 283.01247249250463 280.00018761268916 12.935996000654995
1917 283.01025201119438 280.00018763721238 12.94255100004375
1918 283.00803330513565 280.00018766171587 12.949102000333369
1919 283.00581637268681 280.00018768620015 12.955527000129223
1920 283.0036012121937 280.00018771066334 12.962050000205636
1921 283.00138782202049 280.00018773510925 12.968892000615597
1922 282.99917620051878 280.00018775953527 12.975748000666499
1923 282.99696634605755 280.00018778394167 12.982422000728548
1924 282.99475825699341 280.00018780832778 12.98904100060463
1925 282.9925519316954 280.00018783269587 12.995571000501513
1926 282.99034736852752 280.00018785704208 13.001559000462294
1927 282.98814456586041 280.00018788137032 13.008414000272751
1928 282.98594352206635 280.00018790567901 13.015308000147343
1929 282.98374423550968 280.00018792996769 13.021705000661314
1930 282.98154670457762 280.00018795423767 13.028156000189483
1931 282.9793509276405 280.00018797848838 13.034939000383019
1932 282.97715690307808 280.00018800271937 13.04152400046587
1933 282.9749646292791 280.0001880269312 13.048094000667334
1934 282.97277410461794 280.00018805112296 13.054791999980807
1935 282.97058532748105 280.00018807529716 13.061398000456393
1936 282.96839829626515 280.00018809945078 13.070477000437677
1937 282.96621300935061 280.00018812358559 13.077498000115156
1938 282.96402946513001 280.00018814770061 13.084187000058591
1939 282.96184766199917 280.00018817179773 13.090805999934673
1940 282.95966759835471 280.0001881958745 13.097372000105679
1941 282.95748927259916 280.00018821993189 13.103772000409663
1942 282.95531268311987 280.00018824397085 13.110557000152767
1943 282.95313782833023 280.00018826798998 13.117151000536978
1944 282.95096470662435 280.00018829199058 13.123738000169396
1945 282.94879331642051 280.00018831597197 13.130141000263393
1946 282.94662365611424 280.00018833993408 13.136941000819206
1947 282.94445572412167 280.00018836387648 13.144326000474393
1948 282.94228951885532 280.00018838780039 13.151212000288069
1949 282.9401250387279 280.00018841170538 13.157903000712395
1950 282.93796228215786 280.0001884355911 13.16453200019896
1951 282.93580124755425 280.00018845945772 13.170945000834763
1952 282.93364193334821 280.00018848330529 13.178065000101924
1953 282.93148433795227 280.00018850713457 13.184367000125349
1954 282.92932845980221 280.00018853094338 13.190883000381291
1955 282.92717429730931 280.00018855473502 13.197371000424027
1956 282.9250218489106 280.0001885785066 13.204011000692844
1957 282.92287111303642 280.00018860225987 13.210531000047922
1958 282.9207220881126 280.00018862599359 13.217386000789702
1959 282.91857477257832 280.00018864970872 13.224012000486255
1960 282.91642916486785 280.00018867340492 13.230458999983966
1961 282.9142852634144 280.00018869708242 13.237003000453115
1962 282.91214306666546 280.00018872074128 13.243611000478268
1963 282.910002573062 280.00018874438183 13.250397000461817
1964 282.90786378104036 280.0001887680034 13.256986000575125
1965 282.90572668904571 280.00018879160575 13.263597000390291
1966 282.90359129553536 280.00018881518815 13.270574999973178
1967 282.90145759895256 280.00018883875299 13.277004000730813
1968 282.89932559774513 280.00018886230015 13.283674000762403
1969 282.89719529037325 280.00018888582804 13.290255000814795
1970 282.89506667528639 280.00018890933598 13.29681000020355
1971 282.89293975094665 280.00018893282527 13.303584000095725
1972 282.89081451580876 280.00018895629785 13.310601000674069
1973 282.8886909683381 280.00018897974974 13.317256000824273
1974 282.88656910699177 280.00018900318383 13.323766000568867
1975 282.88444893023512 280.00018902660025 13.330177000723779
1976 282.88233043654174 280.00018904999689 13.336785000748932
1977 282.88021362437206 280.00018907337562 13.343449000269175
1978 282.87809849220019 280.00018909673531 13.35033500008285
1979 282.87598503849671 280.00018912007647 13.357027000747621
1980 282.87387326173882 280.00018914339881 13.363488000817597
1981 282.87176316039989 280.00018916670371 13.370118000544608
1982 282.86965473296073 280.00018918998938 13.376686000265181
1983 282.86754797789575 280.00018921325614 13.383329000324011
1984 282.86544289369346 280.00018923650509 13.390033000148833
1985 282.86333947883128 280.00018925973541 13.396686000749469
1986 282.86123773179526 280.0001892829481 13.403422000817955
1987 282.85913765107529 280.00018930614073 13.410117000341415
1988 282.85703923516451 280.00018932931641 13.416856000199914
1989 282.85494248254679 280.0001893524738 13.423473000526428
1990 282.85284739171681 280.000189375611 13.429910000413656
1991 282.85075396116861 280.00018939873178 13.436302000656724
1992 282.84866218940289 280.00018942183351 13.442966000176966
1993 282.84657207491341 280.00018944491632 13.449738000519574
1994 282.84448361620088 280.00018946798178 13.456428000703454
1995 282.84239681177439 280.00018949102912 13.462818000465631
1996 282.84031166012659 280.00018951405815 13.469444000162184
1997 282.83822815977032 280.00018953706888 13.475871000438929
1998 282.83614630921272 280.0001895600609 13.482709000818431
1999 282.83406610696153 280.00018958303474 13.489264000207186
2000 282.83198755152904 280.0001896059909 13.495635000057518
