iterat. internal-T external-T elapsed-time
0 300 280 0.0075939996168017387
1 299.93339999999171 280.00000073553872 0.014410000294446945
2 299.86768806438675 280.00000146127337 0.022483999840915203
3 299.80284266857791 280.00000217743695 0.029989000409841537
4 299.73884295557366 280.00000288425548 0.038075000047683716
5 299.67566871193145 280.00000358195882 0.045628000050783157
6 299.61330034465084 280.00000427076378 0.053174000233411789
7 299.55171885925904 280.00000495087988 0.06151099968701601
8 299.49090583844264 280.00000562250813 0.070028999820351601
9 299.43084342172625 280.00000628584718 0.077281000092625618
10 299.37151428591193 280.00000694108616 0.085475999861955643
11 299.3129016262107 280.00000758841082 0.093053000047802925
12 299.2549891382879 280.00000822800638 0.10169500019401312
13 299.19776100083601 280.00000886004193 0.10997499991208315
14 299.14120185890607 280.00000948469136 0.11805699951946735
15 299.08529680787507 280.00001010211309 0.12611200008541346
16 299.03003137803722 280.0000107124738 0.13417300023138523
17 298.97539151974598 280.00001131592529 0.14202999975532293
18 298.92136358919896 280.00001191261339 0.14963299967348576
19 298.86793433470621 280.0000125026927 0.15700600016862154
20 298.81509088345456 280.00001308630704 0.16438999958336353
21 298.76282072887324 280.00001366358447 0.17238099966198206
22 298.7111117183594 280.00001423466699 0.18040699977427721
23 298.65995204158475 280.00001479968068 0.18793000001460314
24 298.60933021905407 280.00001535875384 0.19600799959152937
25 298.55923509130673 280.0000159120126 0.20356199983507395
26 298.50965580839886 280.00001645957497 0.21127500012516975
27 298.46058181974018 280.00001700155644 0.21837799996137619
28 298.4120028644009 280.00001753806924 0.22535199951380491
29 298.36390896171167 280.0000180692208 0.23325099982321262
30 298.31629040220349 280.00001859512935 0.2411080002784729
31 298.26913773891027 280.00001911588919 0.24842299986630678
32 298.22244177896454 280.00001963160514 0.25601300038397312
33 298.17619357550331 280.00002014237793 0.26418699976056814
34 298.13038441984071 280.00002064830352 0.27169200032949448
35 298.08500583396778 280.00002114947074 0.27977299969643354
36 298.04004956326116 280.00002164597373 0.2871500002220273
37 297.9955075695018 280.00002213790202 0.2953119995072484
38 297.95137202413218 280.00002262533934 0.30386099964380264
39 297.90763530166811 280.00002310837476 0.31097100023180246
40 297.86428997351732 280.00002358708821 0.31949499994516373
41 297.82132880181092 280.0000240615546 0.32708499953150749
42 297.77874473360299 280.00002453186062 0.33545899949967861
43 297.73653089519007 280.00002499807675 0.34381099976599216
44 297.69468058668144 280.00002546027633 0.35097000002861023
45 297.65318727665613 280.00002591853399 0.35889200028032064
46 297.61204459718789 280.00002637292113 0.36658299993723631
47 297.57124633878493 280.00002682350362 0.37421900033950806
48 297.53078644579557 280.00002727034672 0.38118899986147881
49 297.49065901167126 280.00002771352149 0.38903299998492002
50 297.45085827465658 280.00002815308483 0.39699999988079071
51 297.41137861341014 280.0000285891017 0.40478199999779463
52 297.37221454293172 280.00002902163618 0.41290999948978424
53 297.33336071053157 280.00002945074499 0.4202499995008111
54 297.29481189195189 280.00002987648224 0.4291169997304678
55 297.25656298765864 280.00003029890814 0.43776500038802624
56 297.21860901919695 280.00003071808032 0.44518500007688999
57 297.18094512572287 280.00003113404495 0.45335500035434961
58 297.14356656056583 280.00003154685868 0.46057699993252754
59 297.1064686880448 280.00003195657303 0.46932599972933531
60 297.0696469802229 280.00003236323693 0.47773399949073792
61 297.03309701388531 280.00003276689961 0.48509200010448694
62 296.99681446758251 280.00003316761007 0.49299499951303005
63 296.96079511874467 280.00003356541214 0.50130700040608644
64 296.92503484090156 280.0000339603564 0.50949900038540363
65 296.88952960103626 280.00003435248055 0.51630599983036518
66 296.85427545694017 280.00003474183154 0.52403699979186058
67 296.8192685547333 280.00003512845274 0.53302800003439188
68 296.78450512638767 280.00003551238626 0.54059800039976835
69 296.74998148741577 280.00003589366906 0.5487040001899004
70 296.71569403454083 280.00003627234429 0.55659000016748905
71 296.68163924351012 280.00003664845076 0.56491999980062246
72 296.64781366694791 280.0000370220244 0.5728949997574091
73 296.61421393226522 280.00003739310398 0.5816820003092289
74 296.58083673967013 280.00003776172514 0.58951800037175417
75 296.54767886016816 280.0000381279271 0.59914600010961294
76 296.51473713374355 280.00003849173999 0.60842899978160858
77 296.4820084674692 280.00003885319973 0.63322299998253584
78 296.4494898337536 280.0000392123448 0.64596199989318848
79 296.41717826861924 280.00003956919915 0.65436299983412027
80 296.38507087002841 280.00003992379754 0.66307900007814169
81 296.35316479627568 280.00004027617052 0.6705919997766614
82 296.32145726438853 280.00004062635321 0.67852799966931343
83 296.28994554864147 280.00004097437687 0.68653399962931871
84 296.25862697906609 280.00004132026271 0.69491999968886375
85 296.22749893999543 280.00004166404773 0.70228900015354156
86 296.19655886871396 280.00004200575103 0.71074999962002039
87 296.1658042540779 280.00004234541103 0.71816899999976158
88 296.13523263521796 280.00004268304582 0.72678199969232082
89 296.10484160028517 280.00004301868881 0.73539199959486723
90 296.07462878517174 280.00004335236537 0.74372399970889091
91 296.0445918723687 280.00004368409725 0.75110500026494265
92 296.01472858976501 280.0000440139105 0.75846599973738194
93 295.98503670954869 280.00004434183251 0.76638200040906668
94 295.95551404709187 280.00004466788465 0.77381100039929152
95 295.92615845988342 280.00004499209149 0.78170800022780895
96 295.89696784651187 280.00004531447632 0.78938100021332502
97 295.86794014565584 280.00004563506286 0.79814300034195185
98 295.83907333511104 280.0000459538719 0.80599800031632185
99 295.81036543084241 280.00004627092562 0.81458000000566244
100 295.78181448605318 280.00004658624675 0.82182000018656254
101 295.75341859031346 280.00004689985349 0.82994899991899729
102 295.72517586866076 280.00004721177021 0.83748700004070997
103 295.69708448080053 280.00004752201539 0.84555699955672026
104 295.66914262022578 280.00004783060916 0.85439999960362911
105 295.64134851348302 280.00004813757164 0.86182899959385395
106 295.61370041934026 280.00004844292016 0.87035600002855062
107 295.58619662806609 280.00004874667491 0.87843099981546402
108 295.55883546069765 280.00004904885697 0.8864510003477335
109 295.53161526830399 280.00004934948043 0.89426499977707863
110 295.50453443131215 280.00004964856367 0.90213400032371283
111 295.47759135882961 280.00004994612743 0.91050599981099367
112 295.45078448797989 280.00005024218535 0.91885500028729439
113 295.42411228326011 280.00005053675733 0.92637399956583977
114 295.39757323594097 280.00005082985911 0.93459600023925304
115 295.37116586345491 280.0000511215099 0.94309099949896336
116 295.34488870878488 280.00005141171914 0.95123500004410744
117 295.31874033990761 280.0000517005052 0.95979399979114532
118 295.29271934926186 280.00005198788375 0.96824199985712767
119 295.26682435315655 280.00005227387157 0.97558300010859966
120 295.24105399127046 280.0000525584822 0.98385499976575375
121 295.21540692614815 280.00005284173341 0.99080600030720234
122 295.18988184267278 280.0000531236355 0.99840399995446205
123 295.16447744758761 280.00005340420483 1.008568000048399
124 295.13919246904118 280.00005368345722 1.0166800003498793
125 295.11402565609205 280.0000539614021 1.0236139995977283
126 295.08897577827429 280.00005423805641 1.0307050002738833
127 295.06404162518481 280.00005451343191 1.0388439996168017
128 295.03922200597469 280.00005478754463 1.0465890001505613
129 295.01451574903149 280.0000550604023 1.0546270003542304
130 294.98992170152144 280.00005533202113 1.0623890003189445
131 294.96543872897502 280.00005560241414 1.070181000046432
132 294.94106571494808 280.00005587159467 1.0784189999103546
133 294.91680156060613 280.00005613957057 1.0859610000625253
134 294.89264518439592 280.00005640635874 1.094093999825418
135 294.86859552164987 280.00005667196507 1.1020679995417595
136 294.84465152425366 280.00005693640662 1.1093990001827478
137 294.82081216031457 280.00005719969505 1.1176230004057288
138 294.79707641381179 280.00005746183501 1.1258009998127818
139 294.77344328429189 280.00005772284305 1.1338090002536774
140 294.74991178654727 280.00005798272787 1.141691000200808
141 294.72648095028916 280.00005824150105 1.1491280002519488
142 294.70314981988878 280.00005849917522 1.1561949998140335
143 294.67991745403344 280.00005875575675 1.1639689998701215
144 294.65678292548176 280.00005901125763 1.1717600002884865
145 294.63374532077131 280.00005926568787 1.1797569999471307
146 294.61080373993855 280.00005951905712 1.1873629996553063
147 294.58795729626388 280.00005977137442 1.1951460000127554
148 294.56520511600985 280.00006002265297 1.2030609995126724
149 294.54254633815378 280.00006027289879 1.2109740003943443
150 294.51998011416828 280.00006052212422 1.2195629999041557
151 294.49750560776613 280.00006077033657 1.2271309997886419
152 294.47512199465478 280.00006101754445 1.2353830002248287
153 294.4528284623064 280.00006126375604 1.2425710000097752
154 294.43062420976503 280.00006150898338 1.2508659996092319
155 294.40850844738162 280.00006175323551 1.2590479999780655
156 294.38648039663917 280.00006199651648 1.2672830000519753
157 294.36453928991341 280.00006223883582 1.2751479996368289
158 294.34268437029436 280.00006248020628 1.2826359998434782
159 294.3209148913524 280.00006272063195 1.28952999971807
160 294.2992301169777 280.00006296012225 1.2971080001443624
161 294.27762932117753 280.00006319868385 1.3051779996603727
162 294.25611178787597 280.00006343632458 1.3129080003127456
163 294.23467681074737 280.00006367305468 1.3206599997356534
164 294.21332369303497 280.00006390888183 1.3285119999200106
165 294.19205174737652 280.00006414381176 1.3363929996266961
166 294.17086029562819 280.00006437785424 1.3443590002134442
167 294.14974866869909 280.00006461101276 1.3520309999585152
168 294.12871620640436 280.00006484329862 1.3599870000034571
169 294.10776225728245 280.00006507471949 1.3678940003737807
170 294.08688617844166 280.00006530527725 1.3766289995983243
171 294.06608733543669 280.00006553498446 1.3859109999611974
172 294.04536510209078 280.0000657638426 1.3949919994920492
173 294.02471886034851 280.00006599186429 1.4024480003863573
174 294.00414800015466 280.00006621905169 1.411120000295341
175 293.98365191930031 280.00006644541105 1.4181939996778965
176 293.96323002328165 280.00006667095261 1.4267779998481274
177 293.94288172519077 280.0000668956834 1.4353670002892613
178 293.92260644554307 280.00006711960583 1.442352999933064
179 293.90240361219469 280.00006734272972 1.4504949999973178
180 293.88227266018811 280.00006756505837 1.4584910003468394
181 293.86221303163524 280.0000677865973 1.4664190001785755
182 293.84222417561506 280.00006800735883 1.4728889996185899
183 293.82230554801191 280.00006822734554 1.4814489996060729
184 293.80245661146955 280.00006844655911 1.4898110004141927
185 293.78267683520789 280.00006866500928 1.497189000248909
186 293.76296569495025 280.00006888270207 1.5051919994875789
187 293.74332267282557 280.00006909964065 1.5138950003311038
188 293.72374725721858 280.00006931583647 1.5211920002475381
189 293.7042389427171 280.00006953128832 1.5289169996976852
190 293.68479722997517 280.00006974600404 1.5368809998035431
191 293.6654216256303 280.00006995999098 1.5448000002652407
192 293.64611164219218 280.00007017325294 1.5532470000907779
193 293.62686679797554 280.00007038579861 1.5605689994990826
194 293.60768661697182 280.00007059762709 1.5689740004017949
195 293.58857062876785 280.0000708087473 1.5762719996273518
196 293.56951836847867 280.00007101916191 1.5846849996596575
197 293.55052937663703 280.00007122887848 1.5930249998345971
198 293.53160319910779 280.00007143790208 1.6012230003252625
199 293.51273938700763 280.00007164623656 1.6095089996233582
200 293.49393749663096 280.00007185388671 1.6174109997227788
201 293.47519708933976 280.00007206085775 1.6255080001428723
202 293.45651773154003 280.00007226715547 1.6334290001541376
203 293.43789899453998 280.00007247278512 1.6412370000034571
204 293.41934045450733 280.00007267774902 1.648462999612093
205 293.40084169239418 280.0000728820516 1.6559239998459816
206 293.38240229385076 280.00007308569934 1.6639080001041293
207 293.36402184917262 280.00007328869367 1.6717950003221631
208 293.34569995319669 280.00007349104453 1.6800199998542666
209 293.32743620528424 280.00007369275158 1.6876370003446937
210 293.30923020918453 280.00007389382023 1.6949840001761913
211 293.29108157303108 280.00007409425626 1.703192999586463
212 293.27298990923697 280.00007429406236 1.7116339998319745
213 293.25495483445712 280.00007449324733 1.7191000003367662
214 293.23697596948369 280.00007469180809 1.7272680001333356
215 293.21905293925522 280.00007488975206 1.7357200002297759
216 293.20118537270707 280.00007508708353 1.7440989995375276
217 293.18337290277947 280.00007528380792 1.7511400002986193
218 293.16561516633089 280.00007547992595 1.7590629998594522
219 293.14791180409793 280.00007567544401 1.7679779995232821
220 293.13026246060593 280.00007587036555 1.7750099999830127
221 293.11266678415654 280.00007606469438 1.7822399996221066
222 293.09512442672764 280.00007625843773 1.7899359995499253
223 293.0776350439703 280.00007645159286 1.7985460003837943
224 293.06019829511291 280.00007664416455 1.8059750003740191
225 293.04281384292563 280.00007683616144 1.8133669998496771
226 293.02548135367704 280.00007702758268 1.822049000300467
227 293.00820049707755 280.00007721843372 1.8300169995054603
228 292.9909709462334 280.0000774087211 1.8383809998631477
229 292.9737923775898 280.00007759844345 1.8465299997478724
230 292.9566644708899 280.00007778760937 1.8546740002930164
231 292.93958690914042 280.00007797621623 1.8621429996564984
232 292.92255937854912 280.00007816427069 1.8699000002816319
233 292.90558156848977 280.00007835177558 1.8768959995359182
234 292.8886531714424 280.00007853873319 1.8855069996789098
235 292.87177388297965 280.00007872514982 1.8928140001371503
236 292.8549434016852 280.00007891102786 1.9015300003811717
237 292.83816142916868 280.00007909637134 1.910245000384748
238 292.82142766996054 280.00007928118293 1.9184779999777675
239 292.80474183150875 280.00007946546509 1.9267499996349216
240 292.78810362415743 280.00007964921764 1.9344600001350045
241 292.77151276103632 280.00007983245052 1.9423430003225803
242 292.75496895810585 280.00008001516119 1.9509290000423789
243 292.73847193407266 280.00008019735589 1.9591070003807545
244 292.72202141037553 280.00008037903683 1.9672079998999834
245 292.70561711111202 280.00008056021204 1.9755029994994402
246 292.68925876304246 280.00008074087424 1.9837050000205636
247 292.67294609555995 280.00008092103411 1.9912249995395541
248 292.65667884059127 280.0000811006924 1.9986260002478957
249 292.64045673264559 280.00008127985006 2.0061099994927645
250 292.62427950872615 280.00008145851325 2.0144119998440146
251 292.60814690833678 280.00008163668281 2.0216809995472431
252 292.59205867339062 280.00008181436704 2.0297389999032021
253 292.57601454825476 280.00008199156093 2.037584999576211
254 292.56001427965487 280.00008216827035 2.0454489998519421
255 292.54405761667908 280.00008234449746 2.0532510001212358
256 292.52814431074751 280.0000825202456 2.0612610001116991
257 292.51227411554351 280.00008269551631 2.0690700002014637
258 292.49644678705101 280.00008287031551 2.0774429999291897
259 292.48066208347802 280.00008304464507 2.0848639998584986
260 292.46491976521861 280.00008321850777 2.0932099996134639
261 292.44921959487772 280.00008339190134 2.1012190002948046
262 292.43356133719288 280.00008356483403 2.1093300003558397
263 292.41794475903646 280.00008373730583 2.1172799998894334
264 292.40236962937439 280.00008390931725 2.1253420002758503
265 292.38683571923622 280.00008408087785 2.1335380002856255
266 292.37134280171983 280.00008425198456 2.1421130001544952
267 292.35589065192386 280.00008442263965 2.1504750000312924
268 292.34047904697434 280.00008459284709 2.1584729999303818
269 292.32510776592846 280.00008476260967 2.1660009995102882
270 292.30977658982198 280.00008493192837 2.1725909998640418
271 292.294485301598 280.00008510080892 2.1806459994986653
272 292.27923368611346 280.00008526925183 2.1880649998784065
273 292.26402153010764 280.00008543725664 2.1961810002103448
274 292.24884862215038 280.00008560482667 2.2050320003181696
275 292.23371475267481 280.00008577196786 2.2130410000681877
276 292.21861971389035 280.00008593867796 2.2214299999177456
277 292.20356329984185 280.00008610496468 2.2292160000652075
278 292.18854530629926 280.00008627082633 2.2370739998295903
279 292.17356553080714 280.00008643626353 2.2447669999673963
280 292.15862377262994 280.00008660128225 2.2533679995685816
281 292.14371983272798 280.00008676588521 2.261060000397265
282 292.12885351376377 280.00008693007072 2.2689279997721314
283 292.11402462005867 280.00008709384309 2.2762719998136163
284 292.09923295757932 280.00008725720403 2.284064999781549
285 292.08447833392358 280.00008742015513 2.2917679995298386
286 292.06976055829097 280.00008758269951 2.3003690000623465
287 292.05507944148945 280.00008774484104 2.3082370003685355
288 292.040434795875 280.00008790657898 2.3161679999902844
289 292.02582643538437 280.00008806791845 2.3231750000268221
290 292.01125417546342 280.00008822885508 2.3310089996084571
291 291.99671783309361 280.00008838939499 2.3390009999275208
292 291.98221722675868 280.00008854954251 2.3468429995700717
293 291.96775217641448 280.00008870929713 2.3549140002578497
294 291.95332250350015 280.00008886865987 2.362987999804318
295 291.93892803088988 280.00008902763494 2.3707410003989935
296 291.92456858290171 280.00008918622035 2.3784440001472831
297 291.91024398527657 280.00008934442485 2.3867939999327064
298 291.89595406514599 280.000089502246 2.3953550001606345
299 291.88169865104214 280.00008965968573 2.4021229995414615
300 291.86747757285889 280.0000898167454 2.4107370004057884
301 291.85329066184545 280.00008997342576 2.4178769998252392
302 291.83913775060267 280.0000901297318 2.4262570003047585
303 291.82501867304973 280.00009028566609 2.4338689995929599
304 291.81093326442488 280.0000904412268 2.4415539996698499
305 291.79688136125657 280.00009059641792 2.4492379995062947
306 291.78286280136535 280.00009075124217 2.4571310002356768
307 291.76887742383428 280.00009090569733 2.4643280003219843
308 291.7549250690019 280.00009105979007 2.472113000229001
309 291.74100557846776 280.00009121351923 2.4803700000047684
310 291.7271187950181 280.00009136688595 2.4882030002772808
311 291.71326456271288 280.00009151989417 2.5137729998677969
312 291.69944272676554 280.0000916725437 2.5261110002174973
313 291.68565313360256 280.00009182483859 2.5342579996213317
314 291.67189563083082 280.00009197677991 2.5419049998745322
315 291.65817006720306 280.00009212836505 2.5493729999288917
316 291.6444762926468 280.00009227960089 2.5562960002571344
317 291.63081415821466 280.00009243048805 2.5645660003647208
318 291.61718351608971 280.00009258102705 2.572027999907732
319 291.60358421958546 280.00009273122078 2.5804739994928241
320 291.59001612310084 280.00009288106713 2.5891469996422529
321 291.57647908213721 280.00009303057294 2.5965619999915361
322 291.56297295327937 280.00009317973627 2.6048539998009801
323 291.54949759418173 280.00009332856126 2.6121800001710653
324 291.53605286355116 280.00009347704599 2.6202020002529025
325 291.5226386211624 280.0000936251929 2.627462999895215
326 291.50925472779471 280.00009377300677 2.6355299996212125
327 291.49590104529074 280.00009392048747 2.64319400023669
328 291.48257743649469 280.00009406763661 2.6507740002125502
329 291.46928376525335 280.00009421445219 2.6580140003934503
330 291.45601989641045 280.00009436093916 2.6652119997888803
331 291.44278569580189 280.00009450710206 2.6731099998578429
332 291.42958103023182 280.00009465293607 2.6808869997039437
333 291.41640576748273 280.00009479844499 2.6880909996107221
334 291.40325977628333 280.00009494363019 2.6960359998047352
335 291.39014292630878 280.0000950884961 2.7034879997372627
336 291.3770550881726 280.00009523304027 2.7117670001462102
337 291.36399613343195 280.00009537726504 2.7193879997357726
338 291.35096593453449 280.00009552117172 2.7260469999164343
339 291.33796436485926 280.00009566476137 2.7344960002228618
340 291.32499129868171 280.00009580803948 2.7416819995269179
341 291.31204661117698 280.00009595100289 2.7493669996038079
342 291.29913017837333 280.00009609365378 2.7566339997574687
343 291.28624187720521 280.00009623599391 2.7642439994961023
344 291.27338158547263 280.00009637802549 2.7731299996376038
345 291.26054918179619 280.00009651974733 2.7803579997271299
346 291.24774454569331 280.00009666116279 2.7892389995977283
347 291.23496755749568 280.00009680227481 2.7965369997546077
348 291.22221809837328 280.0000969430817 2.8048099996522069
349 291.20949605031637 280.00009708358579 2.813556999899447
350 291.19680129613903 280.00009722378695 2.8208919996395707
351 291.18413371946036 280.00009736369014 2.829088999889791
352 291.1714932047073 280.00009750329491 2.8371120002120733
353 291.15887963709326 280.00009764260022 2.8451650002971292
354 291.14629290261382 280.00009778160876 2.8527570003643632
355 291.13373288804519 280.0000979203258 2.8614280000329018
356 291.12119948095597 280.00009805874703 2.8697809996083379
357 291.10869256964452 280.00009819687443 2.8772780001163483
358 291.09621204319473 280.00009833470966 2.8857359997928143
359 291.08375779141903 280.00009847225658 2.8940880000591278
360 291.07132970488419 280.00009860951417 2.9012049995362759
361 291.05892767489371 280.00009874648441 2.9093030001968145
362 291.0465515934676 280.0000988831664 2.917276999913156
363 291.03420135335716 280.00009901956497 2.9240490002557635
364 291.02187684803414 280.0000991556787 2.9326630001887679
365 291.00957797167621 280.00009929151071 2.9397289995104074
366 290.9973046191522 280.00009942705839 2.947622999548912
367 290.98505668602968 280.00009956232634 2.9548730002716184
368 290.972834068579 280.00009969731451 2.9630709998309612
369 290.96063666374118 280.00009983202369 2.9705670000985265
370 290.94846436914298 280.0000999664569 2.9779439996927977
371 290.93631708306845 280.00010010061305 2.9862630004063249
372 290.92419470448147 280.00010023449272 2.9941410003229976
373 290.91209713298974 280.00010036810158 3.0019889995455742
374 290.90002426886548 280.00010050143692 3.0105999996885657
375 290.88797601302002 280.00010063449861 3.0191329997032881
376 290.8759522670058 280.00010076729001 3.0276009999215603
377 290.86395293302775 280.00010089981333 3.0346050001680851
378 290.85197791388453 280.00010103206705 3.0431669997051358
379 290.84002711302924 280.00010116405366 3.0508890002965927
380 290.82810043453333 280.00010129577294 3.0588349997997284
381 290.81619778305287 280.00010142722903 3.0660619996488094
382 290.80431906387918 280.00010155841693 3.0742199998348951
383 290.79246418289466 280.00010168934352 3.0819589998573065
384 290.78063304657928 280.00010182001017 3.0894860001280904
385 290.76882556199638 280.00010195041312 3.0981350000947714
386 290.75704163682371 280.00010208055539 3.1055469997227192
387 290.7452811792819 280.00010221044113 3.1136569995433092
388 290.7335440981953 280.00010234006601 3.1213109996169806
389 290.7218303029419 280.00010246943492 3.1291559999808669
390 290.71013970347752 280.00010259854861 3.1368699995800853
391 290.69847221031966 280.00010272740644 3.1448719995096326
392 290.68682773452639 280.00010285600803 3.1532579995691776
393 290.6752061877271 280.00010298435842 3.1602699998766184
394 290.66360748209416 280.00010311245791 3.1687279995530844
395 290.65203153032508 280.00010324030268 3.1763300001621246
396 290.64047824567302 280.00010336789887 3.184693000279367
397 290.62894754191211 280.00010349524678 3.191473999992013
398 290.61743933335782 280.00010362234377 3.1986349998041987
399 290.60595353483734 280.00010374919373 3.2062379997223616
400 290.59449006169831 280.00010387579869 3.2140399999916553
401 290.58304882982065 280.00010400215899 3.2226670002564788
402 290.57162975556611 280.00010412827123 3.2309280000627041
403 290.56023275582157 280.00010425414177 3.2382969995960593
404 290.54885774797594 280.00010437976869 3.2466529998928308
405 290.53750464990094 280.0001045051535 3.2540049999952316
406 290.52617337998566 280.0001046302994 3.2623530002310872
407 290.51486385709546 280.00010475520202 3.2698039999231696
408 290.50357600056742 280.00010487986611 3.2782370001077652
409 290.49230973025129 280.00010500429323 3.2855409998446703
410 290.48106496644516 280.00010512848223 3.2934309998527169
411 290.46984162994477 280.00010525243351 3.3008350003510714
412 290.45863964199259 280.00010537615242 3.3086259998381138
413 290.44745892430535 280.00010549963173 3.3157810000702739
414 290.43629939907072 280.00010562287855 3.3230179995298386
415 290.42516098893674 280.00010574589317 3.3317849999293685
416 290.41404361698335 280.00010586867387 3.3389630001038313
417 290.40294720675092 280.00010599122544 3.3471600003540516
418 290.39187168224697 280.00010611354497 3.3550869999453425
419 290.38081696789908 280.00010623563537 3.3629789995029569
420 290.36978298856957 280.00010635749459 3.3705620002001524
421 290.35876966959171 280.00010647912802 3.3784729996696115
422 290.3477769366894 280.00010660053346 3.3864439995959401
423 290.33680471604396 280.00010672171243 3.3942780001088977
424 290.32585293424961 280.0001068426659 3.4020870001986623
425 290.31492151833771 280.00010696339274 3.4103849995881319
426 290.30401039573815 280.00010708389772 3.419068000279367
427 290.29311949431269 280.00010720417936 3.4260830003768206
428 290.28224874231563 280.00010732423482 3.4341110000386834
429 290.27139806843775 280.00010744407319 3.4421269996091723
430 290.26056740176074 280.00010756368903 3.4501799996942282
431 290.24975667176608 280.00010768308351 3.4580530002713203
432 290.23896580834452 280.00010780226063 3.4645710000768304
433 290.22819474176816 280.00010792121691 3.472520999610424
434 290.21744340272414 280.00010803995576 3.4801150001585484
435 290.2067117222694 280.00010815847861 3.4876880003139377
436 290.19599963184851 280.00010827678557 3.4952339995652437
437 290.18530706331944 280.00010839487356 3.5036209998652339
438 290.17463394888006 280.00010851275067 3.5117739997804165
439 290.16398022112878 280.00010863041012 3.5196209996938705
440 290.15334581304955 280.00010874785858 3.5275769997388124
441 290.14273065796925 280.00010886509455 3.5346290003508329
442 290.13213468960799 280.00010898211701 3.5429180003702641
443 290.12155784203696 280.00010909893109 3.5511729996651411
444 290.11100004971433 280.00010921553178 3.5599760003387928
445 290.10046124743496 280.00010933192289 3.5687339995056391
446 290.08994137035842 280.00010944810771 3.5761559996753931
447 290.07944035400658 280.00010956408136 3.5839619999751449
448 290.06895813424615 280.00010967984849 3.5920329997316003
449 290.05849464730159 280.00010979540986 3.5995559999719262
450 290.0480498297423 280.00010991076283 3.6078260000795126
451 290.03762361847248 280.00011002591248 3.6153979999944568
452 290.02721595075883 280.00011014085493 3.6225220002233982
453 290.01682676419131 280.00011025559439 3.6307659996673465
454 290.00645599670202 280.00011037013007 3.6384429996833205
455 289.99610358656145 280.00011048446476 3.6461929995566607
456 289.98576947236063 280.00011059859594 3.6538990000262856
457 289.97545359303155 280.00011071252521 3.6621989998966455
458 289.96515588782512 280.00011082625485 3.6699029998853803
459 289.95487629633277 280.00011093978452 3.6784459995105863
460 289.94461475844651 280.00011105311376 3.6868059998378158
461 289.93437121439291 280.00011116624557 3.6941010002046824
462 289.92414560471951 280.00011127917719 3.7027580002322793
463 289.91393787026834 280.00011139191378 3.7111320002004504
464 289.90374795220919 280.00011150445374 3.718754000030458
465 289.89357579203357 280.00011161679697 3.7270189998671412
466 289.88342133152258 280.00011172894466 3.7355509996414185
467 289.87328451275982 280.00011184089681 3.7440539998933673
468 289.86316527814762 280.00011195265586 3.752453999593854
469 289.85306357039303 280.00011206422039 3.7595920003950596
470 289.84297933249184 280.00011217559114 3.7677659997716546
471 289.83291250772845 280.00011228677096 3.776235000230372
472 289.82286303970631 280.00011239775927 3.7830900000408292
473 289.8128308722986 280.00011250855613 3.790051999501884
474 289.80281594968778 280.00011261916183 3.7976390002295375
475 289.79281821633634 280.00011272957789 3.8055060002952814
476 289.78283761698611 280.00011283980518 3.8135320004075766
477 289.77287409667747 280.00011294984444 3.8210960002616048
478 289.76292760073022 280.00011305969372 3.829110000282526
479 289.7529980747417 280.00011316935775 3.8369460003450513
480 289.74308546458809 280.00011327883453 3.8447559997439384
481 289.73318971641169 280.00011338812328 3.8527260003611445
482 289.72331077665382 280.00011349722871 3.8613459998741746
483 289.71344859200423 280.00011360614724 3.8696889998391271
484 289.70360310944011 280.00011371488222 3.8772329995408654
485 289.69377427621004 280.00011382343371 3.8859000001102686
486 289.68396203980268 280.00011393180085 3.8928380003198981
487 289.67416634800765 280.0001140399869 3.9009199999272823
488 289.66438714884879 280.000114147989 3.9087269995361567
489 289.65462439061656 280.00011425580925 3.9154310002923012
490 289.64487802188904 280.00011436344982 3.9226869996637106
491 289.63514799146327 280.00011447091129 3.9307409999892116
492 289.625434248418 280.00011457819016 3.9388619996607304
493 289.61573674206818 280.00011468529101 3.9463109998032451
494 289.60605542199465 280.000114792212 3.9547840002924204
495 289.59639023803123 280.00011489895616 3.9632360003888607
496 289.58674114025246 280.00011500552426 3.9703069999814034
497 289.57710807897735 280.00011511191144 3.977845000103116
498 289.56749100477538 280.00011521812417 3.9855140000581741
499 289.55788986845744 280.00011532416016 3.9943089997395873
500 289.54830462108788 280.00011543002086 4.0014369999989867
501 289.53873521395496 280.00011553570647 4.009510999545455
502 289.52918159860155 280.00011564121763 4.0180310001596808
503 289.51964372678782 280.00011574655628 4.0265049999579787
504 289.51012155053206 280.00011585172086 4.0334139997139573
505 289.50061502206847 280.00011595671225 4.041308999992907
506 289.49112409387965 280.00011606153112 4.0488179996609688
507 289.48164871866391 280.00011616617769 4.0562570001929998
508 289.47218884935432 280.0001162706543 4.0642900001257658
509 289.46274443911545 280.0001163749605 4.0714859999716282
510 289.45331544133688 280.00011647909514 4.0797469997778535
511 289.44390180963427 280.00011658306022 4.0870260000228882
512 289.43450349784916 280.00011668685636 4.0952300000935793
513 289.42512046002184 280.0001167904847 4.1032729996368289
514 289.41575265044935 280.00011689394461 4.1113139996305108
515 289.40640002361869 280.00011699723541 4.1196689996868372
516 289.3970625342468 280.00011710035881 4.1270399997010827
517 289.38774013727317 280.00011720331986 4.1353730000555515
518 289.37843278782947 280.00011730610947 4.1425700001418591
519 289.36914044128343 280.00011740873447 4.1504049999639392
520 289.35986305319938 280.00011751119632 4.1569010000675917
521 289.35060057936607 280.00011761349208 4.1642680000513792
522 289.34135297576154 280.00011771562436 4.1730859996750951
523 289.33212019858354 280.00011781759196 4.1821170002222061
524 289.32290220425261 280.00011791939852 4.1891010003164411
525 289.3136989493542 280.00011802104069 4.1972749996930361
526 289.30451039071829 280.00011812252046 4.2047960003837943
527 289.2953364853376 280.00011822383919 4.2128699999302626
528 289.28617719045155 280.00011832499587 4.2202119994908571
529 289.27703246344947 280.00011842599002 4.2286829994991422
530 289.26790226196442 280.00011852682496 4.2363799996674061
531 289.25878654378823 280.0001186275008 4.2443040004000068
532 289.24968526693738 280.00011872801696 4.2527630003169179
533 289.24059838960903 280.00011882837299 4.2610799996182323
534 289.23152587019553 280.00011892857208 4.2686519995331764
535 289.22246766727358 280.000119028612 4.2767839999869466
536 289.21342373962892 280.00011912849351 4.2852229997515678
537 289.20439404622482 280.00011922821886 4.2923330003395677
538 289.19537854620569 280.00011932778716 4.3003899995237589
539 289.18637719892354 280.00011942720039 4.308071999810636
540 289.17738996389647 280.00011952645622 4.3154319999739528
541 289.16841680083689 280.00011962555823 4.3226380003616214
542 289.15945766963785 280.00011972450233 4.3307520002126694
543 289.15051253038467 280.00011982329448 4.3388849999755621
544 289.14158134332661 280.00011992193186 4.346556999720633
545 289.13266406889983 280.00012002041683 4.3541430002078414
546 289.12376066772453 280.00012011874531 4.3625349998474121
547 289.11487110060733 280.00012021692305 4.370227999985218
548 289.10599532850233 280.00012031494879 4.3780819997191429
549 289.09713331256353 280.00012041282235 4.3855429999530315
550 289.08828501411404 280.00012051054364 4.3942069998010993
551 289.0794503946538 280.00012060811383 4.4013900002464652
552 289.07062941584087 280.00012070553583 4.4089299999177456
553 289.06182203952125 280.00012080280453 4.4173510000109673
554 289.05302822770022 280.00012089992606 4.4250179994851351
555 289.04424794256147 280.00012099689548 4.4325360003858805
556 289.03548114644764 280.00012109371829 4.4407770000398159
557 289.02672780187726 280.00012119038882 4.4491999996826053
558 289.01798787151773 280.00012128691469 4.4565789997577667
559 289.00926131823007 280.00012138329265 4.4642749996855855
560 289.00054810500887 280.00012147952452 4.4728030003607273
561 288.99184819503728 280.00012157560724 4.4801470004022121
562 288.98316155164076 280.00012167154279 4.48840899951756
563 288.97448813832506 280.00012176733441 4.4958769995719194
564 288.96582791873129 280.00012186297653 4.5039860000833869
565 288.95718085668727 280.00012195847825 4.5124519998207688
566 288.94854691615814 280.00012205383183 4.520045000128448
567 288.93992606126926 280.00012214904245 4.5279559995979071
568 288.93131825631735 280.00012224410807 4.536472000181675
569 288.92272346573714 280.00012233903124 4.544917999766767
570 288.91414165412056 280.00012243380831 4.5523089999333024
571 288.90557278623169 280.00012252844436 4.5609430000185966
572 288.89701682694886 280.00012262293802 4.56812599953264
573 288.88847374134389 280.00012271728974 4.5764260003343225
574 288.87994349461002 280.0001228114977 4.5849460000172257
575 288.87142605210784 280.00012290556538 4.5939769996330142
576 288.86292137933083 280.00012299949321 4.6014660000801086
577 288.85442944193704 280.00012309327917 4.6098499996587634
578 288.84595020571982 280.0001231869249 4.6183799998834729
579 288.83748363662011 280.00012328043073 4.6258490001782775
580 288.82902970073542 280.00012337379667 4.633546999655664
581 288.8205883642957 280.00012346702482 4.6581760002300143
582 288.81215959366955 280.00012356011285 4.6694909995421767
583 288.80374335538568 280.00012365306316 4.6771160000935197
584 288.795339616104 280.00012374587538 4.6853379998356104
585 288.78694834262524 280.00012383855011 4.692884000018239
586 288.7785695019021 280.00012393108693 4.7007870003581047
587 288.77020306100025 280.00012402348784 4.7086380003020167
588 288.76184898715491 280.0001241157504 4.7160390000790358
589 288.75350724771681 280.0001242078784 4.7227330002933741
590 288.74517781019182 280.00012429986992 4.7306180000305176
591 288.73686064220561 280.0001243917244 4.7382869999855757
592 288.72855571152576 280.0001244834466 4.7458849996328354
593 288.72026298605687 280.00012457503146 4.7536070002242923
594 288.71198243383475 280.00012466648428 4.7616579998284578
595 288.70371402302777 280.00012475780028 4.7700389996170998
596 288.69545772194294 280.00012484898474 4.7775290003046393
597 288.68721349901278 280.0001249400346 4.7854779995977879
598 288.6789813227922 280.00012503095343 4.792717999778688
599 288.67076116198177 280.00012512173726 4.8005109997466207
600 288.66255298540926 280.00012521238915 4.808865999802947
601 288.65435676202497 280.0001253029094 4.8167519997805357
602 288.64617246090666 280.00012539329811 4.8245129995048046
603 288.63800005126546 280.00012548355471 4.8317139996215701
604 288.62983950242676 280.00012557368177 4.8395269997417927
605 288.62169078386165 280.00012566367673 4.8473669998347759
606 288.61355386514566 280.00012575354208 4.8549699997529387
607 288.60542871599256 280.00012584327726 4.8628589995205402
608 288.59731530622582 280.00012593288437 4.8703789999708533
609 288.5892136058153 280.00012602235955 4.8781810002401471
610 288.58112358482396 280.00012611170678 4.88654899969697
611 288.57304521345509 280.00012620092514 4.8940209997817874
612 288.56497846202819 280.00012629001566 4.9023770000785589
613 288.55692330099328 280.00012637897913 4.9098610002547503
614 288.54887970089095 280.00012646781357 4.9180699996650219
615 288.54084763241104 280.00012655651955 4.9258949998766184
616 288.53282706635133 280.00012664509984 4.9341059997677803
617 288.52481797361372 280.00012673355394 4.942149999551475
618 288.51682032523127 280.00012682188122 4.9505460001528263
619 288.50883409236195 280.00012691008288 4.9585180003196001
620 288.50085924625785 280.00012699815892 4.9654169995337725
621 288.4928957582884 280.000127086107 4.9740519998595119
622 288.48494359995829 280.00012717393338 4.9825269998982549
623 288.47700274286871 280.00012726163095 4.9893490001559258
624 288.46907315872909 280.0001273492071 4.9975789999589324
625 288.46115481937596 280.00012743665985 5.0051300004124641
626 288.45324769674625 280.00012752398607 5.0134020000696182
627 288.44535176290316 280.00012761119029 5.0211479999125004
628 288.4374669899907 280.00012769827168 5.0288699995726347
629 288.4295933503019 280.00012778522762 5.0368020003661513
630 288.42173081620621 280.00012787206344 5.0454190000891685
631 288.41387936019311 280.00012795877677 5.0530599998310208
632 288.40603895487379 280.00012804536715 5.0618150001391768
633 288.39820957294586 280.00012813183594 5.0687619997188449
634 288.39039118721911 280.00012821818387 5.0767400003969669
635 288.38258377062596 280.00012830440897 5.0848559997975826
636 288.37478729617089 280.00012839051504 5.0922879995778203
637 288.36700173700285 280.00012847649862 5.0996380001306534
638 288.35922706635529 280.00012856236435 5.1066779997199774
639 288.3514632575571 280.00012864810833 5.1139110000804067
640 288.34371028406065 280.00012873373328 5.1219720002263784
641 288.33596811940851 280.00012881923777 5.1297589996829629
642 288.3282367372484 280.00012890462671 5.1375529998913407
643 288.32051611133545 280.00012898989343 5.1451409999281168
644 288.31280621550695 280.00012907504265 5.1533599998801947
645 288.305107023733 280.00012916007364 5.1622439995408058
646 288.29741851005105 280.00012924498628 5.1696979999542236
647 288.28974064862115 280.00012932978291 5.1778849996626377
648 288.28207341369165 280.00012941445948 5.1855340003967285
649 288.27441677961008 280.00012949901952 5.1933199996128678
650 288.26677072082873 280.00012958346633 5.2016610000282526
651 288.25913521189057 280.0001296677919 5.210245999507606
652 288.25151022743324 280.0001297520036 5.21858000010252
653 288.24389574221459 280.00012983609889 5.2266370002180338
654 288.23629173104388 280.00012992007862 5.2349730003625154
655 288.22869816886617 280.00013000394375 5.2432699995115399
656 288.22111503070431 280.00013008769309 5.2507319999858737
657 288.21354229167969 280.00013017132682 5.2584680002182722
658 288.20597992700328 280.00013025484617 5.2659379998221993
659 288.19842791198784 280.00013033825257 5.2737450003623962
660 288.1908862220298 280.00013042154353 5.2809429997578263
661 288.18335483262604 280.00013050472216 5.2890849998220801
662 288.17583371935467 280.00013058778563 5.2974809994921088
663 288.16832285790213 280.00013067073655 5.3045210000127554
664 288.16082222403008 280.00013075357481 5.3128070002421737
665 288.15333179360385 280.0001308363 5.321255000308156
666 288.14585154255781 280.0001309189123 5.3285910002887249
667 288.13838144694961 280.00013100141467 5.3372520003467798
668 288.13092148289365 280.0001310838025 5.3455849997699261
669 288.12347162661354 280.00013116608085 5.3532980000600219
670 288.1160318544089 280.00013124824574 5.3615779997780919
671 288.10860214268951 280.00013133029955 5.3690269999206066
672 288.1011824679133 280.00013141224531 5.3774600001052022
673 288.09377280665603 280.00013149407778 5.3860459998250008
674 288.08637313557699 280.00013157580105 5.3927640002220869
675 288.07898343140641 280.00013165741564 5.4008419997990131
676 288.07160367098572 280.00013173891864 5.4088610000908375
677 288.06423383120506 280.00013182031284 5.4156860001385212
678 288.05687388907529 280.00013190159632 5.4227090002968907
679 288.04952382167858 280.00013198277236 5.4308059997856617
680 288.0421836061646 280.00013206383881 5.438293999992311
681 288.03485321979571 280.00013214479617 5.4463989995419979
682 288.02753263989302 280.00013222564507 5.4540799995884299
683 288.02022184387374 280.00013230638763 5.4620829997584224
684 288.01292080923128 280.00013238702212 5.4699510000646114
685 288.00562951355175 280.00013246754725 5.4772189995273948
686 287.9983479344819 280.0001325479667 5.4857489997521043
687 287.99107604976371 280.00013262827849 5.4927270002663136
688 287.98381383722432 280.0001327084845 5.5009970003738999
689 287.97656127475659 280.00013278858114 5.5092409998178482
690 287.96931834034655 280.00013286857416 5.5170949995517731
691 287.96208501205831 280.00013294846087 5.524876999668777
692 287.95486126802109 280.00013302824055 5.5324699999764562
693 287.94764708645647 280.00013310791508 5.5396039998158813
694 287.9404424456601 280.00013318748319 5.5473649995401502
695 287.93324732400731 280.00013326694722 5.5556859998032451
696 287.92606169994161 280.00013334630626 5.5632589999586344
697 287.91888555200211 280.00013342556122 5.5715250000357628
698 287.91171885878435 280.00013350471164 5.5783359995111823
699 287.90456159897735 280.00013358375662 5.5856480002403259
700 287.89741375133144 280.00013366269866 5.5942369997501373
701 287.89027529468501 280.00013374153741 5.6014639995992184
702 287.88314620794 280.00013382027049 5.6098020002245903
703 287.87602647007566 280.00013389890262 5.6175979999825358
704 287.86891606016536 280.00013397742993 5.6249620001763105
705 287.86181495732382 280.00013405585645 5.6325199995189905
706 287.85472314076014 280.00013413417827 5.6411009998992085
707 287.84764058975378 280.00013421240004 5.6479650000110269
708 287.84056728365596 280.00013429051836 5.655540999956429
709 287.83350320189089 280.00013436853658 5.6638759998604655
710 287.8264483239621 280.00013444645117 5.6707069994881749
711 287.81940262941595 280.00013452426458 5.6785690002143383
712 287.81236609790648 280.00013460197738 5.6869999999180436
713 287.80533870915161 280.00013467958797 5.6949610002338886
714 287.79832044291987 280.00013475709983 5.7029759995639324
715 287.79131127907431 280.00013483450965 5.7113420004025102
716 287.78431119752008 280.00013491181824 5.7196629997342825
717 287.77732017826833 280.00013498902985 5.7280329996719956
718 287.77033820137859 280.00013506613971 5.7355249999091029
719 287.76336524696859 280.00013514314998 5.7435389999300241
720 287.75640129524891 280.00013522006208 5.7519269995391369
721 287.7494463264884 280.00013529687254 5.7590530002489686
722 287.74250032101816 280.00013537358637 5.7670590002089739
723 287.73556325924363 280.00013545020039 5.7746749995276332
724 287.72863512163985 280.00013552671555 5.7816180000081658
725 287.72171588875364 280.00013560313261 5.7891459995880723
726 287.71480554118216 280.00013567945234 5.7970179999247193
727 287.70790405959536 280.00013575567237 5.8059829995036125
728 287.70101142473453 280.00013583179555 5.8136769998818636
729 287.69412761740807 280.00013590782146 5.8217759998515248
730 287.68725261849181 280.0001359837492 5.8290069997310638
731 287.68038640891655 280.00013605958111 5.8372689997777343
732 287.67352896967532 280.00013613531701 5.845083000138402
733 287.66668028184171 280.00013621095331 5.8531510001048446
734 287.65984032655155 280.00013628649469 5.8615929996594787
735 287.65300908499091 280.00013636193961 5.8688730001449585
736 287.64618653841944 280.00013643728846 5.8773050000891089
737 287.63937266816674 280.00013651254272 5.8847549995407462
738 287.63256745561074 280.00013658770013 5.8921790001913905
739 287.62577088219814 280.00013666276288 5.9000819995999336
740 287.61898292944608 280.00013673772918 5.9068909995257854
741 287.61220357891835 280.00013681260185 5.9145210003480315
742 287.60543281227035 280.00013688737823 5.9223859999328852
743 287.59867061116387 280.0001369620615 5.9309259997680783
744 287.59191695738997 280.00013703665076 5.9384270003065467
745 287.58517183275569 280.00013711114417 5.9468649998307228
746 287.57843521914248 280.00013718554459 5.9548260001465678
747 287.57170709849288 280.00013725984968 5.963472000323236
748 287.56498745280135 280.00013733406342 5.9718589996919036
749 287.55827626413657 280.00013740818281 5.9790350003167987
750 287.55157351461685 280.00013748220999 5.986761000007391
751 287.54487918642872 280.00013755614316 5.9954000003635883
752 287.53819326180644 280.00013762998179 6.0023760003969073
753 287.53151572304665 280.00013770373067 6.0109689999371767
754 287.52484655251106 280.0001377773844 6.0180559996515512
755 287.51818573262074 280.00013785094848 6.0265159998089075
756 287.51153324583987 280.00013792442064 6.0351170003414154
757 287.50488907471134 280.00013799780157 6.0432850001379848
758 287.49825320181662 280.00013807108621 6.0516719995066524
759 287.49162560980602 280.00013814428257 6.0588649995625019
760 287.48500628138873 280.00013821738952 6.0666260002180934
761 287.47839519931154 280.00013829040148 6.0750740002840757
762 287.47179234641033 280.00013836332386 6.081992999650538
763 287.46519770555267 280.00013843615665 6.0904160002246499
764 287.45861125966661 280.0001385088982 6.0975139997899532
765 287.45203299173806 280.00013858154881 6.1056289998814464
766 287.44546288481092 280.00013865411057 6.1132239997386932
767 287.43890092198143 280.00013872658252 6.1204580003395677
768 287.43234708639972 280.00013879896358 6.1286159995943308
769 287.4258013612706 280.00013887125436 6.1365959998220205
770 287.41926372986757 280.00013894345869 6.1442679995670915
771 287.41273417550104 280.00013901556986 6.1519910003989935
772 287.40621268153086 280.00013908759433 6.1605399996042252
773 287.39969923139131 280.00013915953042 6.1678710002452135
774 287.39319380855665 280.00013923137749 6.1759709995239973
775 287.38669639656143 280.00013930313594 6.1842339998111129
776 287.38020697898367 280.00013937480526 6.1914320001378655
777 287.37372553946676 280.00013944638795 6.1988329999148846
778 287.36725206169234 280.00013951788151 6.2060979995876551
779 287.3607865294112 280.00013958928753 6.2145010000094771
780 287.3543289264079 280.00013966060601 6.2223070003092289
781 287.34787923653403 280.00013973183735 6.2303940001875162
782 287.34143744369197 280.00013980298183 6.2379679996520281
783 287.33500353182274 280.00013987403793 6.2459479998797178
784 287.32857748493223 280.00013994500921 6.2533679995685816
785 287.32215928707438 280.0001400158929 6.2612640000879765
786 287.31574892234312 280.00014008669069 6.2698370004072785
787 287.3093463748998 280.00014015740061 6.2773759998381138
788 287.30295162894083 280.00014022802492 6.2857060004025698
789 287.29656466872922 280.0001402985643 6.2942110002040863
790 287.29018547855958 280.00014036901615 6.3011050000786781
791 287.28381404279156 280.00014043938359 6.3094170000404119
792 287.27745034582438 280.00014050966524 6.3178540002554655
793 287.27109437211311 280.0001405798605 6.3259819997474551
794 287.26474610615645 280.00014064997146 6.3327419999986887
795 287.25840553250697 280.00014071999891 6.3395879995077848
796 287.25207263576033 280.00014078994076 6.3471750002354383
797 287.24574740056431 280.000140859797 6.3549859998747706
798 287.23942981161838 280.00014092956877 6.3628030000254512
799 287.23311985366172 280.00014099925755 6.3704749997705221
800 287.22681751149395 280.0001410688601 6.3786249998956919
801 287.22052276993651 280.00014113837989 6.3870639996603131
802 287.21423561389923 280.00014120781714 6.3948069997131824
803 287.20795602829799 280.0001412771694 6.4031699998304248
804 287.20168399811547 280.00014134643948 6.4105190001428127
805 287.19541950838288 280.00014141562536 6.4189550001174212
806 287.18916254417229 280.00014148472849 6.4273729994893074
807 287.1829130906072 280.00014155374771 6.4347430001944304
808 287.17667113285631 280.00014162268445 6.4427509997040033
809 287.17043665611908 280.0001416915382 6.4508739998564124
810 287.16420964567698 280.00014176031038 6.4577419999986887
811 287.15799008680807 280.00014182899974 6.4650929998606443
812 287.15177796488138 280.00014189760799 6.4734659995883703
813 287.14557326527444 280.00014196613404 6.4809050001204014
814 287.13937597344233 280.00014203457641 6.4890689998865128
815 287.13318607485593 280.0001421029383 6.497065999545157
816 287.12700355505183 280.00014217121924 6.505137000232935
817 287.12082839961045 280.00014223941844 6.5127139994874597
818 287.11466059414283 280.00014230753533 6.520736999809742
819 287.10850012429808 280.00014237557389 6.528358000330627
820 287.10234697580768 280.00014244352985 6.5363360000774264
821 287.09620113440263 280.00014251140573 6.5439719995483756
822 287.0900625858776 280.00014257920049 6.5519949998706579
823 287.08393131607852 280.00014264691521 6.5597599996253848
824 287.07780731087263 280.00014271455046 6.5684089995920658
825 287.07169055619363 280.00014278210443 6.5753069994971156
826 287.06558103799512 280.00014284957854 6.583066999912262
827 287.05947874229525 280.00014291697363 6.590556999668479
828 287.05338365514172 280.00014298428789 6.5978189995512366
829 287.04729576261894 280.00014305152382 6.6058360002934933
830 287.04121505087818 280.00014311867966 6.6144620003178716
831 287.03514150607919 280.00014318575717 6.6217769999057055
832 287.02907511445557 280.00014325275527 6.6300689997151494
833 287.02301586225286 280.00014331967395 6.637445000000298
834 287.01696373577477 280.00014338651522 6.6453909995034337
835 287.0109187213796 280.00014345327713 6.6533110002055764
836 287.00488080542004 280.00014351995929 6.6613950002938509
837 286.99884997435322 280.00014358656614 6.668890000320971
838 286.99282621463038 280.00014365309278 6.6776599995791912
839 286.98680951275833 280.00014371954336 6.6860199999064207
840 286.9807998552763 280.00014378591413 6.6936619998887181
841 286.97479722877506 280.0001438522076 6.7018449995666742
842 286.96880161988952 280.00014391842416 6.7103409999981523
843 286.96281301527011 280.00014398456386 6.7185230003669858
844 286.95683140163794 280.00014405062535 6.7269559996202588
845 286.95085676573257 280.00014411661073 6.7339449999853969
846 286.94488909434239 280.00014418251743 6.7417980004101992
847 286.93892837427416 280.00014424835001 6.7489569997414947
848 286.93297459241279 280.00014431410295 6.7560259997844696
849 286.92702773564838 280.00014437978137 6.7641639998182654
850 286.92108779092166 280.00014444538294 6.771641000173986
851 286.9151547452243 280.00014451090732 6.7791929999366403
852 286.90922858556121 280.00014457635717 6.7881530001759529
853 286.90330929899017 280.00014464173034 6.7963429996743798
854 286.89739687261135 280.0001447070278 6.8039880003780127
855 286.89149129355712 280.00014477225022 6.8118479996919632
856 286.88559254898325 280.00014483739682 6.8344229999929667
857 286.87970062611424 280.00014490246792 6.8459169995039701
858 286.87381551218448 280.00014496746405 6.853702999651432
859 286.86793719448832 280.00014503238503 6.8619870003312826
860 286.86206566033047 280.00014509723013 6.8695559995248914
861 286.85620089708465 280.00014516200184 6.8772069998085499
862 286.85034289212416 280.00014522669807 6.8854890000075102
863 286.84449163290191 280.00014529132164 6.893796999938786
864 286.83864710687283 280.00014535586877 6.9020729996263981
865 286.83280930153927 280.00014542034199 6.9103159997612238
866 286.82697820444042 280.00014548474081 6.9175619995221496
867 286.82115380315918 280.00014554906778 6.9252720000222325
868 286.8153360853014 280.00014561331903 6.9327589999884367
869 286.80952503852797 280.00014567749696 6.9397740000858903
870 286.80372065050591 280.00014574160156 6.9471869999542832
871 286.79792290896415 280.00014580563158 6.9554679999127984
872 286.79213180165232 280.00014586959156 6.963616999797523
873 286.78634731635873 280.00014593347629 6.9714200003072619
874 286.78056944091912 280.0001459972874 6.9791270000860095
875 286.77479816319033 280.00014606102633 6.9864330003038049
876 286.76903347106088 280.00014612469107 6.9945879997685552
877 286.76327535246685 280.00014618828624 7.0029880004003644
878 286.75752379536704 280.00014625180569 7.0100450003519654
879 286.75177878777214 280.00014631525505 7.0184829998761415
880 286.74604031770082 280.00014637863069 7.0258010001853108
881 286.7403083732342 280.00014644193499 7.0336830001324415
882 286.73458294246734 280.00014650516783 7.0417200000956655
883 286.72886401353952 280.00014656832826 7.0500370003283024
884 286.72315157462015 280.0001466314182 7.0573850004002452
885 286.7174456139046 280.00014669443482 7.0651500001549721
886 286.7117461196342 280.00014675738061 7.0727559998631477
887 286.70605308008834 280.0001468202563 7.0805550003424287
888 286.70036648356245 280.00014688305879 7.0883510001003742
889 286.69468631838708 280.00014694579272 7.0968230003491044
890 286.68901257294846 280.00014700845355 7.104164999909699
891 286.68334523563675 280.0001470710443 7.1121129998937249
892 286.67768429488285 280.00014713356569 7.1199500001966953
893 286.67202973917483 280.00014719601472 7.1280509997159243
894 286.66638155699644 280.00014725839424 7.1364009995013475
895 286.6607397368881 280.00014732070304 7.1439229995012283
896 286.65510426740963 280.00014738294118 7.15104900021106
897 286.64947513716305 280.00014744511134 7.1590019995346665
898 286.64385233477566 280.00014750721039 7.1671810001134872
899 286.63823584890912 280.00014756923775 7.1746699996292591
900 286.63262566826285 280.00014763119816 7.181861000135541
901 286.62702178155422 280.00014769308854 7.1901219999417663
902 286.62142417753802 280.00014775490888 7.1966319996863604
903 286.61583284501046 280.00014781665976 7.2052619997411966
904 286.61024777278362 280.00014787834209 7.2124039996415377
905 286.60466894970853 280.00014793995626 7.2201990000903606
906 286.59909636467603 280.00014800150046 7.2269099997356534
907 286.5935300065828 280.0001480629756 7.235419999808073
908 286.58796986437989 280.00014812438292 7.2426159996539354
909 286.58241592704479 280.00014818572191 7.2510000001639128
910 286.57686818357905 280.00014824699144 7.2592319995164871
911 286.57132662301638 280.0001483081931 7.2674209997057915
912 286.56579123441992 280.00014836932684 7.274791999720037
913 286.56026200689155 280.0001484303927 7.2818069998174906
914 286.55473892954859 280.00014849139018 7.2901959996670485
915 286.54922199155726 280.00014855232166 7.2991059999912977
916 286.54371118209173 280.00014861318209 7.3058650000020862
917 286.53820649037408 280.00014867397778 7.3139690002426505
918 286.53270790565171 280.0001487347044 7.3209969997406006
919 286.52721541718967 280.000148795364 7.3294029999524355
920 286.52172901429839 280.00014885595709 7.3371980004012585
921 286.51624868630813 280.00014891648289 7.3450600001960993
922 286.51077442258338 280.00014897694194 7.3528819996863604
923 286.5053062125225 280.00014903733251 7.3603579998016357
924 286.4998440455318 280.00014909765929 7.3683540001511574
925 286.49438791107258 280.00014915791752 7.3761160001158714
926 286.48893779861618 280.0001492181089 7.384085999801755
927 286.48349369767652 280.00014927823423 7.3919789995998144
928 286.47805559778033 280.00014933829431 7.4005039995536208
929 286.47262348849551 280.00014939828554 7.4083129996433854
930 286.46719735941861 280.00014945821408 7.4152800003066659
931 286.46177720016487 280.00014951807407 7.4228750001639128
932 286.45636300038575 280.00014957786902 7.4306779997423291
933 286.45095474975938 280.00014963759958 7.4385310001671314
934 286.44555243798749 280.00014969726288 7.4462940003722906
935 286.44015605480024 280.00014975686111 7.4539909996092319
936 286.43476558996525 280.0001498163947 7.4618469998240471
937 286.42938103326583 280.00014987586349 7.4696639999747276
938 286.42400237451864 280.00014993526617 7.477564999833703
939 286.41862960356264 280.00014999460353 7.4852280002087355
940 286.41326271027532 280.00015005387644 7.4933390002697706
941 286.40790168454959 280.00015011308403 7.5012109996750951
942 286.40254651630931 280.00015017222842 7.5086129996925592
943 286.39719719551323 280.0001502313068 7.5161709999665618
944 286.39185371213637 280.00015029031971 7.5233150003477931
945 286.38651605617662 280.00015034927122 7.530987000092864
946 286.3811842176703 280.00015040815634 7.5395600004121661
947 286.37585818668157 280.00015046697757 7.5468450002372265
948 286.37053795329075 280.0001505257348 7.5548660000786185
949 286.36522350761203 280.00015058442705 7.5630679996684194
950 286.35991483977665 280.00015064305865 7.5704979998990893
951 286.35461193995906 280.00015070162493 7.5780450003221631
952 286.34931479833978 280.00015076012699 7.5856290003284812
953 286.34402340514248 280.00015081856526 7.5937689999118447
954 286.33873775061193 280.00015087694106 7.6013609999790788
955 286.3334578250076 280.00015093525394 7.6098629999905825
956 286.32818361863042 280.00015099350287 7.6178689999505877
957 286.32291512179432 280.00015105168865 7.6263779997825623
958 286.3176523248506 280.00015110981133 7.6347730001434684
959 286.31239521817031 280.00015116787114 7.6422020001336932
960 286.30714379214083 280.00015122586933 7.6504870001226664
961 286.30189803719037 280.00015128380386 7.658292000181973
962 286.29665794377183 280.00015134167722 7.666597000323236
963 286.29142350234309 280.00015139948698 7.6740260003134608
964 286.28619470341425 280.00015145723359 7.6810830002650619
965 286.2809715374961 280.00015151491891 7.6890040002763271
966 286.27575399513904 280.00015157254211 7.6966599998995662
967 286.27054206691776 280.00015163010346 7.7045649997889996
968 286.26533574342983 280.00015168760228 7.7125119995325804
969 286.2601350152849 280.00015174504074 7.7200910001993179
970 286.25493987314513 280.00015180241599 7.72728499956429
971 286.24975030766637 280.00015185973012 7.7354380004107952
972 286.24456630954631 280.00015191698242 7.7440149998292327
973 286.23938786950498 280.00015197417525 7.7511849999427795
974 286.23421497828321 280.00015203130539 7.7590159997344017
975 286.22904762664479 280.00015208837436 7.7669259998947382
976 286.22388580538359 280.00015214538172 7.7745939996093512
977 286.21872950531338 280.00015220232882 7.7816660003736615
978 286.21357871727571 280.00015225921516 7.789122000336647
979 286.20843343212812 280.0001523160401 7.7968229996040463
980 286.20329364075792 280.00015237280513 7.8051209999248385
981 286.19815933407057 280.00015242950855 7.8121649995446205
982 286.19303050299845 280.00015248615307 7.8202879996970296
983 286.18790713850171 280.00015254273364 7.8281410001218319
984 286.18278923155771 280.00015259925806 7.8363189995288849
985 286.17767677317426 280.00015265572046 7.8447719998657703
986 286.17256975436811 280.00015271212288 7.8522239997982979
987 286.16746816618672 280.00015276846557 7.8600810002535582
988 286.16237199971158 280.00015282474823 7.8686009999364614
989 286.15728124602924 280.00015288097103 7.8770580003038049
990 286.15219589625542 280.00015293713579 7.8855240000411868
991 286.14711594154096 280.00015299323888 7.8925519995391369
992 286.14204137303358 280.00015304928274 7.9002829995006323
993 286.13697218193187 280.0001531052676 7.9077110001817346
994 286.13190835944295 280.00015316119175 7.9147600000724196
995 286.12684989678348 280.00015321705939 7.9223950002342463
996 286.12179678521892 280.00015327286712 7.9304229998961091
997 286.11674901601998 280.00015332861443 7.9384540002793074
998 286.1117065804911 280.00015338430478 7.9461840000003576
999 286.10666946993746 280.0001534399363 7.9549719998613
1000 286.10163767569759 280.00015349550659 7.9620030000805855
1001 286.09661118916273 280.00015355102101 7.9703660001978278
1002 286.09159000168739 280.00015360647461 7.9779019998386502
1003 286.08657410468868 280.00015366187228 7.9847889998927712
1004 286.08156348960375 280.000153717209 7.9926530001685023
1005 286.07655814786807 280.00015377248843 8.0009420001879334
1006 286.07155807096632 280.0001538277096 8.0089900000020862
1007 286.06656325038153 280.0001538828738 8.0168829998001456
1008 286.06157367763677 280.00015393797889 8.0249809995293617
1009 286.05658934425549 280.00015399302771 8.0325220003724098
1010 286.05161024181319 280.00015404801587 8.0407189996913075
1011 286.04663636187871 280.00015410294901 8.0480570001527667
1012 286.04166769604564 280.00015415782383 8.0557409999892116
1013 286.03670423594673 280.00015421264089 8.0637630000710487
1014 286.03174597321726 280.00015426740038 8.0715709999203682
1015 286.02679289952624 280.00015432210319 8.0793230002745986
1016 286.02184500653618 280.00015437674784 8.0867130002006888
1017 286.01690228597693 280.00015443133492 8.0947120003402233
1018 286.01196472956588 280.00015448586646 8.1030940003693104
1019 286.00703232904186 280.00015454034127 8.1114299995824695
1020 286.00210507617004 280.00015459475969 8.118843000382185
1021 285.99718296275182 280.00015464911922 8.1270070001482964
1022 285.99226598057766 280.00015470342333 8.1350579997524619
1023 285.98735412149091 280.00015475767049 8.1424620002508163
1024 285.98244737732057 280.00015481186097 8.150429000146687
1025 285.97754573994882 280.00015486599534 8.1583719998598099
1026 285.97264920125679 280.00015492007418 8.166933000087738
1027 285.96775775315945 280.00015497409504 8.1753070000559092
1028 285.96287138758282 280.00015502806036 8.1829760000109673
1029 285.95799009646407 280.00015508196992 8.1900089997798204
1030 285.95311387179157 280.00015513582446 8.1972519997507334
1031 285.94824270553363 280.00015518962255 8.2054279996082187
1032 285.9433765897171 280.00015524336385 8.2133290003985167
1033 285.93851551634555 280.00015529705081 8.2211029995232821
1034 285.93365947748566 280.00015535068019 8.2281860001385212
1035 285.92880846518949 280.00015540425517 8.2365089999511838
1036 285.92396247156222 280.00015545777489 8.2438909998163581
1037 285.91912148868903 280.00015551124091 8.2523119999095798
1038 285.91428550870495 280.00015556464939 8.2610010001808405
1039 285.90945452375064 280.00015561800433 8.2679540002718568
1040 285.90462852599313 280.00015567130214 8.276053000241518
1041 285.8998075076089 280.0001557245464 8.2843270003795624
1042 285.89499146080709 280.00015577773502 8.2912189997732639
1043 285.89018037779744 280.00015583086912 8.2982419999316335
1044 285.88537425083308 280.0001558839503 8.3061319999396801
1045 285.88057307215843 280.00015593697424 8.3139359997585416
1046 285.87577683405732 280.00015598994435 8.3213929999619722
1047 285.87098552882503 280.00015604286023 8.3294259998947382
1048 285.86619914878122 280.00015609572137 8.3371670003980398
1049 285.86141768625163 280.00015614852742 8.3448850000277162
1050 285.85664113358791 280.00015620128192 8.3534209998324513
1051 285.85186948316806 280.00015625398225 8.3605410000309348
1052 285.84710272737584 280.00015630662534 8.3688759999349713
1053 285.84234085861874 280.0001563592175 8.3773699998855591
1054 285.8375838693222 280.00015641175355 8.3847540002316236
1055 285.83283175192628 280.00015646423537 8.3927009999752045
1056 285.82808449890507 280.00015651666598 8.400925999507308
1057 285.8233421027245 280.00015656904185 8.408894999884069
1058 285.81860455588884 280.0001566213644 8.4165960000827909
1059 285.81387185091933 280.00015667363238 8.4239229997619987
1060 285.80914398034622 280.00015672584783 8.4309419998899102
1061 285.80442093672036 280.00015677800991 8.4389789998531342
1062 285.79970271261334 280.00015683011935 8.4467169996351004
1063 285.79498930061982 280.00015688217525 8.4547589998692274
1064 285.79028069333623 280.00015693417754 8.4631300000473857
1065 285.78557688338486 280.00015698612708 8.4703839998692274
1066 285.78087786341234 280.00015703802336 8.4783129999414086
1067 285.77618362607632 280.00015708986723 8.4861230002716184
1068 285.77149416404785 280.00015714165852 8.4946619998663664
1069 285.76680947003206 280.00015719339723 8.5029870001599193
1070 285.76212953673121 280.00015724508387 8.5112760001793504
1071 285.7574543568727 280.00015729671696 8.5197740001603961
1072 285.75278392320712 280.00015734829856 8.5270710000768304
1073 285.74811822849375 280.00015739982609 8.5356839997693896
1074 285.74345726551832 280.00015745130213 8.5441209999844432
1075 285.73880102707193 280.00015750272792 8.5512450002133846
1076 285.73414950596651 280.00015755409817 8.5589429996907711
1077 285.72950269504196 280.00015760541885 8.5665919994935393
1078 285.72486058714105 280.00015765668616 8.5739719998091459
1079 285.72022317513631 280.0001577079039 8.5809070002287626
1080 285.71559045189082 280.00015775906832 8.5889809997752309
1081 285.71096241032092 280.00015781018089 8.5970799997448921
1082 285.7063390433367 280.00015786124146 8.6046890001744032
1083 285.70172034387633 280.00015791225167 8.6126410001888871
1084 285.6971063048793 280.00015796321009 8.6206980003044009
1085 285.69249691931475 280.00015801411689 8.6291720001026988
1086 285.68789218016644 280.00015806497441 8.6369529999792576
1087 285.68329208043036 280.00015811577612 8.6455389996990561
1088 285.67869661312017 280.00015816652984 8.6524489996954799
1089 285.67410577127708 280.00015821723167 8.6607729997485876
1090 285.66951954792717 280.00015826788297 8.668177000246942
1091 285.66493793615405 280.00015831848236 8.6766079999506474
1092 285.66036092903585 280.0001583690314 8.6849560001865029
1093 285.65578851965694 280.00015841953001 8.6924930000677705
1094 285.65122070113512 280.00015846997854 8.6999779995530844
1095 285.64665746660182 280.00015852037365 8.7083400003612041
1096 285.64209880920481 280.0001585707214 8.7167410003021359
1097 285.63754472209172 280.00015862101822 8.7255119998008013
1098 285.63299519844645 280.00015867126189 8.7331579998135567
1099 285.6284502314698 280.00015872145764 8.7395590003579855
1100 285.62390981435107 280.00015877160297 8.7463189996778965
1101 285.61937394032384 280.00015882169743 8.755103999748826
1102 285.61484260262716 280.00015887174214 8.7620369996875525
1103 285.61031579451628 280.00015892173627 8.7704539997503161
1104 285.60579350925968 280.00015897168055 8.7793659996241331
1105 285.60127574014774 280.00015902157526 8.7870770003646612
1106 285.59676248047259 280.00015907142119 8.7949419999495149
1107 285.59225372355752 280.00015912121523 8.8028239998966455
1108 285.58774946273536 280.00015917096238 8.8109069997444749
1109 285.58324969135475 280.00015922065808 8.8192140003666282
1110 285.57875440278008 280.0001592703041 8.8278360003605485
1111 285.5742635903797 280.00015931990157 8.8362020002678037
1112 285.56977724755842 280.00015936944925 8.84307000041008
1113 285.56529536771836 280.00015941894776 8.8511479999870062
1114 285.56081794428309 280.00015946839733 8.8592680003494024
1115 285.55634497069991 280.0001595177975 8.8661249997094274
1116 285.55187644041405 280.00015956714765 8.8729499997571111
1117 285.54741234688959 280.00015961645039 8.8797209998592734
1118 285.5429526836291 280.00015966570413 8.8883560001850128
1119 285.53849744411764 280.00015971490848 8.895835000090301
1120 285.53404662185591 280.00015976406331 8.9039089996367693
1121 285.52960021040303 280.00015981317142 8.9117759997025132
1122 285.52515820328745 280.00015986222803 8.9196999995037913
1123 285.5207205940543 280.00015991123712 8.9271120000630617
1124 285.51628737628818 280.00015996019806 8.9350840002298355
1125 285.51185854357556 280.00016000911154 8.9433850003406405
1126 285.50743408952218 280.00016005797545 8.9514389997348189
1127 285.50301400773429 280.00016010679218 8.9591509997844696
1128 285.49859829185112 280.0001601555586 8.9670860003679991
1129 285.49418693551144 280.00016020427955 8.9749729996547103
1130 285.4897799323756 280.00016025295156 8.9829850001260638
1131 285.48537727611762 280.00016030157445 8.9915519999340177
1132 285.48097896042788 280.00016035015022 9.01819400023669
1133 285.4765849790075 280.00016039867791 9.0279590003192425
1134 285.47219532557261 280.00016044715903 9.035376999527216
1135 285.46780999385237 280.00016049558997 9.0436190003529191
1136 285.46342897759121 280.00016054397457 9.0506640002131462
1137 285.45905227055306 280.00016059231177 9.0581639995798469
1138 285.45467986649771 280.00016064060122 9.0655650002881885
1139 285.45031175922497 280.00016068884287 9.0733749996870756
1140 285.44594794253754 280.00016073703739 9.0806949995458126
1141 285.4415884102346 280.00016078518519 9.0890159998089075
1142 285.43723315615631 280.00016083328643 9.0962899997830391
1143 285.43288217414079 280.00016088133742 9.1044870000332594
1144 285.42853545804957 280.00016092934368 9.1121020000427961
1145 285.42419300173924 280.00016097730293 9.1198800001293421
1146 285.41985479911796 280.00016102521545 9.1281260000541806
1147 285.41552084404998 280.00016107307869 9.1367929996922612
1148 285.41119113047614 280.00016112089691 9.1456559998914599
1149 285.40686565229981 280.00016116866811 9.1524440003558993
1150 285.40254440346683 280.00016121639226 9.1607560003176332
1151 285.39822737792827 280.00016126407002 9.1682850001379848
1152 285.39391456964933 280.0001613117027 9.1764030000194907
1153 285.3896059726045 280.00016135928598 9.1839910000562668
1154 285.38530158078891 280.00016140682402 9.1909809997305274
1155 285.38100138820306 280.0001614543167 9.1983759999275208
1156 285.37670538887488 280.00016150176242 9.2061639996245503
1157 285.37241357682268 280.0001615491617 9.2139640003442764
1158 285.3681259460962 280.00016159651437 9.2217239998281002
1159 285.36384249075843 280.00016164382316 9.2296299999579787
1160 285.35956320487145 280.00016169108324 9.2371500004082918
1161 285.35528808252417 280.00016173829897 9.2450400004163384
1162 285.35101711780931 280.00016178546787 9.2530129998922348
1163 285.34675030484567 280.00016183259163 9.2607049997895956
1164 285.34248763774411 280.00016187966827 9.268546000123024
1165 285.33822911064067 280.00016192670137 9.2769830003380775
1166 285.33397471769922 280.00016197368689 9.2853039996698499
1167 285.32972445306604 280.00016202062778 9.2936420002952218
1168 285.32547831091409 280.00016206752252 9.3011269997805357
1169 285.32123628544014 280.00016211437173 9.3087430000305176
1170 285.31699837084545 280.00016216117598 9.3164349999278784
1171 285.31276456133094 280.00016220793492 9.3231330001726747
1172 285.30853485112476 280.00016225464822 9.3309679999947548
1173 285.30430923447483 280.00016230131803 9.3391460003331304
1174 285.3000877056233 280.000162347941 9.3476369995623827
1175 285.29587025881938 280.00016239451952 9.355035999789834
1176 285.2916568883677 280.000162441052 9.3629470001906157
1177 285.28744758853628 280.00016248753963 9.3706149999052286
1178 285.28324235362896 280.00016253398388 9.3785830000415444
1179 285.27904117795435 280.0001625803817 9.3862490002065897
1180 285.27484405584318 280.00016262673563 9.3937719995155931
1181 285.27065098163462 280.0001626730438 9.4020159998908639
1182 285.26646194967151 280.00016271930826 9.4106710003688931
1183 285.26227695432084 280.00016276552918 9.4179720003157854
1184 285.25809598994499 280.00016281170286 9.4256819998845458
1185 285.25391905094767 280.00016285783278 9.4333979999646544
1186 285.24974613170986 280.00016290391989 9.4424649998545647
1187 285.24557722666253 280.00016294996124 9.4499739995226264
1188 285.24141233019947 280.0001629959603 9.4570979997515678
1189 285.23725143677967 280.00016304191251 9.4645549999549985
1190 285.23309454084409 280.00016308782182 9.4726529996842146
1191 285.22894163683992 280.00016313368684 9.4801719998940825
1192 285.22479271925198 280.00016317950883 9.4883909998461604
1193 285.22064778255174 280.00016322528575 9.4970180001109838
1194 285.21650682123732 280.00016327101883 9.5043409997597337
1195 285.21236982980946 280.00016331670747 9.5123150004073977
1196 285.20823680279409 280.00016336235393 9.5209210002794862
1197 285.20410773471764 280.00016340795662 9.5292849997058511
1198 285.19998262010802 280.00016345351423 9.5366740003228188
1199 285.19586145354106 280.00016349902904 9.545010999776423
1200 285.19174422956706 280.00016354449946 9.5522649995982647
1201 285.18763094276221 280.00016358992912 9.5600020000711083
1202 285.18352158772194 280.00016363531159 9.5685139996930957
1203 285.17941615902737 280.00016368065343 9.5762130003422499
1204 285.17531465131577 280.00016372595144 9.584298999980092
1205 285.17121705917918 280.0001637712042 9.5925930002704263
1206 285.16712337727364 280.00016381641581 9.6005819998681545
1207 285.1630336002367 280.00016386158376 9.6081630000844598
1208 285.15894772271713 280.00016390670942 9.6156409997493029
1209 285.15486573939489 280.00016395179097 9.6229179995134473
1210 285.15078764493819 280.00016399683022 9.6303700003772974
1211 285.14671343404768 280.00016404182702 9.6382029997184873
1212 285.14264310140987 280.00016408677914 9.6461819997057319
1213 285.1385766417518 280.00016413169038 9.6538329999893904
1214 285.13451404979094 280.00016417655763 9.6618830002844334
1215 285.1304553202624 280.00016422138293 9.6704949997365475
1216 285.12640044791033 280.00016426616526 9.6781700002029538
1217 285.12234942749831 280.00016431090569 9.686510999687016
1218 285.11830225378463 280.0001643556036 9.6938319997861981
1219 285.11425892154944 280.00016440025968 9.701681999489665
1220 285.11021942558949 280.00016444487153 9.7088989997282624
1221 285.10618376070664 280.00016448944143 9.7168509997427464
1222 285.10215192169818 280.00016453396921 9.7240810003131628
1223 285.09812390341091 280.00016457845464 9.731110000051558
1224 285.09409970065883 280.0001646228983 9.7391659999266267
1225 285.09007930828517 280.00016466730091 9.746547999791801
1226 285.08606272115952 280.00016471166089 9.7545450003817677
1227 285.08204993414381 280.00016475597852 9.7633250001817942
1228 285.07804094210701 280.00016480025414 9.7703670002520084
1229 285.07403573993861 280.00016484448912 9.778502999804914
1230 285.07003432254413 280.00016488868164 9.7864169999957085
1231 285.0660366848204 280.0001649328313 9.7941739996895194
1232 285.0620428217016 280.0001649769402 9.8020280003547668
1233 285.05805272809886 280.00016502100635 9.8104520002380013
1234 285.05406639896893 280.00016506503289 9.8181149996817112
1235 285.05008382925865 280.00016510901577 9.8259779997169971
1236 285.04610501392904 280.00016515295908 9.8339710002765059
1237 285.04212994794051 280.00016519686125 9.841640000231564
1238 285.0381586262933 280.00016524072004 9.8500669999048114
1239 285.03419104397267 280.0001652845383 9.8565170001238585
1240 285.03022719598169 280.00016532831637 9.8648359999060631
1241 285.02626707732435 280.00016537205215 9.8730450002476573
1242 285.02231068303985 280.00016541574587 9.8813370000571012
1243 285.01835800815417 280.00016545940252 9.8890279997140169
1244 285.01440904771465 280.00016550301495 9.8974599996581674
1245 285.01046379677581 280.00016554658566 9.9056080002337694
1246 285.00652225039585 280.00016559011829 9.9132129997014999
1247 285.00258440365047 280.00016563360822 9.9213640000671148
1248 284.99865025163433 280.00016567705705 9.9286949997767806
1249 284.99471978943615 280.00016572046519 9.9366629999130964
1250 284.9907930121588 280.00016576383359 9.9446849999949336
1251 284.98686991491229 280.00016580716186 9.9522639997303486
1252 284.98295049284195 280.00016585044818 9.9603169998154044
1253 284.97903474106437 280.00016589369454 9.9677539998665452
1254 284.97512265472972 280.00016593689924 9.9763749996200204
1255 284.97121422899545 280.00016598006511 9.9847849998623133
1256 284.96730945901663 280.00016602318999 9.9915899997577071
1257 284.9634083399834 280.00016606627406 9.9998540002852678
1258 284.95951086707157 280.00016610931925 10.008080000057817
1259 284.95561703548015 280.00016615232477 10.01518000010401
1260 284.95172684040568 280.00016619528697 10.023823999799788
1261 284.94784027706652 280.0001662382121 10.032154000364244
1262 284.94395734068718 280.00016628109353 10.039439000189304
1263 284.9400780265031 280.00016632393852 10.047307999804616
1264 284.93620232975042 280.00016636674297 10.055122000165284
1265 284.93233024569378 280.00016640950662 10.062676000408828
1266 284.92846176957806 280.00016645223144 10.070558999665082
1267 284.92459689669329 280.00016649491533 10.078339000232518
1268 284.92073562231025 280.00016653755932 10.086644000373781
1269 284.91687794172418 280.00016658016398 10.095119999721646
1270 284.91302385023624 280.00016662272833 10.102331000380218
1271 284.90917334315628 280.0001666652538 10.110532999970019
1272 284.90532641579324 280.00016670773994 10.11899199988693
1273 284.9014830634967 280.00016675018657 10.127755999565125
1274 284.89764328158759 280.00016679259261 10.134779999963939
1275 284.89380706542454 280.00016683496204 10.14306699950248
1276 284.88997441036128 280.00016687728919 10.150844999589026
1277 284.8861453117612 280.00016691957768 10.158362000249326
1278 284.88231976500379 280.00016696182792 10.165900000371039
1279 284.87849776547603 280.00016700403972 10.173166999593377
1280 284.87467930856519 280.00016704621117 10.180323000065982
1281 284.87086438968117 280.00016708834363 10.18859999999404
1282 284.86705300423421 280.00016713043635 10.196042000316083
1283 284.86324514764982 280.00016717249088 10.203963999636471
1284 284.859440815357 280.00016721450618 10.211775999516249
1285 284.85564000279663 280.00016725648334 10.219196000136435
1286 284.85184270541794 280.00016729842156 10.227152999490499
1287 284.84804891867554 280.00016734032084 10.235830999910831
1288 284.84425863804381 280.00016738218164 10.244138999842107
1289 284.84047185898856 280.00016742400311 10.251393999904394
1290 284.83668857701036 280.00016746578655 10.259638000279665
1291 284.83290878759937 280.00016750753127 10.267815000377595
1292 284.82913248625704 280.00016754923638 10.2757270000875
1293 284.82535966848798 280.00016759090465 10.28407199960202
1294 284.82159032982531 280.00016763253342 10.291829999536276
1295 284.81782446579393 280.00016767412467 10.299209999851882
1296 284.81406207193993 280.00016771567687 10.3059440003708
1297 284.81030314379302 280.00016775719081 10.31371400039643
1298 284.80654767693056 280.00016779866644 10.321608999744058
1299 284.8027956669174 280.00016784010398 10.329735999926925
1300 284.79904710931083 280.00016788150373 10.33714700024575
1301 284.79530199970407 280.00016792286516 10.345464999787509
1302 284.7915603336973 280.00016796418959 10.353810999542475
1303 284.78782210687899 280.0001680054736 10.361572999507189
1304 284.78408731485757 280.00016804672094 10.369613999500871
1305 284.78035595325935 280.00016808793083 10.377940000034869
1306 284.7766280177097 280.00016812910263 10.386225000023842
1307 284.77290350383646 280.00016817023794 10.394629999995232
1308 284.76918240728361 280.00016821133312 10.402985000051558
1309 284.76546472371587 280.0001682523922 10.410780999809504
1310 284.76175044878624 280.00016829341212 10.418638999573886
1311 284.75803957815873 280.00016833439719 10.427020000293851
1312 284.7543321075164 280.00016837534213 10.435333999805152
1313 284.75062803254013 280.00016841625092 10.442383999936283
1314 284.74692734893188 280.00016845712219 10.450411999598145
1315 284.7432300523991 280.0001684979548 10.458804000169039
1316 284.73953613864165 280.00016853875013 10.466582999564707
1317 284.73584560338014 280.00016857950988 10.473062999546528
1318 284.73215844234937 280.00016862023131 10.481487000361085
1319 284.72847465127938 280.00016866091607 10.488690000027418
1320 284.72479422591982 280.00016870156298 10.496340000070632
1321 284.72111716202636 280.00016874217158 10.504975000396371
1322 284.71744345535717 280.00016878274596 10.512098000384867
1323 284.7137731016752 280.00016882328231 10.52033600024879
1324 284.71010609676586 280.00016886378063 10.528711999766529
1325 284.70644243640544 280.00016890424394 10.535884999670088
1326 284.70278211639942 280.00016894466808 10.544173999689519
1327 284.69912513254997 280.00016898505567 10.551256000064313
1328 284.69547148066636 280.00016902540756 10.559681999497116
1329 284.69182115655639 280.0001690657233 10.568491999991238
1330 284.68817415605747 280.00016910600067 10.577011000365019
1331 284.68453047499941 280.000169146242 10.585775000043213
1332 284.68089010922318 280.00016918644633 10.592738999985158
1333 284.67725305459271 280.00016922661439 10.600376999936998
1334 284.67361930694591 280.00016926674647 10.608021999709308
1335 284.66998886216618 280.00016930684143 10.616662999615073
1336 284.66636171612106 280.00016934690075 10.623665999621153
1337 284.66273786469304 280.00016938692323 10.630598999559879
1338 284.65911730377098 280.00016942690826 10.638770000077784
1339 284.65550002926068 280.00016946685957 10.646360999904573
1340 284.65188603705639 280.00016950677229 10.654365000315011
1341 284.64827532308499 280.00016954664972 10.662039999850094
1342 284.64466788325683 280.00016958648962 10.669811000116169
1343 284.6410637135084 280.00016962629377 10.677957000210881
1344 284.63746280977017 280.00016966606341 10.686336999759078
1345 284.63386516800631 280.00016970579571 10.693833000026643
1346 284.63027078414336 280.00016974549288 10.702020999975502
1347 284.6266796541579 280.00016978515441 10.709704999811947
1348 284.62309177401329 280.00016982477894 10.7176230000332
1349 284.61950713969088 280.00016986436822 10.726288000121713
1350 284.61592574716462 280.00016990392157 10.734701000154018
1351 284.61234759243564 280.0001699434381 10.741759999655187
1352 284.60877267150016 280.00016998291994 10.749389999546111
1353 284.60520098036324 280.0001700223666 10.756032000295818
1354 284.6016325150311 280.00017006177694 10.764019999653101
1355 284.59806727154182 280.00017010115215 10.771502999588847
1356 284.59450524591392 280.00017014049195 10.779543999582529
1357 284.59094643418314 280.00017017979678 10.787947000004351
1358 284.58739083239954 280.00017021906598 10.795160000212491
1359 284.58383843661011 280.00017025830095 10.803437000140548
1360 284.58028924286964 280.00017029749711 10.812033000402153
1361 284.57674324725912 280.00017033665875 10.819133999757469
1362 284.57320044584418 280.00017037578613 10.827774000354111
1363 284.56966083470081 280.00017041487786 10.83487999998033
1364 284.56612440992723 280.00017045393474 10.843417000025511
1365 284.56259116760833 280.00017049295701 10.851738000288606
1366 284.55906110386411 280.00017053194279 10.860278000123799
1367 284.55553421479021 280.00017057089548 10.86826999951154
1368 284.55201049651509 280.00017060981065 10.875795000232756
1369 284.5484899451572 280.00017064869297 10.883496999740601
1370 284.54497255684691 280.0001706875384 10.890762999653816
1371 284.54145832773048 280.00017072635109 10.898033999837935
1372 284.5379472539563 280.00017076512779 10.904775999486446
1373 284.53443933167483 280.00017080386914 10.913010999560356
1374 284.53093455704391 280.00017084257598 10.920579000376165
1375 284.52743292623995 280.00017088124855 10.928476999513805
1376 284.52393443543377 280.00017091988639 10.937318000011146
1377 284.52043908080958 280.00017095849068 10.944194999523461
1378 284.51694685856057 280.00017099705764 10.952506999485195
1379 284.51345776487733 280.00017103559298 10.960184999741614
1380 284.50997179596698 280.00017107409201 10.968280999921262
1381 284.5064889480488 280.00017111255733 10.976459000259638
1382 284.5030092173256 280.00017115098848 10.98486700002104
1383 284.49953260004088 280.00017118938536 10.99155000038445
1384 284.49605909240734 280.00017122774619 10.998859000392258
1385 284.4925886906787 280.00017126607383 11.005832999944687
1386 284.48912139109734 280.00017130436731 11.013961999677122
1387 284.48565718991483 280.00017134262623 11.021875999867916
1388 284.48219608339167 280.00017138085138 11.029492000117898
1389 284.47873806779364 280.00017141904237 11.037406999617815
1390 284.47528313940205 280.00017145719892 11.045063000172377
1391 284.47183129449434 280.00017149532215 11.053391999565065
1392 284.4683825293526 280.00017153341003 11.062246999703348
1393 284.46493684028098 280.00017157146482 11.06910299975425
1394 284.46149422356882 280.00017160948568 11.077541999518871
1395 284.45805467553043 280.0001716474718 11.08602499961853
1396 284.4546181924855 280.0001716854249 11.093008999712765
1397 284.45118477075641 280.00017172334657 11.101393000222743
1398 284.4477544066558 280.00017176123077 11.109996999613941
1399 284.44432709653472 280.00017179908195 11.118389000184834
1400 284.44090283673131 280.00017183689971 11.125292000360787
1401 284.43748162359816 280.0001718746841 11.13389499951154
1402 284.43406345348268 280.00017191243552 11.141385999508202
1403 284.43064832274592 280.00017195015204 11.149551999755204
1404 284.42723622776583 280.00017198783479 11.156236000359058
1405 284.4238271649117 280.00017202548537 11.164656000211835
1406 284.42042113057386 280.00017206310224 11.172542999498546
1407 284.4170181211291 280.00017210068575 11.180703000165522
1408 284.41361813297505 280.00017213823617 11.188484000042081
1409 284.41022116251463 280.00017217575271 11.216276999562979
1410 284.40682720616445 280.00017221323702 11.225778999738395
1411 284.40343626032762 280.00017225068575 11.233799999579787
1412 284.40004832143239 280.00017228810248 11.240431999787688
1413 284.39666338589893 280.00017232548566 11.247642999514937
1414 284.39328145017373 280.00017236283651 11.255761999636889
1415 284.38990251068361 280.0001724001545 11.263296999968588
1416 284.38652656389132 280.00017243743844 11.271282999776304
1417 284.38315360623767 280.00017247468975 11.279064999893308
1418 284.37978363419057 280.00017251190854 11.286868999712169
1419 284.37641664420829 280.00017254909415 11.294782999902964
1420 284.37305263277182 280.0001725862474 11.302319999784231
1421 284.36969159635106 280.00017262336684 11.31050799973309
1422 284.3663335314468 280.00017266045359 11.317892000079155
1423 284.36297843454128 280.00017269750867 11.326171999797225
1424 284.35962630213237 280.00017273452897 11.334955000318587
1425 284.35627713071909 280.0001727715196 11.341785999946296
1426 284.35293091682729 280.00017280847408 11.349557000212371
1427 284.34958765696331 280.00017284539746 11.356657000258565
1428 284.3462473476522 280.00017288228821 11.364276999607682
1429 284.34290998542559 280.0001729191481 11.372394999489188
1430 284.33957556681946 280.00017295597206 11.380141000263393
1431 284.33624408837699 280.00017299276641 11.387787999585271
1432 284.33291554663515 280.00017302952847 11.395518999546766
1433 284.32958993816146 280.00017306625551 11.403163000009954
1434 284.32626725951337 280.00017310295237 11.410849000327289
1435 284.32294750726192 280.00017313961547 11.418747999705374
1436 284.31963067796784 280.00017317624753 11.425517999567091
1437 284.31631676821905 280.00017321284616 11.433554000221193
1438 284.31300577459479 280.00017324941331 11.440549000166357
1439 284.30969769370353 280.00017328594919 11.44718400016427
1440 284.30639252211432 280.00017332245244 11.455555999651551
1441 284.30309025645062 280.00017335892295 11.463046999648213
1442 284.2997908933167 280.00017339536208 11.470982999540865
1443 284.29649442933169 280.00017343176773 11.478081000037491
1444 284.29320086110721 280.00017346814292 11.486636999994516
1445 284.28991018528143 280.00017350448525 11.494067000225186
1446 284.28662239847864 280.00017354079472 11.502728999592364
1447 284.28333749734611 280.00017357707446 11.511207000352442
1448 284.28005547851814 280.00017361332124 11.519727000035346
1449 284.2767763386617 280.00017364953743 11.528071000240743
1450 284.27350007442698 280.00017368571889 11.535536999814212
1451 284.27022668246838 280.00017372187165 11.543666999787092
1452 284.26695615946466 280.0001737579916 11.552853000350296
1453 284.26368850209042 280.00017379408069 11.560763999819756
1454 284.26042370702635 280.00017383013733 11.568404000252485
1455 284.25716177094978 280.00017386616219 11.576057000085711
1456 284.25390269056231 280.00017390215692 11.583948999643326
1457 284.25064646256186 280.00017393811805 11.590797999873757
1458 284.2473930836511 280.00017397404883 11.597883000038564
1459 284.24414255053813 280.00017400994898 11.605515000410378
1460 284.24089485993562 280.00017404581598 11.614047999493778
1461 284.23765000856889 280.00017408165331 11.621150000020862
1462 284.23440799317137 280.00017411745858 11.629532000049949
1463 284.23116881046224 280.0001741532318 11.637238999828696
1464 284.22793245719578 280.00017418897528 11.645003999583423
1465 284.22469893010089 280.00017422468693 11.65310399979353
1466 284.2214682259318 280.0001742603672 11.660430000163615
1467 284.21824034145061 280.00017429601593 11.668754000216722
1468 284.21501527342497 280.00017433163401 11.675642999820411
1469 284.21179301859343 280.00017436722106 11.68357599992305
1470 284.20857357375758 280.00017440277639 11.690418000333011
1471 284.20535693567462 280.0001744383012 11.697596999816597
1472 284.20214310115239 280.00017447379554 11.706070000305772
1473 284.19893206695929 280.00017450925776 11.713666000403464
1474 284.19572382989378 280.00017454469031 11.721645000390708
1475 284.19251838676695 280.00017458009268 11.730445000343025
1476 284.18931573436925 280.00017461546253 11.738877999596298
1477 284.18611586952892 280.00017465080327 11.74669099971652
1478 284.18291878904415 280.00017468611111 11.755300000309944
1479 284.17972448975809 280.00017472139041 11.762465000152588
1480 284.1765329684884 280.00017475663742 11.770654999651015
1481 284.17334422206562 280.00017479185425 11.778346999548376
1482 284.17015824733096 280.00017482704186 11.7863659998402
1483 284.16697504113614 280.00017486219673 11.793938999995589
1484 284.16379460032192 280.00017489732284 11.80231299996376
1485 284.16061692174344 280.00017493241683 11.810800000093877
1486 284.15744200227351 280.00017496748052 11.817951000295579
1487 284.15426983876768 280.00017500251545 11.826131000183523
1488 284.15110042809727 280.00017503751837 11.834344999864697
1489 284.1479337671496 280.00017507249203 11.84113600011915
1490 284.14476985279316 280.00017510743368 11.848109999671578
1491 284.14160868192079 280.00017514234855 11.855646999552846
1492 284.13845025143371 280.00017517722904 11.863432000391185
1493 284.13529455821879 280.0001752120815 11.871445000171661
1494 284.13214159918704 280.00017524690276 11.879002999514341
1495 284.12899137124572 280.00017528169582 11.886845000088215
1496 284.12584387130426 280.00017531645597 11.895002000033855
1497 284.12269909628895 280.00017535118769 11.903517999686301
1498 284.11955704312209 280.00017538588895 11.910596000030637
1499 284.11641770873734 280.00017542055986 11.918777000159025
1500 284.11328109006251 280.00017545520058 11.927144999615848
1501 284.11014718404294 280.00017548981236 11.93452399969101
1502 284.10701598762734 280.000175524393 11.942619999870658
1503 284.10388749775746 280.00017555894487 11.950598999857903
1504 284.10076171139542 280.00017559346821 11.958234000019729
1505 284.09763862550165 280.00017562795887 11.96552100032568
1506 284.0945182370487 280.00017566242042 11.972546000033617
1507 284.09140054299809 280.00017569685383 11.980473999865353
1508 284.0882855403305 280.00017573125666 11.988188999705017
1509 284.08517322602864 280.00017576562936 11.997062999755144
1510 284.08206359708186 280.00017579997257 12.004499999806285
1511 284.0789566504759 280.00017583428615 12.012647000141442
1512 284.0758523832165 280.00017586856927 12.020219000056386
1513 284.07275079229674 280.00017590282317 12.027385000139475
1514 284.06965187473139 280.00017593704882 12.036039000377059
1515 284.06655562752519 280.00017597124344 12.044414999894798
1516 284.06346204770534 280.00017600541059 12.05197099968791
1517 284.06037113228427 280.00017603954655 12.060696999542415
1518 284.05728287829919 280.00017607365299 12.067850000225008
1519 284.0541972827732 280.0001761077304 12.076100000180304
1520 284.0511143427504 280.00017614177887 12.084429999813437
1521 284.04803405527247 280.00017617579886 12.092997999861836
1522 284.04495641737992 280.00017620978741 12.101115999743342
1523 284.04188142613702 280.0001762437488 12.10778299998492
1524 284.03880907858775 280.0001762776804 12.114846999756992
1525 284.03573937180897 280.00017631158306 12.122818999923766
1526 284.03267230285718 280.00017634545577 12.129982999525964
1527 284.0296078687997 280.00017637929949 12.138411000370979
1528 284.0265460667286 280.00017641311598 12.145953999832273
1529 284.02348689371507 280.00017644690178 12.15395800024271
1530 284.02043034685039 280.00017648065801 12.161589000374079
1531 284.01737642322388 280.00017651438588 12.170332999899983
1532 284.01432511992522 280.00017654808471 12.177486999891698
1533 284.01127643407159 280.00017658175568 12.185841999948025
1534 284.00823036275932 280.00017661539715 12.193740000016987
1535 284.00518690309696 280.00017664900821 12.201922000385821
1536 284.00214605220646 280.00017668259187 12.209033000282943
1537 283.99910780720057 280.00017671614694 12.21714000031352
1538 283.99607216521059 280.00017674967256 12.224824000149965
1539 283.99303912336956 280.00017678317039 12.232289999723434
1540 283.99000867880466 280.00017681663985 12.239585000090301
1541 283.98698082865963 280.00017685007958 12.24730100017041
1542 283.9839555700795 280.00017688349021 12.255207000300288
1543 283.98093290020478 280.00017691687259 12.263039999641478
1544 283.97791281619845 280.00017695022808 12.270504999905825
1545 283.97489531522064 280.00017698355339 12.278710999526083
1546 283.97188039442727 280.0001770168505 12.286461000330746
1547 283.96886805098779 280.00017705011936 12.295060000382364
1548 283.96585828208151 280.00017708335974 12.302245000377297
1549 283.96285108487041 280.00017711657091 12.3106709998101
1550 283.95984645655312 280.0001771497549 12.318059000186622
1551 283.95684439431045 280.00017718290894 12.326212000101805
1552 283.95384489531796 280.00017721603734 12.334378999657929
1553 283.95084795680305 280.00017724913545 12.342656999826431
1554 283.94785357593088 280.00017728220644 12.350808999501169
1555 283.94486174993096 280.00017731524849 12.357658999972045
1556 283.94187247600723 280.00017734826196 12.364900000393391
1557 283.93888575137601 280.00017738124842 12.37251599971205
1558 283.93590157322973 280.00017741420561 12.380571000277996
1559 283.93291993883327 280.00017744713693 12.388261999934912
1560 283.92994084538668 280.00017748003648 12.396150000393391
1561 283.92696429012801 280.00017751291006 12.403744000010192
1562 283.92399027029688 280.00017754575634 12.411801000125706
1563 283.92101878312963 280.00017757857449 12.419789999723434
1564 283.91804982587553 280.00017761136206 12.427259000018239
1565 283.91508339578871 280.00017764412348 12.434689999558032
1566 283.91211949011245 280.00017767685858 12.441935000009835
1567 283.90915810611693 280.00017770956401 12.449362999759614
1568 283.90619924105482 280.00017774224267 12.456222999840975
1569 283.9032428922136 280.00017777489279 12.464151999913156
1570 283.90028905683988 280.0001778075158 12.472133999690413
1571 283.89733773222986 280.00017784011004 12.479926000349224
1572 283.89438891565607 280.00017787267899 12.487870999611914
1573 283.8914426043998 280.00017790521611 12.495741999708116
1574 283.88849879576304 280.00017793772929 12.504133000038564
1575 283.88555748703425 280.00017797021309 12.512722999788821
1576 283.88261867551824 280.00017800266943 12.521084999665618
1577 283.87968235850906 280.00017803509979 12.529625999741256
1578 283.87674853331316 280.00017806750139 12.538235999643803
1579 283.87381719724777 280.0001780998744 12.545425999909639
1580 283.87088834763279 280.00017813222166 12.553439999930561
1581 283.86796198178041 280.00017816454067 12.561487999744713
1582 283.86503809702134 280.00017819683313 12.56883000023663
1583 283.86211669068058 280.00017822909638 12.576972000300884
1584 283.85919776009939 280.00017826133336 12.584375999867916
1585 283.85628130260039 280.00017829354226 12.591884999535978
1586 283.85336731554122 280.00017832572655 12.598690999671817
1587 283.85045579626109 280.000178357881 12.606011999770999
1588 283.84754674210404 280.00017839000907 12.613753000274301
1589 283.84464015044711 280.00017842210923 12.621248000301421
1590 283.84173601862153 280.00017845418319 12.628402999602258
1591 283.83883434400798 280.00017848622838 12.63663399964571
1592 283.83593512396652 280.00017851824828 12.643960000015795
1593 283.83303835586833 280.00017855024083 12.652435000054538
1594 283.830144037092 280.00017858220701 12.659699999727309
1595 283.82725216502075 280.00017861414392 12.667976999655366
1596 283.82436273704491 280.00017864605587 12.676415000110865
1597 283.82147575052699 280.00017867793957 12.684674999676645
1598 283.81859120288073 280.00017870979661 12.692815999500453
1599 283.81570909150531 280.00017874162683 12.700965999625623
1600 283.81282941378407 280.00017877343271 12.707561999559402
1601 283.80995216713745 280.00017880520812 12.714766999706626
1602 283.80707734896725 280.00017883695955 12.72244600020349
1603 283.80420495668767 280.00017886868176 12.730405000038445
1604 283.80133498772176 280.00017890037799 12.738911000080407
1605 283.79846743947706 280.00017893204893 12.746074000373483
1606 283.79560230938984 280.0001789636911 12.75405600015074
1607 283.79273959488472 280.00017899530701 12.761610000394285
1608 283.78987929340627 280.00017902689768 12.769856000319123
1609 283.78702140237374 280.00017905846113 12.778389000333846
1610 283.78416591924287 280.00017908999604 12.786674000322819
1611 283.78131284145502 280.00017912150753 12.795003999955952
1612 283.77846216645764 280.00017915298798 12.802314000204206
1613 283.77561389170864 280.0001791844453 12.810643999837339
1614 283.77276801466223 280.00017921587647 12.819052999839187
1615 283.76992453277808 280.00017924727928 12.826511000283062
1616 283.76708344353176 280.00017927865832 12.835141000337899
1617 283.76424474438068 280.00017931000843 12.84247300028801
1618 283.76140843280746 280.00017934133297 12.84975599963218
1619 283.75857450628462 280.00017937263164 12.856483000330627
1620 283.75574296229706 280.00017940390387 12.864044000394642
1621 283.75291379832771 280.00017943515007 12.872062999755144
1622 283.75008701186431 280.00017946636865 12.879592999815941
1623 283.74726260040336 280.00017949756284 12.887622999958694
1624 283.74444056144523 280.00017952872992 12.895225999876857
1625 283.74162089248688 280.00017955986988 12.903169999830425
1626 283.73880359102935 280.00017959098511 12.911732000298798
1627 283.73598865459741 280.00017962207272 12.918960999697447
1628 283.73317608067936 280.00017965313492 12.926788000389934
1629 283.73036586681269 280.00017968417256 12.934592999517918
1630 283.72755801050869 280.00017971518196 12.942505000159144
1631 283.72475250928812 280.00017974616543 12.950450000353158
1632 283.72194936068297 280.0001797771252 12.958127999678254
1633 283.71914856223981 280.00017980805757 12.966099999845028
1634 283.71635011147163 280.00017983896322 12.973211999982595
1635 283.71355400593944 280.00017986984301 12.980697999708354
1636 283.71076024316761 280.00017990069807 12.988521000370383
1637 283.70796882071613 280.00017993152915 12.997200000099838
1638 283.70517973612345 280.00017996233112 13.004464999772608
1639 283.70239298695719 280.00017999310774 13.012601999565959
1640 283.69960857077734 280.00018002385872 13.02016600035131
1641 283.69682648513583 280.00018005458423 13.02719600033015
1642 283.69404672760288 280.00018008528315 13.035804999992251
1643 283.691269295751 280.00018011595944 13.042860999703407
1644 283.6884941871582 280.00018014660918 13.051404999569058
1645 283.68572139938777 280.00018017723215 13.059956999495625
1646 283.68295093002888 280.00018020782841 13.068903000093997
1647 283.68018277666744 280.00018023839971 13.075947999954224
1648 283.6774169369059 280.00018026894742 13.084126999601722
1649 283.67465340830938 280.00018029946909 13.093077000230551
1650 283.67189218849364 280.00018032996405 13.10132799949497
1651 283.66913327504835 280.00018036043406 13.108328999951482
1652 283.6663766655758 280.00018039087718 13.116224999539554
1653 283.66362235769725 280.0001804212967 13.124149000272155
1654 283.66087034900517 280.00018045169071 13.131086999550462
1655 283.6581206371323 280.00018048205823 13.138856000266969
1656 283.65537321968014 280.00018051240255 13.146755999885499
1657 283.65262809427736 280.00018054271862 13.154559999704361
1658 283.64988525855415 280.00018057301151 13.16242599952966
1659 283.64714471013247 280.00018060327801 13.170140000060201
1660 283.64440644665029 280.00018063351939 13.177864000201225
1661 283.64167046573527 280.00018066373474 13.186169000342488
1662 283.63893676503733 280.00018069392712 13.193740000016987
1663 283.63620534219393 280.00018072409335 13.202112999744713
1664 283.63347619485052 280.00018075423333 13.210613000206649
1665 283.63074932065803 280.00018078434977 13.219104000367224
1666 283.62802471728031 280.00018081444119 13.2262850003317
1667 283.62530238236741 280.00018084450659 13.234403000213206
1668 283.62258231357862 280.00018087454771 13.240942999720573
1669 283.61986450858154 280.00018090456371 13.24806599970907
1670 283.61714896504373 280.00018093455463 13.255731999874115
1671 283.61443568063282 280.00018096452163 13.263802000321448
1672 283.61172465303207 280.00018099446163 13.271475999616086
1673 283.60901587991026 280.00018102437855 13.28006500005722
1674 283.60630935896444 280.00018105426847 13.287549999542534
1675 283.6036050878746 280.00018108413514 13.295371999964118
1676 283.60090306431709 280.00018111397702 13.303249999880791
1677 283.59820328599875 280.00018114379236 13.311362000182271
1678 283.59550575061604 280.00018117358496 13.318792999722064
1679 283.59281045586164 280.00018120335193 13.326675999909639
1680 283.59011739943855 280.00018123309474 13.335202000103891
1681 283.5874265790564 280.00018126281287 13.342438999563456
1682 283.5847379924349 280.0001812925068 13.350309000350535
1683 283.58205163727138 280.00018132217451 13.357177999801934
1684 283.5793675112912 280.00018135181864 13.364373999647796
1685 283.57668561220987 280.00018138143673 13.372267999686301
1686 283.57400593776549 280.00018141103226 13.397172999568284
1687 283.57132848566056 280.00018144060306 13.409152000211179
1688 283.56865325364623 280.00018147014953 13.417585000395775
1689 283.56598023944758 280.00018149967082 13.424479999579489
1690 283.56330944080565 280.0001815291667 13.432842000387609
1691 283.56064085545927 280.00018155863955 13.440081999637187
1692 283.55797448115123 280.00018158808837 13.447402999736369
1693 283.55531031563618 280.00018161751098 13.455412999726832
1694 283.55264835665241 280.0001816469092 13.463189999572933
1695 283.54998860196702 280.00018167628434 13.470865000039339
1696 283.54733104932853 280.0001817056355 13.47862400021404
1697 283.54467569650069 280.00018173496125 13.487370999529958
1698 283.54202254124931 280.00018176426215 13.494641999714077
1699 283.53937158133505 280.00018179354043 13.502910999581218
1700 283.5367228145405 280.00018182279285 13.51122699957341
1701 283.53407623863296 280.00018185202242 13.51953100040555
1702 283.53143185138299 280.00018188122613 13.527839000336826
1703 283.52878965058426 280.00018191040687 13.535582999698818
1704 283.52614963401243 280.00018193956487 13.542756999842823
1705 283.52351179945941 280.00018196869712 13.551459999755025
1706 283.52087614471901 280.0001819978059 13.559861999936402
1707 283.51824266757359 280.00018202688943 13.568518999963999
1708 283.51561136582421 280.00018205595092 13.577019999735057
1709 283.51298223727315 280.00018208498739 13.585490999743342
1710 283.51035527972778 280.00018211400032 13.592678999528289
1711 283.5077304909837 280.00018214298774 13.600805999711156
1712 283.50510786886542 280.00018217195208 13.608911999501288
1713 283.5024874111694 280.00018220089237 13.616564000025392
1714 283.4998691157345 280.00018222981021 13.623740999959409
1715 283.49725298036157 280.00018225870332 13.631874999962747
1716 283.49463900287492 280.0001822875729 13.639113999903202
1717 283.49202718110581 280.00018231641758 13.647243999876082
1718 283.4894175128868 280.00018234523975 13.655013999901712
1719 283.48680999604153 280.0001823740368 13.66376500017941
1720 283.48420462841261 280.00018240281054 13.672179999761283
1721 283.48160140782761 280.00018243156075 13.679756999947131
1722 283.47900033214876 280.00018246028912 13.687691000290215
1723 283.47640139919912 280.00018248899056 13.695477999746799
1724 283.4738046068411 280.00018251767136 13.703239000402391
1725 283.47120995292067 280.00018254632624 13.71112500037998
1726 283.46861743529723 280.00018257495827 13.719565000385046
1727 283.46602705181522 280.00018260356751 13.727118000388145
1728 283.46343880035266 280.00018263215202 13.735098999924958
1729 283.46085267875861 280.00018266071447 13.742379000410438
1730 283.45826868490462 280.00018268925152 13.749664999544621
1731 283.4556868166693 280.00018271776599 13.756865999661386
1732 283.45310707191294 280.00018274625654 13.76441300008446
1733 283.45052944851506 280.00018277472577 13.772343999706209
1734 283.44795394436466 280.00018280316925 13.779868999496102
1735 283.4453805573292 280.00018283159011 13.787916000001132
1736 283.44280928530435 280.0001828599892 13.795660000294447
1737 283.44024012617507 280.00018288836225 13.804224999621511
1738 283.43767307783446 280.00018291671233 13.813040000386536
1739 283.43510813817596 280.00018294503985 13.820244999602437
1740 283.43254530509421 280.00018297334492 13.827694999985397
1741 283.4299845764898 280.00018300162481 13.836043000221252
1742 283.42742595027471 280.00018302988212 13.843758000060916
1743 283.42486942434732 280.00018305811682 13.85194499976933
1744 283.42231499662233 280.00018308632878 13.86033200006932
1745 283.41976266500586 280.00018311451612 13.86867699958384
1746 283.4172124274175 280.00018314268226 13.876143000088632
1747 283.41466428177608 280.00018317082413 13.883856000378728
1748 283.41211822600485 280.00018319894235 13.891425999812782
1749 283.4095742580231 280.00018322703892 13.899563999846578
1750 283.40703237576457 280.00018325511121 13.907806999981403
1751 283.40449257715488 280.00018328316202 13.914420999586582
1752 283.40195486013346 280.00018331118838 13.922946999780834
1753 283.39941922263074 280.00018333919201 13.930674999952316
1754 283.39688566258451 280.00018336717335 13.938736000098288
1755 283.39435417794624 280.0001833951311 13.946458999998868
1756 283.39182476665212 280.00018342306612 13.954229000024498
1757 283.38929742666306 280.00018345097845 13.961813000030816
1758 283.38677215590849 280.00018347886908 13.969817999750376
1759 283.38424895236074 280.00018350673452 13.977551000192761
1760 283.38172781397168 280.00018353457898 13.985496999695897
1761 283.37920873869973 280.00018356240048 13.992901000194252
1762 283.37669172451086 280.00018359019839 14.000888999551535
1763 283.37417676936985 280.0001836179747 14.009072000160813
1764 283.37166387123744 280.00018364572657 14.01683699991554
1765 283.36915302809541 280.0001836734566 14.024486999958754
1766 283.36664423791581 280.00018370116567 14.031514000147581
1767 283.36413749867359 280.00018372884887 14.039854999631643
1768 283.36163280835433 280.0001837565116 14.047357000410557
1769 283.35913016492611 280.00018378415245 14.055928999558091
1770 283.35662956639504 280.00018381176909 14.06307499948889
1771 283.3541310107301 280.00018383936299 14.071584000252187
1772 283.35163449593529 280.00018386693461 14.079183000139892
1773 283.34914001999999 280.00018389448473 14.087555999867618
1774 283.34664758092958 280.00018392201059 14.095440999604762
1775 283.34415717671669 280.00018394951456 14.103145999833941
1776 283.34166880535952 280.0001839769958 14.110568000003695
1777 283.3391824648715 280.00018400445691 14.118935000151396
1778 283.33669815326027 280.00018403189387 14.126067999750376
1779 283.33421586854001 280.00018405930859 14.133380999788642
1780 283.33173560870966 280.00018408670064 14.140917000360787
1781 283.32925737180113 280.00018411407029 14.149451999925077
1782 283.32678115583178 280.0001841414184 14.156423999927938
1783 283.32430695881493 280.00018416874406 14.164804000407457
1784 283.32183477878618 280.0001841960472 14.172276999801397
1785 283.31936461377381 280.00018422332766 14.180021000094712
1786 283.31689646179478 280.00018425058579 14.188098000362515
1787 283.31443032090095 280.00018427782271 14.195559999905527
1788 283.31196618910815 280.00018430503735 14.203499999828637
1789 283.30950406447482 280.0001843322292 14.211942000314593
1790 283.3070439450313 280.0001843593983 14.219507999718189
1791 283.30458582882216 280.00018438654553 14.227700999937952
1792 283.30212971389955 280.00018441367274 14.234501999802887
1793 283.29967559830982 280.000184440775 14.242898999713361
1794 283.29722348010921 280.00018446785674 14.251253999769688
1795 283.29477335734407 280.00018449491677 14.259200999513268
1796 283.29232522808081 280.00018452195377 14.267494999803603
1797 283.28987909037841 280.00018454896923 14.275732999667525
1798 283.28743494229235 280.0001845759632 14.283410999923944
1799 283.28499278190463 280.00018460293472 14.29177900031209
1800 283.28255260727479 280.00018462988504 14.298390000127256
1801 283.2801144164672 280.00018465681154 14.306850000284612
1802 283.27767820757288 280.00018468371781 14.314426999539137
1803 283.27524397864528 280.00018471060235 14.322328000329435
1804 283.27281172778333 280.00018473746496 14.329796000383794
1805 283.27038145306722 280.00018476430409 14.337969999760389
1806 283.2679531525684 280.00018479112316 14.345072000287473
1807 283.26552682438296 280.00018481791938 14.353683999739587
1808 283.2631024666112 280.00018484469422 14.362006000243127
1809 283.26068007732636 280.00018487144706 14.369834000244737
1810 283.25825965463036 280.00018489818041 14.377980999648571
1811 283.25584119662523 280.00018492488908 14.384638999588788
1812 283.25342470140913 280.00018495157752 14.392978999763727
1813 283.25101016708629 280.00018497824283 14.401376999914646
1814 283.24859759176042 280.00018500488858 14.40833199955523
1815 283.24618697353839 280.00018503151131 14.415420999750495
1816 283.2437783105342 280.0001850581138 14.423027999699116
1817 283.24137160085957 280.00018508469316 14.431707999669015
1818 283.23896684263229 280.00018511125319 14.439670000225306
1819 283.23656403397109 280.00018513778878 14.448599999770522
1820 283.23416317298876 280.00018516430453 14.455815999768674
1821 283.23176425781833 280.00018519079771 14.463870000094175
1822 283.22936728659477 280.00018521727026 14.471622999757528
1823 283.22697225742627 280.00018524372138 14.479485999792814
1824 283.224579168449 280.00018527015055 14.487076999619603
1825 283.22218801780502 280.00018529655921 14.49507899954915
1826 283.21979880363358 280.00018532294609 14.503082999959588
1827 283.21741152405798 280.00018534931189 14.510476999916136
1828 283.21502617723797 280.00018537565683 14.518253999762237
1829 283.21264276131058 280.00018540197891 14.52532699983567
1830 283.21026127441144 280.00018542828104 14.532905000261962
1831 283.20788171470349 280.00018545456123 14.540796999819577
1832 283.20550408033409 280.00018548082039 14.549917000345886
1833 283.20312836946289 280.00018550705778 14.557218000292778
1834 283.20075458023155 280.0001855332743 14.564582999795675
1835 283.198382710808 280.00018555946946 14.572294999845326
1836 283.19601275936463 280.00018558564392 14.580147000029683
1837 283.19364472405175 280.00018561179689 14.587818999774754
1838 283.19127860304098 280.00018563792855 14.595550999976695
1839 283.18891439449408 280.00018566403929 14.602442000061274
1840 283.18655209659158 280.00018569012803 14.610829999670386
1841 283.18419170750616 280.00018571619694 14.617851999588311
1842 283.18183322541211 280.00018574224362 14.626070999540389
1843 283.17947664848901 280.0001857682721 14.633297000080347
1844 283.17712197491994 280.00018579427706 14.64052200037986
1845 283.17476920288209 280.00018582026161 14.647615999914706
1846 283.17241833056892 280.00018584622381 14.65567999985069
1847 283.17006935616746 280.00018587216624 14.664219999685884
1848 283.16772227786657 280.00018589808826 14.671641999855638
1849 283.16537709386444 280.00018592398862 14.679654000326991
1850 283.16303380235126 280.00018594986926 14.687389999628067
1851 283.16069240153524 280.00018597572716 14.69607499986887
1852 283.15835288960113 280.00018600156574 14.703285999596119
1853 283.15601526476769 280.00018602738231 14.711288999766111
1854 283.15367952523343 280.0001860531778 14.719635999761522
1855 283.1513456692075 280.00018607895402 14.727981999516487
1856 283.14901369490104 280.00018610470852 14.735391000285745
1857 283.14668360052542 280.00018613044227 14.743664999492466
1858 283.14435538429439 280.00018615615562 14.752031999640167
1859 283.14202904443198 280.00018618184777 14.760439000092447
1860 283.1397045791536 280.00018620751842 14.768895000219345
1861 283.13738198668318 280.00018623317055 14.777188000269234
1862 283.13506126524169 280.00018625880062 14.78568399976939
1863 283.13274241305379 280.00018628441131 14.79411599971354
1864 283.13042542835564 280.00018630999989 14.80112100020051
1865 283.12811030938252 280.00018633556635 14.808973000384867
1866 283.12579705436406 280.00018636111622 14.817521999590099
1867 283.12348566153435 280.00018638664295 14.824521999806166
1868 283.12117612912795 280.00018641215058 14.832855000160635
1869 283.11886845539766 280.00018643763633 14.840037999674678
1870 283.11656263858197 280.00018646310315 14.847280000336468
1871 283.11425867691935 280.00018648854729 14.855201999656856
1872 283.11195656867153 280.00018651397204 14.86392099969089
1873 283.10965631208757 280.00018653937752 14.872189000248909
1874 283.10735790540667 280.00018656476021 14.879723999649286
1875 283.10506134689217 280.00018659012437 14.887817000038922
1876 283.10276663480221 280.00018661546773 14.895653000101447
1877 283.10047376739305 280.0001866407909 14.903311999514699
1878 283.09818274293224 280.00018666609282 14.911252999678254
1879 283.09589355968245 280.00018669137467 14.919420000165701
1880 283.09360621590628 280.0001867166352 14.927050000056624
1881 283.09132070987334 280.00018674187686 14.935317000374198
1882 283.08903703985777 280.00018676709857 14.943644000217319
1883 283.08675520413271 280.00018679230027 14.952022000215948
1884 283.08447520096882 280.00018681747963 14.960218000225723
1885 283.08219702865517 280.00018684264103 14.968480000272393
1886 283.07992068545769 280.00018686778066 14.976711999624968
1887 283.07764616966637 280.0001868929005 14.984958999790251
1888 283.07537347956617 280.000186918 14.993347999639809
1889 283.07310261344622 280.00018694308068 15.001873999834061
1890 283.07083356958805 280.00018696814004 15.009030999615788
1891 283.06856634629389 280.00018699317997 15.016861000098288
1892 283.06630094184243 280.00018701819954 15.024621999822557
1893 283.06403735454074 280.00018704319956 15.03307200036943
1894 283.0617755826849 280.00018706817929 15.040408000349998
1895 283.05951562457437 280.00018709313787 15.047519999556243
1896 283.05725747851073 280.00018711807826 15.055700999684632
1897 283.05500114279795 280.00018714299705 15.06302999984473
1898 283.05274661574538 280.00018716789725 15.071023999713361
1899 283.05049389566358 280.00018719277489 15.078528000041842
1900 283.04824298085975 280.00018721763411 15.086361999623477
1901 283.04599386964884 280.00018724247354 15.094778999686241
1902 283.04374656034668 280.00018726729354 15.103163999505341
1903 283.04150105127542 280.00018729209302 15.111685000360012
1904 283.03925734074204 280.0001873168726 15.118904000148177
1905 283.03701542708495 280.00018734163348 15.126954999752343
1906 283.03477530862079 280.00018736637293 15.134717999957502
1907 283.03253698367877 280.0001873910939 15.143225999549031
1908 283.03030045057881 280.0001874157939 15.151508999988437
1909 283.02806570765659 280.00018744047566 15.159822999499738
1910 283.02583275325185 280.00018746513581 15.168655999936163
1911 283.02360158569348 280.00018748977806 15.17633100040257
1912 283.02137220332742 280.00018751439922 15.184274000115693
1913 283.01914460447546 280.00018753900213 15.191131999716163
1914 283.01691878749307 280.00018756358361 15.198142999783158
1915 283.01469475072577 280.00018758814633 15.205764999613166
1916 283.0124724925027 280.00018761268933 15.213522999547422
1917 283.01025201119228 280.00018763721243 15.221307000145316
1918 283.00803330513821 280.00018766171632 15.228986999951303
1919 283.00581637268834 280.00018768620009 15.236681999638677
1920 283.00360121219205 280.00018771066522 15.244830999523401
1921 283.00138782201947 280.0001877351088 15.252426000311971
1922 282.99917620052003 280.00018775953538 15.259855000302196
1923 282.9969663460563 280.00018778394065 15.267578999511898
1924 282.99475825699386 280.0001878083267 15.275619999505579
1925 282.99255193169756 280.00018783269434 15.283622999675572
1926 282.9903473685269 280.00018785704077 15.290745999664068
1927 282.98814456586052 280.00018788137055 15.297857999801636
1928 282.98594352206425 280.00018790567987 15.305720999836922
1929 282.9837442355111 280.00018792996769 15.31343000009656
1930 282.98154670457762 280.00018795423767 15.321317000314593
1931 282.97935092763919 280.00018797848884 15.329265999607742
1932 282.97715690307791 280.00018800271954 15.336760000325739
1933 282.97496462928058 280.00018802693137 15.34477199986577
1934 282.97277410461538 280.00018805112427 15.352359999902546
1935 282.97058532747803 280.00018807529733 15.360832000151277
1936 282.9683982962664 280.00018809945124 15.368331000208855
1937 282.96621300935169 280.0001881235857 15.376563999801874
1938 282.96402946512728 280.00018814769987 15.384781999513507
1939 282.96184766199832 280.00018817179733 15.392283000051975
1940 282.95966759835625 280.00018819587365 15.398838000372052
1941 282.95748927259956 280.00018821993058 15.406027999706566
1942 282.95531268311959 280.00018824397046 15.413614999502897
1943 282.95313782832983 280.00018826799021 15.421400999650359
1944 282.95096470662384 280.00018829198922 15.429607000201941
1945 282.94879331642056 280.0001883159706 15.436968999914825
1946 282.94662365611458 280.00018833993414 15.445298999547958
1947 282.94445572411894 280.00018836387591 15.453170999884605
1948 282.9422895188539 280.00018838780011 15.460946000181139
1949 282.94012503872386 280.00018841170549 15.468607000075281
1950 282.93796228215723 280.00018843559042 15.475961999967694
1951 282.93580124755783 280.00018845945692 15.484081000089645
1952 282.9336419333481 280.00018848330529 15.492227000184357
1953 282.93148433795216 280.00018850713485 15.500121000222862
1954 282.92932845980505 280.00018853094315 15.508050999604166
1955 282.92717429730857 280.00018855473473 15.515099999494851
1956 282.92502184891083 280.00018857850614 15.522726000286639
1957 282.92287111303864 280.00018860225964 15.530689000152051
1958 282.92072208811231 280.00018862599353 15.538058999925852
1959 282.91857477257929 280.00018864970895 15.54647000040859
1960 282.91642916486762 280.00018867340526 15.55523999966681
1961 282.91428526341457 280.00018869708288 15.583359000273049
1962 282.91214306666564 280.00018872074151 15.591841000132263
1963 282.91000257306115 280.00018874438166 15.598519000224769
1964 282.90786378104048 280.00018876800237 15.606283999979496
1965 282.90572668904474 280.00018879160501 15.613948999904096
1966 282.90359129553764 280.00018881518872 15.62185600027442
1967 282.90145759895489 280.00018883875344 15.629614999517798
1968 282.89932559774206 280.00018886229913 15.637618999928236
1969 282.89719529037308 280.00018888582713 15.645166999660432
1970 282.89506667528917 280.00018890933649 15.653084999881685
1971 282.89293975094733 280.00018893282606 15.661429000087082
1972 282.89081451580603 280.00018895629722 15.669718000106514
1973 282.88869096833707 280.00018897975082 15.678031000308692
1974 282.88656910699245 280.00018900318418 15.686498999595642
1975 282.88444893023728 280.00018902660162 15.694937000051141
1976 282.88233043654151 280.00018904999752 15.702375999651849
1977 282.88021362437371 280.00018907337517 15.710432999767363
1978 282.87809849219667 280.00018909673634 15.718054999597371
1979 282.87598503849574 280.00018912007664 15.726111000403762
1980 282.87387326173945 280.00018914339972 15.734364000149071
1981 282.87176316040069 280.00018916670354 15.741027999669313
1982 282.8696547329593 280.00018918998967 15.747945999726653
1983 282.86754797789831 280.00018921325602 15.755571000277996
1984 282.86544289369175 280.00018923650504 15.763373999856412
1985 282.86333947883088 280.0001892597341 15.771064999513328
1986 282.86123773179412 280.00018928294793 15.778854000382125
1987 282.85913765107358 280.00018930614129 15.786686999723315
1988 282.85703923516394 280.00018932931675 15.794453999958932
1989 282.85494248254713 280.00018935247363 15.802410000003874
1990 282.85284739171811 280.00018937561174 15.810472999699414
1991 282.85075396116906 280.00018939873087 15.817653999663889
1992 282.84866218940363 280.00018942183266 15.825747000053525
1993 282.84657207491165 280.00018944491518 15.833089999854565
1994 282.84448361620446 280.00018946798087 15.840327999554574
1995 282.84239681177309 280.00018949102878 15.84776599984616
1996 282.84031166012807 280.00018951405769 15.855611000210047
1997 282.83822815977078 280.00018953706854 15.86326100025326
1998 282.83614630921505 280.00018956006153 15.871222999878228
1999 282.83406610696125 280.00018958303292 15.878894000314176
2000 282.83198755152608 280.00018960599135 15.886772000230849
