iterat. internal-T external-T elapsed-time
0 300 280 0.0085550006479024887
1 299.93339999999171 280.00000073553758 0.017079000361263752
2 299.86768806438675 280.00000146127252 0.025677000172436237
3 299.80284266857791 280.00000217743866 0.034228000789880753
4 299.73884295557366 280.00000288425866 0.042705000378191471
5 299.67566871193145 280.00000358195865 0.051239999942481518
6 299.61330034465084 280.00000427076304 0.059763000346720219
7 299.55171885925904 280.00000495088346 0.068412000313401222
8 299.49090583844264 280.00000562251142 0.076946000568568707
9 299.43084342172625 280.00000628584951 0.08546300046145916
10 299.37151428591193 280.00000694108633 0.094074000604450703
11 299.3129016262107 280.00000758841117 0.10258900001645088
12 299.2549891382879 280.00000822800484 0.11110500060021877
13 299.19776100083601 280.0000088600458 0.11962300073355436
14 299.14120185890607 280.00000948469176 0.12822300009429455
15 299.08529680787507 280.00001010211412 0.13673400040715933
16 299.03003137803722 280.00001071247209 0.1452790005132556
17 298.97539151974598 280.00001131592592 0.15389400068670511
18 298.92136358919896 280.000011912616 0.16240200027823448
19 298.86793433470621 280.00001250269037 0.1710029998794198
20 298.81509088345456 280.00001308630652 0.1794410003349185
21 298.76282072887324 280.00001366358464 0.1880069999024272
22 298.7111117183594 280.00001423466489 0.19651800021529198
23 298.65995204158475 280.00001479968171 0.20510500017553568
24 298.60933021905407 280.00001535875282 0.21366100013256073
25 298.55923509130673 280.00001591201169 0.2223070003092289
26 298.50965580839886 280.00001645957519 0.23113800026476383
27 298.46058181974018 280.00001700155423 0.23964600078761578
28 298.4120028644009 280.00001753806617 0.24816600047051907
29 298.36390896171167 280.00001806922018 0.25683100055903196
30 298.31629040220349 280.00001859512895 0.26538800075650215
31 298.26913773891027 280.00001911588885 0.2739620003849268
32 298.22244177896454 280.00001963160361 0.28254500031471252
33 298.17619357550331 280.00002014237856 0.2910330006852746
34 298.13038441984071 280.00002064830306 0.29961600061506033
35 298.08500583396778 280.00002114947074 0.30815900024026632
36 298.04004956326116 280.00002164597043 0.316686000674963
37 297.9955075695018 280.00002213790236 0.32518000062555075
38 297.95137202413218 280.00002262534002 0.3336740005761385
39 297.90763530166811 280.00002310837203 0.34219500049948692
40 297.86428997351732 280.0000235870865 0.35073100030422211
41 297.82132880181092 280.00002406155426 0.35930099990218878
42 297.77874473360299 280.00002453185715 0.3678770000115037
43 297.73653089519007 280.00002499807516 0.37640800047665834
44 297.69468058668144 280.00002546027576 0.38506700005382299
45 297.65318727665613 280.00002591853246 0.39373499993234873
46 297.61204459718789 280.00002637292158 0.40254100039601326
47 297.57124633878493 280.00002682350237 0.411379000172019
48 297.53078644579557 280.00002727034473 0.42020800057798624
49 297.49065901167126 280.00002771352126 0.42898400034755468
50 297.45085827465658 280.00002815308386 0.4376860000193119
51 297.41137861341014 280.00002858910204 0.44642799999564886
52 297.37221454293172 280.00002902163538 0.4551540007814765
53 297.33336071053157 280.00002945074351 0.46397500019520521
54 297.29481189195189 280.00002987648446 0.47285300027579069
55 297.25656298765864 280.00003029890678 0.48159400001168251
56 297.21860901919695 280.00003071807623 0.49014199990779161
57 297.18094512572287 280.00003113404301 0.49868800025433302
58 297.14356656056583 280.0000315468568 0.50722800008952618
59 297.1064686880448 280.00003195657081 0.51579400058835745
60 297.0696469802229 280.000032363233 0.52436000015586615
61 297.03309701388531 280.00003276689904 0.53289500065147877
62 296.99681446758251 280.00003316760808 0.54148400016129017
63 296.96079511874467 280.00003356540947 0.54996300023049116
64 296.92503484090156 280.00003396035441 0.55846400000154972
65 296.88952960103626 280.00003435247874 0.56699700001627207
66 296.85427545694017 280.00003474183188 0.57556700054556131
67 296.8192685547333 280.00003512844859 0.5840640002861619
68 296.78450512638767 280.00003551238234 0.59270399995148182
69 296.74998148741577 280.00003589366781 0.60139700025320053
70 296.71569403454083 280.00003627233912 0.60993300005793571
71 296.68163924351012 280.00003664844843 0.61847400013357401
72 296.64781366694791 280.00003702202355 0.62702000048011541
73 296.61421393226522 280.00003739310478 0.63559200055897236
74 296.58083673967013 280.00003776172417 0.64417600072920322
75 296.54767886016816 280.00003812792647 0.65267400071024895
76 296.51473713374355 280.00003849173936 0.66119400039315224
77 296.4820084674692 280.00003885320029 0.66973600070923567
78 296.4494898337536 280.00003921234531 0.67817000020295382
79 296.41717826861924 280.00003956919807 0.68672099988907576
80 296.38507087002841 280.00003992379732 0.69530000071972609
81 296.35316479627568 280.00004027617166 0.70389500074088573
82 296.32145726438853 280.00004062635367 0.71247400064021349
83 296.28994554864147 280.00004097437466 0.72165300045162439
84 296.25862697906609 280.00004132026271 0.75141300074756145
85 296.22749893999543 280.00004166404477 0.75992000009864569
86 296.19655886871396 280.00004200574966 0.76855800021439791
87 296.1658042540779 280.00004234541052 0.77713599987328053
88 296.13523263521796 280.00004268304428 0.7858049999922514
89 296.10484160028517 280.00004301868603 0.79435000009834766
90 296.07462878517174 280.00004335236332 0.80294700060039759
91 296.0445918723687 280.00004368409515 0.81157700065523386
92 296.01472858976501 280.00004401390851 0.82007199991494417
93 295.98503670954869 280.00004434183006 0.82879600021988153
94 295.95551404709187 280.00004466788056 0.8375430004671216
95 295.92615845988342 280.00004499208774 0.84622900001704693
96 295.89696784651187 280.00004531447411 0.85499100014567375
97 295.86794014565584 280.00004563505792 0.86349999997764826
98 295.83907333511104 280.00004595386753 0.87234100047498941
99 295.81036543084241 280.00004627092102 0.88091700058430433
100 295.78181448605318 280.0000465862455 0.88996300008147955
101 295.75341859031346 280.00004689985315 0.89910300076007843
102 295.72517586866076 280.00004721177044 0.90759500022977591
103 295.69708448080053 280.00004752201659 0.91613900009542704
104 295.66914262022578 280.00004783060825 0.92467700038105249
105 295.64134851348302 280.00004813757096 0.93323000054806471
106 295.61370041934026 280.0000484429213 0.94181500002741814
107 295.58619662806609 280.00004874667707 0.95032900013029575
108 295.55883546069765 280.00004904885986 0.95885400008410215
109 295.53161526830399 280.00004934948464 0.96734500024467707
110 295.50453443131215 280.00004964856822 0.97594000026583672
111 295.47759135882961 280.00004994613198 0.98450600076466799
112 295.45078448797989 280.00005024218916 0.99297700077295303
113 295.42411228326011 280.00005053675966 1.0015060007572174
114 295.39757323594097 280.00005082986218 1.0100899999961257
115 295.37116586345491 280.00005112151263 1.0186570007354021
116 295.34488870878488 280.00005141172164 1.0271359998732805
117 295.31874033990761 280.00005170050827 1.0356050003319979
118 295.29271934926186 280.00005198788847 1.0441040005534887
119 295.26682435315655 280.00005227387368 1.0526790004223585
120 295.24105399127046 280.00005255848362 1.0612860005348921
121 295.21540692614815 280.00005284173426 1.0697890007868409
122 295.18988184267278 280.00005312363629 1.0783520005643368
123 295.16447744758761 280.00005340420722 1.0868300003930926
124 295.13919246904118 280.00005368345694 1.0954820001497865
125 295.11402565609205 280.00005396140165 1.1042530005797744
126 295.08897577827429 280.00005423805521 1.1132010007277131
127 295.06404162518481 280.00005451343065 1.1220670007169247
128 295.03922200597469 280.00005478754321 1.1307330001145601
129 295.01451574903149 280.00005506040367 1.1392970001325011
130 294.98992170152144 280.00005533202119 1.1478700004518032
131 294.96543872897502 280.0000556024147 1.1564020002260804
132 294.94106571494808 280.00005587159347 1.1650040000677109
133 294.91680156060613 280.00005613957114 1.1734859999269247
134 294.89264518439592 280.00005640635732 1.182107999920845
135 294.86859552164987 280.00005667196388 1.1906920000910759
136 294.84465152425366 280.00005693640463 1.1992510007694364
137 294.82081216031457 280.00005719969556 1.2078070007264614
138 294.79707641381179 280.00005746183325 1.2163360007107258
139 294.77344328429189 280.00005772284271 1.2259020004421473
140 294.74991178654727 280.00005798272514 1.2366670006886125
141 294.72648095028916 280.00005824149827 1.2465780004858971
142 294.70314981988878 280.00005849917318 1.2564070001244545
143 294.67991745403344 280.00005875575374 1.2651519998908043
144 294.65678292548176 280.00005901125394 1.2737700007855892
145 294.63374532077131 280.00005926568383 1.2823149999603629
146 294.61080373993855 280.00005951905337 1.2909180000424385
147 294.58795729626388 280.00005977137624 1.2994330003857613
148 294.56520511600985 280.00006002265542 1.3079530000686646
149 294.54254633815378 280.00006027290152 1.316495000384748
150 294.51998011416828 280.00006052212558 1.3250420000404119
151 294.49750560776613 280.00006077033686 1.335551000200212
152 294.47512199465478 280.00006101754337 1.3448900002986193
153 294.4528284623064 280.00006126375609 1.353469000197947
154 294.43062420976503 280.00006150898326 1.3621990000829101
155 294.40850844738162 280.00006175323659 1.3708970006555319
156 294.38648039663917 280.00006199651614 1.3794220006093383
157 294.36453928991341 280.00006223883776 1.3880600007250905
158 294.34268437029436 280.00006248020537 1.396573000587523
159 294.3209148913524 280.00006272063138 1.4050660002976656
160 294.2992301169777 280.00006296012185 1.4136690003797412
161 294.27762932117753 280.00006319868584 1.4222309999167919
162 294.25611178787597 280.00006343632663 1.4308400005102158
163 294.23467681074737 280.00006367305684 1.4393770005553961
164 294.21332369303497 280.00006390888319 1.4478750005364418
165 294.19205174737652 280.00006414381158 1.4563790000975132
166 294.17086029562819 280.00006437785498 1.4650110006332397
167 294.14974866869909 280.00006461101174 1.4735970003530383
168 294.12871620640436 280.00006484329811 1.4821100002154708
169 294.10776225728245 280.00006507472017 1.4906700002029538
170 294.08688617844166 280.00006530527821 1.4991870000958443
171 294.06608733543669 280.00006553498304 1.507681000046432
172 294.04536510209078 280.00006576384015 1.516241000033915
173 294.02471886034851 280.00006599186247 1.5252560004591942
174 294.00414800015466 280.00006621904924 1.5338830007240176
175 293.98365191930031 280.00006644540855 1.5424500005319715
176 293.96323002328165 280.00006667095505 1.5510210003703833
177 293.94288172519077 280.00006689568545 1.5595650002360344
178 293.92260644554307 280.00006711960663 1.5680780000984669
179 293.90240361219469 280.0000673427304 1.5765490001067519
180 293.88227266018811 280.00006756505894 1.5850780000910163
181 293.86221303163524 280.0000677865977 1.5935410000383854
182 293.84222417561506 280.00006800736094 1.6020830003544688
183 293.82230554801191 280.00006822734633 1.6106680007651448
184 293.80245661146955 280.00006844655951 1.6191990002989769
185 293.78267683520789 280.00006866500917 1.6277320003136992
186 293.76296569495025 280.00006888270406 1.6362970005720854
187 293.74332267282557 280.00006909964242 1.6448760004714131
188 293.72374725721858 280.00006931583596 1.6533770002424717
189 293.7042389427171 280.00006953128792 1.6619340004399419
190 293.68479722997517 280.00006974600126 1.6704200003296137
191 293.6654216256303 280.00006995998888 1.6789660006761551
192 293.64611164219218 280.00007017325157 1.6874630004167557
193 293.62686679797554 280.00007038579707 1.6960350004956126
194 293.60768661697182 280.00007059762504 1.7045790003612638
195 293.58857062876785 280.00007080874417 1.7131369998678565
196 293.56951836847867 280.00007101916123 1.7217040006071329
197 293.55052937663703 280.00007122887826 1.7302360003814101
198 293.53160319910779 280.00007143790356 1.7388090007007122
199 293.51273938700763 280.00007164623764 1.7473470000550151
200 293.49393749663096 280.00007185388921 1.7558400006964803
201 293.47519708933976 280.00007206085968 1.764402000233531
202 293.45651773154003 280.00007226715553 1.772906000725925
203 293.43789899453998 280.00007247278637 1.7816600007936358
204 293.41934045450733 280.00007267774942 1.7902210000902414
205 293.40084169239418 280.00007288205205 1.7987630004063249
206 293.38240229385076 280.00007308570088 1.8074960000813007
207 293.36402184917262 280.00007328869498 1.837678000330925
208 293.34569995319669 280.00007349104516 1.8463260000571609
209 293.32743620528424 280.00007369275164 1.8550320006906986
210 293.30923020918453 280.00007389382114 1.8636040007695556
211 293.29108157303108 280.00007409425422 1.8720930004492402
212 293.27298990923697 280.00007429406077 1.8806630000472069
213 293.25495483445712 280.0000744932467 1.8892120001837611
214 293.23697596948369 280.00007469180616 1.8977080006152391
215 293.21905293925522 280.00007488975189 1.9062100006267428
216 293.20118537270707 280.00007508708177 1.9149230001494288
217 293.18337290277947 280.00007528380678 1.923569000326097
218 293.16561516633089 280.00007547992624 1.9322870001196861
219 293.14791180409793 280.00007567544492 1.9409270007163286
220 293.13026246060593 280.00007587036578 1.9494260000064969
221 293.11266678415654 280.00007606469308 1.9580190004780889
222 293.09512442672764 280.00007625843699 1.9666160000488162
223 293.0776350439703 280.00007645159377 1.9750720001757145
224 293.06019829511291 280.00007664416671 1.9836510000750422
225 293.04281384292563 280.00007683616258 1.9921940006315708
226 293.02548135367704 280.00007702758387 2.0006699999794364
227 293.00820049707755 280.00007721843389 2.0091639999300241
228 292.9909709462334 280.00007740871979 2.0177239999175072
229 292.9737923775898 280.00007759844186 2.0263180006295443
230 292.9566644708899 280.00007778760818 2.0348190004006028
231 292.93958690914042 280.00007797621606 2.0433370005339384
232 292.92255937854912 280.00007816427001 2.0518660005182028
233 292.90558156848977 280.00007835177377 2.0604079999029636
234 292.8886531714424 280.00007853873427 2.0689820004627109
235 292.87177388297965 280.00007872515215 2.0775500005111098
236 292.8549434016852 280.00007891102808 2.0860530007630587
237 292.83816142916868 280.00007909637219 2.0946510005742311
238 292.82142766996054 280.00007928118413 2.1033850004896522
239 292.80474183150875 280.0000794654656 2.1118900002911687
240 292.78810362415743 280.00007964921832 2.12062600068748
241 292.77151276103632 280.00007983245047 2.1293090004473925
242 292.75496895810585 280.00008001516045 2.137831000611186
243 292.73847193407266 280.00008019735446 2.1464080000296235
244 292.72202141037553 280.00008037903427 2.1549900006502867
245 292.70561711111202 280.00008056021079 2.1636000005528331
246 292.68925876304246 280.00008074087327 2.1722180005162954
247 292.67294609555995 280.00008092103388 2.1808090005069971
248 292.65667884059127 280.00008110069348 2.1893239999189973
249 292.64045673264559 280.00008127985194 2.1979030007496476
250 292.62427950872615 280.00008145851456 2.2064930004999042
251 292.60814690833678 280.00008163668315 2.2151060001924634
252 292.59205867339062 280.00008181436743 2.2237470000982285
253 292.57601454825476 280.00008199156133 2.2323250006884336
254 292.56001427965487 280.00008216827098 2.2409010007977486
255 292.54405761667908 280.00008234449803 2.2495120000094175
256 292.52814431074751 280.000082520246 2.2580160005018115
257 292.51227411554351 280.00008269551608 2.266512000001967
258 292.49644678705101 280.00008287031636 2.2751830006018281
259 292.48066208347802 280.00008304464393 2.2836920004338026
260 292.46491976521861 280.00008321850709 2.2921900004148483
261 292.44921959487772 280.00008339190038 2.3006560001522303
262 292.43356133719288 280.00008356483477 2.3092229999601841
263 292.41794475903646 280.00008373730515 2.3178150001913309
264 292.40236962937439 280.00008390931629 2.3263550000265241
265 292.38683571923622 280.00008408087723 2.3348750006407499
266 292.37134280171983 280.00008425198212 2.3434120006859303
267 292.35589065192386 280.00008442264243 2.3519630003720522
268 292.34047904697434 280.000084592848 2.3605270003899932
269 292.32510776592846 280.00008476260882 2.3690750002861023
270 292.30977658982198 280.00008493192655 2.3776050005108118
271 292.294485301598 280.00008510080892 2.3860290003940463
272 292.27923368611346 280.00008526924967 2.3945960002020001
273 292.26402153010764 280.00008543725608 2.4031680002808571
274 292.24884862215038 280.00008560482797 2.4117830004543066
275 292.23371475267481 280.00008577196809 2.4204120002686977
276 292.21861971389035 280.00008593867921 2.4289850005879998
277 292.20356329984185 280.00008610496695 2.4375750003382564
278 292.18854530629926 280.00008627082502 2.4460970005020499
279 292.17356553080714 280.00008643626342 2.4546030005440116
280 292.15862377262994 280.00008660128174 2.4631540002301335
281 292.14371983272798 280.00008676588425 2.4716320000588894
282 292.12885351376377 280.00008693006953 2.4801400005817413
283 292.11402462005867 280.00008709384178 2.488727000541985
284 292.09923295757932 280.00008725720107 2.4972350001335144
285 292.08447833392358 280.0000874201566 2.5057350005954504
286 292.06976055829097 280.00008758270155 2.514299999922514
287 292.05507944148945 280.0000877448432 2.5227610003203154
288 292.040434795875 280.00008790658165 2.5312280002981424
289 292.02582643538437 280.00008806791794 2.5399360004812479
290 292.01125417546342 280.00008822885525 2.548747000284493
291 291.99671783309361 280.00008838939578 2.5574120003730059
292 291.98221722675868 280.00008854954189 2.5659640002995729
293 291.96775217641448 280.00008870929673 2.5744680007919669
294 291.95332250350015 280.00008886865942 2.583088000304997
295 291.93892803088988 280.00008902763204 2.5915480004623532
296 291.92456858290171 280.00008918622285 2.6000470006838441
297 291.91024398527657 280.00008934442536 2.6086079999804497
298 291.89595406514599 280.00008950224515 2.6171000003814697
299 291.88169865104214 280.00008965968624 2.6256230007857084
300 291.86747757285889 280.00008981674381 2.6342609999701381
301 291.85329066184545 280.00008997342553 2.6428490001708269
302 291.83913775060267 280.00009012973169 2.6514690006151795
303 291.82501867304973 280.00009028566637 2.6600280003622174
304 291.81093326442488 280.00009044122697 2.6685570003464818
305 291.79688136125657 280.00009059641627 2.6770609999075532
306 291.78286280136535 280.00009075124154 2.6856479998677969
307 291.76887742383428 280.00009090569836 2.6942880004644394
308 291.7549250690019 280.00009105979188 2.7028520004823804
309 291.74100557846776 280.0000912135198 2.7114030001685023
310 291.7271187950181 280.0000913668851 2.7199910003691912
311 291.71326456271288 280.0000915198932 2.7285820003598928
312 291.69944272676554 280.00009167254365 2.7372090006247163
313 291.68565313360256 280.00009182483927 2.7459040004760027
314 291.67189563083082 280.00009197677792 2.7544560004025698
315 291.65817006720306 280.00009212836369 2.7629720000550151
316 291.6444762926468 280.0000922795993 2.7715150006115437
317 291.63081415821466 280.00009243048868 2.7801360003650188
318 291.61718351608971 280.00009258102978 2.7887670006603003
319 291.60358421958546 280.00009273122203 2.797333000227809
320 291.59001612310084 280.00009288106702 2.8058420000597835
321 291.57647908213721 280.00009303057232 2.8144080005586147
322 291.56297295327937 280.00009317973718 2.8229870004579425
323 291.54949759418173 280.00009332856081 2.8316040001809597
324 291.53605286355116 280.00009347704531 2.8400990003719926
325 291.5226386211624 280.00009362519188 2.8486550003290176
326 291.50925472779471 280.00009377300529 2.857298000715673
327 291.49590104529074 280.00009392048895 2.8658520001918077
328 291.48257743649469 280.00009406763655 2.8744490006938577
329 291.46928376525335 280.00009421445208 2.8830409999936819
330 291.45601989641045 280.00009436093774 2.8915470000356436
331 291.44278569580189 280.00009450710206 2.900191000662744
332 291.42958103023182 280.0000946529351 2.9087850004434586
333 291.41640576748273 280.00009479844499 2.9173530004918575
334 291.40325977628333 280.0000949436303 2.9259810000658035
335 291.39014292630878 280.00009508849666 2.9345280006527901
336 291.3770550881726 280.00009523304016 2.9430570006370544
337 291.36399613343195 280.00009537726436 2.9515960002318025
338 291.35096593453449 280.00009552117012 2.9601630000397563
339 291.33796436485926 280.00009566476257 2.9686730001121759
340 291.32499129868171 280.000095808038 2.9773550005629659
341 291.31204661117698 280.00009595100272 3.0031050005927682
342 291.29913017837333 280.00009609365333 3.0158710004761815
343 291.28624187720521 280.00009623599402 3.0243570003658533
344 291.27338158547263 280.00009637802407 3.0329450005665421
345 291.26054918179619 280.00009651974875 3.0415200004354119
346 291.24774454569331 280.00009666116244 3.0500900000333786
347 291.23496755749568 280.00009680227464 3.0586800007149577
348 291.22221809837328 280.00009694308056 3.0671470006927848
349 291.20949605031637 280.00009708358488 3.0756560005247593
350 291.19680129613903 280.00009722378701 3.0841850005090237
351 291.18413371946036 280.00009736369151 3.0927600003778934
352 291.1714932047073 280.00009750329468 3.1013350002467632
353 291.15887963709326 280.00009764259988 3.1099000005051494
354 291.14629290261382 280.00009778160791 3.1185039998963475
355 291.13373288804519 280.00009792032569 3.1270300000905991
356 291.12119948095597 280.00009805874441 3.1355750001966953
357 291.10869256964452 280.00009819687216 3.1441780002787709
358 291.09621204319473 280.00009833471034 3.1527180001139641
359 291.08375779141903 280.00009847225959 3.1611670004203916
360 291.07132970488419 280.00009860951531 3.1698099998757243
361 291.05892767489371 280.0000987464839 3.1782950004562736
362 291.0465515934676 280.00009888316612 3.1868520006537437
363 291.03420135335716 280.0000990195652 3.1953620007261634
364 291.02187684803414 280.00009915567779 3.203940000385046
365 291.00957797167621 280.00009929150963 3.2124860007315874
366 290.9973046191522 280.00009942706049 3.220983000472188
367 290.98505668602968 280.0000995623264 3.2294800002127886
368 290.972834068579 280.00009969731377 3.2380810007452965
369 290.96063666374118 280.00009983202187 3.2467229999601841
370 290.94846436914298 280.00009996645713 3.2552439998835325
371 290.93631708306845 280.00010010061271 3.2637130003422499
372 290.92419470448147 280.00010023449494 3.2724649999290705
373 290.91209713298974 280.00010036810403 3.2810570001602173
374 290.90002426886548 280.00010050143732 3.2896350007504225
375 290.88797601302002 280.00010063449872 3.2982830004766583
376 290.8759522670058 280.00010076728825 3.3068440007045865
377 290.86395293302775 280.0001008998122 3.3153880005702376
378 290.85197791388453 280.00010103206637 3.3239710005000234
379 290.84002711302924 280.00010116405207 3.3324670000001788
380 290.82810043453333 280.00010129577237 3.340964000672102
381 290.81619778305287 280.00010142722772 3.3497419999912381
382 290.80431906387918 280.0001015584167 3.3583720000460744
383 290.79246418289466 280.00010168934415 3.3669300004839897
384 290.78063304657928 280.00010182001029 3.3754300000146031
385 290.76882556199638 280.00010195041278 3.3839650005102158
386 290.75704163682371 280.00010208055602 3.3925020005553961
387 290.7452811792819 280.00010221044261 3.4011090006679296
388 290.7335440981953 280.0001023400668 3.4098030002787709
389 290.7218303029419 280.00010246943236 3.4183870004490018
390 290.71013970347752 280.00010259854758 3.4268940007314086
391 290.69847221031966 280.00010272740383 3.4354630000889301
392 290.68682773452639 280.00010285600769 3.4440630003809929
393 290.6752061877271 280.00010298435899 3.4526019999757409
394 290.66360748209416 280.00010311245916 3.461068999953568
395 290.65203153032508 280.00010324030319 3.4696860006079078
396 290.64047824567302 280.00010336789722 3.4782159999012947
397 290.62894754191211 280.00010349524553 3.4867270002141595
398 290.61743933335782 280.00010362234349 3.4953030003234744
399 290.60595353483734 280.00010374919344 3.5038300007581711
400 290.59449006169831 280.00010387580011 3.5124160004779696
401 290.58304882982065 280.0001040021578 3.5209610005840659
402 290.57162975556611 280.00010412827027 3.5296330004930496
403 290.56023275582157 280.00010425413956 3.5382460001856089
404 290.54885774797594 280.00010437976778 3.5469019999727607
405 290.53750464990094 280.0001045051543 3.5554610006511211
406 290.52617337998566 280.00010463030128 3.5639780005440116
407 290.51486385709546 280.00010475520241 3.5724960006773472
408 290.50357600056742 280.00010487986617 3.5810449998825788
409 290.49230973025129 280.00010500429414 3.5896260002627969
410 290.48106496644516 280.00010512848081 3.5981890000402927
411 290.46984162994477 280.00010525243368 3.6067830007523298
412 290.45863964199259 280.00010537615231 3.6153800003230572
413 290.44745892430535 280.00010549963218 3.6238970002159476
414 290.43629939907072 280.00010562287889 3.6324289999902248
415 290.42516098893674 280.00010574589396 3.6410340005531907
416 290.41404361698335 280.00010586867415 3.6496280003339052
417 290.40294720675092 280.00010599122533 3.6581160007044673
418 290.39187168224697 280.00010611354605 3.6667269999161363
419 290.38081696789908 280.00010623563492 3.6753410007804632
420 290.36978298856957 280.00010635749373 3.6838450003415346
421 290.35876966959171 280.00010647912836 3.6923400005325675
422 290.3477769366894 280.00010660053425 3.7008370002731681
423 290.33680471604396 280.00010672171118 3.7093870006501675
424 290.32585293424961 280.00010684266618 3.7180570000782609
425 290.31492151833771 280.00010696339439 3.7265389999374747
426 290.30401039573815 280.00010708389772 3.7351020006462932
427 290.29311949431269 280.00010720417896 3.7435349998995662
428 290.28224874231563 280.00010732423618 3.7521220007911325
429 290.27139806843775 280.00010744407439 3.7606970006600022
430 290.26056740176074 280.00010756368852 3.7692530006170273
431 290.24975667176608 280.00010768308272 3.7778340000659227
432 290.23896580834452 280.00010780226035 3.786383000202477
433 290.22819474176816 280.00010792121549 3.7950039999559522
434 290.21744340272414 280.00010803995769 3.8035390004515648
435 290.2067117222694 280.00010815847855 3.8121490003541112
436 290.19599963184851 280.00010827678523 3.8207480004057288
437 290.18530706331944 280.00010839487419 3.8293590005487204
438 290.17463394888006 280.00010851274993 3.8379060002043843
439 290.16398022112878 280.0001086304095 3.8464500000700355
440 290.15334581304955 280.00010874785784 3.8559920005500317
441 290.14273065796925 280.00010886509443 3.8655430004000664
442 290.13213468960799 280.00010898211542 3.874125000089407
443 290.12155784203696 280.00010909893092 3.8827189998701215
444 290.11100004971433 280.00010921553292 3.8912510005757213
445 290.10046124743496 280.0001093319226 3.8997740000486374
446 290.08994137035842 280.00010944810754 3.9083850001916289
447 290.07944035400658 280.00010956408084 3.9168500006198883
448 290.06895813424615 280.00010967984809 3.9254010003060102
449 290.05849464730159 280.000109795409 3.9339880002662539
450 290.0480498297423 280.00010991076238 3.9425860000774264
451 290.03762361847248 280.00011002591219 3.9511550003662705
452 290.02721595075883 280.0001101408543 3.9596880003809929
453 290.01682676419131 280.00011025559468 3.9681839998811483
454 290.00645599670202 280.00011037013104 3.9766440000385046
455 289.99610358656145 280.00011048446407 3.9852560004219413
456 289.98576947236063 280.00011059859679 3.9937420003116131
457 289.97545359303155 280.00011071252459 4.0022650007158518
458 289.96515588782512 280.00011082625451 4.0108560007065535
459 289.95487629633277 280.0001109397835 4.0193469999358058
460 289.94461475844651 280.0001110531137 4.0278650000691414
461 289.93437121439291 280.00011116624557 4.0363850006833673
462 289.92414560471951 280.00011127917821 4.0449290005490184
463 289.91393787026834 280.00011139191383 4.053524000570178
464 289.90374795220919 280.00011150445323 4.0620389999821782
465 289.89357579203357 280.00011161679674 4.0706810001283884
466 289.88342133152258 280.00011172894438 4.079177999868989
467 289.87328451275982 280.00011184089459 4.0876940004527569
468 289.86316527814762 280.00011195265506 4.0962890004739165
469 289.85306357039303 280.00011206421954 4.1048410004004836
470 289.84297933249184 280.00011217558949 4.1353320004418492
471 289.83291250772845 280.00011228677027 4.1438080007210374
472 289.82286303970631 280.00011239775677 4.1523029999807477
473 289.8128308722986 280.00011250855408 4.1609060000628233
474 289.80281594968778 280.00011261916194 4.1695349998772144
475 289.79281821633634 280.0001127295763 4.1780550004914403
476 289.78283761698611 280.00011283980416 4.1867120005190372
477 289.77287409667747 280.00011294984114 4.19527000002563
478 289.76292760073022 280.00011305969178 4.2039050003513694
479 289.7529980747417 280.00011316935752 4.2125570001080632
480 289.74308546458809 280.00011327883419 4.2211250001564622
481 289.73318971641169 280.00011338812112 4.2296600006520748
482 289.72331077665382 280.00011349722689 4.2381690004840493
483 289.71344859200423 280.00011360614462 4.2466990007087588
484 289.70360310944011 280.00011371487943 4.2552869999781251
485 289.69377427621004 280.00011382343217 4.2638090001419187
486 289.68396203980268 280.00011393179818 4.2723340000957251
487 289.67416634800765 280.00011403998462 4.2809180002659559
488 289.66438714884879 280.00011414798814 4.2894760007038713
489 289.65462439061656 280.00011425580885 4.2980170007795095
490 289.64487802188904 280.00011436344903 4.306683000177145
491 289.63514799146327 280.00011447090918 4.3152530007064342
492 289.625434248418 280.00011457818744 4.3238160004839301
493 289.61573674206818 280.00011468529016 4.3323889998719096
494 289.60605542199465 280.00011479221126 4.3409540001302958
495 289.59639023803123 280.00011489895314 4.3495100000873208
496 289.58674114025246 280.00011500552216 4.3579750005155802
497 289.57710807897735 280.00011511190968 4.3665330000221729
498 289.56749100477538 280.00011521812371 4.3750430000945926
499 289.55788986845744 280.00011532415755 4.3836070001125336
500 289.54830462108788 280.00011543001864 4.3920889999717474
501 289.53873521395496 280.00011553570499 4.4006510004401207
502 289.52918159860155 280.0001156412161 4.4091590000316501
503 289.51964372678782 280.00011574655383 4.4177660001441836
504 289.51012155053206 280.00011585171933 4.4263700004667044
505 289.50061502206847 280.0001159567106 4.4348320001736283
506 289.49112409387965 280.0001160615306 4.4434390002861619
507 289.48164871866391 280.00011616617672 4.4519319999963045
508 289.47218884935432 280.00011627064964 4.4604120003059506
509 289.46274443911545 280.00011637495788 4.4689750000834465
510 289.45331544133688 280.00011647909338 4.4775890000164509
511 289.44390180963427 280.00011658306016 4.4861660003662109
512 289.43450349784916 280.00011668685488 4.4947810005396605
513 289.42512046002184 280.00011679048299 4.5034119999036193
514 289.41575265044935 280.00011689394256 4.5119740003719926
515 289.40640002361869 280.00011699723342 4.5206450000405312
516 289.3970625342468 280.00011710035557 4.5292260004207492
517 289.38774013727317 280.00011720331719 4.5377560006454587
518 289.37843278782947 280.00011730610731 4.5463169999420643
519 289.36914044128343 280.00011740873441 4.5547890001907945
520 289.35986305319938 280.00011751119416 4.5633370000869036
521 289.35060057936607 280.00011761349072 4.571900000795722
522 289.34135297576154 280.00011771562237 4.5804460002109408
523 289.33212019858354 280.00011781759099 4.5891030002385378
524 289.32290220425261 280.00011791939534 4.5976710002869368
525 289.3136989493542 280.00011802103774 4.6061829999089241
526 289.30451039071829 280.00011812251785 4.6147350007668138
527 289.2953364853376 280.00011822383772 4.6233100006356835
528 289.28617719045155 280.00011832499263 4.6318880002945662
529 289.27703246344947 280.00011842598684 4.6404070006683469
530 289.26790226196442 280.00011852682189 4.6489679999649525
531 289.25878654378823 280.00011862749813 4.6575859999284148
532 289.24968526693738 280.00011872801417 4.666151000186801
533 289.24059838960903 280.00011882837032 4.6746169999241829
534 289.23152587019553 280.00011892856946 4.6832370003685355
535 289.22246766727358 280.00011902860757 4.6918830005452037
536 289.21342373962892 280.00011912849101 4.7003760002553463
537 289.20439404622482 280.00011922821642 4.7088510002940893
538 289.19537854620569 280.00011932778477 4.7173669999465346
539 289.18637719892354 280.00011942719658 4.7259470000863075
540 289.17738996389647 280.00011952645252 4.7345350002869964
541 289.16841680083689 280.00011962555584 4.7430950002744794
542 289.15945766963785 280.0001197245 4.7516149999573827
543 289.15051253038467 280.0001198232917 4.7601359998807311
544 289.14158134332661 280.00011992192947 4.7687060004100204
545 289.13266406889983 280.00012002041251 4.7772599998861551
546 289.12376066772453 280.00012011874259 4.7858000006526709
547 289.11487110060733 280.00012021692061 4.7942660003900528
548 289.10599532850233 280.00012031494776 4.8028180003166199
549 289.09713331256353 280.00012041282008 4.8113879999145865
550 289.08828501411404 280.00012051054102 4.8198359999805689
551 289.0794503946538 280.00012060811059 4.8283430002629757
552 289.07062941584087 280.00012070553288 4.8369450001046062
553 289.06182203952125 280.00012080280004 4.8455420006066561
554 289.05302822770022 280.00012089992305 4.8541350001469254
555 289.04424794256147 280.00012099689343 4.8627230003476143
556 289.03548114644764 280.00012109371681 4.8712349999696016
557 289.02672780187726 280.00012119038757 4.8798320004716516
558 289.01798787151773 280.00012128691219 4.8884070003405213
559 289.00926131823007 280.00012138328952 4.8970150006935
560 289.00054810500887 280.00012147952049 4.9055690001696348
561 288.99184819503728 280.00012157560428 4.9142160005867481
562 288.98316155164076 280.00012167153977 4.9228119999170303
563 288.97448813832506 280.00012176733173 4.9313409999012947
564 288.96582791873129 280.00012186297408 4.9400100000202656
565 288.95718085668727 280.00012195847432 4.9486060002818704
566 288.94854691615814 280.00012205382916 4.9570930004119873
567 288.93992606126926 280.00012214903933 4.9655420007184148
568 288.93131825631735 280.00012224410443 4.9740420002490282
569 288.92272346573714 280.00012233902652 4.9829460000619292
570 288.91414165412056 280.0001224338065 4.9926310004666448
571 288.90557278623169 280.00012252844152 5.0011530006304383
572 288.89701682694886 280.00012262293524 5.0097050005570054
573 288.88847374134389 280.0001227172873 5.0182680003345013
574 288.87994349461002 280.00012281149685 5.026779000647366
575 288.87142605210784 280.00012290556447 5.0353920003399253
576 288.86292137933083 280.00012299948986 5.0439860001206398
577 288.85442944193704 280.00012309327587 5.052535000257194
578 288.84595020571982 280.00012318692234 5.0610540006309748
579 288.83748363662011 280.00012328042868 5.0695850001648068
580 288.82902970073542 280.00012337379491 5.078150000423193
581 288.8205883642957 280.00012346702283 5.0866680005565286
582 288.81215959366955 280.00012356011075 5.0952300000935793
583 288.80374335538568 280.00012365305935 5.1038680002093315
584 288.795339616104 280.00012374587436 5.1123860003426671
585 288.78694834262524 280.00012383854795 5.120885000564158
586 288.7785695019021 280.00012393108443 5.1294400002807379
587 288.77020306100025 280.00012402348489 5.1379430005326867
588 288.76184898715491 280.0001241157488 5.1465580007061362
589 288.75350724771681 280.00012420787607 5.1551140006631613
590 288.74517781019182 280.00012429986634 5.163697000592947
591 288.73686064220561 280.00012439172258 5.1722460007295012
592 288.72855571152576 280.00012448344421 5.180800000205636
593 288.72026298605687 280.00012457502868 5.1893210001289845
594 288.71198243383475 280.00012466648195 5.1977940006181598
595 288.70371402302777 280.0001247577996 5.2064060000702739
596 288.69545772194294 280.00012484898292 5.2149900002405047
597 288.68721349901278 280.00012494003175 5.2236000001430511
598 288.6789813227922 280.00012503095178 5.2346130004152656
599 288.67076116198177 280.00012512173583 5.2614830005913973
600 288.66255298540926 280.00012521238835 5.2698910003527999
601 288.65435676202497 280.00012530290792 5.2785710003226995
602 288.64617246090666 280.00012539329748 5.2871600007638335
603 288.63800005126546 280.00012548355255 5.2957000005990267
604 288.62983950242676 280.00012557367955 5.3043150007724762
605 288.62169078386165 280.00012566367576 5.312890000641346
606 288.61355386514566 280.00012575354015 5.3214450003579259
607 288.60542871599256 280.00012584327555 5.3300370005890727
608 288.59731530622582 280.00012593288142 5.3385680001229048
609 288.5892136058153 280.00012602235842 5.3471410004422069
610 288.58112358482396 280.00012611170376 5.3557210005819798
611 288.57304521345509 280.00012620092389 5.3643350005149841
612 288.56497846202819 280.00012629001395 5.3729450004175305
613 288.55692330099328 280.00012637897635 5.3814230002462864
614 288.54887970089095 280.00012646780988 5.3899640003219247
615 288.54084763241104 280.00012655651716 5.3985419999808073
616 288.53282706635133 280.00012664509711 5.4071010006591678
617 288.52481797361372 280.00012673355354 5.4156430000439286
618 288.51682032523127 280.00012682187895 5.4243310000747442
619 288.50883409236195 280.00012691008021 5.4329110002145171
620 288.50085924625785 280.0001269981563 5.4414309998974204
621 288.4928957582884 280.0001270861049 5.4499510005116463
622 288.48494359995829 280.00012717392951 5.458509000018239
623 288.47700274286871 280.00012726162907 5.4670900003984571
624 288.46907315872909 280.00012734920568 5.4755790000781417
625 288.46115481937596 280.00012743665724 5.4841250004246831
626 288.45324769674625 280.00012752398408 5.4927200004458427
627 288.44535176290316 280.00012761118757 5.5012970007956028
628 288.4374669899907 280.00012769826907 5.50982900056988
629 288.4295933503019 280.00012778522517 5.5183740006759763
630 288.42173081620621 280.00012787206106 5.5269180005416274
631 288.41387936019311 280.00012795877404 5.5353900007903576
632 288.40603895487379 280.00012804536419 5.5439060004428029
633 288.39820957294586 280.0001281318327 5.5524880001321435
634 288.39039118721911 280.00012821817995 5.5610060002654791
635 288.38258377062596 280.00012830440693 5.5695919999852777
636 288.37478729617089 280.00012839051226 5.5781530002132058
637 288.36700173700285 280.00012847649509 5.5867400001734495
638 288.35922706635529 280.00012856236128 5.5952980006113648
639 288.3514632575571 280.00012864810384 5.603842000477016
640 288.34371028406065 280.00012873373203 5.6124630002304912
641 288.33596811940851 280.00012881923766 5.6210320005193353
642 288.3282367372484 280.00012890462415 5.6295910002663732
643 288.32051611133545 280.00012898989206 5.6381470002233982
644 288.31280621550695 280.00012907504163 5.6467750007286668
645 288.305107023733 280.00012916007131 5.6554380003362894
646 288.29741851005105 280.00012924498623 5.6640690006315708
647 288.28974064862115 280.00012932978126 5.6725409999489784
648 288.28207341369165 280.00012941445902 5.6809840006753802
649 288.27441677961008 280.00012949901873 5.6895360006019473
650 288.26677072082873 280.00012958346474 5.6980779999867082
651 288.25913521189057 280.00012966779178 5.7067400002852082
652 288.25151022743324 280.00012975200258 5.715340000577271
653 288.24389574221459 280.00012983609895 5.7238699998706579
654 288.23629173104388 280.00012992007737 5.7324200002476573
655 288.22869816886617 280.00013000394216 5.7409460004419088
656 288.22111503070431 280.00013008769105 5.7495640004053712
657 288.21354229167969 280.00013017132596 5.7581919999793172
658 288.20597992700328 280.00013025484662 5.7667129999026656
659 288.19842791198784 280.00013033825047 5.7752320002764463
660 288.1908862220298 280.00013042154234 5.7837620005011559
661 288.18335483262604 280.00013050471989 5.7923650005832314
662 288.17583371935467 280.00013058778563 5.8010110007598996
663 288.16832285790213 280.00013067073502 5.8095530001446605
664 288.16082222403008 280.00013075357481 5.8180980002507567
665 288.15333179360385 280.00013083629887 5.826554000377655
666 288.14585154255781 280.00013091891174 5.8351199999451637
667 288.13838144694961 280.00013100141314 5.8436660002917051
668 288.13092148289365 280.00013108380267 5.8521560002118349
669 288.12347162661354 280.00013116607965 5.8606310002505779
670 288.1160318544089 280.00013124824471 5.8691970007494092
671 288.10860214268951 280.00013133029819 5.8777170004323125
672 288.1011824679133 280.00013141224349 5.8862060001119971
673 288.09377280665603 280.00013149407692 5.8947520004585385
674 288.08637313557699 280.00013157580094 5.9031950002536178
675 288.07898343140641 280.00013165741706 5.9117809999734163
676 288.07160367098572 280.0001317389204 5.9203200004994869
677 288.06423383120506 280.00013182031375 5.9288810007274151
678 288.05687388907529 280.00013190159603 5.9375189999118447
679 288.04952382167858 280.00013198277389 5.9460610002279282
680 288.0421836061646 280.00013206384 5.95463200006634
681 288.03485321979571 280.00013214479651 5.9631790006533265
682 288.02753263989302 280.00013222564553 5.9716290002688766
683 288.02022184387374 280.00013230638854 5.9801580002531409
684 288.01292080923128 280.00013238702303 5.9887470006942749
685 288.00562951355175 280.00013246754804 5.9972600005567074
686 287.9983479344819 280.00013254796568 6.0058289999142289
687 287.99107604976371 280.00013262827991 6.0143699999898672
688 287.98381383722432 280.00013270848439 6.0228800000622869
689 287.97656127475659 280.00013278858268 6.0314730005338788
690 287.96931834034655 280.00013286857535 6.0400930000469089
691 287.96208501205831 280.00013294846025 6.0486630005761981
692 287.95486126802109 280.00013302824067 6.0572250001132488
693 287.94764708645647 280.0001331079157 6.0658260006457567
694 287.9404424456601 280.00013318748256 6.0744680007919669
695 287.93324732400731 280.00013326694892 6.0830009998753667
696 287.92606169994161 280.00013334630637 6.0915040001273155
697 287.91888555200211 280.00013342556201 6.1003960007801652
698 287.91171885878435 280.0001335047109 6.1093690004199743
699 287.90456159897735 280.00013358375759 6.1183550003916025
700 287.89741375133144 280.00013366269906 6.1268500005826354
701 287.89027529468501 280.00013374153781 6.1354760006070137
702 287.88314620794 280.00013382027026 6.1440240005031228
703 287.87602647007566 280.00013389890313 6.1525370003655553
704 287.86891606016536 280.00013397743169 6.1610400006175041
705 287.86181495732382 280.00013405585713 6.1696470007300377
706 287.85472314076014 280.00013413417906 6.1781950006261468
707 287.84764058975378 280.00013421240214 6.1867770003154874
708 287.84056728365596 280.0001342905191 6.1952790003269911
709 287.83350320189089 280.00013436853641 6.2037960002198815
710 287.8264483239621 280.00013444645157 6.2123739998787642
711 287.81940262941595 280.00013452426487 6.2209230000153184
712 287.81236609790648 280.00013460197795 6.2295099999755621
713 287.80533870915161 280.00013467958888 6.2380870003253222
714 287.79832044291987 280.00013475709943 6.2466730000451207
715 287.79131127907431 280.00013483451062 6.255222000181675
716 287.78431119752008 280.00013491181801 6.2638370003551245
717 287.77732017826833 280.00013498903041 6.2724919999018312
718 287.77033820137859 280.00013506613976 6.2809970006346703
719 287.76336524696859 280.00013514314946 6.2895120000466704
720 287.75640129524891 280.00013522006168 6.2980620004236698
721 287.7494463264884 280.00013529687124 6.3067420003935695
722 287.74250032101816 280.00013537358438 6.3152450006455183
723 287.73556325924363 280.00013545020045 6.3237399999052286
724 287.72863512163985 280.00013552671487 6.3322170004248619
725 287.72171588875364 280.00013560313164 6.3407430006191134
726 287.71480554118216 280.00013567945069 6.3492790004238486
727 287.70790405959536 280.00013575567112 6.3577640000730753
728 287.70101142473453 280.00013583179532 6.3663290003314614
729 287.69412761740807 280.00013590782129 6.3748600007966161
730 287.68725261849181 280.0001359837475 6.3833770006895065
731 287.68038640891655 280.00013605958026 6.3919490007683635
732 287.67352896967532 280.00013613531462 6.4004640001803637
733 287.66668028184171 280.00013621095275 6.4089830005541444
734 287.65984032655155 280.00013628649424 6.4174669999629259
735 287.65300908499091 280.0001363619379 6.4260579999536276
736 287.64618653841944 280.00013643728795 6.4346099998801947
737 287.63937266816674 280.00013651254193 6.4431779999285936
738 287.63256745561074 280.00013658769876 6.4516880000010133
739 287.62577088219814 280.00013666276311 6.4602430006489158
740 287.61898292944608 280.00013673772639 6.4687720006331801
741 287.61220357891835 280.00013681259986 6.4773590005934238
742 287.60543281227035 280.00013688737829 6.4858980001881719
743 287.59867061116387 280.00013696206076 6.4944299999624491
744 287.59191695738997 280.00013703664916 6.5030720001086593
745 287.58517183275569 280.00013711114212 6.5117340004071593
746 287.57843521914248 280.00013718554379 6.5203070007264614
747 287.57170709849288 280.00013725984962 6.5289430003613234
748 287.56498745280135 280.00013733406223 6.5375800002366304
749 287.55827626413657 280.00013740817963 6.5461210003122687
750 287.55157351461685 280.00013748220778 6.5546690002083778
751 287.54487918642872 280.00013755614179 6.5632390007376671
752 287.53819326180644 280.00013762998157 6.5717810001224279
753 287.53151572304665 280.00013770372794 6.5803230004385114
754 287.52484655251106 280.00013777738252 6.5887930002063513
755 287.51818573262074 280.00013785094745 6.59740100055933
756 287.51153324583987 280.00013792441723 6.6059050001204014
757 287.50488907471134 280.00013799779884 6.6144880000501871
758 287.49825320181662 280.00013807108439 6.6231450000777841
759 287.49162560980602 280.00013814427939 6.6318600000813603
760 287.48500628138873 280.00013821738622 6.6404540007933974
761 287.47839519931154 280.00013829039943 6.6490310002118349
762 287.47179234641033 280.00013836332141 6.6576439999043941
763 287.46519770555267 280.0001384361538 6.6661870004609227
764 287.45861125966661 280.00013850889559 6.6748270001262426
765 287.45203299173806 280.0001385815462 6.6833990002050996
766 287.44546288481092 280.00013865410745 6.6918840007856488
767 287.43890092198143 280.00013872657973 6.7004510005936027
768 287.43234708639972 280.00013879896153 6.7090170001611114
769 287.4258013612706 280.00013887125181 6.7175740003585815
770 287.41926372986757 280.00013894345648 6.7261780006811023
771 287.41273417550104 280.00013901556775 6.7347220005467534
772 287.40621268153086 280.00013908759234 6.7432120004668832
773 287.39969923139131 280.00013915952803 6.7517420006915927
774 287.39319380855665 280.00013923137487 6.7602400006726384
775 287.38669639656143 280.00013930313378 6.768754000775516
776 287.38020697898367 280.00013937480338 6.7773150000721216
777 287.37372553946676 280.00013944638522 6.8059270000085235
778 287.36725206169234 280.0001395178798 6.8147539999336004
779 287.3607865294112 280.00013958928633 6.8233139999210835
780 287.3543289264079 280.00013966060391 6.8319390006363392
781 287.34787923653403 280.00013973183314 6.8404950005933642
782 287.34143744369197 280.00013980298019 6.8493570005521178
783 287.33500353182274 280.00013987403719 6.8579770000651479
784 287.32857748493223 280.00013994500574 6.8666160004213452
785 287.32215928707438 280.00014001589039 6.8751210002228618
786 287.31574892234312 280.00014008668882 6.8835829999297857
787 287.3093463748998 280.00014015739919 6.8921560002490878
788 287.30295162894083 280.00014022802259 6.9007090004161
789 287.29656466872922 280.00014029856186 6.9092920003458858
790 287.29018547855958 280.00014036901285 6.91792600043118
791 287.28381404279156 280.00014043938143 6.9264620002359152
792 287.27745034582438 280.00014050966286 6.9350200006738305
793 287.27109437211311 280.00014057985828 6.9435870004817843
794 287.26474610615645 280.00014064996884 6.9520530002191663
795 287.25840553250697 280.0001407199972 6.9606180004775524
796 287.25207263576033 280.00014078993786 6.9691160004585981
797 287.24574740056431 280.00014085979319 6.9776370003819466
798 287.23942981161838 280.00014092956542 6.9862210005521774
799 287.23311985366172 280.00014099925494 6.9948820006102324
800 287.22681751149395 280.00014106885772 7.0034250002354383
801 287.22052276993651 280.00014113837807 7.0119610000401735
802 287.21423561389923 280.0001412078139 7.0205230005085468
803 287.20795602829799 280.0001412771681 7.0290780002251267
804 287.20168399811547 280.00014134643698 7.0376540003344417
805 287.19541950838288 280.00014141562298 7.0461460007354617
806 287.18916254417229 280.00014148472599 7.0547060007229447
807 287.1829130906072 280.0001415537439 7.0632110005244613
808 287.17667113285631 280.00014162268184 7.0717160003259778
809 287.17043665611908 280.00014169153536 7.0802220003679395
810 287.16420964567698 280.00014176030794 7.0887870006263256
811 287.15799008680807 280.00014182899707 7.0972780007869005
812 287.15177796488138 280.0001418976052 7.1059290003031492
813 287.14557326527444 280.00014196613188 7.1145760007202625
814 287.13937597344233 280.00014203457499 7.1231890004128218
815 287.13318607485593 280.00014210293585 7.1317610004916787
816 287.12700355505183 280.00014217121787 7.1403769999742508
817 287.12082839961045 280.00014223941787 7.1488610003143549
818 287.11466059414283 280.00014230753459 7.1574140004813671
819 287.10850012429808 280.00014237557258 7.1660140007734299
820 287.10234697580768 280.00014244352928 7.174562000669539
821 287.09620113440263 280.00014251140612 7.1831360002979636
822 287.0900625858776 280.00014257919997 7.1917090006172657
823 287.08393131607852 280.00014264691481 7.202713000588119
824 287.07780731087263 280.00014271454927 7.2116729998961091
825 287.07169055619363 280.00014278210472 7.220274000428617
826 287.06558103799512 280.00014284957729 7.2288100002333522
827 287.05947874229525 280.00014291697335 7.2373569998890162
828 287.05338365514172 280.00014298428778 7.2459160005673766
829 287.04729576261894 280.00014305152331 7.2544090002775192
830 287.04121505087818 280.00014311867892 7.2629329999908805
831 287.03514150607919 280.00014318575717 7.271480000577867
832 287.02907511445557 280.00014325275674 7.2801339998841286
833 287.02301586225286 280.00014331967265 7.2886880002915859
834 287.01696373577477 280.00014338651454 7.2972520003095269
835 287.0109187213796 280.00014345327679 7.3057930003851652
836 287.00488080542004 280.00014351996134 7.3143330002203584
837 286.99884997435322 280.00014358656597 7.3229210004210472
838 286.99282621463038 280.00014365309318 7.3315719999372959
839 286.98680951275833 280.00014371954205 7.340073000639677
840 286.9807998552763 280.00014378591413 7.3485730001702905
841 286.97479722877506 280.00014385220783 7.3570830002427101
842 286.96880161988952 280.00014391842393 7.365582000464201
843 286.96281301527011 280.00014398456352 7.3741480000317097
844 286.95683140163794 280.0001440506249 7.3826760007068515
845 286.95085676573257 280.00014411661101 7.3912559999153018
846 286.94488909434239 280.00014418251669 7.399753000587225
847 286.93892837427416 280.00014424834848 7.40830900054425
848 286.93297459241279 280.00014431410312 7.416873000562191
849 286.92702773564838 280.00014437978075 7.4253370007500052
850 286.92108779092166 280.00014444538232 7.4338840004056692
851 286.9151547452243 280.00014451090811 7.4424069998785853
852 286.90922858556121 280.00014457635638 7.450951000675559
853 286.90330929899017 280.00014464172983 7.4594539999961853
854 286.89739687261135 280.00014470702649 7.4680840000510216
855 286.89149129355712 280.00014477224971 7.4766490003094077
856 286.88559254898325 280.00014483739648 7.4851810000836849
857 286.87970062611424 280.00014490246741 7.4937470005825162
858 286.87381551218448 280.00014496746263 7.5023460006341338
859 286.86793719448832 280.0001450323835 7.5108590004965663
860 286.86206566033047 280.00014509722945 7.5193819999694824
861 286.85620089708465 280.00014516200093 7.5278529999777675
862 286.85034289212416 280.00014522669738 7.5363370003178716
863 286.84449163290191 280.00014529131994 7.5449170004576445
864 286.83864710687283 280.00014535586791 7.5535460002720356
865 286.83280930153927 280.00014542034194 7.5621890006586909
866 286.82697820444042 280.00014548474076 7.5707290004938841
867 286.82115380315918 280.00014554906579 7.5793080003932118
868 286.8153360853014 280.00014561331875 7.5879200007766485
869 286.80952503852797 280.00014567749508 7.5964110000059009
870 286.80372065050591 280.00014574160053 7.6049210000783205
871 286.79792290896415 280.00014580563203 7.6135010002180934
872 286.79213180165232 280.00014586958986 7.6220430005341768
873 286.78634731635873 280.00014593347424 7.63058300036937
874 286.78056944091912 280.00014599728632 7.6391340000554919
875 286.77479816319033 280.00014606102565 7.6477350005879998
876 286.76903347106088 280.00014612468993 7.6562630003318191
877 286.76327535246685 280.0001461882847 7.6648110002279282
878 286.75752379536704 280.00014625180478 7.6734370002523065
879 286.75177878777214 280.00014631525403 7.6819360004737973
880 286.74604031770082 280.00014637862972 7.6905439998954535
881 286.7403083732342 280.00014644193419 7.6991850007325411
882 286.73458294246734 280.00014650516721 7.7077370006591082
883 286.72886401353952 280.0001465683265 7.7163100000470877
884 286.72315157462015 280.00014663141718 7.7248809998854995
885 286.7174456139046 280.00014669443465 7.7334770001471043
886 286.7117461196342 280.00014675738225 7.7419970007613301
887 286.70605308008834 280.00014682025699 7.7505230000242591
888 286.70036648356245 280.00014688305924 7.7590010007843375
889 286.69468631838708 280.00014694579204 7.7675430001690984
890 286.68901257294846 280.00014700845401 7.7760730003938079
891 286.68334523563675 280.00014707104464 7.7845650007948279
892 286.67768429488285 280.00014713356603 7.7930979998782277
893 286.67202973917483 280.00014719601489 7.8016100004315376
894 286.66638155699644 280.0001472583948 7.8100960003212094
895 286.6607397368881 280.0001473207011 7.818597000092268
896 286.65510426740963 280.00014738294124 7.8271580003201962
897 286.64947513716305 280.00014744511213 7.8357850005850196
898 286.64385233477566 280.00014750720976 7.8442770000547171
899 286.63823584890912 280.00014756923906 7.8527570003643632
900 286.63262566826285 280.00014763119754 7.8612990006804466
901 286.62702178155422 280.00014769308808 7.8699030000716448
902 286.62142417753802 280.00014775490916 7.8785359999164939
903 286.61583284501046 280.0001478166609 7.8871349999681115
904 286.61024777278362 280.00014787834249 7.8958229999989271
905 286.60466894970853 280.00014793995558 7.9043620005249977
906 286.59909636467603 280.00014800150041 7.9129160000011325
907 286.5935300065828 280.00014806297497 7.9214380001649261
908 286.58796986437989 280.00014812438292 7.9299880005419254
909 286.58241592704479 280.00014818572197 7.9386250004172325
910 286.57686818357905 280.00014824699116 7.9471740005537868
911 286.57132662301638 280.00014830819481 7.9557620007544756
912 286.56579123441992 280.00014836932775 7.9642219999805093
913 286.56026200689155 280.00014843039332 7.9727739999070764
914 286.55473892954859 280.00014849139319 7.9813100006431341
915 286.54922199155726 280.00014855232331 7.9899480007588863
916 286.54371118209173 280.00014861318573 7.9984740000218153
917 286.53820649037408 280.00014867398062 8.0069530000910163
918 286.53270790565171 280.00014873470843 8.0155560001730919
919 286.52721541718967 280.00014879536491 8.0241990005597472
920 286.52172901429839 280.00014885595925 8.0326920002698898
921 286.51624868630813 280.00014891648584 8.0413740007206798
922 286.51077442258338 280.00014897694416 8.0499670002609491
923 286.5053062125225 280.0001490373358 8.0585710005834699
924 286.4998440455318 280.00014909766111 8.0670370003208518
925 286.49438791107258 280.00014915791922 8.0755200004205108
926 286.48893779861618 280.00014921811135 8.0840420005843043
927 286.48349369767652 280.00014927823707 8.0925799999386072
928 286.47805559778033 280.0001493382963 8.1010330002754927
929 286.47262348849551 280.00014939828861 8.1095569999888539
930 286.46719735941861 280.00014945821636 8.1180970007553697
931 286.46177720016487 280.00014951807577 8.1266570007428527
932 286.45636300038575 280.00014957787266 8.1352059999480844
933 286.45095474975938 280.00014963760117 8.1437140004709363
934 286.44555243798749 280.0001496972659 8.1522510005161166
935 286.44015605480024 280.00014975686361 8.1608199998736382
936 286.43476558996525 280.00014981639669 8.1693540001288056
937 286.42938103326583 280.00014987586496 8.1778770005330443
938 286.42400237451864 280.0001499352681 8.1863839998841286
939 286.41862960356264 280.00014999460581 8.1948190005496144
940 286.41326271027532 280.00015005387746 8.2033379999920726
941 286.40790168454959 280.00015011308591 8.2119070002809167
942 286.40254651630931 280.00015017223001 8.2204820001497865
943 286.39719719551323 280.0001502313084 8.2290560007095337
944 286.39185371213637 280.00015029032124 8.2375790001824498
945 286.38651605617662 280.00015034927179 8.2461270000785589
946 286.3811842176703 280.00015040815646 8.2546380003914237
947 286.37585818668157 280.0001504669778 8.2632450005039573
948 286.37053795329075 280.00015052573588 8.2717750007286668
949 286.36522350761203 280.00015058442898 8.2803310006856918
950 286.35991483977665 280.00015064305921 8.2888489998877048
951 286.35461193995906 280.00015070162453 8.2973370002582669
952 286.34931479833978 280.00015076012727 8.305910000577569
953 286.34402340514248 280.00015081856554 8.314457000233233
954 286.33873775061193 280.00015087694021 8.323042000643909
955 286.3334578250076 280.00015093525326 8.3317570006474853
956 286.32818361863042 280.00015099350247 8.3402909999713302
957 286.32291512179432 280.0001510516887 8.3489280007779598
958 286.3176523248506 280.00015110981207 8.3574940003454685
959 286.31239521817031 280.00015116787154 8.3660639999434352
960 286.30714379214083 280.00015122586859 8.3745699999853969
961 286.30189803719037 280.00015128380454 8.383063000626862
962 286.29665794377183 280.0001513416783 8.391610000282526
963 286.29142350234309 280.00015139948681 8.4001330006867647
964 286.28619470341425 280.00015145723467 8.4087600000202656
965 286.2809715374961 280.00015151491976 8.4173030005767941
966 286.27575399513904 280.00015157254211 8.4257910000160336
967 286.27054206691776 280.00015163010426 8.4342710003256798
968 286.26533574342983 280.00015168760331 8.4428260000422597
969 286.2601350152849 280.00015174504205 8.4514030003920197
970 286.25493987314513 280.00015180241701 8.4598700003698468
971 286.24975030766637 280.00015185973137 8.4683590000495315
972 286.24456630954631 280.00015191698469 8.4769120002165437
973 286.23938786950498 280.00015197417656 8.4854510007426143
974 286.23421497828321 280.00015203130528 8.4939600005745888
975 286.22904762664479 280.0001520883747 8.5025240005925298
976 286.22388580538359 280.00015214538263 8.5110300006344914
977 286.21872950531338 280.00015220232916 8.5195340001955628
978 286.21357871727571 280.0001522592151 8.5280900001525879
979 286.20843343212812 280.00015231604186 8.5366730000823736
980 286.20329364075792 280.00015237280587 8.5451899999752641
981 286.19815933407057 280.00015242950946 8.5538250003010035
982 286.19303050299845 280.00015248615421 8.5624130005016923
983 286.18790713850171 280.00015254273569 8.5709049999713898
984 286.18278923155771 280.00015259925902 8.5794140007346869
985 286.17767677317426 280.00015265572193 8.5879150005057454
986 286.17256975436811 280.00015271212305 8.5964320003986359
987 286.16746816618672 280.00015276846534 8.6049780007451773
988 286.16237199971158 280.0001528247505 8.613629000261426
989 286.15728124602924 280.00015288097211 8.6222090004011989
990 286.15219589625542 280.00015293713659 8.630735999904573
991 286.14711594154096 280.00015299323957 8.6393140004947782
992 286.14204137303358 280.00015304928417 8.647813000716269
993 286.13697218193187 280.00015310526834 8.656330999918282
994 286.13190835944295 280.00015316119323 8.6650330005213618
995 286.12684989678348 280.00015321705951 8.6736050006002188
996 286.12179678521892 280.00015327286872 8.6821220004931092
997 286.11674901601998 280.00015332861523 8.6906369999051094
998 286.1117065804911 280.0001533843041 8.6991790002211928
999 286.10666946993746 280.00015343993482 8.7077550003305078
1000 286.10163767569759 280.00015349550631 8.7163990000262856
1001 286.09661118916273 280.00015355102045 8.7249350007623434
1002 286.09159000168739 280.00015360647399 8.7334250006824732
1003 286.08657410468868 280.00015366187057 8.7419239999726415
1004 286.08156348960375 280.00015371720758 8.7504560006782413
1005 286.07655814786807 280.00015377248678 8.7590080006048083
1006 286.07155807096632 280.00015382770931 8.7675379998981953
1007 286.06656325038153 280.00015388287346 8.7761180000379682
1008 286.06157367763677 280.00015393797901 8.7847899999469519
1009 286.05658934425549 280.00015399302646 8.7933330005034804
1010 286.05161024181319 280.00015404801729 8.8018930004909635
1011 286.04663636187871 280.00015410294901 8.8104940000921488
1012 286.04166769604564 280.00015415782315 8.8360419999808073
1013 286.03670423594673 280.00015421263981 8.8485759999603033
1014 286.03174597321726 280.00015426740083 8.8570750001817942
1015 286.02679289952624 280.00015432210193 8.8656240003183484
1016 286.02184500653618 280.00015437674745 8.8741640001535416
1017 286.01690228597693 280.00015443133532 8.8827210003510118
1018 286.01196472956588 280.00015448586691 8.8913110001012683
1019 286.00703232904186 280.00015454034127 8.899894000031054
1020 286.00210507617004 280.00015459475759 8.9083910007029772
1021 285.99718296275182 280.00015464911792 8.9169690003618598
1022 285.99226598057766 280.00015470342271 8.925505000166595
1023 285.98735412149091 280.00015475766997 8.9339820006862283
1024 285.98244737732057 280.00015481185932 8.9424970000982285
1025 285.97754573994882 280.00015486599409 8.9510139999911189
1026 285.97264920125679 280.0001549200735 8.959579000249505
1027 285.96775775315945 280.00015497409396 8.9680850002914667
1028 285.96287138758282 280.00015502806031 8.9766070004552603
1029 285.95799009646407 280.00015508196913 8.9851400004699826
1030 285.95311387179157 280.00015513582406 8.9936710000038147
1031 285.94824270553363 280.00015518962192 9.0023690005764365
1032 285.9433765897171 280.0001552433643 9.010971000418067
1033 285.93851551634555 280.00015529705053 9.0195090007036924
1034 285.93365947748566 280.00015535068133 9.0279750004410744
1035 285.92880846518949 280.00015540425642 9.0365300001576543
1036 285.92396247156222 280.00015545777632 9.0450619999319315
1037 285.91912148868903 280.00015551124096 9.0536520006135106
1038 285.91428550870495 280.00015556465138 9.0622470006346703
1039 285.90945452375064 280.00015561800586 9.070813000202179
1040 285.90462852599313 280.0001556713047 9.0793580003082752
1041 285.8998075076089 280.00015572454652 9.0878779999911785
1042 285.89499146080709 280.00015577773598 9.0963800000026822
1043 285.89018037779744 280.00015583087026 9.1049049999564886
1044 285.88537425083308 280.00015588395019 9.1134140007197857
1045 285.88057307215843 280.00015593697418 9.1219370001927018
1046 285.87577683405732 280.00015598994474 9.1304830005392432
1047 285.87098552882503 280.00015604285966 9.1390490001067519
1048 285.86619914878122 280.00015609572188 9.1475920006632805
1049 285.86141768625163 280.00015614852833 9.1561550004407763
1050 285.85664113358791 280.00015620128318 9.1647230004891753
1051 285.85186948316806 280.00015625398299 9.1733650006353855
1052 285.84710272737584 280.0001563066275 9.1820080000907183
1053 285.84234085861874 280.00015635921739 9.1905290000140667
1054 285.8375838693222 280.00015641175395 9.1989590004086494
1055 285.83283175192628 280.00015646423697 9.2074910001829267
1056 285.82808449890507 280.00015651666729 9.2160400003194809
1057 285.8233421027245 280.00015656904327 9.2245860006660223
1058 285.81860455588884 280.00015662136485 9.2331320000812411
1059 285.81387185091933 280.00015667363414 9.241613999940455
1060 285.80914398034622 280.00015672584902 9.2501050001010299
1061 285.80442093672036 280.00015677801122 9.2586260000243783
1062 285.79970271261334 280.00015683011981 9.2671650005504489
1063 285.79498930061982 280.00015688217525 9.2756690001115203
1064 285.79028069333623 280.00015693418044 9.2842040006071329
1065 285.78557688338486 280.00015698612793 9.2927860002964735
1066 285.78087786341234 280.00015703802381 9.3014370007440448
1067 285.77618362607632 280.00015708986928 9.3099790001288056
1068 285.77149416404785 280.0001571416592 9.3185170004144311
1069 285.76680947003206 280.00015719339717 9.3271090006455779
1070 285.76212953673121 280.00015724508444 9.3356349999085069
1071 285.7574543568727 280.00015729671657 9.3441910007968545
1072 285.75278392320712 280.00015734829873 9.3527770005166531
1073 285.74811822849375 280.00015739982609 9.3612890001386404
1074 285.74345726551832 280.00015745130167 9.3698040004819632
1075 285.73880102707193 280.00015750272763 9.3783060004934669
1076 285.73414950596651 280.00015755409896 9.3868260001763701
1077 285.72950269504196 280.00015760541811 9.3953960007056594
1078 285.72486058714105 280.00015765668587 9.4038559999316931
1079 285.72022317513631 280.0001577079035 9.4124110005795956
1080 285.71559045189082 280.0001577590665 9.4210160002112389
1081 285.71096241032092 280.00015781018055 9.429496000520885
1082 285.7063390433367 280.00015786124249 9.4380379999056458
1083 285.70172034387633 280.00015791225053 9.4465979998931289
1084 285.6971063048793 280.00015796320889 9.4551130002364516
1085 285.69249691931475 280.00015801411604 9.4636070001870394
1086 285.68789218016644 280.00015806497208 9.4722000006586313
1087 285.68329208043036 280.00015811577509 9.4806960001587868
1088 285.67869661312017 280.00015816652854 9.4891929998993874
1089 285.67410577127708 280.00015821723036 9.4977600006386638
1090 285.66951954792717 280.00015826788285 9.5062540005892515
1091 285.66493793615405 280.00015831848174 9.5148290004581213
1092 285.66036092903585 280.00015836902963 9.5234110001474619
1093 285.65578851965694 280.00015841952865 9.5320089999586344
1094 285.65122070113512 280.00015846997707 9.540603999979794
1095 285.64665746660182 280.00015852037296 9.5491350004449487
1096 285.64209880920481 280.00015857072083 9.5577260004356503
1097 285.63754472209172 280.00015862101611 9.5663030007854104
1098 285.63299519844645 280.00015867126143 9.574868000112474
1099 285.6284502314698 280.00015872145656 9.5834950003772974
1100 285.62390981435107 280.00015877160024 9.5919630005955696
1101 285.61937394032384 280.00015882169555 9.6004530005156994
1102 285.61484260262716 280.00015887174038 9.6089380001649261
1103 285.61031579451628 280.00015892173462 9.6175030004233122
1104 285.60579350925968 280.00015897168055 9.6260480005294085
1105 285.60127574014774 280.00015902157514 9.6345960004255176
1106 285.59676248047259 280.00015907142 9.6432239999994636
1107 285.59225372355752 280.00015912121614 9.651659999974072
1108 285.58774946273536 280.00015917096164 9.6601420007646084
1109 285.58324969135475 280.00015922065813 9.6686920002102852
1110 285.57875440278008 280.00015927030364 9.6772950002923608
1111 285.5742635903797 280.00015931990163 9.6859320001676679
1112 285.56977724755842 280.00015936945067 9.6944470005109906
1113 285.56529536771836 280.00015941894782 9.7029420007020235
1114 285.56081794428309 280.00015946839784 9.711536000482738
1115 285.55634497069991 280.00015951779875 9.7201260002329946
1116 285.55187644041405 280.00015956714822 9.7287030005827546
1117 285.54741234688959 280.00015961645022 9.7371930005028844
1118 285.5429526836291 280.00015966570396 9.745779000222683
1119 285.53849744411764 280.00015971490609 9.7543109999969602
1120 285.53404662185591 280.00015976406394 9.7628290001302958
1121 285.52960021040303 280.00015981317102 9.7714430000633001
1122 285.52515820328745 280.00015986222775 9.7800000002607703
1123 285.5207205940543 280.00015991123882 9.788502000272274
1124 285.51628737628818 280.00015996019789 9.7970390003174543
1125 285.51185854357556 280.00016000911108 9.8055950002744794
1126 285.50743408952218 280.0001600579759 9.8141000000759959
1127 285.50301400773429 280.0001601067919 9.8225850006565452
1128 285.49859829185112 280.00016015555866 9.8311109999194741
1129 285.49418693551144 280.00016020427893 9.8397190002724528
1130 285.4897799323756 280.00016025295014 9.8484510006383061
1131 285.48537727611762 280.00016030157315 9.8569579999893904
1132 285.48097896042788 280.00016035014932 9.8655139999464154
1133 285.4765849790075 280.00016039867671 9.8740349998697639
1134 285.47219532557261 280.00016044715659 9.8825799999758601
1135 285.46780999385237 280.00016049558917 9.8910930007696152
1136 285.46342897759121 280.00016054397338 9.8996870005503297
1137 285.45905227055306 280.00016059231103 9.9082480007782578
1138 285.45467986649771 280.00016064060105 9.9168500006198883
1139 285.45031175922497 280.0001606888423 9.9253240004181862
1140 285.44594794253754 280.0001607370383 9.9349740007892251
1141 285.4415884102346 280.00016078518451 9.9441309999674559
1142 285.43723315615631 280.00016083328569 9.9527710005640984
1143 285.43288217414079 280.00016088133867 9.9612950002774596
1144 285.42853545804957 280.0001609293447 9.969849000684917
1145 285.42419300173924 280.00016097730321 9.9783960003405809
1146 285.41985479911796 280.00016102521516 9.9869490005075932
1147 285.41552084404998 280.00016107308073 9.9956070007756352
1148 285.41119113047614 280.00016112089759 10.004209000617266
1149 285.40686565229981 280.0001611686672 10.012750000692904
1150 285.40254440346683 280.0001612163922 10.021288000047207
1151 285.39822737792827 280.00016126407087 10.029846000485122
1152 285.39391456964933 280.00016131170275 10.038368999958038
1153 285.3896059726045 280.00016135928587 10.046970000490546
1154 285.38530158078891 280.00016140682555 10.05557500012219
1155 285.38100138820306 280.00016145431823 10.064158000051975
1156 285.37670538887488 280.00016150176361 10.072720000520349
1157 285.37241357682268 280.00016154916415 10.081315000541508
1158 285.3681259460962 280.00016159651693 10.089947000145912
1159 285.36384249075843 280.00016164382487 10.098531000316143
1160 285.35956320487145 280.0001616910863 10.107102000154555
1161 285.35528808252417 280.00016173830062 10.115652000531554
1162 285.35101711780931 280.00016178547048 10.124173000454903
1163 285.34675030484567 280.00016183259413 10.132732000201941
1164 285.34248763774411 280.00016187967134 10.141212000511587
1165 285.33822911064067 280.0001619267041 10.149801000021398
1166 285.33397471769922 280.00016197368944 10.158365000039339
1167 285.32972445306604 280.00016202062972 10.166963000781834
1168 285.32547831091409 280.00016206752451 10.175493000075221
1169 285.32123628544014 280.00016211437242 10.184154000133276
1170 285.31699837084545 280.00016216117831 10.192802000790834
1171 285.31276456133094 280.00016220793822 10.201424000784755
1172 285.30853485112476 280.00016225464941 10.209960999898612
1173 285.30430923447483 280.00016230131899 10.218548000790179
1174 285.3000877056233 280.00016234794248 10.227123999968171
1175 285.29587025881938 280.00016239452026 10.235690000467002
1176 285.2916568883677 280.00016244105336 10.244216999970376
1177 285.28744758853628 280.00016248753946 10.252793000079691
1178 285.28324235362896 280.00016253398377 10.261342000216246
1179 285.27904117795435 280.00016258038175 10.269927999936044
1180 285.27484405584318 280.00016262673546 10.278541000559926
1181 285.27065098163462 280.00016267304414 10.28712800052017
1182 285.26646194967151 280.00016271930804 10.295664000324905
1183 285.26227695432084 280.00016276552884 10.304291000589728
1184 285.25809598994499 280.0001628117019 10.312904000282288
1185 285.25391905094767 280.00016285783283 10.321452000178397
1186 285.24974613170986 280.00016290392011 10.32999400049448
1187 285.24557722666253 280.00016294996107 10.338489000685513
1188 285.24141233019947 280.0001629959603 10.34702100045979
1189 285.23725143677967 280.00016304191331 10.355527000501752
1190 285.23309454084409 280.00016308782193 10.364165000617504
1191 285.22894163683992 280.00016313368769 10.372636999934912
1192 285.22479271925198 280.00016317950821 10.381136000156403
1193 285.22064778255174 280.00016322528609 10.38965200074017
1194 285.21650682123732 280.00016327101912 10.398338000290096
1195 285.21236982980946 280.00016331670895 10.406793000176549
1196 285.20823680279409 280.0001633623549 10.415346000343561
1197 285.20410773471764 280.00016340795719 10.423903000541031
1198 285.19998262010802 280.00016345351418 10.43238600064069
1199 285.19586145354106 280.00016349903001 10.440919000655413
1200 285.19174422956706 280.00016354450008 10.44951600022614
1201 285.18763094276221 280.00016358992883 10.458069000393152
1202 285.18352158772194 280.00016363531171 10.466640000231564
1203 285.17941615902737 280.00016368065451 10.475163000635803
1204 285.17531465131577 280.00016372595098 10.483669999986887
1205 285.17121705917918 280.00016377120545 10.492136000655591
1206 285.16712337727364 280.00016381641615 10.500603999942541
1207 285.1630336002367 280.00016386158308 10.509247000329196
1208 285.15894772271713 280.00016390671004 10.517830000258982
1209 285.15486573939489 280.00016395179159 10.526328000240028
1210 285.15078764493819 280.00016399682943 10.534882000647485
1211 285.14671343404768 280.00016404182645 10.54335100017488
1212 285.14264310140987 280.00016408677925 10.551921000704169
1213 285.1385766417518 280.00016413168845 10.560479000210762
1214 285.13451404979094 280.00016417655661 10.569077000021935
1215 285.1304553202624 280.00016422138225 10.577600000426173
1216 285.12640044791033 280.00016426616384 10.586121000349522
1217 285.12234942749831 280.0001643109058 10.594743000343442
1218 285.11830225378463 280.00016435560264 10.603353000245988
1219 285.11425892154944 280.00016440025678 10.611936000175774
1220 285.11021942558949 280.00016444487045 10.620570000261068
1221 285.10618376070664 280.00016448944058 10.629215000197291
1222 285.10215192169818 280.00016453396995 10.637808000668883
1223 285.09812390341091 280.00016457845453 10.646387000568211
1224 285.09409970065883 280.00016462289716 10.6549930004403
1225 285.09007930828517 280.00016466729943 10.663583000190556
1226 285.08606272115952 280.00016471165986 10.672176000662148
1227 285.08204993414381 280.00016475597744 10.680668000131845
1228 285.07804094210701 280.0001648002534 10.689238000661135
1229 285.07403573993861 280.00016484448741 10.697778000496328
1230 285.07003432254413 280.00016488868056 10.706300999969244
1231 285.0660366848204 280.00016493282999 10.714813000522554
1232 285.0620428217016 280.00016497693844 10.723467000760138
1233 285.05805272809886 280.00016502100647 10.731993000023067
1234 285.05406639896893 280.0001650650326 10.740564000792801
1235 285.05008382925865 280.00016510901673 10.749108000658453
1236 285.04610501392904 280.00016515295965 10.75781000033021
1237 285.04212994794051 280.00016519686142 10.766472999937832
1238 285.0381586262933 280.00016524072009 10.774978999979794
1239 285.03419104397267 280.00016528453949 10.783495999872684
1240 285.03022719598169 280.00016532831705 10.79196900036186
1241 285.02626707732435 280.00016537205227 10.800424000248313
1242 285.02231068303985 280.0001654157482 10.808906000107527
1243 285.01835800815417 280.00016545940275 10.817454000003636
1244 285.01440904771465 280.0001655030166 10.825997999869287
1245 285.01046379677581 280.00016554658777 10.834565000608563
1246 285.00652225039585 280.00016559011794 10.843102999962866
1247 285.00258440365047 280.00016563360782 10.851723000407219
1248 284.99865025163433 280.00016567705757 10.86022000014782
1249 284.99471978943615 280.00016572046655 10.868747999891639
1250 284.9907930121588 280.00016576383376 10.877371000126004
1251 284.98686991491229 280.00016580716078 10.885857000015676
1252 284.98295049284195 280.00016585044864 10.894394000060856
1253 284.97903474106437 280.00016589369369 10.903010000474751
1254 284.97512265472972 280.00016593689935 10.911517000757158
1255 284.97121422899545 280.00016598006482 10.920064000412822
1256 284.96730945901663 280.00016602319062 10.928678000345826
1257 284.9634083399834 280.0001660662756 10.937238000333309
1258 284.95951086707157 280.00016610931863 10.945729000493884
1259 284.95561703548015 280.00016615232107 10.954258000478148
1260 284.95172684040568 280.00016619528589 10.962776000611484
1261 284.94784027706652 280.00016623821085 10.971356000751257
1262 284.94395734068718 280.00016628109285 10.979890000075102
1263 284.9400780265031 280.00016632393692 10.98846899997443
1264 284.93620232975042 280.00016636674019 10.997018000110984
1265 284.93233024569378 280.00016640950525 11.006571000441909
1266 284.92846176957806 280.00016645222985 11.015885000117123
1267 284.92459689669329 280.00016649491255 11.024451999925077
1268 284.92073562231025 280.0001665375579 11.032953000627458
1269 284.91687794172418 280.00016658016312 11.041509000584483
1270 284.91302385023624 280.00016662272657 11.050241000019014
1271 284.90917334315628 280.0001666652517 11.078672000207007
1272 284.90532641579324 280.00016670773857 11.088077000342309
1273 284.9014830634967 280.00016675018475 11.096731000579894
1274 284.89764328158759 280.00016679259221 11.105479000136256
1275 284.89380706542454 280.00016683495988 11.114320000633597
1276 284.88997441036128 280.00016687728828 11.123124999925494
1277 284.8861453117612 280.00016691957751 11.131841000169516
1278 284.88231976500379 280.00016696182672 11.140448000282049
1279 284.87849776547603 280.00016700403836 11.149120000191033
1280 284.87467930856519 280.00016704620981 11.157754000276327
1281 284.87086438968117 280.00016708834244 11.166357000358403
1282 284.86705300423421 280.00016713043561 11.17488900013268
1283 284.86324514764982 280.00016717249088 11.183478999882936
1284 284.859440815357 280.00016721450555 11.192022000439465
1285 284.85564000279663 280.00016725648305 11.2005759999156
1286 284.85184270541794 280.00016729842002 11.209098000079393
1287 284.84804891867554 280.0001673403205 11.217596000060439
1288 284.84425863804381 280.00016738217943 11.22611500043422
1289 284.84047185898856 280.00016742400209 11.234664999879897
1290 284.83668857701036 280.00016746578478 11.243278000503778
1291 284.83290878759937 280.00016750752945 11.251861000433564
1292 284.82913248625704 280.0001675492357 11.260513000190258
1293 284.82535966848798 280.00016759090283 11.269017999991775
1294 284.82159032982531 280.0001676325316 11.277540000155568
1295 284.81782446579393 280.00016767412296 11.286129999905825
1296 284.81406207193993 280.00016771567482 11.294653000310063
1297 284.81030314379302 280.0001677571891 11.303172999992967
1298 284.80654767693056 280.00016779866473 11.311750000342727
1299 284.8027956669174 280.00016784010285 11.32029200065881
1300 284.79904710931083 280.00016788150236 11.32880700007081
1301 284.79530199970407 280.00016792286351 11.337437000125647
1302 284.7915603336973 280.00016796418652 11.34597699996084
1303 284.78782210687899 280.00016800547212 11.354468000121415
1304 284.78408731485757 280.0001680467193 11.363017000257969
1305 284.78035595325935 280.00016808793009 11.371580000035465
1306 284.7766280177097 280.00016812910241 11.380069999955595
1307 284.77290350383646 280.00016817023715 11.388624000363052
1308 284.76918240728361 280.00016821133227 11.397211000323296
1309 284.76546472371587 280.00016825239186 11.405813000164926
1310 284.76175044878624 280.00016829341308 11.414357000030577
1311 284.75803957815873 280.0001683343969 11.4228720003739
1312 284.7543321075164 280.00016837534281 11.431422000750899
1313 284.75062803254013 280.00016841625126 11.440055000595748
1314 284.74692734893188 280.00016845712139 11.448560000397265
1315 284.7432300523991 280.00016849795492 11.457085000351071
1316 284.73953613864165 280.0001685387511 11.465664000250399
1317 284.73584560338014 280.00016857950902 11.474201000295579
1318 284.73215844234937 280.00016862023199 11.482792000286281
1319 284.72847465127938 280.00016866091596 11.491415000520647
1320 284.72479422591982 280.00016870156281 11.499910000711679
1321 284.72111716202636 280.00016874217238 11.508438000455499
1322 284.71744345535717 280.0001687827467 11.516956000588834
1323 284.7137731016752 280.00016882328333 11.525447000749409
1324 284.71010609676586 280.00016886378228 11.533948000520468
1325 284.70644243640544 280.00016890424359 11.542504000477493
1326 284.70278211639942 280.00016894466728 11.551009000279009
1327 284.69912513254997 280.00016898505601 11.55963300075382
1328 284.69547148066636 280.00016902540818 11.568192000500858
1329 284.69182115655639 280.00016906572301 11.576717000454664
1330 284.68817415605747 280.00016910600004 11.585265000350773
1331 284.68453047499941 280.00016914624183 11.593834000639617
1332 284.68089010922318 280.00016918644644 11.602331000380218
1333 284.67725305459271 280.00016922661354 11.610805000178516
1334 284.67361930694591 280.00016926674488 11.619377000257373
1335 284.66998886216618 280.00016930684228 11.627938000485301
1336 284.66636171612106 280.00016934690257 11.636593000032008
1337 284.66273786469304 280.00016938692335 11.64516399987042
1338 284.65911730377098 280.00016942690939 11.653708999976516
1339 284.65550002926068 280.00016946685963 11.662262000143528
1340 284.65188603705639 280.00016950677173 11.670810000039637
1341 284.64827532308499 280.00016954665034 11.679342000745237
1342 284.64466788325683 280.00016958649115 11.687828999944031
1343 284.6410637135084 280.00016962629638 11.696384000591934
1344 284.63746280977017 280.00016966606398 11.704896000213921
1345 284.63386516800631 280.00016970579628 11.713411000557244
1346 284.63027078414336 280.00016974549357 11.722094000317156
1347 284.6266796541579 280.00016978515475 11.730636999942362
1348 284.62309177401329 280.00016982477956 11.739223000593483
1349 284.61950713969088 280.0001698643689 11.747692000120878
1350 284.61592574716462 280.00016990392163 11.756191000342369
1351 284.61234759243564 280.0001699434394 11.764779000543058
1352 284.60877267150016 280.00016998292136 11.773434000089765
1353 284.60520098036324 280.00017002236706 11.782070999965072
1354 284.6016325150311 280.00017006177768 11.790644000284374
1355 284.59806727154182 280.00017010115141 11.799221000634134
1356 284.59450524591392 280.00017014049138 11.807863000780344
1357 284.59094643418314 280.00017017979656 11.816416000016034
1358 284.58739083239954 280.00017021906569 11.824940000660717
1359 284.58383843661011 280.00017025829879 11.833395000547171
1360 284.58028924286964 280.00017029749677 11.84192500077188
1361 284.57674324725912 280.0001703366579 11.850398000329733
1362 284.57320044584418 280.00017037578499 11.858934000134468
1363 284.56966083470081 280.00017041487581 11.867448000237346
1364 284.56612440992723 280.0001704539319 11.875985000282526
1365 284.56259116760833 280.00017049295536 11.884554999880493
1366 284.55906110386411 280.00017053194108 11.893014000728726
1367 284.55553421479021 280.00017057089406 11.901538000442088
1368 284.55201049651509 280.00017060980929 11.910105000250041
1369 284.5484899451572 280.00017064869144 11.918658000417054
1370 284.54497255684691 280.00017068753772 11.927242000587285
1371 284.54145832773048 280.00017072634978 11.935799000784755
1372 284.5379472539563 280.00017076512717 11.944326000288129
1373 284.53443933167483 280.00017080386948 11.952848000451922
1374 284.53093455704391 280.00017084257695 11.961363000795245
1375 284.52743292623995 280.00017088124957 11.96995700057596
1376 284.52393443543377 280.00017091988741 11.978614999912679
1377 284.52043908080958 280.00017095849137 11.987142000347376
1378 284.51694685856057 280.0001709970594 11.995672000572085
1379 284.51345776487733 280.00017103559475 12.004253000020981
1380 284.50997179596698 280.00017107409326 12.012807000428438
1381 284.5064889480488 280.00017111255852 12.021360999904573
1382 284.5030092173256 280.00017115098956 12.029958000406623
1383 284.49953260004088 280.00017118938626 12.038590000011027
1384 284.49605909240734 280.00017122774824 12.047100000083447
1385 284.4925886906787 280.00017126607372 12.05563999991864
1386 284.48912139109734 280.00017130436987 12.064306000247598
1387 284.48565718991483 280.00017134262629 12.072871000505984
1388 284.48219608339167 280.00017138085173 12.081404000520706
1389 284.47873806779364 280.00017141904101 12.089970000088215
1390 284.47528313940205 280.00017145719971 12.098524000495672
1391 284.47183129449434 280.00017149532329 12.10700000077486
1392 284.4683825293526 280.00017153340951 12.115501000545919
1393 284.46493684028098 280.00017157146465 12.124011000618339
1394 284.46149422356882 280.00017160948579 12.132563000544906
1395 284.45805467553043 280.00017164747197 12.141042999923229
1396 284.4546181924855 280.00017168542558 12.14952199999243
1397 284.45118477075641 280.00017172334452 12.158015999943018
1398 284.4477544066558 280.00017176123163 12.166626000776887
1399 284.44432709653472 280.00017179908212 12.175128000788391
1400 284.44090283673131 280.00017183690062 12.183637000620365
1401 284.43748162359816 280.00017187468541 12.192131000570953
1402 284.43406345348268 280.00017191243535 12.200635000132024
1403 284.43064832274592 280.00017195015272 12.209204000420868
1404 284.42723622776583 280.0001719878349 12.217752000316978
1405 284.4238271649117 280.00017202548662 12.226404000073671
1406 284.42042113057386 280.00017206310224 12.234960000030696
1407 284.4170181211291 280.00017210068694 12.243513000197709
1408 284.41361813297505 280.00017213823639 12.25199200026691
1409 284.41022116251463 280.00017217575311 12.260577000677586
1410 284.40682720616445 280.00017221323685 12.269110000692308
1411 284.40343626032762 280.00017225068649 12.2776859998703
1412 284.40004832143239 280.0001722881014 12.286222999915481
1413 284.39666338589893 280.00017232548555 12.294781000353396
1414 284.39328145017373 280.0001723628356 12.303337000310421
1415 284.38990251068361 280.00017240015478 12.311908000148833
1416 284.38652656389132 280.00017243743912 12.320511000230908
1417 284.38315360623767 280.00017247468958 12.329100000672042
1418 284.37978363419057 280.00017251190815 12.337619000114501
1419 284.37641664420829 280.00017254909517 12.346324000507593
1420 284.37305263277182 280.00017258624638 12.354845000430942
1421 284.36969159635106 280.00017262336576 12.363414000719786
1422 284.3663335314468 280.00017266045251 12.372015000320971
1423 284.36297843454128 280.00017269750816 12.380557000637054
1424 284.35962630213237 280.00017273452931 12.389097000472248
1425 284.35627713071909 280.0001727715204 12.397714000195265
1426 284.35293091682729 280.00017280847391 12.406285000033677
1427 284.34958765696331 280.00017284540007 12.414946000091732
1428 284.3462473476522 280.00017288229009 12.423505000770092
1429 284.34290998542559 280.00017291914929 12.432033000513911
1430 284.33957556681946 280.00017295597303 12.440527000464499
1431 284.33624408837699 280.00017299276681 12.449045000597835
1432 284.33291554663515 280.00017302953034 12.457625000737607
1433 284.32958993816146 280.00017306625699 12.466138999909163
1434 284.32626725951337 280.00017310295357 12.474633000791073
1435 284.32294750726192 280.00017313961644 12.483297000639141
1436 284.31963067796784 280.00017317624906 12.491860000416636
1437 284.31631676821905 280.00017321284793 12.500394000671804
1438 284.31300577459479 280.00017324941462 12.508902000263333
1439 284.30969769370353 280.00017328594976 12.517351999878883
1440 284.30639252211432 280.00017332245255 12.525902000255883
1441 284.30309025645062 280.0001733589234 12.534458000212908
1442 284.2997908933167 280.00017339536316 12.542975000105798
1443 284.29649442933169 280.00017343176779 12.551483999937773
1444 284.29320086110721 280.00017346814354 12.560068000108004
1445 284.28991018528143 280.00017350448661 12.568592000752687
1446 284.28662239847864 280.00017354079563 12.577132999897003
1447 284.28333749734611 280.00017357707571 12.585720000788569
1448 284.28005547851814 280.00017361332175 12.594286000356078
1449 284.2767763386617 280.00017364953834 12.602869000285864
1450 284.27350007442698 280.00017368572054 12.611438999883831
1451 284.27022668246838 280.00017372187347 12.620016000233591
1452 284.26695615946466 280.00017375799382 12.628566999919713
1453 284.26368850209042 280.00017379408132 12.637201000005007
1454 284.26042370702635 280.00017383013846 12.645727000199258
1455 284.25716177094978 280.00017386616361 12.654294000007212
1456 284.25390269056231 280.00017390215754 12.662816000171006
1457 284.25064646256186 280.00017393811908 12.671337000094354
1458 284.2473930836511 280.0001739740502 12.67985500022769
1459 284.24414255053813 280.00017400995017 12.688502000644803
1460 284.24089485993562 280.00017404581746 12.697038000449538
1461 284.23765000856889 280.00017408165439 12.705553000792861
1462 284.23440799317137 280.00017411745785 12.714035000652075
1463 284.23116881046224 280.00017415323197 12.722590000368655
1464 284.22793245719578 280.00017418897437 12.731137000024319
1465 284.22469893010089 280.00017422468648 12.739680000580847
1466 284.2214682259318 280.00017426036595 12.748283000662923
1467 284.21824034145061 280.00017429601513 12.756773999892175
1468 284.21501527342497 280.00017433163242 12.765363000333309
1469 284.21179301859343 280.00017436722106 12.774031000211835
1470 284.20857357375758 280.00017440277435 12.782562999986112
1471 284.20535693567462 280.00017443830035 12.791046000085771
1472 284.20214310115239 280.00017447379389 12.799606000073254
1473 284.19893206695929 280.00017450925554 12.80825600028038
1474 284.19572382989378 280.00017454468872 12.816779999993742
1475 284.19251838676695 280.00017458009074 12.825369000434875
1476 284.18931573436925 280.00017461546105 12.833936000242829
1477 284.18611586952892 280.0001746508014 12.842454000376165
1478 284.18291878904415 280.00017468611094 12.850968000479043
1479 284.17972448975809 280.00017472138808 12.85956700053066
1480 284.1765329684884 280.00017475663589 12.868079000152647
1481 284.17334422206562 280.00017479185368 12.87652700021863
1482 284.17015824733096 280.00017482704106 12.885073999874294
1483 284.16697504113614 280.00017486219656 12.893579999916255
1484 284.16379460032192 280.00017489732187 12.902164000086486
1485 284.16061692174344 280.00017493241592 12.910699999891222
1486 284.15744200227351 280.00017496748023 12.919217000715435
1487 284.15426983876768 280.00017500251488 12.927840000018477
1488 284.15110042809727 280.00017503751678 12.936343000270426
1489 284.1479337671496 280.00017507248992 12.944810000248253
1490 284.14476985279316 280.00017510743231 12.953343000262976
1491 284.14160868192079 280.00017514234906 12.961915000341833
1492 284.13845025143371 280.00017517722927 12.970464000478387
1493 284.13529455821879 280.00017521208105 12.979060000739992
1494 284.13214159918704 280.00017524690202 12.987564000301063
1495 284.12899137124572 280.0001752816957 12.996054000221193
1496 284.12584387130426 280.00017531645545 13.004630000330508
1497 284.12269909628895 280.00017535118712 13.01311800070107
1498 284.11955704312209 280.00017538588816 13.021620000712574
1499 284.11641770873734 280.00017542055849 13.030225000344217
1500 284.11328109006251 280.00017545520069 13.038744000717998
1501 284.11014718404294 280.00017548981219 13.047229000367224
1502 284.10701598762734 280.00017552439391 13.055845000781119
1503 284.10388749775746 280.00017555894482 13.064430000260472
1504 284.10076171139542 280.00017559346617 13.072851000353694
1505 284.09763862550165 280.00017562795853 13.081397000700235
1506 284.0945182370487 280.00017566241871 13.090034999884665
1507 284.09140054299809 280.00017569685349 13.098691999912262
1508 284.0882855403305 280.00017573125626 13.107154000550508
1509 284.08517322602864 280.00017576562931 13.115730000659823
1510 284.08206359708186 280.00017579997115 13.124184000305831
1511 284.0789566504759 280.00017583428547 13.132721000351012
1512 284.0758523832165 280.00017586856762 13.1413270002231
1513 284.07275079229674 280.00017590282306 13.149829000234604
1514 284.06965187473139 280.00017593704638 13.158368000760674
1515 284.06655562752519 280.00017597124196 13.16681900061667
1516 284.06346204770534 280.00017600540724 13.175418000668287
1517 284.06037113228427 280.00017603954672 13.183916000649333
1518 284.05728287829919 280.00017607365101 13.192452000454068
1519 284.0541972827732 280.00017610772932 13.200999000109732
1520 284.0511143427504 280.0001761417783 13.2095330003649
1521 284.04803405527247 280.00017617579687 13.21962400060147
1522 284.04495641737992 280.00017620978713 13.22808700054884
1523 284.04188142613702 280.0001762437476 13.236588000319898
1524 284.03880907858775 280.00017627768017 13.245177000761032
1525 284.03573937180897 280.00017631158335 13.253680000081658
1526 284.03267230285718 280.00017634545532 13.2622080007568
1527 284.0296078687997 280.00017637929949 13.270758000202477
1528 284.0265460667286 280.00017641311456 13.279280000366271
1529 284.02348689371507 280.00017644690001 13.28781000059098
1530 284.02043034685039 280.00017648065773 13.296404000371695
1531 284.01737642322388 280.00017651438532 13.30496700014919
1532 284.01432511992522 280.00017654808443 13.313524000346661
1533 284.01127643407159 280.00017658175506 13.322008000686765
1534 284.00823036275932 280.00017661539584 13.330585000105202
1535 284.00518690309696 280.00017664900798 13.339131000451744
1536 284.00214605220646 280.00017668259142 13.347690000198781
1537 283.99910780720057 280.00017671614614 13.377899000421166
1538 283.99607216521059 280.00017674967262 13.386479000560939
1539 283.99303912336956 280.00017678317204 13.395054000429809
1540 283.99000867880466 280.00017681663985 13.403652000240982
1541 283.98698082865963 280.00017685008038 13.412255000323057
1542 283.9839555700795 280.00017688349095 13.420832000672817
1543 283.98093290020478 280.0001769168743 13.429395000450313
1544 283.97791281619845 280.00017695022819 13.437948999926448
1545 283.97489531522064 280.00017698355373 13.446543999947608
1546 283.97188039442727 280.00017701685101 13.455116000026464
1547 283.96886805098779 280.00017705011828 13.463658000342548
1548 283.96585828208151 280.00017708335952 13.47221100050956
1549 283.96285108487041 280.00017711656983 13.480790000408888
1550 283.95984645655312 280.00017714975428 13.48932300042361
1551 283.95684439431045 280.00017718290871 13.49793800059706
1552 283.95384489531796 280.00017721603643 13.50643500033766
1553 283.95084795680305 280.00017724913499 13.515064000152051
1554 283.94785357593088 280.00017728220632 13.523665000684559
1555 283.94486174993096 280.00017731524838 13.532204000279307
1556 283.94187247600723 280.00017734826179 13.54078199993819
1557 283.93888575137601 280.00017738124734 13.549293000251055
1558 283.93590157322973 280.00017741420618 13.557826000265777
1559 283.93291993883327 280.00017744713608 13.566393000073731
1560 283.92994084538668 280.000177480037 13.574869000352919
1561 283.92696429012801 280.00017751291 13.583374000154436
1562 283.92399027029688 280.00017754575487 13.591860000044107
1563 283.92101878312963 280.00017757857307 13.600394000299275
1564 283.91804982587553 280.00017761136229 13.609021000564098
1565 283.91508339578871 280.00017764412314 13.617585999891162
1566 283.91211949011245 280.0001776768579 13.626225000247359
1567 283.90915810611693 280.00017770956418 13.634864999912679
1568 283.90619924105482 280.0001777422433 13.643420000560582
1569 283.9032428922136 280.00017777489296 13.65202399995178
1570 283.90028905683988 280.00017780751568 13.66058100014925
1571 283.89733773222986 280.00017784011027 13.66913800034672
1572 283.89438891565607 280.00017787267728 13.677678000181913
1573 283.8914426043998 280.00017790521588 13.686213000677526
1574 283.88849879576304 280.00017793772957 13.694714000448585
1575 283.88555748703425 280.0001779702128 13.703294000588357
1576 283.88261867551824 280.00017800266914 13.711889000609517
1577 283.87968235850906 280.00017803509871 13.720453000627458
1578 283.87674853331316 280.00017806750083 13.728981000371277
1579 283.87381719724777 280.00017809987469 13.737550999969244
1580 283.87088834763279 280.00017813222104 13.746046000160277
1581 283.86796198178041 280.00017816453868 13.75460600014776
1582 283.86503809702134 280.00017819683177 13.763172000646591
1583 283.86211669068058 280.00017822909587 13.771724000573158
1584 283.85919776009939 280.00017826133296 13.780305000022054
1585 283.85628130260039 280.00017829354277 13.788798000663519
1586 283.85336731554122 280.00017832572638 13.79750999994576
1587 283.85045579626109 280.00017835788105 13.806057000532746
1588 283.84754674210404 280.00017839000753 13.814432000741363
1589 283.84464015044711 280.0001784221119 13.822979000397027
1590 283.84173601862153 280.00017845418313 13.831547000445426
1591 283.83883434400798 280.00017848623065 13.840079000219703
1592 283.83593512396652 280.00017851825032 13.848659000359476
1593 283.83303835586833 280.00017855024265 13.857272000052035
1594 283.830144037092 280.00017858220758 13.865826000459492
1595 283.82725216502075 280.00017861414614 13.874427000060678
1596 283.82436273704491 280.00017864605587 13.882970999926329
1597 283.82147575052699 280.00017867794003 13.891522000543773
1598 283.81859120288073 280.0001787097973 13.900040999986231
1599 283.81570909150531 280.00017874162864 13.908573000691831
1600 283.81282941378407 280.00017877343294 13.917136000469327
1601 283.80995216713745 280.00017880520903 13.925621000118554
1602 283.80707734896725 280.00017883695961 13.934163000434637
1603 283.80420495668767 280.00017886868261 13.94274300057441
1604 283.80133498772176 280.00017890037839 13.95129800029099
1605 283.79846743947706 280.00017893204955 13.959796000272036
1606 283.79560230938984 280.00017896369025 13.968416000716388
1607 283.79273959488472 280.00017899530798 13.976916000247002
1608 283.78987929340627 280.00017902689729 13.98541200067848
1609 283.78702140237374 280.0001790584617 13.993944000452757
1610 283.78416591924287 280.00017908999735 14.0025490000844
1611 283.78131284145502 280.00017912150707 14.011065999977291
1612 283.77846216645764 280.00017915299077 14.019679000601172
1613 283.77561389170864 280.00017918444649 14.028149000369012
1614 283.77276801466223 280.00017921587636 14.036753000691533
1615 283.76992453277808 280.00017924727922 14.045401000417769
1616 283.76708344353176 280.00017927865849 14.053909000009298
1617 283.76424474438068 280.0001793100094 14.0624820003286
1618 283.76140843280746 280.00017934133359 14.071000000461936
1619 283.75857450628462 280.00017937263277 14.079594000242651
1620 283.75574296229706 280.00017940390228 14.088136000558734
1621 283.75291379832771 280.00017943514951 14.096832000650465
1622 283.75008701186431 280.00017946636802 14.105318000540137
1623 283.74726260040336 280.00017949756017 14.113850000314415
1624 283.74444056144523 280.00017952872867 14.122405000030994
1625 283.74162089248688 280.00017955987028 14.130894000642002
1626 283.73880359102935 280.00017959098449 14.139464000239968
1627 283.73598865459741 280.00017962207107 14.148062000051141
1628 283.73317608067936 280.00017965313469 14.156709000468254
1629 283.73036586681269 280.0001796841716 14.165262000635266
1630 283.72755801050869 280.00017971518253 14.173975000157952
1631 283.72475250928812 280.00017974616526 14.182500000111759
1632 283.72194936068297 280.00017977712349 14.191008000634611
1633 283.71914856223981 280.000179808057 14.199606000445783
1634 283.71635011147163 280.00017983896237 14.208115000277758
1635 283.71355400593944 280.0001798698429 14.216615000739694
1636 283.71076024316761 280.00017990069671 14.225130000151694
1637 283.70796882071613 280.0001799315267 14.233687000349164
1638 283.70517973612345 280.00017996232998 14.242198999971151
1639 283.70239298695719 280.00017999310688 14.25074000004679
1640 283.69960857077734 280.00018002385764 14.259370000101626
1641 283.69682648513583 280.00018005458361 14.267981000244617
1642 283.69404672760288 280.00018008528519 14.276471000164747
1643 283.691269295751 280.0001801159616 14.285020000301301
1644 283.6884941871582 280.00018014660913 14.293568000197411
1645 283.68572139938777 280.00018017723238 14.302115000784397
1646 283.68295093002888 280.00018020782983 14.310674000531435
1647 283.68018277666744 280.00018023839982 14.319204000756145
1648 283.6774169369059 280.00018026894708 14.327696000225842
1649 283.67465340830938 280.00018029946767 14.336339000612497
1650 283.67189218849364 280.00018032996348 14.344948000274599
1651 283.66913327504835 280.0001803604336 14.353431000374258
1652 283.6663766655758 280.00018039087598 14.361986000090837
1653 283.66362235769725 280.00018042129665 14.370618000626564
1654 283.66087034900517 280.00018045168883 14.379170000553131
1655 283.6581206371323 280.0001804820572 14.387755000032485
1656 283.65537321968014 280.00018051240227 14.396267000585794
1657 283.65262809427736 280.00018054271817 14.404784000478685
1658 283.64988525855415 280.00018057300917 14.413287000730634
1659 283.64714471013247 280.00018060327682 14.42189500015229
1660 283.64440644665029 280.00018063351826 14.430408000014722
1661 283.64167046573527 280.00018066373491 14.438948000781238
1662 283.63893676503733 280.00018069392632 14.447491000406444
1663 283.63620534219393 280.00018072409136 14.455976000055671
1664 283.63347619485052 280.00018075423486 14.464532000012696
1665 283.63074932065803 280.00018078435056 14.473130000755191
1666 283.62802471728031 280.00018081444006 14.481780000030994
1667 283.62530238236741 280.00018084450676 14.49031800031662
1668 283.62258231357862 280.00018087454663 14.498910000547767
1669 283.61986450858154 280.00018090456325 14.507473000325263
1670 283.61714896504373 280.00018093455452 14.516115000471473
1671 283.61443568063282 280.00018096452044 14.524577000178397
1672 283.61172465303207 280.00018099446055 14.533176000230014
1673 283.60901587991026 280.00018102437645 14.541753999888897
1674 283.60630935896444 280.00018105426824 14.550280000083148
1675 283.6036050878746 280.00018108413479 14.558825000189245
1676 283.60090306431709 280.00018111397708 14.567387000657618
1677 283.59820328599875 280.00018114379156 14.575896000489593
1678 283.59550575061604 280.00018117358547 14.584523000754416
1679 283.59281045586164 280.00018120335028 14.593079000711441
1680 283.59011739943855 280.00018123309388 14.601619000546634
1681 283.5874265790564 280.00018126281344 14.610160999931395
1682 283.5847379924349 280.0001812925068 14.618702000007033
1683 283.58205163727138 280.00018132217417 14.62716200016439
1684 283.5793675112912 280.00018135181944 14.635751000605524
1685 283.57668561220987 280.00018138143821 14.644292999990284
1686 283.57400593776549 280.00018141103419 14.653032000176609
1687 283.57132848566056 280.00018144060425 14.661683999933302
1688 283.56865325364623 280.00018147014919 14.670369000174105
1689 283.56598023944758 280.00018149967013 14.678940000012517
1690 283.56330944080565 280.00018152916846 14.68743700068444
1691 283.56064085545927 280.00018155864001 14.696081000380218
1692 283.55797448115123 280.00018158808763 14.704606000334024
1693 283.55531031563618 280.0001816175112 14.713117999956012
1694 283.55264835665241 280.00018164690857 14.721711000427604
1695 283.54998860196702 280.00018167628497 14.73025400005281
1696 283.54733104932853 280.00018170563453 14.738754000514746
1697 283.54467569650069 280.00018173496153 14.74726300034672
1698 283.54202254124931 280.00018176426323 14.755790000781417
1699 283.53937158133505 280.00018179353958 14.764240000396967
1700 283.5367228145405 280.00018182279274 14.772894000634551
1701 283.53407623863296 280.00018185202106 14.781340000219643
1702 283.53143185138299 280.00018188122624 14.789995000697672
1703 283.52878965058426 280.00018191040715 14.798631000332534
1704 283.52614963401243 280.00018193956384 14.807249000295997
1705 283.52351179945941 280.00018196869695 14.815801000222564
1706 283.52087614471901 280.00018199780419 14.824300000444055
1707 283.51824266757359 280.00018202688869 14.832935000769794
1708 283.51561136582421 280.0001820559504 14.841468000784516
1709 283.51298223727315 280.00018208498466 14.849967000074685
1710 283.51035527972778 280.00018211399777 14.858452999964356
1711 283.5077304909837 280.00018214298649 14.866973999887705
1712 283.50510786886542 280.00018217194986 14.875522000715137
1713 283.5024874111694 280.00018220089015 14.88417199999094
1714 283.4998691157345 280.00018222980884 14.892770000733435
1715 283.49725298036157 280.0001822587011 14.901300000026822
1716 283.49463900287492 280.00018228757074 14.909801000729203
1717 283.49202718110581 280.00018231641684 14.91826800070703
1718 283.4894175128868 280.00018234523765 14.92686300072819
1719 283.48680999604153 280.00018237403526 14.935496000573039
1720 283.48420462841261 280.00018240281076 14.943987000733614
1721 283.48160140782761 280.00018243156097 14.952473000623286
1722 283.47900033214876 280.00018246028696 14.961062000133097
1723 283.47640139919912 280.00018248899158 14.969632999971509
1724 283.4738046068411 280.00018251766977 14.978178000077605
1725 283.47120995292067 280.00018254632596 14.986673000268638
1726 283.46861743529723 280.00018257495964 14.995148000307381
1727 283.46602705181522 280.00018260356643 15.003791000694036
1728 283.46343880035266 280.00018263215094 15.01235100068152
1729 283.46085267875861 280.00018266071453 15.020919000729918
1730 283.45826868490462 280.00018268925129 15.029432000592351
1731 283.4556868166693 280.00018271776725 15.037917000241578
1732 283.45310707191294 280.00018274625535 15.046411000192165
1733 283.45052944851506 280.0001827747256 15.054955000057817
1734 283.44795394436466 280.00018280316846 15.063492000102997
1735 283.4453805573292 280.00018283158971 15.07198900077492
1736 283.44280928530435 280.00018285998857 15.080543000251055
1737 283.44024012617507 280.00018288836111 15.089142000302672
1738 283.43767307783446 280.00018291671057 15.097675000317395
1739 283.43510813817596 280.00018294503889 15.106328000314534
1740 283.43254530509421 280.00018297334418 15.114924000576138
1741 283.4299845764898 280.00018300162418 15.123527999967337
1742 283.42742595027471 280.00018302988207 15.132048000581563
1743 283.42486942434732 280.00018305811602 15.140571000054479
1744 283.42231499662233 280.00018308632662 15.149184999987483
1745 283.41976266500586 280.00018311451709 15.157782000489533
1746 283.4172124274175 280.00018314268294 15.166382000781596
1747 283.41466428177608 280.00018317082345 15.174947000108659
1748 283.41211822600485 280.00018319894258 15.183451000601053
1749 283.4095742580231 280.00018322703909 15.191977000795305
1750 283.40703237576457 280.00018325511269 15.200447000563145
1751 283.40449257715488 280.00018328316264 15.208951000124216
1752 283.40195486013346 280.00018331118935 15.217471000738442
1753 283.39941922263074 280.00018333919252 15.226071000099182
1754 283.39688566258451 280.000183367175 15.234610999934375
1755 283.39435417794624 280.00018339513213 15.243232999928296
1756 283.39182476665212 280.00018342306902 15.251734999939799
1757 283.38929742666306 280.00018345098027 15.260271000675857
1758 283.38677215590849 280.00018347887129 15.268872000277042
1759 283.38424895236074 280.00018350673628 15.277348000556231
1760 283.38172781397168 280.00018353458148 15.286101000383496
1761 283.37920873869973 280.00018356240304 15.294732000678778
1762 283.37669172451086 280.00018359019975 15.303360000252724
1763 283.37417676936985 280.00018361797515 15.311886000446975
1764 283.37166387123744 280.00018364572787 15.32050700020045
1765 283.36915302809541 280.00018367345888 15.329071000218391
1766 283.36664423791581 280.00018370116584 15.337616000324488
1767 283.36413749867359 280.00018372885046 15.34618900064379
1768 283.36163280835433 280.00018375651234 15.354828000068665
1769 283.35913016492611 280.00018378415365 15.363373000174761
1770 283.35662956639504 280.00018381176915 15.371869000606239
1771 283.3541310107301 280.00018383936288 15.380347000434995
1772 283.35163449593529 280.00018386693563 15.388862000778317
1773 283.34914001999999 280.00018389448473 15.397433999925852
1774 283.34664758092958 280.00018392201179 15.406001000665128
1775 283.34415717671669 280.00018394951553 15.414503000676632
1776 283.34166880535952 280.00018397699716 15.42308699991554
1777 283.3391824648715 280.00018400445674 15.431759000755847
1778 283.33669815326027 280.00018403189375 15.440318000502884
1779 283.33421586854001 280.00018405930899 15.448824000544846
1780 283.33173560870966 280.00018408670184 15.45741100050509
1781 283.32925737180113 280.00018411407069 15.465972000733018
1782 283.32678115583178 280.00018414141772 15.474501000717282
1783 283.32430695881493 280.0001841687436 15.48299500066787
1784 283.32183477878618 280.00018419604777 15.491514000110328
1785 283.31936461377381 280.0001842233267 15.500072000548244
1786 283.31689646179478 280.00018425058585 15.508578000590205
1787 283.31443032090095 280.00018427782175 15.517076000571251
1788 283.31196618910815 280.00018430503587 15.525623000226915
1789 283.30950406447482 280.00018433222817 15.534253000281751
1790 283.3070439450313 280.00018435939802 15.542856000363827
1791 283.30458582882216 280.00018438654615 15.551419000141323
1792 283.30212971389955 280.00018441367246 15.559965000487864
1793 283.29967559830982 280.00018444077449 15.56852800026536
1794 283.29722348010921 280.00018446785708 15.577026000246406
1795 283.29477335734407 280.00018449491614 15.585533000528812
1796 283.29232522808081 280.000184521954 15.594059000723064
1797 283.28987909037841 280.00018454896866 15.602824999950826
1798 283.28743494229235 280.00018457596286 15.632333000190556
1799 283.28499278190463 280.00018460293546 15.64094000030309
1800 283.28255260727479 280.00018462988425 15.649489000439644
1801 283.2801144164672 280.00018465681211 15.658096000552177
1802 283.27767820757288 280.00018468371735 15.666613000445068
1803 283.27524397864528 280.00018471060196 15.6751439999789
1804 283.27281172778333 280.00018473746439 15.683633000589907
1805 283.27038145306722 280.00018476430438 15.692139999940991
1806 283.2679531525684 280.00018479112225 15.700719000771642
1807 283.26552682438296 280.00018481791932 15.709234000183642
1808 283.2631024666112 280.00018484469359 15.717826000414789
1809 283.26068007732636 280.00018487144695 15.726424000225961
1810 283.25825965463036 280.00018489817916 15.734961000271142
1811 283.25584119662523 280.00018492488852 15.743471000343561
1812 283.25342470140913 280.00018495157678 15.751977000385523
1813 283.25101016708629 280.00018497824254 15.760558000765741
1814 283.24859759176042 280.00018500488812 15.769113000482321
1815 283.24618697353839 280.00018503151114 15.777606000192463
1816 283.2437783105342 280.00018505811374 15.786098000593483
1817 283.24137160085957 280.00018508469293 15.794569999910891
1818 283.23896684263229 280.00018511125029 15.803081000223756
1819 283.23656403397109 280.00018513778821 15.811685000546277
1820 283.23416317298876 280.0001851643035 15.820349000394344
1821 283.23176425781833 280.00018519079691 15.828925000503659
1822 283.22936728659477 280.00018521726929 15.837455000728369
1823 283.22697225742627 280.00018524371967 15.845940000377595
1824 283.224579168449 280.00018527014987 15.854499000124633
1825 283.22218801780502 280.00018529655745 15.863049000501633
1826 283.21979880363358 280.00018532294558 15.871586000546813
1827 283.21741152405798 280.00018534931149 15.880114000290632
1828 283.21502617723797 280.00018537565506 15.888702000491321
1829 283.21264276131058 280.00018540197692 15.897240000776947
1830 283.21026127441144 280.0001854282807 15.905798000283539
1831 283.20788171470349 280.00018545456049 15.91429500002414
1832 283.20550408033409 280.0001854808192 15.922850999981165
1833 283.20312836946289 280.00018550705664 15.931582000106573
1834 283.20075458023155 280.00018553327362 15.940170000307262
1835 283.198382710808 280.00018555946906 15.948670000769198
1836 283.19601275936463 280.0001855856417 15.957235000096262
1837 283.19364472405175 280.00018561179627 15.965737000107765
1838 283.19127860304098 280.00018563792861 15.974278000183403
1839 283.18891439449408 280.00018566403821 15.982769000343978
1840 283.18655209659158 280.00018569012792 15.991243000142276
1841 283.18419170750616 280.0001857161958 15.99974500015378
1842 283.18183322541211 280.00018574224293 16.00828200019896
1843 283.17947664848901 280.00018576827097 16.016818000003695
1844 283.17712197491994 280.00018579427558 16.025376000441611
1845 283.17476920288209 280.00018582025984 16.035521000623703
1846 283.17241833056892 280.00018584622302 16.044046000577509
1847 283.17006935616746 280.0001858721642 16.052658000029624
1848 283.16772227786657 280.00018589808741 16.061235000379384
1849 283.16537709386444 280.00018592398709 16.069786000065506
1850 283.16303380235126 280.00018594986767 16.07829700037837
1851 283.16069240153524 280.00018597572677 16.086820000782609
1852 283.15835288960113 280.000186001565 16.095333999954164
1853 283.15601526476769 280.00018602738032 16.10421200003475
1854 283.15367952523343 280.00018605317609 16.113233000040054
1855 283.1513456692075 280.00018607895169 16.122096000239253
1856 283.14901369490104 280.00018610470744 16.130830000154674
1857 283.14668360052542 280.00018613044062 16.139418000355363
1858 283.14435538429439 280.00018615615386 16.147939000278711
1859 283.14202904443198 280.00018618184617 16.156653000041842
1860 283.1397045791536 280.00018620751774 16.165223000571132
1861 283.13738198668318 280.0001862331689 16.17386700026691
1862 283.13506126524169 280.0001862588 16.18246400076896
1863 283.13274241305379 280.00018628441103 16.191007000394166
1864 283.13042542835564 280.00018630999949 16.19964100047946
1865 283.12811030938252 280.00018633556658 16.208136999979615
1866 283.12579705436406 280.0001863611177 16.216695000417531
1867 283.12348566153435 280.00018638664392 16.22520500048995
1868 283.12117612912795 280.00018641215132 16.233730000443757
1869 283.11886845539766 280.00018643763667 16.242341000586748
1870 283.11656263858197 280.00018646310269 16.250955000519753
1871 283.11425867691935 280.00018648854791 16.25946900062263
1872 283.11195656867153 280.00018651397261 16.268037999980152
1873 283.10965631208757 280.00018653937673 16.276604000478983
1874 283.10735790540667 280.00018656476021 16.285125000402331
1875 283.10506134689217 280.00018659012352 16.293653000146151
1876 283.10276663480221 280.00018661546613 16.302140000276268
1877 283.10047376739305 280.00018664078959 16.310701000504196
1878 283.09818274293224 280.00018666609236 16.31933500058949
1879 283.09589355968245 280.00018669137364 16.327845999971032
1880 283.09360621590628 280.00018671663543 16.336434000171721
1881 283.09132070987334 280.00018674187606 16.345009000040591
1882 283.08903703985777 280.00018676709686 16.353566000238061
1883 283.08675520413271 280.00018679229839 16.362112999893725
1884 283.08447520096882 280.00018681747929 16.370707000605762
1885 283.08219702865517 280.00018684263875 16.379198000766337
1886 283.07992068545769 280.00018686777884 16.387750000692904
1887 283.07764616966637 280.00018689289999 16.396290000528097
1888 283.07537347956617 280.00018691799909 16.404773000627756
1889 283.07310261344622 280.0001869430796 16.413298999890685
1890 283.07083356958805 280.00018696813993 16.421804000623524
1891 283.06856634629389 280.00018699318116 16.430471000261605
1892 283.06630094184243 280.00018701820045 16.438936000689864
1893 283.06403735454074 280.00018704320104 16.447488000616431
1894 283.0617755826849 280.00018706817917 16.456051000393927
1895 283.05951562457437 280.00018709313917 16.464589999988675
1896 283.05725747851073 280.00018711807883 16.473225000314415
1897 283.05500114279795 280.00018714299625 16.481797000393271
1898 283.05274661574538 280.00018716789577 16.490464000031352
1899 283.05049389566358 280.00018719277324 16.499004000797868
1900 283.04824298085975 280.00018721763286 16.507539000362158
1901 283.04599386964884 280.00018724247303 16.516093000769615
1902 283.04374656034668 280.00018726729161 16.524641000665724
1903 283.04150105127542 280.00018729209199 16.533174000680447
1904 283.03925734074204 280.00018731687328 16.541688000783324
1905 283.03701542708495 280.00018734163257 16.550280000083148
1906 283.03477530862079 280.0001873663731 16.558819999918342
1907 283.03253698367877 280.0001873910926 16.56734300032258
1908 283.03030045057881 280.00018741579237 16.575931000523269
1909 283.02806570765659 280.00018744047406 16.584471000358462
1910 283.02583275325185 280.00018746513297 16.593019000254571
1911 283.02360158569348 280.00018748977681 16.601503999903798
1912 283.02137220332742 280.00018751439723 16.610048000700772
1913 283.01914460447546 280.00018753900179 16.618592000566423
1914 283.01691878749307 280.00018756358241 16.627066000364721
1915 283.01469475072577 280.00018758814457 16.635519000701606
1916 283.0124724925027 280.00018761268802 16.644187000580132
1917 283.01025201119228 280.00018763720971 16.652734000235796
1918 283.00803330513821 280.0001876617149 16.661304000765085
1919 283.00581637268834 280.00018768619884 16.669839000329375
1920 283.00360121219205 280.00018771066397 16.678406000137329
1921 283.00138782201947 280.00018773510834 16.686999999918044
1922 282.99917620052003 280.00018775953424 16.695644000545144
1923 282.9969663460563 280.00018778394025 16.704242000356317
1924 282.99475825699386 280.00018780832625 16.712900999933481
1925 282.99255193169756 280.0001878326928 16.7214640006423
1926 282.9903473685269 280.00018785704236 16.730032999999821
1927 282.98814456586052 280.00018788136998 16.738683000206947
1928 282.98594352206425 280.00018790567827 16.747233999893069
1929 282.9837442355111 280.00018792996724 16.755828999914229
1930 282.98154670457762 280.00018795423779 16.764295000582933
1931 282.97935092763919 280.00018797848816 16.772842000238597
1932 282.97715690307791 280.00018800271886 16.781542000360787
1933 282.97496462928058 280.00018802693023 16.790124000050128
1934 282.97277410461538 280.00018805112245 16.798808000050485
1935 282.97058532747803 280.0001880752946 16.807399000041187
1936 282.9683982962664 280.00018809944913 16.816041000187397
1937 282.96621300935169 280.00018812358394 16.824609000235796
1938 282.96402946512728 280.000188147698 16.833116000518203
1939 282.96184766199832 280.00018817179398 16.841638000681996
1940 282.95966759835625 280.00018819587069 16.850209000520408
1941 282.95748927259956 280.00018821992927 16.858768000267446
1942 282.95531268311959 280.00018824396818 16.867320000194013
1943 282.95313782832983 280.00018826798919 16.875915000215173
1944 282.95096470662384 280.00018829198649 16.88446900062263
1945 282.94879331642056 280.0001883159677 16.893014000728726
1946 282.94662365611458 280.00018833993119 16.901557000353932
1947 282.94445572411894 280.0001883638725 16.910106000490487
1948 282.9422895188539 280.000188387798 16.91862800065428
1949 282.94012503872386 280.00018841170265 16.927262000739574
1950 282.93796228215723 280.00018843558826 16.935769000090659
1951 282.93580124755783 280.00018845945499 16.944350000470877
1952 282.9336419333481 280.00018848330433 16.952956000342965
1953 282.93148433795216 280.00018850713184 16.961547000333667
1954 282.92932845980505 280.00018853094235 16.970023000612855
1955 282.92717429730857 280.00018855473354 16.978489000350237
1956 282.92502184891083 280.00018857850614 16.987041000276804
1957 282.92287111303864 280.00018860225805 16.995599000714719
1958 282.92072208811231 280.00018862599251 17.004132000729442
1959 282.91857477257929 280.00018864970758 17.012668000534177
1960 282.91642916486762 280.00018867340225 17.021174999885261
1961 282.91428526341457 280.00018869708089 17.029729000292718
1962 282.91214306666564 280.00018872074088 17.038314000703394
1963 282.91000257306115 280.00018874437865 17.046889999881387
1964 282.90786378104048 280.00018876800061 17.055460000410676
1965 282.90572668904474 280.00018879160109 17.063963000662625
1966 282.90359129553764 280.00018881518673 17.072550000622869
1967 282.90145759895489 280.00018883875185 17.081072000786662
1968 282.89932559774206 280.00018886229736 17.089653000235558
1969 282.89719529037308 280.00018888582434 17.098350999876857
1970 282.89506667528917 280.00018890933404 17.106871000491083
1971 282.89293975094733 280.00018893282561 17.115438000299037
1972 282.89081451580603 280.00018895629489 17.123932000249624
1973 282.88869096833707 280.00018897974957 17.133963000029325
1974 282.88656910699245 280.00018900318048 17.142649000510573
1975 282.88444893023728 280.00018902659741 17.151171000674367
1976 282.88233043654151 280.00018904999479 17.159692999906838
1977 282.88021362437371 280.00018907337187 17.168335000053048
1978 282.87809849219667 280.00018909673378 17.176838000304997
1979 282.87598503849574 280.0001891200734 17.185386000201106
1980 282.87387326173945 280.00018914339756 17.193975999951363
1981 282.87176316040069 280.00018916670189 17.202657000161707
1982 282.8696547329593 280.00018918998728 17.211316000670195
1983 282.86754797789831 280.00018921325386 17.219922000542283
1984 282.86544289369175 280.00018923650322 17.228533999994397
1985 282.86333947883088 280.000189259732 17.237146000377834
1986 282.86123773179412 280.00018928294628 17.245730000548065
1987 282.85913765107358 280.00018930614004 17.254277000203729
1988 282.85703923516394 280.00018932931454 17.262822000309825
1989 282.85494248254713 280.00018935247073 17.271337000653148
1990 282.85284739171811 280.00018937560912 17.279899000190198
1991 282.85075396116906 280.00018939872882 17.288508000783622
1992 282.84866218940363 280.00018942183067 17.297048999927938
1993 282.84657207491165 280.0001894449133 17.305628000758588
1994 282.84448361620446 280.00018946797883 17.314205000177026
1995 282.84239681177309 280.00018949102639 17.32270900066942
1996 282.84031166012807 280.00018951405656 17.331279000267386
1997 282.83822815977078 280.00018953706632 17.339833000674844
1998 282.83614630921505 280.00018956005931 17.348389999940991
1999 282.83406610696125 280.00018958303127 17.356894000433385
2000 282.83198755152608 280.00018960598936 17.365486000664532
