iterat. internal-T external-T elapsed-time
0 300 280 0.030895999632775784
1 299.93339999999171 280.00000073555265 0.057102999649941921
2 299.86768806438675 280.0000014612578 0.080888000316917896
3 299.80284266857791 280.00000217742144 0.12325000017881393
4 299.73884295557366 280.00000288427617 0.14674600027501583
5 299.67566871193145 280.00000358194654 0.17029100004583597
6 299.61330034465084 280.00000427076952 0.19374100025743246
7 299.55171885925904 280.00000495089756 0.21678899973630905
8 299.49090583844264 280.00000562251671 0.24024800024926662
9 299.43084342172625 280.00000628585485 0.26372299995273352
10 299.37151428591193 280.00000694109485 0.28720499947667122
11 299.3129016262107 280.00000758841281 0.3105699997395277
12 299.2549891382879 280.00000822800615 0.33468700014054775
13 299.19776100083601 280.0000088600396 0.35825700033456087
14 299.14120185890607 280.00000948468744 0.38192799966782331
15 299.08529680787507 280.00001010212208 0.40586799941956997
16 299.03003137803722 280.00001071247817 0.42934800032526255
17 298.97539151974598 280.00001131593024 0.45297699980437756
18 298.92136358919896 280.00001191263141 0.47673800028860569
19 298.86793433470621 280.00001250269713 0.50033000018447638
20 298.81509088345456 280.00001308629936 0.52412000019103289
21 298.76282072887324 280.00001366359527 0.54746400006115437
22 298.7111117183594 280.00001423467478 0.57108400017023087
23 298.65995204158475 280.00001479967926 0.59425400011241436
24 298.60933021905407 280.00001535875066 0.61763000022619963
25 298.55923509130673 280.00001591201135 0.64104800019413233
26 298.50965580839886 280.00001645957656 0.66476400010287762
27 298.46058181974018 280.00001700153956 0.68859599996358156
28 298.4120028644009 280.00001753805549 0.71200899966061115
29 298.36390896171167 280.0000180692378 0.73545099981129169
30 298.31629040220349 280.00001859512747 0.75901199970394373
31 298.26913773891027 280.00001911589356 0.78252299968153238
32 298.22244177896454 280.00001963161105 0.80595699977129698
33 298.17619357550331 280.00002014237788 0.83016799949109554
34 298.13038441984071 280.00002064828652 0.85374999977648258
35 298.08500583396778 280.00002114946363 0.87679899949580431
36 298.04004956326116 280.000021645961 0.90041400026530027
37 297.9955075695018 280.00002213789759 0.92420400027185678
38 297.95137202413218 280.00002262535071 0.96471999958157539
39 297.90763530166811 280.00002310836544 0.98838999960571527
40 297.86428997351732 280.00002358707536 1.0119169997051358
41 297.82132880181092 280.00002406155363 1.0355169996619225
42 297.77874473360299 280.00002453186147 1.0592599995434284
43 297.73653089519007 280.00002499806766 1.0827040001749992
44 297.69468058668144 280.00002546026946 1.1063869995996356
45 297.65318727665613 280.00002591853087 1.1301199998706579
46 297.61204459718789 280.00002637292039 1.1537049999460578
47 297.57124633878493 280.00002682348918 1.1772790001705289
48 297.53078644579557 280.00002727034729 1.2006129994988441
49 297.49065901167126 280.00002771352092 1.2244189996272326
50 297.45085827465658 280.00002815307749 1.2480739997699857
51 297.41137861341014 280.00002858911597 1.2715990003198385
52 297.37221454293172 280.00002902163101 1.2948040002956986
53 297.33336071053157 280.00002945074385 1.3187119998037815
54 297.29481189195189 280.00002987648924 1.3420420000329614
55 297.25656298765864 280.00003029891542 1.3657719995826483
56 297.21860901919695 280.000030718076 1.3902460001409054
57 297.18094512572287 280.00003113404341 1.4146640002727509
58 297.14356656056583 280.00003154685481 1.4387469999492168
59 297.1064686880448 280.00003195656939 1.4623569995164871
60 297.0696469802229 280.00003236322948 1.4858670001849532
61 297.03309701388531 280.00003276688574 1.5094480002298951
62 296.99681446758251 280.00003316760706 1.5330309998244047
63 296.96079511874467 280.00003356540287 1.5567889995872974
64 296.92503484090156 280.00003396034992 1.5802199998870492
65 296.88952960103626 280.00003435247731 1.6039880001917481
66 296.85427545694017 280.00003474182756 1.6277820002287626
67 296.8192685547333 280.00003512843818 1.6511270003393292
68 296.78450512638767 280.00003551236784 1.6745060002431273
69 296.74998148741577 280.0000358936565 1.6983219999819994
70 296.71569403454083 280.00003627232178 1.7221879996359348
71 296.68163924351012 280.00003664843831 1.7454939996823668
72 296.64781366694791 280.000037022019 1.7693809997290373
73 296.61421393226522 280.00003739310455 1.7934830002486706
74 296.58083673967013 280.00003776171417 1.8178369998931885
75 296.54767886016816 280.00003812792352 1.8430699994787574
76 296.51473713374355 280.00003849173066 1.8679649997502565
77 296.4820084674692 280.00003885320086 1.8918129997327924
78 296.4494898337536 280.00003921233184 1.9155139997601509
79 296.41717826861924 280.00003956918073 1.9394140001386404
80 296.38507087002841 280.00003992378385 1.9632510002702475
81 296.35316479627568 280.00004027616001 1.9869659999385476
82 296.32145726438853 280.00004062634605 2.0101939998567104
83 296.28994554864147 280.00004097435777 2.0337399998679757
84 296.25862697906609 280.00004132025043 2.0573249999433756
85 296.22749893999543 280.00004166402658 2.080931999720633
86 296.19655886871396 280.00004200573596 2.1050239996984601
87 296.1658042540779 280.00004234538756 2.1286730002611876
88 296.13523263521796 280.00004268303712 2.1522309994325042
89 296.10484160028517 280.00004301867057 2.1754499999806285
90 296.07462878517174 280.00004335235167 2.2144139995798469
91 296.0445918723687 280.00004368407969 2.2382829999551177
92 296.01472858976501 280.00004401389026 2.2617889996618032
93 295.98503670954869 280.00004434181398 2.2855700002983212
94 295.95551404709187 280.00004466786754 2.3089410001412034
95 295.92615845988342 280.00004499207915 2.3323879996314645
96 295.89696784651187 280.00004531446024 2.356114000082016
97 295.86794014565584 280.00004563504808 2.3796880003064871
98 295.83907333511104 280.0000459538503 2.4031959995627403
99 295.81036543084241 280.00004627090283 2.426549999974668
100 295.78181448605318 280.00004658623959 2.4500759998336434
101 295.75341859031346 280.00004689985138 2.4736529998481274
102 295.72517586866076 280.00004721177078 2.4973160000517964
103 295.69708448080053 280.00004752200971 2.5207859994843602
104 295.66914262022578 280.00004783061411 2.5445870002731681
105 295.64134851348302 280.00004813756425 2.5683260001242161
106 295.61370041934026 280.00004844292175 2.5919369999319315
107 295.58619662806609 280.00004874668406 2.6169020002707839
108 295.55883546069765 280.00004904885873 2.6405480001121759
109 295.53161526830399 280.00004934947674 2.664355999790132
110 295.50453443131215 280.00004964856311 2.6878709997981787
111 295.47759135882961 280.00004994612658 2.7111130002886057
112 295.45078448797989 280.00005024218558 2.7347459997981787
113 295.42411228326011 280.00005053676085 2.7582700001075864
114 295.39757323594097 280.00005082985678 2.7820549998432398
115 295.37116586345491 280.00005112149955 2.8059299997985363
116 295.34488870878488 280.00005141171135 2.8295369995757937
117 295.31874033990761 280.00005170050173 2.8527950001880527
118 295.29271934926186 280.00005198787164 2.8761470001190901
119 295.26682435315655 280.00005227386526 2.8999220002442598
120 295.24105399127046 280.00005255847083 2.9235389996320009
121 295.21540692614815 280.00005284171806 2.9472300000488758
122 295.18988184267278 280.00005312362094 2.9708949998021126
123 295.16447744758761 280.00005340419608 2.9943709997460246
124 295.13919246904118 280.00005368343898 3.0175639996305108
125 295.11402565609205 280.0000539613855 3.0410350002348423
126 295.08897577827429 280.00005423804066 3.0645859995856881
127 295.06404162518481 280.00005451343867 3.0883480003103614
128 295.03922200597469 280.00005478754559 3.1120609994977713
129 295.01451574903149 280.00005506041941 3.1528289997950196
130 294.98992170152144 280.00005533203307 3.1765050003305078
131 294.96543872897502 280.00005560242238 3.2005019998177886
132 294.94106571494808 280.00005587160831 3.2240720000118017
133 294.91680156060613 280.00005613957677 3.2477000001817942
134 294.89264518439592 280.00005640636704 3.2711819997057319
135 294.86859552164987 280.00005667197041 3.2949249995872378
136 294.84465152425366 280.00005693640742 3.3183009997010231
137 294.82081216031457 280.00005719969266 3.3419449999928474
138 294.79707641381179 280.00005746184678 3.3654889995232224
139 294.77344328429189 280.00005772285215 3.3892620000988245
140 294.74991178654727 280.00005798273367 3.4128320002928376
141 294.72648095028916 280.00005824151032 3.4366919994354248
142 294.70314981988878 280.00005849918051 3.4599660001695156
143 294.67991745403344 280.0000587557617 3.4839920001104474
144 294.65678292548176 280.00005901126252 3.5076460000127554
145 294.63374532077131 280.00005926568861 3.5312099996954203
146 294.61080373993855 280.00005951905882 3.5547770000994205
147 294.58795729626388 280.00005977138773 3.5782110001891851
148 294.56520511600985 280.00006002266218 3.6018789997324347
149 294.54254633815378 280.00006027291738 3.6255069999024272
150 294.51998011416828 280.00006052214275 3.6493889996781945
151 294.49750560776613 280.00006077035772 3.6734069995582104
152 294.47512199465478 280.00006101755707 3.6973820002749562
153 294.4528284623064 280.00006126377309 3.7211370002478361
154 294.43062420976503 280.00006150899486 3.7448089998215437
155 294.40850844738162 280.00006175324148 3.7685970002785325
156 294.38648039663917 280.00006199652148 3.7920439997687936
157 294.36453928991341 280.00006223884486 3.8156420001760125
158 294.34268437029436 280.00006248020759 3.8393040001392365
159 294.3209148913524 280.00006272063132 3.8627679999917746
160 294.2992301169777 280.00006296011969 3.8863840000703931
161 294.27762932117753 280.00006319868737 3.909799000248313
162 294.25611178787597 280.00006343632856 3.9337969999760389
163 294.23467681074737 280.00006367306105 3.9574699997901917
164 294.21332369303497 280.00006390888592 3.9812260000035167
165 294.19205174737652 280.00006414381562 4.005048000253737
166 294.17086029562819 280.00006437784515 4.0285759996622801
167 294.14974866869909 280.00006461101066 4.0689810002222657
168 294.12871620640436 280.00006484330157 4.0927240001037717
169 294.10776225728245 280.00006507471778 4.1161740003153682
170 294.08688617844166 280.00006530527099 4.1400809995830059
171 294.06608733543669 280.00006553497582 4.1637739995494485
172 294.04536510209078 280.00006576382907 4.1872749999165535
173 294.02471886034851 280.00006599185446 4.2108380002900958
174 294.00414800015466 280.00006621903736 4.2343910001218319
175 293.98365191930031 280.00006644540235 4.2577969999983907
176 293.96323002328165 280.00006667095033 4.2813409995287657
177 293.94288172519077 280.0000668956784 4.3052249997854233
178 293.92260644554307 280.00006711960134 4.3286269996315241
179 293.90240361219469 280.00006734272392 4.3522709999233484
180 293.88227266018811 280.00006756505257 4.3757140003144741
181 293.86221303163524 280.00006778659616 4.3991299998015165
182 293.84222417561506 280.00006800734752 4.4231310002505779
183 293.82230554801191 280.00006822732826 4.4468059996142983
184 293.80245661146955 280.00006844654587 4.4705699998885393
185 293.78267683520789 280.00006866499569 4.4941389998421073
186 293.76296569495025 280.00006888268632 4.5175439994782209
187 293.74332267282557 280.00006909963088 4.5409899996593595
188 293.72374725721858 280.00006931583283 4.5646369997411966
189 293.7042389427171 280.0000695312927 4.5881639998406172
190 293.68479722997517 280.00006974600899 4.6120450003072619
191 293.6654216256303 280.00006995999684 4.6358690001070499
192 293.64611164219218 280.00007017325999 4.6591999996453524
193 293.62686679797554 280.00007038580014 4.6827010000124574
194 293.60768661697182 280.0000705976326 4.7064349995926023
195 293.58857062876785 280.00007080874536 4.7304469998925924
196 293.56951836847867 280.00007101916776 4.7538909995928407
197 293.55052937663703 280.00007122888258 4.7774409996345639
198 293.53160319910779 280.00007143791066 4.8010839996859431
199 293.51273938700763 280.00007164625049 4.8248950000852346
200 293.49393749663096 280.0000718538966 4.84895099978894
201 293.47519708933976 280.00007206086372 4.8727460000663996
202 293.45651773154003 280.00007226715888 4.8963369997218251
203 293.43789899453998 280.00007247279086 4.9197019999846816
204 293.41934045450733 280.00007267775118 4.943245000205934
205 293.40084169239418 280.00007288205114 4.9840110000222921
206 293.38240229385076 280.000073085699 5.0078290002420545
207 293.36402184917262 280.0000732886927 5.0312860002741218
208 293.34569995319669 280.00007349104027 5.0552350003272295
209 293.32743620528424 280.00007369274562 5.0791520001366735
210 293.30923020918453 280.00007389382199 5.1030890000984073
211 293.29108157303108 280.00007409425712 5.126583999954164
212 293.27298990923697 280.00007429406458 5.1505950000137091
213 293.25495483445712 280.00007449324232 5.1742810001596808
214 293.23697596948369 280.0000746917998 5.1982399998232722
215 293.21905293925522 280.00007488974734 5.2219529999420047
216 293.20118537270707 280.00007508708217 5.2457659998908639
217 293.18337290277947 280.00007528380559 5.2695760000497103
218 293.16561516633089 280.00007547992601 5.2929969998076558
219 293.14791180409793 280.00007567544634 5.3170349998399615
220 293.13026246060593 280.00007587036066 5.3407499995082617
221 293.11266678415654 280.00007606469046 5.3645059997215867
222 293.09512442672764 280.000076258425 5.3883210001513362
223 293.0776350439703 280.0000764515878 5.41204599943012
224 293.06019829511291 280.0000766441629 5.4355870001018047
225 293.04281384292563 280.00007683615314 5.4591279998421669
226 293.02548135367704 280.00007702759063 5.4827030003070831
227 293.00820049707755 280.00007721843883 5.5065759997814894
228 292.9909709462334 280.0000774087282 5.5304109994322062
229 292.9737923775898 280.00007759844897 5.55417799949646
230 292.9566644708899 280.00007778761028 5.5779430000111461
231 292.93958690914042 280.00007797621657 5.6015529995784163
232 292.92255937854912 280.00007816427643 5.6251509999856353
233 292.90558156848977 280.0000783517757 5.6487229997292161
234 292.8886531714424 280.00007853874439 5.6724199997261167
235 292.87177388297965 280.00007872516522 5.6963179996237159
236 292.8549434016852 280.00007891103633 5.7202580003067851
237 292.83816142916868 280.00007909638038 5.7439770000055432
238 292.82142766996054 280.00007928118748 5.7678549997508526
239 292.80474183150875 280.00007946546754 5.7921129995957017
240 292.78810362415743 280.00007964921656 5.8360629994422197
241 292.77151276103632 280.00007983245234 5.8597839996218681
242 292.75496895810585 280.00008001515965 5.883716999553144
243 292.73847193407266 280.00008019735736 5.9073449997231364
244 292.72202141037553 280.00008037903564 5.9314209995791316
245 292.70561711111202 280.00008056020386 5.9551599994301796
246 292.68925876304246 280.00008074086571 5.9789859997108579
247 292.67294609555995 280.00008092102689 6.0025749998167157
248 292.65667884059127 280.00008110068984 6.0266189994290471
249 292.64045673264559 280.00008127984756 6.0509420000016689
250 292.62427950872615 280.00008145851228 6.0751120001077652
251 292.60814690833678 280.00008163667758 6.0990779995918274
252 292.59205867339062 280.00008181435476 6.1232819994911551
253 292.57601454825476 280.00008199154689 6.1473070001229644
254 292.56001427965487 280.0000821682579 6.1714479997754097
255 292.54405761667908 280.00008234449035 6.1953389998525381
256 292.52814431074751 280.00008252024759 6.2191610001027584
257 292.51227411554351 280.00008269553035 6.2429679995402694
258 292.49644678705101 280.00008287032887 6.2670630002394319
259 292.48066208347802 280.00008304465536 6.2910179998725653
260 292.46491976521861 280.00008321851237 6.3149379994720221
261 292.44921959487772 280.00008339190475 6.3390100002288818
262 292.43356133719288 280.00008356483977 6.3631859999150038
263 292.41794475903646 280.00008373731197 6.3868309995159507
264 292.40236962937439 280.00008390932766 6.410500000230968
265 292.38683571923622 280.00008408088428 6.4343440001830459
266 292.37134280171983 280.00008425198706 6.4582479996606708
267 292.35589065192386 280.00008442264692 6.4819400003179908
268 292.34047904697434 280.0000845928505 6.5058929994702339
269 292.32510776592846 280.00008476260905 6.5295409997925162
270 292.30977658982198 280.0000849319286 6.5535469995811582
271 292.294485301598 280.00008510080721 6.5772009994834661
272 292.27923368611346 280.00008526924387 6.6011389996856451
273 292.26402153010764 280.00008543725096 6.6250219997018576
274 292.24884862215038 280.0000856048265 6.6490970002487302
275 292.23371475267481 280.0000857719657 6.6729779997840524
276 292.21861971389035 280.00008593868142 6.6990200001746416
277 292.20356329984185 280.00008610495894 6.7229420002549887
278 292.18854530629926 280.00008627081615 6.7467710003256798
279 292.17356553080714 280.00008643625728 6.7707380000501871
280 292.15862377262994 280.00008660128486 6.7945509999990463
281 292.14371983272798 280.00008676588124 6.8183889994397759
282 292.12885351376377 280.00008693007055 6.842136999592185
283 292.11402462005867 280.00008709384485 6.8661819994449615
284 292.09923295757932 280.0000872572017 6.8901159996166825
285 292.08447833392358 280.00008742016547 6.914024000056088
286 292.06976055829097 280.00008758270559 6.9376389998942614
287 292.05507944148945 280.00008774484917 6.961306999437511
288 292.040434795875 280.0000879065808 6.9850399997085333
289 292.02582643538437 280.00008806791158 7.0088569996878505
290 292.01125417546342 280.00008822885559 7.0326269995421171
291 291.99671783309361 280.0000883893959 7.0564529998227954
292 291.98221722675868 280.00008854953444 7.0803640000522137
293 291.96775217641448 280.00008870929247 7.1039570001885295
294 291.95332250350015 280.00008886865675 7.1276139998808503
295 291.93892803088988 280.00008902762738 7.1513289995491505
296 291.92456858290171 280.00008918622501 7.1750069996342063
297 291.91024398527657 280.00008934442951 7.1987069994211197
298 291.89595406514599 280.00008950224043 7.2224989999085665
299 291.88169865104214 280.00008965967982 7.2461019996553659
300 291.86747757285889 280.00008981673585 7.2876289999112487
301 291.85329066184545 280.00008997342894 7.3113089995458722
302 291.83913775060267 280.00009012973635 7.3350750003010035
303 291.82501867304973 280.00009028566899 7.3588269995525479
304 291.81093326442488 280.00009044123044 7.3824849994853139
305 291.79688136125657 280.00009059642241 7.4060829998925328
306 291.78286280136535 280.00009075125035 7.4296439997851849
307 291.76887742383428 280.00009090570683 7.4536439999938011
308 291.7549250690019 280.00009105979859 7.4771529994904995
309 291.74100557846776 280.0000912135236 7.5008450001478195
310 291.7271187950181 280.00009136688755 7.5247649997472763
311 291.71326456271288 280.00009151989076 7.5484050000086427
312 291.69944272676554 280.00009167253825 7.5722179999575019
313 291.68565313360256 280.00009182483177 7.5957730002701283
314 291.67189563083082 280.00009197676911 7.6195630002766848
315 291.65817006720306 280.00009212836244 7.6433330001309514
316 291.6444762926468 280.00009227959674 7.6671740002930164
317 291.63081415821466 280.00009243048606 7.690913999453187
318 291.61718351608971 280.00009258101994 7.7146539995446801
319 291.60358421958546 280.00009273121424 7.7385299997404218
320 291.59001612310084 280.00009288106673 7.7622729996219277
321 291.57647908213721 280.00009303057402 7.786094999872148
322 291.56297295327937 280.00009317973786 7.8097829995676875
323 291.54949759418173 280.00009332855399 7.8336539994925261
324 291.53605286355116 280.00009347704651 7.8574479995295405
325 291.5226386211624 280.00009362520126 7.8813140001147985
326 291.50925472779471 280.00009377301723 7.9051999999210238
327 291.49590104529074 280.00009392049549 7.928999999538064
328 291.48257743649469 280.00009406763752 7.9528209995478392
329 291.46928376525335 280.00009421445486 7.976409999653697
330 291.45601989641045 280.00009436093723 8.0000869994983077
331 291.44278569580189 280.00009450709609 8.0238419994711876
332 291.42958103023182 280.00009465292754 8.0475340001285076
333 291.41640576748273 280.00009479843607 8.0713740000501275
334 291.40325977628333 280.00009494363019 8.0953839998692274
335 291.39014292630878 280.00009508849183 8.1191969998180866
336 291.3770550881726 280.00009523303402 8.1428629998117685
337 291.36399613343195 280.00009537726328 8.1662929998710752
338 291.35096593453449 280.00009552117911 8.1900019999593496
339 291.33796436485926 280.00009566477331 8.2135910000652075
340 291.32499129868171 280.00009580804078 8.2523539997637272
341 291.31204661117698 280.00009595100579 8.2761450000107288
342 291.29913017837333 280.00009609365583 8.2998839998617768
343 291.28624187720521 280.00009623599919 8.3237370001152158
344 291.27338158547263 280.00009637802629 8.3475379999727011
345 291.26054918179619 280.00009651975228 8.3712940001860261
346 291.24774454569331 280.00009666116546 8.3949839994311333
347 291.23496755749568 280.00009680226754 8.4186439998447895
348 291.22221809837328 280.00009694307408 8.4422100000083447
349 291.20949605031637 280.00009708357572 8.4660259997472167
350 291.19680129613903 280.00009722378297 8.4898159997537732
351 291.18413371946036 280.00009736368401 8.5135449999943376
352 291.1714932047073 280.0000975032911 8.5373999997973442
353 291.15887963709326 280.00009764260597 8.5613089995458722
354 291.14629290261382 280.00009778161757 8.5852999994531274
355 291.13373288804519 280.00009792032773 8.6095970002934337
356 291.12119948095597 280.00009805874669 8.6336840000003576
357 291.10869256964452 280.00009819687108 8.657918999902904
358 291.09621204319473 280.00009833472114 8.6818859996274114
359 291.08375779141903 280.00009847226255 8.7058919994160533
360 291.07132970488419 280.00009860952292 8.7298940001055598
361 291.05892767489371 280.00009874648777 8.7536229994148016
362 291.0465515934676 280.00009888316805 8.7774449996650219
363 291.03420135335716 280.00009901956014 8.800989999435842
364 291.02187684803414 280.00009915567233 8.8245179997757077
365 291.00957797167621 280.00009929150366 8.8484859997406602
366 290.9973046191522 280.00009942705304 8.8724360000342131
367 290.98505668602968 280.00009956231872 8.8962749997153878
368 290.972834068579 280.00009969731207 8.9201710000634193
369 290.96063666374118 280.00009983201755 8.9439350003376603
370 290.94846436914298 280.00009996645423 8.9676649998873472
371 290.93631708306845 280.00010010061288 8.9914180003106594
372 290.92419470448147 280.00010023450221 9.0152869997546077
373 290.91209713298974 280.00010036810488 9.0391140002757311
374 290.90002426886548 280.00010050143914 9.0825760001316667
375 290.88797601302002 280.00010063450082 9.1065029995515943
376 290.8759522670058 280.00010076729092 9.1306630000472069
377 290.86395293302775 280.0001008998114 9.1547130001708865
378 290.85197791388453 280.00010103206517 9.1786789996549487
379 290.84002711302924 280.00010116405048 9.2026859996840358
380 290.82810043453333 280.00010129577061 9.2265989994630218
381 290.81619778305287 280.00010142721715 9.2505660001188517
382 290.80431906387918 280.00010155841733 9.2743069995194674
383 290.79246418289466 280.00010168934392 9.2981960000470281
384 290.78063304657928 280.00010182001051 9.3222489999607205
385 290.76882556199638 280.00010195042074 9.3461309997364879
386 290.75704163682371 280.00010208056119 9.3700209995731711
387 290.7452811792819 280.00010221044778 9.3942599995061755
388 290.7335440981953 280.00010234007163 9.4183000000193715
389 290.7218303029419 280.00010246943305 9.4420779999345541
390 290.71013970347752 280.00010259854281 9.4660620000213385
391 290.69847221031966 280.00010272739632 9.4896949995309114
392 290.68682773452639 280.00010285600621 9.5134180001914501
393 290.6752061877271 280.00010298435558 9.5370950000360608
394 290.66360748209416 280.0001031124529 9.5609379997476935
395 290.65203153032508 280.00010324029876 9.584654999896884
396 290.64047824567302 280.00010336789296 9.6084869997575879
397 290.62894754191211 280.00010349524183 9.6324380002915859
398 290.61743933335782 280.00010362234309 9.6561420001089573
399 290.60595353483734 280.00010374920214 9.6799839995801449
400 290.59449006169831 280.00010387579823 9.7036359999328852
401 290.58304882982065 280.00010400215945 9.7275930000469089
402 290.57162975556611 280.00010412827413 9.7512870002537966
403 290.56023275582157 280.00010425414092 9.7750319996848702
404 290.54885774797594 280.000104379768 9.7987169995903969
405 290.53750464990094 280.0001045051547 9.82245699968189
406 290.52617337998566 280.00010463029258 9.8461429998278618
407 290.51486385709546 280.00010475519417 9.8696520002558827
408 290.50357600056742 280.00010487987254 9.893283000215888
409 290.49230973025129 280.00010500429346 9.9170039994642138
410 290.48106496644516 280.0001051284795 9.9406359996646643
411 290.46984162994477 280.00010525243647 9.9797339998185635
412 290.45863964199259 280.00010537614679 10.003475000150502
413 290.44745892430535 280.00010549962735 10.026948000304401
414 290.43629939907072 280.00010562287503 10.050660000182688
415 290.42516098893674 280.00010574588885 10.074384000152349
416 290.41404361698335 280.00010586866966 10.098073000088334
417 290.40294720675092 280.00010599122083 10.121913000009954
418 290.39187168224697 280.00010611353684 10.14582800026983
419 290.38081696789908 280.0001062356348 10.169622999615967
420 290.36978298856957 280.00010635750226 10.193413999862969
421 290.35876966959171 280.00010647913456 10.217151000164449
422 290.3477769366894 280.00010660054323 10.240756999701262
423 290.33680471604396 280.0001067217184 10.264554999768734
424 290.32585293424961 280.00010684266624 10.288320999592543
425 290.31492151833771 280.00010696339569 10.31233000010252
426 290.30401039573815 280.00010708389544 10.336272000335157
427 290.29311949431269 280.00010720417561 10.360173000022769
428 290.28224874231563 280.00010732423561 10.383956000208855
429 290.27139806843775 280.00010744406757 10.407680000178516
430 290.26056740176074 280.00010756368016 10.431534999981523
431 290.24975667176608 280.00010768308488 10.455354999750853
432 290.23896580834452 280.00010780225017 10.479069999419153
433 290.22819474176816 280.00010792121816 10.502857999876142
434 290.21744340272414 280.0001080399594 10.526587999425828
435 290.2067117222694 280.00010815847804 10.55037899967283
436 290.19599963184851 280.00010827678506 10.575505999848247
437 290.18530706331944 280.00010839486589 10.600498999468982
438 290.17463394888006 280.00010851274209 10.625928999856114
439 290.16398022112878 280.00010863040944 10.650646000169218
440 290.15334581304955 280.00010874785306 10.675548000261188
441 290.14273065796925 280.00010886508994 10.699931999668479
442 290.13213468960799 280.0001089821161 10.723784999921918
443 290.12155784203696 280.00010909892876 10.74775299988687
444 290.11100004971433 280.00010921553047 10.771436000242829
445 290.10046124743496 280.00010933193181 10.812764999456704
446 290.08994137035842 280.00010944810936 10.837561999447644
447 290.07944035400658 280.00010956408147 10.861419999971986
448 290.06895813424615 280.00010967984753 10.885120999999344
449 290.05849464730159 280.00010979540218 10.90898699965328
450 290.0480498297423 280.00010991075294 10.932938000187278
451 290.03762361847248 280.00011002590168 10.956829999573529
452 290.02721595075883 280.00011014085288 10.980634000152349
453 290.01682676419131 280.0001102555957 11.004595000296831
454 290.00645599670202 280.00011037013365 11.028241000138223
455 289.99610358656145 280.00011048446288 11.052319999784231
456 289.98576947236063 280.0001105985952 11.07642799988389
457 289.97545359303155 280.00011071252271 11.100573999807239
458 289.96515588782512 280.00011082625684 11.127536999993026
459 289.95487629633277 280.00011093978441 11.152732999995351
460 289.94461475844651 280.00011105311108 11.178089000284672
461 289.93437121439291 280.00011116623915 11.2028299998492
462 289.92414560471951 280.00011127918106 11.22664999961853
463 289.91393787026834 280.0001113919156 11.250671999529004
464 289.90374795220919 280.00011150445573 11.274551999755204
465 289.89357579203357 280.00011161679868 11.298572999425232
466 289.88342133152258 280.00011172894267 11.322537000291049
467 289.87328451275982 280.00011184088902 11.346412999555469
468 289.86316527814762 280.0001119526458 11.370555999688804
469 289.85306357039303 280.00011206421226 11.394573000259697
470 289.84297933249184 280.00011217558676 11.41841399949044
471 289.83291250772845 280.00011228676465 11.442174999974668
472 289.82286303970631 280.00011239775557 11.465958999469876
473 289.8128308722986 280.00011250855499 11.489795000292361
474 289.80281594968778 280.00011261916433 11.513675999827683
475 289.79281821633634 280.00011272958216 11.537475999444723
476 289.78283761698611 280.00011283980604 11.561185999773443
477 289.77287409667747 280.00011294983989 11.584946000017226
478 289.76292760073022 280.00011305968644 11.608771000057459
479 289.7529980747417 280.00011316935155 11.632682000286877
480 289.74308546458809 280.00011327882834 11.656824000179768
481 289.73318971641169 280.00011338812413 11.680939000099897
482 289.72331077665382 280.00011349722877 11.704772999510169
483 289.71344859200423 280.0001136061486 11.728765999898314
484 289.70360310944011 280.00011371488119 11.752450999803841
485 289.69377427621004 280.00011382343155 11.776343999430537
486 289.68396203980268 280.00011393180051 11.800216999836266
487 289.67416634800765 280.00011403997939 11.8240240002051
488 289.66438714884879 280.00011414798183 11.847721000202
489 289.65462439061656 280.00011425580067 11.87176899984479
490 289.64487802188904 280.00011436343965 11.896064000204206
491 289.63514799146327 280.00011447089918 11.919929999858141
492 289.625434248418 280.0001145781913 11.943913999944925
493 289.61573674206818 280.0001146852959 11.967831999994814
494 289.60605542199465 280.00011479221808 11.991450999863446
495 289.59639023803123 280.0001148989565 12.015192999504507
496 289.58674114025246 280.00011500551545 12.03899999987334
497 289.57710807897735 280.00011511191138 12.062894999980927
498 289.56749100477538 280.00011521811643 12.086996000260115
499 289.55788986845744 280.00011532415482 12.110917000100017
500 289.54830462108788 280.00011543001102 12.135025000199676
501 289.53873521395496 280.0001155357001 12.159082000143826
502 289.52918159860155 280.00011564121706 12.201950999908149
503 289.51964372678782 280.00011574655656 12.225827000103891
504 289.51012155053206 280.00011585171598 12.252224999479949
505 289.50061502206847 280.00011595670765 12.276382999494672
506 289.49112409387965 280.00011606152657 12.301292000338435
507 289.48164871866391 280.00011616617257 12.325501999817789
508 289.47218884935432 280.0001162706485 12.349329999648035
509 289.46274443911545 280.00011637495572 12.373300000093877
510 289.45331544133688 280.00011647909054 12.397493000142276
511 289.44390180963427 280.00011658305965 12.421165999956429
512 289.43450349784916 280.00011668685124 12.444938999600708
513 289.42512046002184 280.00011679048043 12.468615000136197
514 289.41575265044935 280.00011689394182 12.492270999588072
515 289.40640002361869 280.00011699723001 12.515959999524057
516 289.3970625342468 280.00011710035722 12.539808999747038
517 289.38774013727317 280.00011720330804 12.563804999925196
518 289.37843278782947 280.0001173061093 12.587620999664068
519 289.36914044128343 280.00011740873322 12.611410999670625
520 289.35986305319938 280.00011751118939 12.635352999903262
521 289.35060057936607 280.00011761348395 12.659186000004411
522 289.34135297576154 280.00011771561935 12.68302399944514
523 289.33212019858354 280.00011781758644 12.706836000084877
524 289.32290220425261 280.00011791939613 12.730692999437451
525 289.3136989493542 280.00011802103649 12.754784999415278
526 289.30451039071829 280.00011812251756 12.778458999469876
527 289.2953364853376 280.00011822383578 12.807796999812126
528 289.28617719045155 280.00011832498836 12.83347800001502
529 289.27703246344947 280.00011842598002 12.857580999843776
530 289.26790226196442 280.00011852681473 12.881401999853551
531 289.25878654378823 280.00011862748994 12.905354999937117
532 289.24968526693738 280.00011872801116 12.949393999762833
533 289.24059838960903 280.00011882836804 12.973402000032365
534 289.23152587019553 280.00011892856713 12.997250000014901
535 289.22246766727358 280.00011902860507 13.021288000047207
536 289.21342373962892 280.00011912848794 13.045185999944806
537 289.20439404622482 280.00011922821216 13.06924800015986
538 289.19537854620569 280.00011932778744 13.09313500020653
539 289.18637719892354 280.00011942719368 13.116882999427617
540 289.17738996389647 280.00011952645173 13.140769999474287
541 289.16841680083689 280.00011962554765 13.164725000038743
542 289.15945766963785 280.00011972450051 13.188554999418557
543 289.15051253038467 280.00011982329272 13.212422999553382
544 289.14158134332661 280.00011992192009 13.23675400018692
545 289.13266406889983 280.00012002040347 13.260537999682128
546 289.12376066772453 280.00012011873497 13.284957000054419
547 289.11487110060733 280.00012021692072 13.308827999979258
548 289.10599532850233 280.00012031494566 13.332440000027418
549 289.09713331256353 280.00012041281406 13.356343999505043
550 289.08828501411404 280.00012051053744 13.380439000204206
551 289.0794503946538 280.0001206081069 13.405216000042856
552 289.07062941584087 280.00012070552094 13.429169999435544
553 289.06182203952125 280.000120802796 13.452866000123322
554 289.05302822770022 280.0001208999131 13.49313999991864
555 289.04424794256147 280.00012099689269 13.520534999668598
556 289.03548114644764 280.00012109371386 13.544571999460459
557 289.02672780187726 280.00012119039292 13.568446000106633
558 289.01798787151773 280.00012128690713 13.592551999725401
559 289.00926131823007 280.00012138328032 13.61661299970001
560 289.00054810500887 280.00012147951185 13.640629000030458
561 288.99184819503728 280.00012157559405 13.664661999791861
562 288.98316155164076 280.00012167153562 13.688877999782562
563 288.97448813832506 280.00012176732565 13.712925999425352
564 288.96582791873129 280.00012186298545 13.73685699980706
565 288.95718085668727 280.00012195847796 13.760711000300944
566 288.94854691615814 280.00012205382524 13.784547999501228
567 288.93992606126926 280.00012214902756 13.808474999852479
568 288.93131825631735 280.00012224409107 13.83243599999696
569 288.92272346573714 280.00012233902009 13.856314999982715
570 288.91414165412056 280.00012243379956 13.880288999527693
571 288.90557278623169 280.00012252843942 13.904144000262022
572 288.89701682694886 280.00012262293347 13.927869999781251
573 288.88847374134389 280.00012271728241 13.951829999685287
574 288.87994349461002 280.00012281149213 13.975642000325024
575 288.87142605210784 280.00012290555475 13.99963799957186
576 288.86292137933083 280.00012299947849 14.023543999530375
577 288.85442944193704 280.0001230932661 14.047504999674857
578 288.84595020571982 280.00012318692188 14.071556000038981
579 288.83748363662011 280.00012328042618 14.095409999601543
580 288.82902970073542 280.00012337379104 14.11924699973315
581 288.8205883642957 280.00012346701817 14.143152999691665
582 288.81215959366955 280.00012356010376 14.16703899949789
583 288.80374335538568 280.0001236530556 14.190921999514103
584 288.795339616104 280.00012374587038 14.214889999479055
585 288.78694834262524 280.00012383854505 14.238834000192583
586 288.7785695019021 280.00012393107869 14.262792999856174
587 288.77020306100025 280.0001240234767 14.286736999638379
588 288.76184898715491 280.00012411574272 14.310610000044107
589 288.75350724771681 280.00012420786783 14.334406999871135
590 288.74517781019182 280.00012429986634 14.358226000331342
591 288.73686064220561 280.00012439172241 14.382364000193775
592 288.72855571152576 280.00012448344177 14.406158000230789
593 288.72026298605687 280.00012457502532 14.430093999952078
594 288.71198243383475 280.00012466647632 14.45399700012058
595 288.70371402302777 280.00012475779567 14.477750999853015
596 288.69545772194294 280.00012484898048 14.501724000088871
597 288.68721349901278 280.00012494003045 14.525640999898314
598 288.6789813227922 280.00012503094291 14.549548000097275
599 288.67076116198177 280.00012512173225 14.573633999563754
600 288.66255298540926 280.00012521238409 14.597690999507904
601 288.65435676202497 280.00012530289843 14.621790999546647
602 288.64617246090666 280.00012539328753 14.645818999968469
603 288.63800005126546 280.00012548354943 14.688442000187933
604 288.62983950242676 280.00012557367404 14.712505999952555
605 288.62169078386165 280.00012566367508 14.736456000246108
606 288.61355386514566 280.00012575353509 14.760405999608338
607 288.60542871599256 280.00012584327249 14.784439999610186
608 288.59731530622582 280.00012593287664 14.808706999756396
609 288.5892136058153 280.00012602234989 14.833037999458611
610 288.58112358482396 280.00012611170047 14.857224999926984
611 288.57304521345509 280.00012620091775 14.881477000191808
612 288.56497846202819 280.00012629001009 14.905410999432206
613 288.55692330099328 280.00012637896737 14.929386999458075
614 288.54887970089095 280.00012646780095 14.953280000016093
615 288.54084763241104 280.00012655651301 14.977288999594748
616 288.53282706635133 280.00012664509586 15.001350999809802
617 288.52481797361372 280.0001267335515 15.025449000298977
618 288.51682032523127 280.00012682187725 15.049487999640405
619 288.50883409236195 280.00012691007066 15.073490999639034
620 288.50085924625785 280.00012699814243 15.097647999413311
621 288.4928957582884 280.0001270861045 15.12185600027442
622 288.48494359995829 280.00012717391957 15.145739000290632
623 288.47700274286871 280.00012726162703 15.169525999575853
624 288.46907315872909 280.00012734920494 15.193454000167549
625 288.46115481937596 280.00012743664752 15.217573999427259
626 288.45324769674625 280.00012752397845 15.241423999890685
627 288.44535176290316 280.00012761118182 15.26528500020504
628 288.4374669899907 280.00012769826361 15.289145999588072
629 288.4295933503019 280.00012778522444 15.313373999670148
630 288.42173081620621 280.00012787205742 15.337357999756932
631 288.41387936019311 280.00012795876967 15.361250000074506
632 288.40603895487379 280.00012804535498 15.385247999802232
633 288.39820957294586 280.00012813182377 15.409260999411345
634 288.39039118721911 280.00012821816773 15.433217999525368
635 288.38258377062596 280.00012830439908 15.457232999615371
636 288.37478729617089 280.00012839050504 15.481309999711812
637 288.36700173700285 280.00012847649293 15.505192999728024
638 288.35922706635529 280.00012856235634 15.529071999713778
639 288.3514632575571 280.00012864810139 15.553022000007331
640 288.34371028406065 280.0001287337293 15.57695799972862
641 288.33596811940851 280.00012881924044 15.60085800010711
642 288.3282367372484 280.00012890461988 15.624600999988616
643 288.32051611133545 280.00012898988786 15.648366999812424
644 288.31280621550695 280.00012907503418 15.672345000319183
645 288.305107023733 280.00012916006767 15.696243999525905
646 288.29741851005105 280.00012924498486 15.720021999441087
647 288.28974064862115 280.0001293297704 15.743749999441206
648 288.28207341369165 280.0001294144547 15.767541999928653
649 288.27441677961008 280.00012949901748 15.791435999795794
650 288.26677072082873 280.00012958345707 15.815235000103712
651 288.25913521189057 280.00012966778291 15.839070999994874
652 288.25151022743324 280.00012975200025 15.863063999451697
653 288.24389574221459 280.00012983609491 15.887032999657094
654 288.23629173104388 280.00012992007277 15.928398000076413
655 288.22869816886617 280.00013000393898 15.952410999685526
656 288.22111503070431 280.00013008768377 15.976714000105858
657 288.21354229167969 280.00013017131818 16.000540999695659
658 288.20597992700328 280.00013025484247 16.024424999952316
659 288.19842791198784 280.00013033824166 16.048316000029445
660 288.1908862220298 280.0001304215387 16.072251999750733
661 288.18335483262604 280.00013050471489 16.096123999916017
662 288.17583371935467 280.00013058778359 16.119951999746263
663 288.16832285790213 280.00013067073229 16.143666000105441
664 288.16082222403008 280.0001307535673 16.167588000185788
665 288.15333179360385 280.00013083629358 16.191486000083387
666 288.14585154255781 280.00013091890452 16.215327999554574
667 288.13838144694961 280.00013100140598 16.239209000021219
668 288.13092148289365 280.0001310838 16.263185000047088
669 288.12347162661354 280.00013116607232 16.286997999995947
670 288.1160318544089 280.00013124823641 16.310872999951243
671 288.10860214268951 280.00013133029171 16.334708999842405
672 288.1011824679133 280.00013141223724 16.358601000159979
673 288.09377280665603 280.00013149407062 16.382406000047922
674 288.08637313557699 280.00013157579929 16.406263000331819
675 288.07898343140641 280.00013165740825 16.430177999660373
676 288.07160367098572 280.0001317389092 16.454010999761522
677 288.06423383120506 280.00013182029625 16.478025999851525
678 288.05687388907529 280.00013190158847 16.501955999992788
679 288.04952382167858 280.0001319827623 16.525980999693274
680 288.0421836061646 280.00013206382903 16.549912000074983
681 288.03485321979571 280.0001321447844 16.573774999938905
682 288.02753263989302 280.00013222564075 16.597830000333488
683 288.02022184387374 280.00013230637921 16.621648999862373
684 288.01292080923128 280.00013238701467 16.645616999827325
685 288.00562951355175 280.00013246753906 16.669478999450803
686 287.9983479344819 280.00013254795419 16.693514999933541
687 287.99107604976371 280.00013262826633 16.717364000156522
688 287.98381383722432 280.00013270847552 16.741216000169516
689 287.97656127475659 280.00013278857068 16.764977999962866
690 287.96931834034655 280.00013286856773 16.788918999955058
691 287.96208501205831 280.00013294844416 16.812791999429464
692 287.95486126802109 280.00013302822441 16.836745999753475
693 287.94764708645647 280.00013310790553 16.860813999548554
694 287.9404424456601 280.00013318747142 16.884766000322998
695 287.93324732400731 280.00013326694085 16.908618999645114
696 287.92606169994161 280.00013334629267 16.932930999435484
697 287.91888555200211 280.00013342555184 16.957282000221312
698 287.91171885878435 280.00013350469783 16.982448999769986
699 287.90456159897735 280.00013358374292 17.006528999656439
700 287.89741375133144 280.00013366269064 17.046826999634504
701 287.89027529468501 280.00013374152797 17.070877999998629
702 287.88314620794 280.00013382025827 17.094890999607742
703 287.87602647007566 280.00013389889324 17.118734000250697
704 287.86891606016536 280.00013397742828 17.142547999508679
705 287.86181495732382 280.00013405584326 17.166567999869585
706 287.85472314076014 280.00013413417213 17.190383999608457
707 287.84764058975378 280.00013421238629 17.214320000261068
708 287.84056728365596 280.00013429050745 17.23846899997443
709 287.83350320189089 280.00013436852782 17.26271399948746
710 287.8264483239621 280.00013444644196 17.286927999928594
711 287.81940262941595 280.00013452425611 17.311441999860108
712 287.81236609790648 280.00013460196556 17.335598000325263
713 287.80533870915161 280.00013467958053 17.359930999577045
714 287.79832044291987 280.00013475709221 17.384103999473155
715 287.79131127907431 280.00013483449931 17.408289999701083
716 287.78431119752008 280.00013491180908 17.432260999456048
717 287.77732017826833 280.000134989017 17.456260999664664
718 287.77033820137859 280.0001350661239 17.480266000144184
719 287.76336524696859 280.00013514313429 17.504529999569058
720 287.75640129524891 280.00013522005008 17.528537999838591
721 287.7494463264884 280.00013529686242 17.552542000077665
722 287.74250032101816 280.00013537356887 17.576584999449551
723 287.73556325924363 280.00013545019186 17.600685999728739
724 287.72863512163985 280.00013552670197 17.624703999608755
725 287.72171588875364 280.00013560312306 17.648671999573708
726 287.71480554118216 280.00013567943734 17.672694999724627
727 287.70790405959536 280.00013575565532 17.712771000340581
728 287.70101142473453 280.00013583178111 17.73664900008589
729 287.69412761740807 280.00013590780873 17.760885000228882
730 287.68725261849181 280.00013598373897 17.784614999778569
731 287.68038640891655 280.00013605956508 17.808431999757886
732 287.67352896967532 280.00013613530092 17.832302999682724
733 287.66668028184171 280.00013621094138 17.856279999949038
734 287.65984032655155 280.00013628648401 17.880067999474704
735 287.65300908499091 280.00013636192864 17.903936999849975
736 287.64618653841944 280.00013643727749 17.927767999470234
737 287.63937266816674 280.00013651252669 17.951551999896765
738 287.63256745561074 280.00013658768444 17.975425000302494
739 287.62577088219814 280.00013666275197 17.999246000312269
740 287.61898292944608 280.0001367377148 18.02324999962002
741 287.61220357891835 280.00013681258559 18.047040999867022
742 287.60543281227035 280.00013688736368 18.070911999791861
743 287.59867061116387 280.00013696205014 18.094902999699116
744 287.59191695738997 280.00013703663257 18.118866000324488
745 287.58517183275569 280.00013711112757 18.142924999818206
746 287.57843521914248 280.00013718553049 18.166809000074863
747 287.57170709849288 280.00013725983854 18.191039999946952
748 287.56498745280135 280.00013733404967 18.215420000255108
749 287.55827626413657 280.0001374081674 18.23964099958539
750 287.55157351461685 280.00013748219322 18.263884999789298
751 287.54487918642872 280.00013755612292 18.288041000254452
752 287.53819326180644 280.00013762997065 18.312535000033677
753 287.53151572304665 280.00013770371487 18.336458999663591
754 287.52484655251106 280.00013777736962 18.361461999826133
755 287.51818573262074 280.00013785093267 18.385728999972343
756 287.51153324583987 280.00013792440257 18.409738999791443
757 287.50488907471134 280.00013799777946 18.433632999658585
758 287.49825320181662 280.00013807107246 18.457619999535382
759 287.49162560980602 280.0001381442674 18.497157000005245
760 287.48500628138873 280.00013821737133 18.521134000271559
761 287.47839519931154 280.00013829038886 18.545086999423802
762 287.47179234641033 280.00013836331135 18.569094999693334
763 287.46519770555267 280.00013843613999 18.593233999796212
764 287.45861125966661 280.00013850888081 18.61731499992311
765 287.45203299173806 280.00013858153221 18.641737000085413
766 287.44546288481092 280.00013865409215 18.665868000127375
767 287.43890092198143 280.00013872656399 18.689815999940038
768 287.43234708639972 280.00013879894465 18.713801000267267
769 287.4258013612706 280.00013887123941 18.737781999632716
770 287.41926372986757 280.0001389434405 18.761760999448597
771 287.41273417550104 280.00013901555474 18.785707999952137
772 287.40621268153086 280.00013908757694 18.809581999666989
773 287.39969923139131 280.00013915951359 18.833432999439538
774 287.39319380855665 280.00013923135697 18.857262999750674
775 287.38669639656143 280.00013930311945 18.881227999925613
776 287.38020697898367 280.00013937479241 18.905248999595642
777 287.37372553946676 280.00013944637067 18.929131999611855
778 287.36725206169234 280.00013951786553 18.953048000112176
779 287.3607865294112 280.00013958926866 18.977063000202179
780 287.3543289264079 280.00013966058611 19.001128999516368
781 287.34787923653403 280.00013973181814 19.025310999713838
782 287.34143744369197 280.0001398029649 19.04933699965477
783 287.33500353182274 280.0001398740207 19.073466999456286
784 287.32857748493223 280.00013994499233 19.097647000104189
785 287.32215928707438 280.00014001587732 19.121569000184536
786 287.31574892234312 280.00014008667301 19.145463000051677
787 287.3093463748998 280.00014015738924 19.169369000010192
788 287.30295162894083 280.00014022801747 19.193424999713898
789 287.29656466872922 280.00014029854663 19.217482999898493
790 287.29018547855958 280.00014036899876 19.241433999501169
791 287.28381404279156 280.00014043936699 19.265324000269175
792 287.27745034582438 280.00014050965075 19.289241000078619
793 287.27109437211311 280.00014057985805 19.31307499948889
794 287.26474610615645 280.00014064996321 19.336946999654174
795 287.25840553250697 280.00014071998703 19.360934999771416
796 287.25207263576033 280.00014078992888 19.384823000058532
797 287.24574740056431 280.00014085978296 19.408563000150025
798 287.23942981161838 280.0001409295561 19.432490999810398
799 287.23311985366172 280.00014099924419 19.456290999427438
800 287.22681751149395 280.0001410688493 19.480209999717772
801 287.22052276993651 280.00014113836966 19.504089999943972
802 287.21423561389923 280.00014120780247 19.527869000099599
803 287.20795602829799 280.00014127715383 19.551806000061333
804 287.20168399811547 280.00014134642402 19.575614999979734
805 287.19541950838288 280.00014141561138 19.599576000124216
806 287.18916254417229 280.00014148471638 19.623456999659538
807 287.1829130906072 280.00014155373123 19.647517000325024
808 287.17667113285631 280.00014162266422 19.671314000152051
809 287.17043665611908 280.00014169152314 19.711225000210106
810 287.16420964567698 280.00014176029777 19.735016999766231
811 287.15799008680807 280.00014182898678 19.759068000130355
812 287.15177796488138 280.00014189759094 19.783010999672115
813 287.14557326527444 280.00014196611863 19.806865000165999
814 287.13937597344233 280.00014203456459 19.830752000212669
815 287.13318607485593 280.00014210292636 19.85455199982971
816 287.12700355505183 280.00014217120912 19.878406000323594
817 287.12082839961045 280.00014223940912 19.902402999810874
818 287.11466059414283 280.00014230753345 19.926148000173271
819 287.10850012429808 280.00014237556672 19.94996599946171
820 287.10234697580768 280.00014244352548 19.973819999955595
821 287.09620113440263 280.0001425114005 19.997682999819517
822 287.0900625858776 280.00014257919912 20.021658999845386
823 287.08393131607852 280.00014264690617 20.045632000081241
824 287.07780731087263 280.00014271454307 20.069461999461055
825 287.07169055619363 280.00014278209574 20.093452000059187
826 287.06558103799512 280.00014284957393 20.117347000166774
827 287.05947874229525 280.00014291696687 20.141330000013113
828 287.05338365514172 280.00014298428425 20.165173999965191
829 287.04729576261894 280.00014305151876 20.189198999665678
830 287.04121505087818 280.00014311867318 20.213204000145197
831 287.03514150607919 280.00014318575336 20.237296999432147
832 287.02907511445557 280.00014325274543 20.261332999914885
833 287.02301586225286 280.00014331967299 20.285697000101209
834 287.01696373577477 280.00014338651317 20.310247999615967
835 287.0109187213796 280.00014345327116 20.334908999502659
836 287.00488080542004 280.0001435199585 20.359418000094593
837 286.99884997435322 280.00014358656506 20.38351000007242
838 286.99282621463038 280.00014365309465 20.407363000325859
839 286.98680951275833 280.00014371954006 20.431336999870837
840 286.9807998552763 280.00014378590595 20.455078000202775
841 286.97479722877506 280.00014385220493 20.47893700003624
842 286.96880161988952 280.00014391842512 20.502615000121295
843 286.96281301527011 280.00014398455954 20.526492999866605
844 286.95683140163794 280.00014405061847 20.55033400002867
845 286.95085676573257 280.00014411660311 20.574311999604106
846 286.94488909434239 280.00014418251266 20.598354999907315
847 286.93892837427416 280.00014424834677 20.622630999423563
848 286.93297459241279 280.00014431409346 20.64796799980104
849 286.92702773564838 280.00014437978075 20.693930000066757
850 286.92108779092166 280.00014444537771 20.719635999761522
851 286.9151547452243 280.00014451090425 20.744935999624431
852 286.90922858556121 280.00014457635376 20.770231999456882
853 286.90330929899017 280.00014464172688 20.795111999846995
854 286.89739687261135 280.0001447070261 20.819300999864936
855 286.89149129355712 280.00014477223982 20.843278000131249
856 286.88559254898325 280.00014483739267 20.867328999564052
857 286.87970062611424 280.00014490246735 20.891521999612451
858 286.87381551218448 280.00014496745803 20.916344000026584
859 286.86793719448832 280.00014503237509 20.942177999764681
860 286.86206566033047 280.00014509722496 20.967434999532998
861 286.85620089708465 280.00014516199553 20.992812999524176
862 286.85034289212416 280.00014522669437 21.01800400018692
863 286.84449163290191 280.0001452913155 21.043483999557793
864 286.83864710687283 280.00014535586246 21.068245999515057
865 286.83280930153927 280.00014542033779 21.092179999686778
866 286.82697820444042 280.00014548473837 21.116182999685407
867 286.82115380315918 280.00014554906051 21.140004999935627
868 286.8153360853014 280.00014561331824 21.163993000052869
869 286.80952503852797 280.00014567749304 21.18781500030309
870 286.80372065050591 280.00014574159422 21.211783000268042
871 286.79792290896415 280.00014580563374 21.235565000213683
872 286.79213180165232 280.00014586958486 21.259468999691308
873 286.78634731635873 280.00014593346486 21.283257000148296
874 286.78056944091912 280.00014599728325 21.30702400021255
875 286.77479816319033 280.00014606102616 21.330896999686956
876 286.76903347106088 280.0001461246855 21.354821999557316
877 286.76327535246685 280.00014618827589 21.378770000301301
878 286.75752379536704 280.00014625180165 21.402459000237286
879 286.75177878777214 280.0001463152455 21.426176999695599
880 286.74604031770082 280.00014637862682 21.467853999696672
881 286.7403083732342 280.00014644192896 21.491863000206649
882 286.73458294246734 280.0001465051659 21.515883999876678
883 286.72886401353952 280.00014656832178 21.539721000008285
884 286.72315157462015 280.00014663141189 21.563644000329077
885 286.7174456139046 280.00014669443243 21.587650999426842
886 286.7117461196342 280.00014675737822 21.611409000121057
887 286.70605308008834 280.00014682024818 21.635393000207841
888 286.70036648356245 280.00014688305168 21.659304999746382
889 286.69468631838708 280.00014694578505 21.68329899944365
890 286.68901257294846 280.00014700845168 21.707272999919951
891 286.68334523563675 280.00014707103441 21.731108999811113
892 286.67768429488285 280.00014713355876 21.75501099973917
893 286.67202973917483 280.00014719601302 21.77891100011766
894 286.66638155699644 280.00014725838884 21.802875000052154
895 286.6607397368881 280.00014732069775 21.826716000214219
896 286.65510426740963 280.00014738293652 21.850659999996424
897 286.64947513716305 280.00014744510872 21.874565999954939
898 286.64385233477566 280.00014750720197 21.89849799964577
899 286.63823584890912 280.00014756923554 21.922457999549806
900 286.63262566826285 280.0001476311993 21.946326999925077
901 286.62702178155422 280.00014769308353 21.970122999511659
902 286.62142417753802 280.00014775490348 21.99412199947983
903 286.61583284501046 280.0001478166547 22.017958999611437
904 286.61024777278362 280.00014787834095 22.042057999409735
905 286.60466894970853 280.00014793995103 22.066033000126481
906 286.59909636467603 280.00014800149484 22.09001599997282
907 286.5935300065828 280.00014806296997 22.113974999636412
908 286.58796986437989 280.00014812437621 22.137961000204086
909 286.58241592704479 280.00014818571185 22.161848999559879
910 286.57686818357905 280.00014824698673 22.185638000257313
911 286.57132662301638 280.000148308191 22.209544000215828
912 286.56579123441992 280.00014836932547 22.233617999590933
913 286.56026200689155 280.00014843038599 22.257562000304461
914 286.55473892954859 280.00014849138762 22.281518999487162
915 286.54922199155726 280.00014855231348 22.305397000163794
916 286.54371118209173 280.00014861318107 22.329344999976456
917 286.53820649037408 280.0001486739751 22.353288999758661
918 286.53270790565171 280.0001487347019 22.377290000207722
919 286.52721541718967 280.00014879536201 22.40130400005728
920 286.52172901429839 280.00014885594908 22.425224999897182
921 286.51624868630813 280.00014891647601 22.449140000157058
922 286.51077442258338 280.00014897693171 22.473008999601007
923 286.5053062125225 280.00014903732654 22.497177999466658
924 286.4998440455318 280.00014909764747 22.522481000050902
925 286.49438791107258 280.00014915791326 22.547977999784052
926 286.48893779861618 280.00014921809765 22.574489000253379
927 286.48349369767652 280.00014927822951 22.599604000337422
928 286.47805559778033 280.00014933828152 22.624627999961376
929 286.47262348849551 280.00014939827889 22.649722999893129
930 286.46719735941861 280.00014945820607 22.69482500012964
931 286.46177720016487 280.00014951806509 22.719111000187695
932 286.45636300038575 280.00014957786823 22.743038999848068
933 286.45095474975938 280.00014963758639 22.766900999471545
934 286.44555243798749 280.00014969725203 22.790897999890149
935 286.44015605480024 280.00014975684837 22.814883000217378
936 286.43476558996525 280.00014981638833 22.838795999996364
937 286.42938103326583 280.00014987585513 22.862668000161648
938 286.42400237451864 280.00014993526105 22.88638100028038
939 286.41862960356264 280.00014999459677 22.910102999769151
940 286.41326271027532 280.00015005386666 22.93486599996686
941 286.40790168454959 280.00015011306931 22.95885800011456
942 286.40254651630931 280.00015017221205 22.982761999592185
943 286.39719719551323 280.0001502312918 23.00675499998033
944 286.39185371213637 280.00015029030544 23.030685999430716
945 286.38651605617662 280.00015034926133 23.054511999711394
946 286.3811842176703 280.00015040814679 23.07848299946636
947 286.37585818668157 280.00015046696637 23.102338999509811
948 286.37053795329075 280.00015052572002 23.126175999641418
949 286.36522350761203 280.0001505844188 23.150170999579132
950 286.35991483977665 280.00015064304915 23.174037999473512
951 286.35461193995906 280.00015070160867 23.197932000271976
952 286.34931479833978 280.00015076011522 23.221745999529958
953 286.34402340514248 280.00015081855219 23.245702000334859
954 286.33873775061193 280.00015087692958 23.269693000242114
955 286.3334578250076 280.00015093523871 23.293641000054777
956 286.32818361863042 280.00015099348724 23.31753099989146
957 286.32291512179432 280.00015105167387 23.342140999622643
958 286.3176523248506 280.00015110980024 23.366847000084817
959 286.31239521817031 280.00015116785931 23.391618999652565
960 286.30714379214083 280.00015122585489 23.416319999843836
961 286.30189803719037 280.00015128379124 23.441084999591112
962 286.29665794377183 280.00015134166091 23.465683999471366
963 286.29142350234309 280.00015139947243 23.490442000329494
964 286.28619470341425 280.00015145722449 23.515196999534965
965 286.2809715374961 280.00015151490919 23.539881000295281
966 286.27575399513904 280.0001515725325 23.563839999958873
967 286.27054206691776 280.00015163009073 23.587716999463737
968 286.26533574342983 280.00015168759609 23.611542999744415
969 286.2601350152849 280.0001517450259 23.635478999465704
970 286.25493987314513 280.00015180240592 23.659403000026941
971 286.24975030766637 280.00015185971887 23.683257999829948
972 286.24456630954631 280.00015191697315 23.707005999982357
973 286.23938786950498 280.00015197416502 23.730921999551356
974 286.23421497828321 280.00015203129374 23.754986999556422
975 286.22904762664479 280.00015208836049 23.778686000034213
976 286.22388580538359 280.00015214537149 23.802508999593556
977 286.21872950531338 280.00015220231995 23.826476999558508
978 286.21357871727571 280.00015225920328 23.850332000292838
979 286.20843343212812 280.00015231602953 23.874185999855399
980 286.20329364075792 280.00015237279422 23.897954999469221
981 286.19815933407057 280.00015242949189 23.921779000200331
982 286.19303050299845 280.00015248613499 23.945565999485552
983 286.18790713850171 280.00015254273029 23.96942999958992
984 286.18278923155771 280.00015259924379 23.993396000005305
985 286.17767677317426 280.00015265570948 24.017354999668896
986 286.17256975436811 280.00015271211117 24.041276999749243
987 286.16746816618672 280.00015276845261 24.065128999762237
988 286.16237199971158 280.00015282474027 24.089050999842584
989 286.15728124602924 280.00015288096535 24.112985000014305
990 286.15219589625542 280.00015293713068 24.136762999929488
991 286.14711594154096 280.00015299323422 24.160616999492049
992 286.14204137303358 280.00015304928075 24.184348999522626
993 286.13697218193187 280.00015310526618 24.208049999549985
994 286.13190835944295 280.00015316119385 24.231831999495625
995 286.12684989678348 280.00015321705342 24.255747999995947
996 286.12179678521892 280.0001532728607 24.279728000052273
997 286.11674901601998 280.00015332861449 24.303696000017226
998 286.1117065804911 280.00015338430569 24.327643999829888
999 286.10666946993746 280.00015343992885 24.351622000336647
1000 286.10163767569759 280.00015349550512 24.375539000146091
1001 286.09661118916273 280.00015355101829 24.399376000277698
1002 286.09159000168739 280.00015360647387 24.423225999809802
1003 286.08657410468868 280.00015366186875 24.447133000008762
1004 286.08156348960375 280.00015371720832 24.471067000180483
1005 286.07655814786807 280.00015377248798 24.494942999444902
1006 286.07155807096632 280.00015382771113 24.518796999938786
1007 286.06656325038153 280.00015388287397 24.542675999924541
1008 286.06157367763677 280.00015393797702 24.566436000168324
1009 286.05658934425549 280.00015399302646 24.590211000293493
1010 286.05161024181319 280.00015404801758 24.614078000187874
1011 286.04663636187871 280.00015410295151 24.655156999826431
1012 286.04166769604564 280.00015415782229 24.679158999584615
1013 286.03670423594673 280.00015421264158 24.7031070003286
1014 286.03174597321726 280.00015426739799 24.727030999958515
1015 286.02679289952624 280.00015432210427 24.750893999822438
1016 286.02184500653618 280.0001543767537 24.774852000176907
1017 286.01690228597693 280.0001544313389 24.798603999428451
1018 286.01196472956588 280.00015448587573 24.82256199978292
1019 286.00703232904186 280.00015454034036 24.84657400008291
1020 286.00210507617004 280.00015459476049 24.870432999916375
1021 285.99718296275182 280.00015464912525 24.894314999692142
1022 285.99226598057766 280.00015470342953 24.918204000219703
1023 285.98735412149091 280.00015475767327 24.942071999423206
1024 285.98244737732057 280.00015481186608 24.965892999432981
1025 285.97754573994882 280.00015486599989 24.989740000106394
1026 285.97264920125679 280.00015492007714 25.013573999516666
1027 285.96775775315945 280.00015497409771 25.037374000065029
1028 285.96287138758282 280.00015502806292 25.061238999478519
1029 285.95799009646407 280.00015508197703 25.085252000018954
1030 285.95311387179157 280.00015513582844 25.109075999818742
1031 285.94824270553363 280.00015518962755 25.13306999951601
1032 285.9433765897171 280.00015524337027 25.156903999857605
1033 285.93851551634555 280.00015529705769 25.180862000212073
1034 285.93365947748566 280.00015535068917 25.204609000124037
1035 285.92880846518949 280.00015540426375 25.228498999960721
1036 285.92396247156222 280.00015545778353 25.252255000174046
1037 285.91912148868903 280.00015551124335 25.276038999669254
1038 285.91428550870495 280.00015556465422 25.299899999983609
1039 285.90945452375064 280.00015561800524 25.324326999485493
1040 285.90462852599313 280.00015567131197 25.348309000022709
1041 285.8998075076089 280.00015572455095 25.3723210003227
1042 285.89499146080709 280.00015577774531 25.396278999745846
1043 285.89018037779744 280.00015583087338 25.420137000270188
1044 285.88537425083308 280.0001558839503 25.444089000113308
1045 285.88057307215843 280.00015593697901 25.467803999781609
1046 285.87577683405732 280.00015598994997 25.491712000221014
1047 285.87098552882503 280.00015604286347 25.515556000173092
1048 285.86619914878122 280.00015609572461 25.539475999772549
1049 285.86141768625163 280.00015614852947 25.563360000029206
1050 285.85664113358791 280.00015620128687 25.587090999819338
1051 285.85186948316806 280.00015625398294 25.610933999530971
1052 285.84710272737584 280.00015630662887 25.634793999604881
1053 285.84234085861874 280.00015635922114 25.658654999919236
1054 285.8375838693222 280.00015641175827 25.682547000236809
1055 285.83283175192628 280.00015646423697 25.706408999860287
1056 285.82808449890507 280.00015651667053 25.730371999554336
1057 285.8233421027245 280.00015656904668 25.754153999499977
1058 285.81860455588884 280.00015662136269 25.778060999698937
1059 285.81387185091933 280.00015667364062 25.801919000223279
1060 285.80914398034622 280.00015672585039 25.825714999809861
1061 285.80442093672036 280.00015677801383 25.849546999670565
1062 285.79970271261334 280.0001568301231 25.873649999499321
1063 285.79498930061982 280.00015688217292 25.898571999743581
1064 285.79028069333623 280.00015693418476 25.923913000151515
1065 285.78557688338486 280.00015698613362 25.948960999958217
1066 285.78087786341234 280.00015703802342 25.973904999904335
1067 285.77618362607632 280.00015708987434 26.017194000072777
1068 285.77149416404785 280.00015714165869 26.045849000103772
1069 285.76680947003206 280.00015719340058 26.070756999775767
1070 285.76212953673121 280.00015724508978 26.095937999896705
1071 285.7574543568727 280.00015729672111 26.121340000070632
1072 285.75278392320712 280.00015734829833 26.145924000069499
1073 285.74811822849375 280.00015739982729 26.170055999420583
1074 285.74345726551832 280.00015745130236 26.19439799990505
1075 285.73880102707193 280.00015750272451 26.219173999503255
1076 285.73414950596651 280.00015755410124 26.243956999853253
1077 285.72950269504196 280.00015760541839 26.268644999712706
1078 285.72486058714105 280.00015765668587 26.293422999791801
1079 285.72022317513631 280.00015770790316 26.318092999979854
1080 285.71559045189082 280.00015775906218 26.342779999598861
1081 285.71096241032092 280.00015781018578 26.367630999535322
1082 285.7063390433367 280.00015786123765 26.392218999564648
1083 285.70172034387633 280.00015791225189 26.416729999706149
1084 285.6971063048793 280.00015796321162 26.441399999894202
1085 285.69249691931475 280.0001580141132 26.465762999840081
1086 285.68789218016644 280.0001580649718 26.489657999947667
1087 285.68329208043036 280.00015811577964 26.513592000119388
1088 285.67869661312017 280.00015816652638 26.537444000132382
1089 285.67410577127708 280.00015821723241 26.561533999629319
1090 285.66951954792717 280.00015826788189 26.585431999526918
1091 285.66493793615405 280.00015831848259 26.609399000182748
1092 285.66036092903585 280.00015836903231 26.633340999484062
1093 285.65578851965694 280.00015841953223 26.65720700006932
1094 285.65122070113512 280.00015846997553 26.681161999702454
1095 285.64665746660182 280.00015852037598 26.705071999691427
1096 285.64209880920481 280.0001585707243 26.72904699947685
1097 285.63754472209172 280.00015862101571 26.75290699955076
1098 285.63299519844645 280.00015867126734 26.776848999783397
1099 285.6284502314698 280.00015872145985 26.800687000155449
1100 285.62390981435107 280.00015877160109 26.824576999992132
1101 285.61937394032384 280.0001588216968 26.848517999984324
1102 285.61484260262716 280.00015887174345 26.872472999617457
1103 285.61031579451628 280.00015892173235 26.896425999701023
1104 285.60579350925968 280.00015897168453 26.920442000031471
1105 285.60127574014774 280.00015902158481 26.944279000163078
1106 285.59676248047259 280.00015907142409 26.968224000185728
1107 285.59225372355752 280.00015912122365 26.992227000184357
1108 285.58774946273536 280.00015917096465 27.01624200027436
1109 285.58324969135475 280.00015922066245 27.040234999731183
1110 285.57875440278008 280.00015927031245 27.064271000213921
1111 285.5742635903797 280.00015931990697 27.088204999454319
1112 285.56977724755842 280.00015936945704 27.112192999571562
1113 285.56529536771836 280.00015941895816 27.136191999539733
1114 285.56081794428309 280.00015946840767 27.160164999775589
1115 285.55634497069991 280.00015951780568 27.184213999658823
1116 285.55187644041405 280.0001595671576 27.208181000314653
1117 285.54741234688959 280.00015961645772 27.232187999412417
1118 285.5429526836291 280.00015966570874 27.256171000190079
1119 285.53849744411764 280.00015971491268 27.280245999805629
1120 285.53404662185591 280.00015976407752 27.304193999618292
1121 285.52960021040303 280.00015981317722 27.328351000323892
1122 285.52515820328745 280.00015986222991 27.352382999844849
1123 285.5207205940543 280.00015991124735 27.376377999782562
1124 285.51628737628818 280.0001599602092 27.4004140002653
1125 285.51185854357556 280.00016000911671 27.424325999803841
1126 285.50743408952218 280.00016005798551 27.466083999723196
1127 285.50301400773429 280.00016010680247 27.490093000233173
1128 285.49859829185112 280.00016015556946 27.51405099965632
1129 285.49418693551144 280.00016020429496 27.537973999977112
1130 285.4897799323756 280.00016025295957 27.561970999464393
1131 285.48537727611762 280.00016030158434 27.585861999541521
1132 285.48097896042788 280.0001603501546 27.609829000197351
1133 285.4765849790075 280.0001603986853 27.633860999718308
1134 285.47219532557261 280.00016044716665 27.657685999758542
1135 285.46780999385237 280.00016049559702 27.68157900031656
1136 285.46342897759121 280.00016054398014 27.705544999800622
1137 285.45905227055306 280.00016059232161 27.729611000046134
1138 285.45467986649771 280.00016064060429 27.753658999688923
1139 285.45031175922497 280.00016068885202 27.777707999572158
1140 285.44594794253754 280.00016073704631 27.801754999905825
1141 285.4415884102346 280.00016078518905 27.825702999718487
1142 285.43723315615631 280.0001608332945 27.849810999818146
1143 285.43288217414079 280.00016088135129 27.874067000113428
1144 285.42853545804957 280.00016092936056 27.898722999729216
1145 285.42419300173924 280.00016097731066 27.923905000090599
1146 285.41985479911796 280.00016102521948 27.948962999507785
1147 285.41552084404998 280.00016107309102 27.974127000197768
1148 285.41119113047614 280.00016112091004 27.99942300003022
1149 285.40686565229981 280.00016116867755 28.024399000220001
1150 285.40254440346683 280.00016121639965 28.049522999674082
1151 285.39822737792827 280.00016126407775 28.074467999860644
1152 285.39391456964933 280.00016131170798 28.09933099988848
1153 285.3896059726045 280.00016135929309 28.123670999892056
1154 285.38530158078891 280.00016140683124 28.147684999741614
1155 285.38100138820306 280.00016145432829 28.171587999910116
1156 285.37670538887488 280.00016150176918 28.196142999455333
1157 285.37241357682268 280.00016154917074 28.220280000008643
1158 285.3681259460962 280.00016159652506 28.244165999814868
1159 285.36384249075843 280.00016164382674 28.268020999617875
1160 285.35956320487145 280.00016169109188 28.2920540003106
1161 285.35528808252417 280.00016173830841 28.316096999682486
1162 285.35101711780931 280.00016178547901 28.340087999589741
1163 285.34675030484567 280.00016183259987 28.364523000083864
1164 285.34248763774411 280.00016187967736 28.388708000071347
1165 285.33822911064067 280.00016192670438 28.413352999836206
1166 285.33397471769922 280.00016197369416 28.43843499943614
1167 285.32972445306604 280.0001620206337 28.463128999806941
1168 285.32547831091409 280.00016206752895 28.487614999525249
1169 285.32123628544014 280.00016211437867 28.512144999578595
1170 285.31699837084545 280.0001621611824 28.537004999816418
1171 285.31276456133094 280.00016220793856 28.562145999632776
1172 285.30853485112476 280.00016225465583 28.608773999847472
1173 285.30430923447483 280.0001623013215 28.633929999545217
1174 285.3000877056233 280.00016234794617 28.658768000081182
1175 285.29587025881938 280.00016239451969 28.683574999682605
1176 285.2916568883677 280.00016244105029 28.70843099988997
1177 285.28744758853628 280.00016248754071 28.733330000191927
1178 285.28324235362896 280.00016253398223 28.758166000247002
1179 285.27904117795435 280.00016258037948 28.783018999733031
1180 285.27484405584318 280.00016262673273 28.80784699972719
1181 285.27065098163462 280.00016267304716 28.832665000110865
1182 285.26646194967151 280.00016271931372 28.857494999654591
1183 285.26227695432084 280.00016276553555 28.882481999695301
1184 285.25809598994499 280.00016281170412 28.907412000000477
1185 285.25391905094767 280.00016285783732 28.932349999435246
1186 285.24974613170986 280.00016290391858 28.957197000272572
1187 285.24557722666253 280.00016294996846 28.982010999694467
1188 285.24141233019947 280.00016299596359 29.006541999988258
1189 285.23725143677967 280.00016304192025 29.031142000108957
1190 285.23309454084409 280.00016308782574 29.055479999631643
1191 285.22894163683992 280.00016313368889 29.080965999513865
1192 285.22479271925198 280.0001631795115 29.105302999727428
1193 285.22064778255174 280.00016322529132 29.129912000149488
1194 285.21650682123732 280.00016327102765 29.154279999434948
1195 285.21236982980946 280.00016331671412 29.178387000225484
1196 285.20823680279409 280.00016336236348 29.202394999563694
1197 285.20410773471764 280.00016340795855 29.226515999995172
1198 285.19998262010802 280.00016345351935 29.251348000019789
1199 285.19586145354106 280.00016349903592 29.276374000124633
1200 285.19174422956706 280.0001635445056 29.301513999700546
1201 285.18763094276221 280.00016358993332 29.326710999943316
1202 285.18352158772194 280.00016363531978 29.351738000288606
1203 285.17941615902737 280.00016368065843 29.376794000156224
1204 285.17531465131577 280.00016372594996 29.402029999531806
1205 285.17121705917918 280.00016377120977 29.427109999582171
1206 285.16712337727364 280.00016381642087 29.452258000150323
1207 285.1630336002367 280.00016386158728 29.477528000250459
1208 285.15894772271713 280.00016390671482 29.50267400033772
1209 285.15486573939489 280.00016395179495 29.527894999831915
1210 285.15078764493819 280.00016399683551 29.552966999821365
1211 285.14671343404768 280.00016404182804 29.578071000054479
1212 285.14264310140987 280.00016408678329 29.603221000172198
1213 285.1385766417518 280.00016413168794 29.6282510003075
1214 285.13451404979094 280.00016417655854 29.653330999426544
1215 285.1304553202624 280.00016422138538 29.678294999524951
1216 285.12640044791033 280.00016426616736 29.703129000030458
1217 285.12234942749831 280.000164310907 29.727975999936461
1218 285.11830225378463 280.00016435560786 29.753088000230491
1219 285.11425892154944 280.00016440025905 29.777842999435961
1220 285.11021942558949 280.000164444875 29.802720000036061
1221 285.10618376070664 280.00016448944103 29.84750899951905
1222 285.10215192169818 280.0001645339745 29.872100000269711
1223 285.09812390341091 280.00016457845533 29.89622600004077
1224 285.09409970065883 280.00016462290318 29.920261000283062
1225 285.09007930828517 280.00016466730267 29.944321000017226
1226 285.08606272115952 280.00016471166066 29.968336000107229
1227 285.08204993414381 280.00016475597857 29.992531999945641
1228 285.07804094210701 280.00016480025789 30.016579000279307
1229 285.07403573993861 280.00016484448764 30.040601000189781
1230 285.07003432254413 280.00016488867851 30.064596000127494
1231 285.0660366848204 280.00016493283448 30.08912600018084
1232 285.0620428217016 280.00016497694241 30.113776999525726
1233 285.05805272809886 280.00016502100698 30.138445000164211
1234 285.05406639896893 280.00016506502703 30.163387999869883
1235 285.05008382925865 280.00016510901747 30.187913999892771
1236 285.04610501392904 280.00016515295613 30.212379000149667
1237 285.04212994794051 280.00016519686045 30.237180999480188
1238 285.0381586262933 280.00016524072083 30.261966000311077
1239 285.03419104397267 280.00016528453773 30.286461000330746
1240 285.03022719598169 280.00016532831256 30.311235999688506
1241 285.02626707732435 280.00016537204885 30.335601999424398
1242 285.02231068303985 280.00016541574513 30.35956299956888
1243 285.01835800815417 280.00016545939894 30.383522000163794
1244 285.01440904771465 280.00016550301405 30.407426999881864
1245 285.01046379677581 280.00016554658021 30.431408999487758
1246 285.00652225039585 280.00016559011533 30.455279999412596
1247 285.00258440365047 280.00016563360526 30.479104000143707
1248 284.99865025163433 280.00016567705609 30.502849999815226
1249 284.99471978943615 280.00016572046195 30.526738000102341
1250 284.9907930121588 280.00016576383308 30.550664000213146
1251 284.98686991491229 280.00016580715521 30.574559999629855
1252 284.98295049284195 280.00016585044301 30.598447999916971
1253 284.97903474106437 280.0001658936913 30.622440000064671
1254 284.97512265472972 280.00016593689122 30.646367999725044
1255 284.97121422899545 280.00016598006056 30.670374999754131
1256 284.96730945901663 280.000166023188 30.694321000017226
1257 284.9634083399834 280.00016606627116 30.718256999738514
1258 284.95951086707157 280.00016610931084 30.742252999916673
1259 284.95561703548015 280.00016615231687 30.766247999854386
1260 284.95172684040568 280.00016619528179 30.790114999748766
1261 284.94784027706652 280.00016623820653 30.814063999801874
1262 284.94395734068718 280.00016628109069 30.838002000004053
1263 284.9400780265031 280.00016632392794 30.861864999867976
1264 284.93620232975042 280.00016636673405 30.885797999799252
1265 284.93233024569378 280.0001664094969 30.909667999483645
1266 284.92846176957806 280.0001664522228 30.933620000258088
1267 284.92459689669329 280.00016649490368 30.957524999976158
1268 284.92073562231025 280.00016653755608 30.981437999755144
1269 284.91687794172418 280.00016658015767 31.005378999747336
1270 284.91302385023624 280.00016662272498 31.029346999712288
1271 284.90917334315628 280.00016666525363 31.053218999877572
1272 284.90532641579324 280.00016670773431 31.077088000252843
1273 284.9014830634967 280.00016675017855 31.10098799970001
1274 284.89764328158759 280.00016679259477 31.124896999448538
1275 284.89380706542454 280.00016683495994 31.148771000094712
1276 284.88997441036128 280.00016687728902 31.172716999426484
1277 284.8861453117612 280.0001669195824 31.196591000072658
1278 284.88231976500379 280.00016696182865 31.220478999428451
1279 284.87849776547603 280.00016700403552 31.244347999803722
1280 284.87467930856519 280.00016704620862 31.268295000307262
1281 284.87086438968117 280.00016708834244 31.292228000238538
1282 284.86705300423421 280.00016713043874 31.316203000023961
1283 284.86324514764982 280.00016717248906 31.340086000040174
1284 284.859440815357 280.00016721450584 31.36402599979192
1285 284.85564000279663 280.00016725648646 31.387922000139952
1286 284.85184270541794 280.00016729842292 31.411797000095248
1287 284.84804891867554 280.00016734031817 31.435681999661028
1288 284.84425863804381 280.00016738217573 31.459648000076413
1289 284.84047185898856 280.00016742400101 31.483531000092626
1290 284.83668857701036 280.00016746578217 31.50742799974978
1291 284.83290878759937 280.00016750752826 31.531301000155509
1292 284.82913248625704 280.00016754923632 31.555192000232637
1293 284.82535966848798 280.00016759089652 31.579131999984384
1294 284.82159032982531 280.00016763252876 31.603055999614298
1295 284.81782446579393 280.00016767412393 31.626954999752343
1296 284.81406207193993 280.00016771567323 31.650899999774992
1297 284.81030314379302 280.00016775718512 31.674844999797642
1298 284.80654767693056 280.00016779866337 31.69883899949491
1299 284.8027956669174 280.00016784010097 31.722741999663413
1300 284.79904710931083 280.00016788150049 31.746733999811113
1301 284.79530199970407 280.00016792286084 31.770576999522746
1302 284.7915603336973 280.00016796418276 31.794501000083983
1303 284.78782210687899 280.00016800547007 31.818454000167549
1304 284.78408731485757 280.00016804672094 31.842361999675632
1305 284.78035595325935 280.00016808792657 31.882651000283659
1306 284.7766280177097 280.00016812909905 31.90656999964267
1307 284.77290350383646 280.00016817023322 31.930499999783933
1308 284.76918240728361 280.00016821132925 31.954437999986112
1309 284.76546472371587 280.00016825238606 31.978314000181854
1310 284.76175044878624 280.00016829341229 32.002205999568105
1311 284.75803957815873 280.00016833439253 32.026022999547422
1312 284.7543321075164 280.00016837533769 32.05003899987787
1313 284.75062803254013 280.00016841624489 32.073956999927759
1314 284.74692734893188 280.00016845711139 32.097806999459863
1315 284.7432300523991 280.0001684979494 32.121693999506533
1316 284.73953613864165 280.00016853874649 32.145692000165582
1317 284.73584560338014 280.00016857950214 32.169649999588728
1318 284.73215844234937 280.00016862022864 32.193585000000894
1319 284.72847465127938 280.00016866090846 32.217485999688506
1320 284.72479422591982 280.00016870155855 32.24148799944669
1321 284.72111716202636 280.00016874217027 32.265444000251591
1322 284.71744345535717 280.00016878274306 32.289421999827027
1323 284.7137731016752 280.00016882327833 32.313388999551535
1324 284.71010609676586 280.00016886377631 32.337283999659121
1325 284.70644243640544 280.00016890423331 32.361205999739468
1326 284.70278211639942 280.00016894466199 32.385137999430299
1327 284.69912513254997 280.0001689850518 32.409121999517083
1328 284.69547148066636 280.00016902539596 32.433035000227392
1329 284.69182115655639 280.00016906571807 32.456892999820411
1330 284.68817415605747 280.00016910599118 32.480906999669969
1331 284.68453047499941 280.00016914623478 32.504838000051677
1332 284.68089010922318 280.00016918643712 32.528695000335574
1333 284.67725305459271 280.00016922660797 32.552679999731481
1334 284.67361930694591 280.00016926674277 32.576640999875963
1335 284.66998886216618 280.00016930683324 32.600678999908268
1336 284.66636171612106 280.00016934689074 32.624602000229061
1337 284.66273786469304 280.00016938691141 32.648517999798059
1338 284.65911730377098 280.00016942690024 32.672482999972999
1339 284.65550002926068 280.0001694668502 32.696488999761641
1340 284.65188603705639 280.0001695067665 32.720410999841988
1341 284.64827532308499 280.00016954664483 32.744388999417424
1342 284.64466788325683 280.00016958648985 32.768376999534667
1343 284.6410637135084 280.00016962629468 32.792413000017405
1344 284.63746280977017 280.00016966606205 32.816461999900639
1345 284.63386516800631 280.00016970579776 32.840379999950528
1346 284.63027078414336 280.00016974549362 32.86436800006777
1347 284.6266796541579 280.0001697851489 32.88831099960953
1348 284.62309177401329 280.00016982478309 32.912649000063539
1349 284.61950713969088 280.00016986436765 32.93694799952209
1350 284.61592574716462 280.00016990392061 32.961117999628186
1351 284.61234759243564 280.00016994344156 32.985329000279307
1352 284.60877267150016 280.00016998292557 33.009518999606371
1353 284.60520098036324 280.00017002236888 33.033600999973714
1354 284.6016325150311 280.00017006178194 33.057864000089467
1355 284.59806727154182 280.00017010115477 33.081898000091314
1356 284.59450524591392 280.00017014049195 33.105967000126839
1357 284.59094643418314 280.00017017979985 33.130107999779284
1358 284.58739083239954 280.00017021906564 33.15414800029248
1359 284.58383843661011 280.00017025829862 33.17824300006032
1360 284.58028924286964 280.00017029749279 33.202287999913096
1361 284.57674324725912 280.00017033666131 33.226269999518991
1362 284.57320044584418 280.00017037578488 33.250280000269413
1363 284.56966083470081 280.00017041487274 33.274249999783933
1364 284.56612440992723 280.00017045393923 33.298179999925196
1365 284.56259116760833 280.00017049295616 33.339781999588013
1366 284.55906110386411 280.00017053194699 33.363878999836743
1367 284.55553421479021 280.00017057089462 33.387850999832153
1368 284.55201049651509 280.00017060981224 33.411910999566317
1369 284.5484899451572 280.00017064868587 33.435978000052273
1370 284.54497255684691 280.00017068753942 33.460064999759197
1371 284.54145832773048 280.00017072635228 33.484253999777138
1372 284.5379472539563 280.00017076512745 33.508475000038743
1373 284.53443933167483 280.00017080387119 33.53251999989152
1374 284.53093455704391 280.0001708425786 33.556552999652922
1375 284.52743292623995 280.00017088125236 33.580649999901652
1376 284.52393443543377 280.00017091989002 33.604561000131071
1377 284.52043908080958 280.00017095848983 33.628553000278771
1378 284.51694685856057 280.00017099705451 33.652629000134766
1379 284.51345776487733 280.00017103558849 33.67678099963814
1380 284.50997179596698 280.00017107409587 33.700926999561489
1381 284.5064889480488 280.00017111255863 33.725037000142038
1382 284.5030092173256 280.00017115098944 33.749044999480247
1383 284.49953260004088 280.0001711893816 33.773098000325263
1384 284.49605909240734 280.00017122775074 33.797079999931157
1385 284.4925886906787 280.00017126607338 33.821081999689341
1386 284.48912139109734 280.00017130437186 33.845033000223339
1387 284.48565718991483 280.00017134262737 33.869033999741077
1388 284.48219608339167 280.00017138085235 33.893059999682009
1389 284.47873806779364 280.00017141904345 33.917026000097394
1390 284.47528313940205 280.00017145720284 33.940932000055909
1391 284.47183129449434 280.00017149532056 33.964840999804437
1392 284.4683825293526 280.00017153341145 33.988915000110865
1393 284.46493684028098 280.00017157146442 34.012978999875486
1394 284.46149422356882 280.00017160948414 34.036922999657691
1395 284.45805467553043 280.00017164746822 34.060980999842286
1396 284.4546181924855 280.00017168542865 34.084929999895394
1397 284.45118477075641 280.00017172333958 34.109036999754608
1398 284.4477544066558 280.00017176123754 34.13319700025022
1399 284.44432709653472 280.00017179908093 34.15729200001806
1400 284.44090283673131 280.0001718369042 34.181508000008762
1401 284.43748162359816 280.00017187468427 34.205532999709249
1402 284.43406345348268 280.00017191243865 34.229581999592483
1403 284.43064832274592 280.00017195015704 34.253634000197053
1404 284.42723622776583 280.00017198784201 34.277710000053048
1405 284.4238271649117 280.00017202549355 34.301748000085354
1406 284.42042113057386 280.0001720631102 34.325807999819517
1407 284.4170181211291 280.00017210069115 34.349797000177205
1408 284.41361813297505 280.00017213824464 34.373789999634027
1409 284.41022116251463 280.00017217575504 34.397727999836206
1410 284.40682720616445 280.00017221324117 34.421690000221133
1411 284.40343626032762 280.00017225069354 34.445624999701977
1412 284.40004832143239 280.00017228810935 34.469748999923468
1413 284.39666338589893 280.00017232549339 34.493687000125647
1414 284.39328145017373 280.00017236284287 34.517714000307024
1415 284.38990251068361 280.00017240015882 34.541724999435246
1416 284.38652656389132 280.00017243744804 34.565682999789715
1417 284.38315360623767 280.00017247469827 34.589661999605596
1418 284.37978363419057 280.00017251191741 34.613637000322342
1419 284.37641664420829 280.00017254909864 34.637612999416888
1420 284.37305263277182 280.00017258625309 34.661712999455631
1421 284.36969159635106 280.00017262337144 34.686850000172853
1422 284.3663335314468 280.00017266045603 34.712020999751985
1423 284.36297843454128 280.00017269751436 34.756932999938726
1424 284.35962630213237 280.00017273453545 34.78212200012058
1425 284.35627713071909 280.00017277152534 34.807215999811888
1426 284.35293091682729 280.00017280848442 34.832430999726057
1427 284.34958765696331 280.00017284540814 34.856972999870777
1428 284.3462473476522 280.00017288229691 34.881082000210881
1429 284.34290998542559 280.00017291915407 34.905050000175834
1430 284.33957556681946 280.00017295597792 34.928999000228941
1431 284.33624408837699 280.00017299276772 34.953013000078499
1432 284.33291554663515 280.00017302953074 34.97701200004667
1433 284.32958993816146 280.00017306626177 35.001051000319421
1434 284.32626725951337 280.00017310295544 35.025082999840379
1435 284.32294750726192 280.00017313962519 35.049070999957621
1436 284.31963067796784 280.00017317624997 35.073014999739826
1437 284.31631676821905 280.00017321285782 35.096936999820173
1438 284.31300577459479 280.00017324942343 35.120922999456525
1439 284.30969769370353 280.00017328595106 35.144983000122011
1440 284.30639252211432 280.00017332245346 35.169045000337064
1441 284.30309025645062 280.00017335892886 35.192990999668837
1442 284.2997908933167 280.00017339536475 35.217009999789298
1443 284.29649442933169 280.00017343176887 35.240996999666095
1444 284.29320086110721 280.00017346814423 35.264968999661505
1445 284.28991018528143 280.00017350448832 35.288904000073671
1446 284.28662239847864 280.00017354080165 35.313082999549806
1447 284.28333749734611 280.00017357707543 35.337364999577403
1448 284.28005547851814 280.00017361332209 35.361351000145078
1449 284.2767763386617 280.00017364953817 35.385367999784648
1450 284.27350007442698 280.00017368572958 35.409280999563634
1451 284.27022668246838 280.00017372187932 35.433109999634326
1452 284.26695615946466 280.00017375799308 35.457038999535143
1453 284.26368850209042 280.00017379408376 35.481057999655604
1454 284.26042370702635 280.00017383013824 35.505130999721587
1455 284.25716177094978 280.00017386616122 35.529168999753892
1456 284.25390269056231 280.00017390215606 35.553155000321567
1457 284.25064646256186 280.00017393812288 35.577118000015616
1458 284.2473930836511 280.00017397405304 35.601037000305951
1459 284.24414255053813 280.00017400995415 35.624978999607265
1460 284.24089485993562 280.00017404582013 35.648958999663591
1461 284.23765000856889 280.00017408165428 35.672972000204027
1462 284.23440799317137 280.00017411745688 35.696944000199437
1463 284.23116881046224 280.00017415323282 35.720898999832571
1464 284.22793245719578 280.00017418897585 35.744977000169456
1465 284.22469893010089 280.00017422468886 35.768868000246584
1466 284.2214682259318 280.00017426036726 35.793603000231087
1467 284.21824034145061 280.0001742960157 35.817592999897897
1468 284.21501527342497 280.00017433163811 35.841603999957442
1469 284.21179301859343 280.0001743672222 35.865569999441504
1470 284.20857357375758 280.00017440277952 35.889592000283301
1471 284.20535693567462 280.00017443830154 35.913563000038266
1472 284.20214310115239 280.00017447379514 35.937458999454975
1473 284.19893206695929 280.00017450926299 35.961409999988973
1474 284.19572382989378 280.00017454468946 35.985415999777615
1475 284.19251838676695 280.00017458008915 36.009282999671996
1476 284.18931573436925 280.00017461546184 36.033241000026464
1477 284.18611586952892 280.0001746508002 36.057210999540985
1478 284.18291878904415 280.000174686111 36.081191999837756
1479 284.17972448975809 280.00017472138433 36.105186999775469
1480 284.1765329684884 280.00017475663509 36.129196000285447
1481 284.17334422206562 280.00017479185738 36.168964999727905
1482 284.17015824733096 280.00017482703726 36.192979999817908
1483 284.16697504113614 280.00017486219372 36.217000999487936
1484 284.16379460032192 280.00017489731783 36.241035999730229
1485 284.16061692174344 280.00017493241495 36.2650349996984
1486 284.15744200227351 280.00017496747574 36.288982000201941
1487 284.15426983876768 280.00017500251124 36.312876000069082
1488 284.15110042809727 280.00017503751275 36.336840000003576
1489 284.1479337671496 280.00017507248702 36.360759000293911
1490 284.14476985279316 280.00017510743066 36.384716999717057
1491 284.14160868192079 280.00017514234031 36.408749000169337
1492 284.13845025143371 280.00017517722648 36.432661999948323
1493 284.13529455821879 280.00017521207548 36.456647000275552
1494 284.13214159918704 280.00017524689969 36.480557999573648
1495 284.12899137124572 280.00017528168365 36.504463000223041
1496 284.12584387130426 280.00017531645068 36.528361999429762
1497 284.12269909628895 280.00017535117956 36.552291000261903
1498 284.11955704312209 280.00017538588457 36.576262000016868
1499 284.11641770873734 280.00017542055298 36.600232999771833
1500 284.11328109006251 280.00017545519978 36.624230000190437
1501 284.11014718404294 280.00017548980929 36.648192999884486
1502 284.10701598762734 280.00017552438686 36.672190999612212
1503 284.10388749775746 280.00017555894419 36.696073000319302
1504 284.10076171139542 280.00017559346162 36.71995999943465
1505 284.09763862550165 280.00017562795597 36.743955999612808
1506 284.0945182370487 280.00017566241434 36.767838000319898
1507 284.09140054299809 280.00017569684809 36.791880999691784
1508 284.0882855403305 280.0001757312495 36.815817999653518
1509 284.08517322602864 280.00017576562044 36.839742999523878
1510 284.08206359708186 280.0001757999612 36.863677999936044
1511 284.0789566504759 280.00017583428331 36.887614999897778
1512 284.0758523832165 280.00017586856512 36.911493999883533
1513 284.07275079229674 280.00017590281698 36.935390000231564
1514 284.06965187473139 280.00017593704092 36.959374999627471
1515 284.06655562752519 280.00017597124184 36.983311000280082
1516 284.06346204770534 280.00017600540872 37.00734299980104
1517 284.06037113228427 280.00017603954387 37.031351000070572
1518 284.05728287829919 280.00017607365584 37.055355999618769
1519 284.0541972827732 280.00017610772369 37.079315999522805
1520 284.0511143427504 280.00017614178478 37.10323700029403
1521 284.04803405527247 280.00017617579311 37.127232000231743
1522 284.04495641737992 280.00017620978491 37.151188999414444
1523 284.04188142613702 280.00017624373845 37.175138999707997
1524 284.03880907858775 280.00017627767721 37.199086000211537
1525 284.03573937180897 280.00017631158602 37.223034000024199
1526 284.03267230285718 280.0001763454535 37.247049000114202
1527 284.0296078687997 280.00017637929489 37.27105600014329
1528 284.0265460667286 280.00017641310632 37.295053999871016
1529 284.02348689371507 280.0001764468949 37.31903599947691
1530 284.02043034685039 280.00017648065284 37.342933000065386
1531 284.01737642322388 280.00017651438174 37.366902999579906
1532 284.01432511992522 280.00017654807988 37.390906999818981
1533 284.01127643407159 280.00017658174892 37.414923000149429
1534 284.00823036275932 280.00017661539192 37.439238999970257
1535 284.00518690309696 280.00017664900571 37.467947999946773
1536 284.00214605220646 280.00017668258755 37.491959000006318
1537 283.99910780720057 280.00017671614376 37.515982000157237
1538 283.99607216521059 280.00017674966767 37.539955999702215
1539 283.99303912336956 280.00017678316459 37.563976000063121
1540 283.99000867880466 280.00017681663292 37.587964000180364
1541 283.98698082865963 280.00017685007941 37.612127999775112
1542 283.9839555700795 280.00017688348601 37.656301000155509
1543 283.98093290020478 280.00017691687378 37.680440000258386
1544 283.97791281619845 280.00017695022228 37.70461199991405
1545 283.97489531522064 280.00017698355282 37.728798000141978
1546 283.97188039442727 280.0001770168426 37.753158999606967
1547 283.96886805098779 280.0001770501139 37.777378000319004
1548 283.96585828208151 280.00017708335673 37.801622999832034
1549 283.96285108487041 280.00017711656966 37.825833999551833
1550 283.95984645655312 280.00017714975201 37.850073999725282
1551 283.95684439431045 280.00017718290559 37.874245000071824
1552 283.95384489531796 280.00017721603467 37.898475999943912
1553 283.95084795680305 280.00017724913596 37.922654999420047
1554 283.94785357593088 280.00017728220143 37.946945999749005
1555 283.94486174993096 280.00017731524503 37.97135700006038
1556 283.94187247600723 280.00017734826071 37.995620999485254
1557 283.93888575137601 280.00017738124751 38.019902999512851
1558 283.93590157322973 280.0001774142039 38.04496799968183
1559 283.93291993883327 280.0001774471275 38.069221999496222
1560 283.92994084538668 280.00017748003717 38.093461999669671
1561 283.92696429012801 280.00017751290886 38.117662999778986
1562 283.92399027029688 280.00017754575265 38.142177999950945
1563 283.92101878312963 280.00017757857228 38.167491000145674
1564 283.91804982587553 280.00017761136223 38.192288000136614
1565 283.91508339578871 280.00017764412098 38.216386999934912
1566 283.91211949011245 280.0001776768591 38.240511000156403
1567 283.90915810611693 280.00017770956742 38.264653000049293
1568 283.90619924105482 280.0001777422417 38.288726000115275
1569 283.9032428922136 280.00017777489586 38.312966000288725
1570 283.90028905683988 280.00017780751199 38.339732999913394
1571 283.89733773222986 280.00017784011214 38.364326999522746
1572 283.89438891565607 280.00017787267581 38.38856599945575
1573 283.8914426043998 280.00017790521332 38.412731000222266
1574 283.88849879576304 280.00017793772935 38.43675799947232
1575 283.88555748703425 280.00017797021411 38.460820999927819
1576 283.88261867551824 280.00017800266852 38.484860999509692
1577 283.87968235850906 280.00017803509678 38.508949999697506
1578 283.87674853331316 280.00017806750094 38.533018999733031
1579 283.87381719724777 280.00017809987378 38.55723199993372
1580 283.87088834763279 280.00017813221911 38.58135600015521
1581 283.86796198178041 280.00017816453806 38.605538999661803
1582 283.86503809702134 280.00017819683347 38.62975599989295
1583 283.86211669068058 280.00017822909717 38.653874999843538
1584 283.85919776009939 280.00017826132864 38.678075999952853
1585 283.85628130260039 280.00017829354294 38.702256999909878
1586 283.85336731554122 280.00017832572695 38.726387999951839
1587 283.85045579626109 280.00017835788833 38.750500000081956
1588 283.84754674210404 280.00017839000952 38.774694999679923
1589 283.84464015044711 280.00017842211253 38.798870000056922
1590 283.84173601862153 280.00017845418307 38.823010999709368
1591 283.83883434400798 280.0001784862381 38.8471489995718
1592 283.83593512396652 280.00017851824776 38.871584000065923
1593 283.83303835586833 280.00017855024703 38.8957409998402
1594 283.830144037092 280.00017858220986 38.919963999651372
1595 283.82725216502075 280.00017861414977 38.94433999992907
1596 283.82436273704491 280.00017864605661 38.968991000205278
1597 283.82147575052699 280.00017867793883 38.993312999606133
1598 283.81859120288073 280.00017870980173 39.017559999600053
1599 283.81570909150531 280.00017874163211 39.041745999827981
1600 283.81282941378407 280.00017877342884 39.065840000286698
1601 283.80995216713745 280.00017880520949 39.089897999539971
1602 283.80707734896725 280.00017883695813 39.113897999748588
1603 283.80420495668767 280.00017886868119 39.153311000205576
1604 283.80133498772176 280.00017890037572 39.177354999817908
1605 283.79846743947706 280.00017893204563 39.201461999677122
1606 283.79560230938984 280.00017896368831 39.225886000320315
1607 283.79273959488472 280.00017899530212 39.25093699991703
1608 283.78987929340627 280.00017902689331 39.275611999444664
1609 283.78702140237374 280.00017905845391 39.300187000073493
1610 283.78416591924287 280.00017908999234 39.324903999455273
1611 283.78131284145502 280.00017912150503 39.34960599988699
1612 283.77846216645764 280.00017915299117 39.374358999542892
1613 283.77561389170864 280.00017918444246 39.399025999940932
1614 283.77276801466223 280.00017921587607 39.423805000260472
1615 283.76992453277808 280.00017924727968 39.448405999690294
1616 283.76708344353176 280.00017927865991 39.472465000115335
1617 283.76424474438068 280.00017931000662 39.496569000184536
1618 283.76140843280746 280.00017934133342 39.520630999468267
1619 283.75857450628462 280.0001793726351 39.544639999978244
1620 283.75574296229706 280.00017940389915 39.56865799985826
1621 283.75291379832771 280.00017943515132 39.592605999670923
1622 283.75008701186431 280.00017946637246 39.616650000214577
1623 283.74726260040336 280.00017949755539 39.640693999826908
1624 283.74444056144523 280.00017952872219 39.664664000272751
1625 283.74162089248688 280.00017955987232 39.688672999851406
1626 283.73880359102935 280.00017959098665 39.712663999758661
1627 283.73598865459741 280.00017962207164 39.73658199980855
1628 283.73317608067936 280.00017965313384 39.76059400010854
1629 283.73036586681269 280.00017968417205 39.784613999538124
1630 283.72755801050869 280.00017971517985 39.808687999844551
1631 283.72475250928812 280.00017974616708 39.832736999727786
1632 283.72194936068297 280.00017977711968 39.856734000146389
1633 283.71914856223981 280.00017980805893 39.880764000117779
1634 283.71635011147163 280.00017983895827 39.90476799942553
1635 283.71355400593944 280.00017986984284 39.928789000026882
1636 283.71076024316761 280.00017990070114 39.952746000140905
1637 283.70796882071613 280.00017993152539 39.976654999889433
1638 283.70517973612345 280.00017996232793 40.000776000320911
1639 283.70239298695719 280.00017999310558 40.024768999777734
1640 283.69960857077734 280.00018002386093 40.048743999563158
1641 283.69682648513583 280.00018005457758 40.072707000188529
1642 283.69404672760288 280.00018008528667 40.096668000333011
1643 283.691269295751 280.00018011596001 40.120636000297964
1644 283.6884941871582 280.00018014660873 40.144596999511123
1645 283.68572139938777 280.00018017722851 40.168549999594688
1646 283.68295093002888 280.00018020783222 40.192544000223279
1647 283.68018277666744 280.00018023840056 40.216473000124097
1648 283.6774169369059 280.00018026894418 40.240380000323057
1649 283.67465340830938 280.00018029946716 40.264330999925733
1650 283.67189218849364 280.00018032996394 40.288296999409795
1651 283.66913327504835 280.00018036042604 40.31252499949187
1652 283.6663766655758 280.00018039088042 40.33689699973911
1653 283.66362235769725 280.00018042129597 40.360825000330806
1654 283.66087034900517 280.0001804516852 40.384943000040948
1655 283.6581206371323 280.00018048205504 40.408939999528229
1656 283.65537321968014 280.00018051239454 40.43287399969995
1657 283.65262809427736 280.00018054271328 40.47427099943161
1658 283.64988525855415 280.00018057300224 40.498244999907911
1659 283.64714471013247 280.00018060327642 40.522141999565065
1660 283.64440644665029 280.00018063351632 40.546041999943554
1661 283.64167046573527 280.00018066373616 40.570000999607146
1662 283.63893676503733 280.00018069392519 40.593934999778867
1663 283.63620534219393 280.00018072408869 40.617910999804735
1664 283.63347619485052 280.00018075423418 40.641897999681532
1665 283.63074932065803 280.00018078435164 40.665807999670506
1666 283.62802471728031 280.00018081444108 40.689679999835789
1667 283.62530238236741 280.0001808445017 40.713545000180602
1668 283.62258231357862 280.00018087454737 40.737390999682248
1669 283.61986450858154 280.0001809045612 40.76131400000304
1670 283.61714896504373 280.00018093455571 40.785206999629736
1671 283.61443568063282 280.00018096451487 40.809186999686062
1672 283.61172465303207 280.00018099445532 40.833107999525964
1673 283.60901587991026 280.00018102437167 40.857161999680102
1674 283.60630935896444 280.00018105426557 40.881097000092268
1675 283.6036050878746 280.00018108413258 40.905044999904931
1676 283.60090306431709 280.00018111397719 40.92906800005585
1677 283.59820328599875 280.00018114378889 40.95295299962163
1678 283.59550575061604 280.00018117358388 40.976898999884725
1679 283.59281045586164 280.00018120334431 41.000760999508202
1680 283.59011739943855 280.00018123309303 41.024651000276208
1681 283.5874265790564 280.00018126280793 41.048638999462128
1682 283.5847379924349 280.00018129250282 41.072583999484777
1683 283.58205163727138 280.00018132216951 41.096460999920964
1684 283.5793675112912 280.0001813518212 41.120449000038207
1685 283.57668561220987 280.00018138143253 41.144388999789953
1686 283.57400593776549 280.00018141103192 41.168444999493659
1687 283.57132848566056 280.00018144059646 41.192362000234425
1688 283.56865325364623 280.00018147014333 41.216351999901235
1689 283.56598023944758 280.00018149966189 41.240283000282943
1690 283.56330944080565 280.00018152915931 41.264232000336051
1691 283.56064085545927 280.00018155863012 41.288154999725521
1692 283.55797448115123 280.00018158808109 41.312064999714494
1693 283.55531031563618 280.00018161750103 41.336051999591291
1694 283.55264835665241 280.00018164690084 41.360027000308037
1695 283.54998860196702 280.00018167628014 41.384026000276208
1696 283.54733104932853 280.00018170562464 41.407986999489367
1697 283.54467569650069 280.00018173495715 41.431932999752462
1698 283.54202254124931 280.00018176426084 41.455934999510646
1699 283.53937158133505 280.00018179353879 41.479908999986947
1700 283.5367228145405 280.00018182278922 41.503847999498248
1701 283.53407623863296 280.00018185202134 41.527861000038683
1702 283.53143185138299 280.0001818812292 41.551857999525964
1703 283.52878965058426 280.00018191041062 41.575836000032723
1704 283.52614963401243 280.00018193956572 41.599803999997675
1705 283.52351179945941 280.0001819686974 41.623762999661267
1706 283.52087614471901 280.00018199780493 41.647718999534845
1707 283.51824266757359 280.00018202689222 41.671676999889314
1708 283.51561136582421 280.00018205595285 41.695736000314355
1709 283.51298223727315 280.00018208498807 41.719653000123799
1710 283.51035527972778 280.00018211399674 41.743630999699235
1711 283.5077304909837 280.00018214298905 41.767572999931872
1712 283.50510786886542 280.00018217195293 41.791473000310361
1713 283.5024874111694 280.00018220089305 41.815373999997973
1714 283.4998691157345 280.00018222981299 41.83929399959743
1715 283.49725298036157 280.00018225870792 41.863280000165105
1716 283.49463900287492 280.00018228756966 41.887213000096381
1717 283.49202718110581 280.00018231641974 41.911170999519527
1718 283.4894175128868 280.00018234523606 41.935173000209033
1719 283.48680999604153 280.00018237403805 41.975436000153422
1720 283.48420462841261 280.0001824028102 41.999377999454737
1721 283.48160140782761 280.00018243156705 42.023389999754727
1722 283.47900033214876 280.00018246028458 42.047376999631524
1723 283.47640139919912 280.00018248899789 42.071406000293791
1724 283.4738046068411 280.00018251766699 42.095284000039101
1725 283.47120995292067 280.00018254632897 42.119288000278175
1726 283.46861743529723 280.00018257495861 42.143252999521792
1727 283.46602705181522 280.00018260357035 42.167267999611795
1728 283.46343880035266 280.00018263215321 42.191220999695361
1729 283.46085267875861 280.00018266071635 42.215180999599397
1730 283.45826868490462 280.00018268924981 42.239152999594808
1731 283.4556868166693 280.00018271776889 42.26316099986434
1732 283.45310707191294 280.00018274626012 42.287223000079393
1733 283.45052944851506 280.00018277471975 42.311238000169396
1734 283.44795394436466 280.00018280316613 42.335295999422669
1735 283.4453805573292 280.00018283158613 42.359226999804378
1736 283.44280928530435 280.00018285998379 42.383216999471188
1737 283.44024012617507 280.00018288835827 42.407093999907374
1738 283.43767307783446 280.00018291671256 42.431040000170469
1739 283.43510813817596 280.00018294503928 42.454983999952674
1740 283.43254530509421 280.00018297334805 42.478904999792576
1741 283.4299845764898 280.00018300162338 42.502879999577999
1742 283.42742595027471 280.00018302988497 42.526843000203371
1743 283.42486942434732 280.00018305811773 42.55082399956882
1744 283.42231499662233 280.00018308633406 42.574769999831915
1745 283.41976266500586 280.00018311452106 42.598729999735951
1746 283.4172124274175 280.0001831426905 42.622720999643207
1747 283.41466428177608 280.00018317082532 42.646715000271797
1748 283.41211822600485 280.00018319894286 42.670714999549091
1749 283.4095742580231 280.00018322704068 42.694707999937236
1750 283.40703237576457 280.00018325512059 42.718720000237226
1751 283.40449257715488 280.00018328317014 42.742664000019431
1752 283.40195486013346 280.00018331119537 42.766600999981165
1753 283.39941922263074 280.00018333919974 42.79052499961108
1754 283.39688566258451 280.00018336717596 42.814507999457419
1755 283.39435417794624 280.00018339513593 42.838457999750972
1756 283.39182476665212 280.00018342307476 42.862416000105441
1757 283.38929742666306 280.0001834509809 42.886365000158548
1758 283.38677215590849 280.00018347887561 42.910299000330269
1759 283.38424895236074 280.00018350673952 42.93427599966526
1760 283.38172781397168 280.00018353458518 42.958238000050187
1761 283.37920873869973 280.00018356240474 42.982242999598384
1762 283.37669172451086 280.0001835902022 43.006200999952853
1763 283.37417676936985 280.00018361798215 43.03017000015825
1764 283.37166387123744 280.00018364572537 43.054204999469221
1765 283.36915302809541 280.0001836734603 43.078172999434173
1766 283.36664423791581 280.00018370116499 43.102148999460042
1767 283.36413749867359 280.0001837288458 43.126083999872208
1768 283.36163280835433 280.00018375651285 43.150008999742568
1769 283.35913016492611 280.00018378414944 43.173994000069797
1770 283.35662956639504 280.00018381176818 43.19794899970293
1771 283.3541310107301 280.00018383936191 43.221981999464333
1772 283.35163449593529 280.00018386693699 43.246007000096142
1773 283.34914001999999 280.00018389448076 43.26991599984467
1774 283.34664758092958 280.00018392200678 43.293879999779165
1775 283.34415717671669 280.00018394951621 43.317850000225008
1776 283.34166880535952 280.00018397699876 43.341776000335813
1777 283.3391824648715 280.0001840044568 43.365691999904811
1778 283.33669815326027 280.00018403189188 43.389673999510705
1779 283.33421586854001 280.00018405930706 43.413629000075161
1780 283.33173560870966 280.00018408670201 43.437748000025749
1781 283.32925737180113 280.00018411406904 43.47846999950707
1782 283.32678115583178 280.0001841414184 43.502468000166118
1783 283.32430695881493 280.00018416874701 43.526444000191987
1784 283.32183477878618 280.00018419604413 43.550389999523759
1785 283.31936461377381 280.00018422332943 43.574345000088215
1786 283.31689646179478 280.0001842505884 43.598319999873638
1787 283.31443032090095 280.00018427782629 43.622298999689519
1788 283.31196618910815 280.00018430503758 43.64629300031811
1789 283.30950406447482 280.0001843322255 43.67026500031352
1790 283.3070439450313 280.00018435940075 43.694481999613345
1791 283.30458582882216 280.00018438654433 43.719167999923229
1792 283.30212971389955 280.00018441367058 43.743719999678433
1793 283.29967559830982 280.0001844407692 43.767891000024974
1794 283.29722348010921 280.00018446785509 43.791833999566734
1795 283.29477335734407 280.00018449491768 43.815785999409854
1796 283.29232522808081 280.00018452195343 43.839730000123382
1797 283.28987909037841 280.00018454896644 43.863707999698818
1798 283.28743494229235 280.00018457595866 43.887663999572396
1799 283.28499278190463 280.00018460293154 43.911644999869168
1800 283.28255260727479 280.00018462988572 43.935642999596894
1801 283.2801144164672 280.00018465681393 43.959621000103652
1802 283.27767820757288 280.0001846837132 43.98355000000447
1803 283.27524397864528 280.0001847105965 44.007500999607146
1804 283.27281172778333 280.00018473746303 44.031798999756575
1805 283.27038145306722 280.00018476430444 44.055792999453843
1806 283.2679531525684 280.00018479112197 44.079714000225067
1807 283.26552682438296 280.00018481791761 44.103658000007272
1808 283.2631024666112 280.00018484468887 44.127648999914527
1809 283.26068007732636 280.00018487144769 44.151576000265777
1810 283.25825965463036 280.00018489816938 44.175579000264406
1811 283.25584119662523 280.00018492488533 44.199471999891102
1812 283.25342470140913 280.00018495157201 44.223422999493778
1813 283.25101016708629 280.0001849782409 44.247352000325918
1814 283.24859759176042 280.00018500488358 44.271425999701023
1815 283.24618697353839 280.00018503149948 44.295439999550581
1816 283.2437783105342 280.00018505810851 44.319419999606907
1817 283.24137160085957 280.00018508468884 44.343338999897242
1818 283.23896684263229 280.00018511124273 44.367258000187576
1819 283.23656403397109 280.00018513778485 44.391255999915302
1820 283.23416317298876 280.00018516429157 44.415225000120699
1821 283.23176425781833 280.00018519079015 44.439199999906123
1822 283.22936728659477 280.00018521726298 44.463297999463975
1823 283.22697225742627 280.000185243717 44.487297999672592
1824 283.224579168449 280.00018527014623 44.511216999962926
1825 283.22218801780502 280.00018529654903 44.535167000256479
1826 283.21979880363358 280.00018532293865 44.559132999740541
1827 283.21741152405798 280.00018534930803 44.58305300027132
1828 283.21502617723797 280.00018537565029 44.607030999846756
1829 283.21264276131058 280.00018540196874 44.630977999418974
1830 283.21026127441144 280.00018542828008 44.655004999600351
1831 283.20788171470349 280.0001854545539 44.679038999602199
1832 283.20550408033409 280.00018548081027 44.702949999831617
1833 283.20312836946289 280.00018550705011 44.726948999799788
1834 283.20075458023155 280.00018553326987 44.750904999673367
1835 283.198382710808 280.00018555946434 44.774823999963701
1836 283.19601275936463 280.00018558563954 44.798785999417305
1837 283.19364472405175 280.00018561179303 44.822800000198185
1838 283.19127860304098 280.00018563792202 44.846787000074983
1839 283.18891439449408 280.00018566403122 44.870787000283599
1840 283.18655209659158 280.00018569012445 44.894787999801338
1841 283.18419170750616 280.00018571619501 44.918696999549866
1842 283.18183322541211 280.0001857422464 44.958132999949157
1843 283.17947664848901 280.00018576826466 44.982071000151336
1844 283.17712197491994 280.00018579427717 45.00600599963218
1845 283.17476920288209 280.00018582025763 45.029992000199854
1846 283.17241833056892 280.00018584622148 45.054046999663115
1847 283.17006935616746 280.00018587216402 45.078011999838054
1848 283.16772227786657 280.00018589808718 45.101975999772549
1849 283.16537709386444 280.0001859239851 45.126011000014842
1850 283.16303380235126 280.00018594986489 45.149934999644756
1851 283.16069240153524 280.00018597572227 45.173944000154734
1852 283.15835288960113 280.00018600156091 45.197906999848783
1853 283.15601526476769 280.00018602737543 45.221874999813735
1854 283.15367952523343 280.00018605317672 45.245981999672949
1855 283.1513456692075 280.00018607894663 45.269983999431133
1856 283.14901369490104 280.00018610470522 45.293917999602854
1857 283.14668360052542 280.00018613043562 45.318090000189841
1858 283.14435538429439 280.00018615614943 45.34234800003469
1859 283.14202904443198 280.00018618184151 45.366278000175953
1860 283.1397045791536 280.00018620751786 45.390293999575078
1861 283.13738198668318 280.00018623316231 45.414243999868631
1862 283.13506126524169 280.00018625880028 45.438252000138164
1863 283.13274241305379 280.00018628440682 45.462282999418676
1864 283.13042542835564 280.0001863099921 45.486341999843717
1865 283.12811030938252 280.00018633556658 45.510313999839127
1866 283.12579705436406 280.00018636111406 45.534260000102222
1867 283.12348566153435 280.00018638664034 45.558190000243485
1868 283.12117612912795 280.00018641214405 45.582182999700308
1869 283.11886845539766 280.00018643763065 45.606083000078797
1870 283.11656263858197 280.00018646309684 45.630042999982834
1871 283.11425867691935 280.00018648854535 45.654132000170648
1872 283.11195656867153 280.00018651396965 45.678089000284672
1873 283.10965631208757 280.0001865393711 45.70210300013423
1874 283.10735790540667 280.00018656475396 45.726033999584615
1875 283.10506134689217 280.00018659011869 45.749971999786794
1876 283.10276663480221 280.00018661546943 45.773880999535322
1877 283.10047376739305 280.0001866407859 45.797912999987602
1878 283.09818274293224 280.00018666609282 45.821917000226676
1879 283.09589355968245 280.00018669137103 45.845897999592125
1880 283.09360621590628 280.00018671663008 45.869907000102103
1881 283.09132070987334 280.00018674187316 45.893864999525249
1882 283.08903703985777 280.00018676709806 45.917852000333369
1883 283.08675520413271 280.00018679229629 45.941835999488831
1884 283.08447520096882 280.00018681747508 45.965827999636531
1885 283.08219702865517 280.00018684263569 45.989761999808252
1886 283.07992068545769 280.00018686777929 46.013631000183523
1887 283.07764616966637 280.00018689289715 46.037554999813437
1888 283.07537347956617 280.00018691800148 46.061581999994814
1889 283.07310261344622 280.00018694307545 46.08546799980104
1890 283.07083356958805 280.00018696813441 46.109379000030458
1891 283.06856634629389 280.00018699317621 46.133208999410272
1892 283.06630094184243 280.00018701819914 46.157168000005186
1893 283.06403735454074 280.00018704319217 46.181108999997377
1894 283.0617755826849 280.00018706817013 46.205082000233233
1895 283.05951562457437 280.00018709313065 46.22908699978143
1896 283.05725747851073 280.00018711807041 46.252996999770403
1897 283.05500114279795 280.00018714299165 46.2769839996472
1898 283.05274661574538 280.0001871678885 46.300881999544799
1899 283.05049389566358 280.00018719277108 46.324725000187755
1900 283.04824298085975 280.00018721763337 46.348689000122249
1901 283.04599386964884 280.00018724246848 46.37264099996537
1902 283.04374656034668 280.00018726728769 46.39667799975723
1903 283.04150105127542 280.00018729208824 46.420680999755859
1904 283.03925734074204 280.00018731687055 46.463258000090718
1905 283.03701542708495 280.00018734162524 46.487343999557197
1906 283.03477530862079 280.00018736636548 46.511299999430776
1907 283.03253698367877 280.00018739108737 46.535257999785244
1908 283.03030045057881 280.0001874157843 46.559216000139713
1909 283.02806570765659 280.00018744046798 46.583108999766409
1910 283.02583275325185 280.00018746512711 46.607152000069618
1911 283.02360158569348 280.00018748976885 46.631064999848604
1912 283.02137220332742 280.00018751439029 46.655027999542654
1913 283.01914460447546 280.00018753899764 46.679022999480367
1914 283.01691878749307 280.00018756357326 46.702969999983907
1915 283.01469475072577 280.00018758813678 46.726940999738872
1916 283.0124724925027 280.00018761268745 46.750907999463379
1917 283.01025201119228 280.00018763720578 46.774875000119209
1918 283.00803330513821 280.00018766171013 46.798797999508679
1919 283.00581637268834 280.00018768619407 46.822761999443173
1920 283.00360121219205 280.00018771065947 46.846679999493062
1921 283.00138782201947 280.0001877351088 46.870626999996603
1922 282.99917620052003 280.00018775953203 46.894658000208437
1923 282.9969663460563 280.00018778393655 46.918628999963403
1924 282.99475825699386 280.00018780832892 46.942544000223279
1925 282.99255193169756 280.00018783268854 46.966485999524593
1926 282.9903473685269 280.00018785704378 46.990431999787688
1927 282.98814456586052 280.00018788137294 47.014360999688506
1928 282.98594352206425 280.00018790567708 47.038343000225723
1929 282.9837442355111 280.00018792996752 47.062334000132978
1930 282.98154670457762 280.00018795423836 47.086233000271022
1931 282.97935092763919 280.00018797848401 47.110216000117362
1932 282.97715690307791 280.00018800272068 47.134142000228167
1933 282.97496462928058 280.00018802692881 47.158158999867737
1934 282.97277410461538 280.00018805112171 47.182121999561787
1935 282.97058532747803 280.00018807529545 47.206222999840975
1936 282.9683982962664 280.00018809944442 47.230177000164986
1937 282.96621300935169 280.00018812358763 47.254131999798119
1938 282.96402946512728 280.00018814770169 47.278096999973059
1939 282.96184766199832 280.00018817178903 47.302059999667108
1940 282.95966759835625 280.00018819586649 47.326012999750674
1941 282.95748927259956 280.00018821992603 47.349902999587357
1942 282.95531268311959 280.00018824396972 47.373869000002742
1943 282.95313782832983 280.00018826798686 47.397807999514043
1944 282.95096470662384 280.00018829198893 47.42170500010252
1945 282.94879331642056 280.0001883159685 47.445717999711633
1946 282.94662365611458 280.0001883399209 47.46964200027287
1947 282.94445572411894 280.0001883638634 47.493583000265062
1948 282.9422895188539 280.00018838779806 47.517549999989569
1949 282.94012503872386 280.00018841169987 47.541519000194967
1950 282.93796228215723 280.00018843558814 47.565467000007629
1951 282.93580124755783 280.00018845944817 47.589424999430776
1952 282.9336419333481 280.00018848330677 47.613389999605715
1953 282.93148433795216 280.00018850712621 47.637422000057995
1954 282.92932845980505 280.00018853093496 47.661422000266612
1955 282.92717429730857 280.00018855472973 47.685390000231564
1956 282.92502184891083 280.00018857850216 47.709325999952853
1957 282.92287111303864 280.00018860225646 47.733262999914587
1958 282.92072208811231 280.00018862598989 47.757163000293076
1959 282.91857477257929 280.00018864970826 47.781115000136197
1960 282.91642916486762 280.00018867340566 47.805130999535322
1961 282.91428526341457 280.00018869708282 47.829121000133455
1962 282.91214306666564 280.00018872074133 47.853082999587059
1963 282.91000257306115 280.0001887443799 47.877174000255764
1964 282.90786378104048 280.00018876800141 47.90159699972719
1965 282.90572668904474 280.0001887916012 47.943653999827802
1966 282.90359129553764 280.00018881518866 47.968495999462903
1967 282.90145759895489 280.00018883875077 47.993141999468207
1968 282.89932559774206 280.000188862296 48.017191000282764
1969 282.89719529037308 280.00018888583111 48.041050000116229
1970 282.89506667528917 280.00018890933495 48.065053999423981
1971 282.89293975094733 280.00018893282709 48.089066999964416
1972 282.89081451580603 280.00018895629705 48.113053999841213
1973 282.88869096833707 280.00018897974735 48.137068999931216
1974 282.88656910699245 280.00018900318116 48.161019000224769
1975 282.88444893023728 280.00018902659309 48.184999000281096
1976 282.88233043654151 280.00018904998842 48.209015999920666
1977 282.88021362437371 280.00018907337017 48.232928999699652
1978 282.87809849219667 280.00018909672838 48.256862999871373
1979 282.87598503849574 280.0001891200684 48.280861999839544
1980 282.87387326173945 280.00018914339586 48.304889000020921
1981 282.87176316040069 280.00018916670217 48.328896000050008
1982 282.8696547329593 280.00018918998279 48.352865999564528
1983 282.86754797789831 280.0001892132542 48.376780999824405
1984 282.86544289369175 280.00018923650663 48.400803999975324
1985 282.86333947883088 280.00018925973473 48.424742000177503
1986 282.86123773179412 280.00018928294111 48.448689999990165
1987 282.85913765107358 280.00018930613589 48.472575999796391
1988 282.85703923516394 280.00018932931266 48.496542000211775
1989 282.85494248254713 280.00018935246902 48.520541000179946
1990 282.85284739171811 280.00018937560731 48.544490000233054
1991 282.85075396116906 280.00018939872831 48.568470000289381
1992 282.84866218940363 280.00018942182783 48.592442000284791
1993 282.84657207491165 280.00018944491222 48.616363000124693
1994 282.84448361620446 280.00018946798042 48.640324999578297
1995 282.84239681177309 280.00018949102991 48.664293999783695
1996 282.84031166012807 280.00018951405576 48.68828499969095
1997 282.83822815977078 280.00018953706433 48.712198999710381
1998 282.83614630921505 280.00018956005664 48.736223000101745
1999 282.83406610696125 280.00018958303184 48.760207000188529
2000 282.83198755152608 280.00018960598277 48.784128000028431
