iterat. internal-T external-T elapsed-time
0 300 280 0.032676114999958372
1 299.93340000000046 280.00000073553855 0.063990446000389056
2 299.86768806437487 280.00000146127354 0.098417099000016606
3 299.80284266858348 280.00000217743832 0.1293071019999843
4 299.73884295557963 280.00000288425548 0.16147935800017876
5 299.67566871191468 280.00000358195803 0.19185826200009615
6 299.61330034464868 280.00000427076276 0.22353863700027432
7 299.55171885926046 280.0000049508796 0.25522000299997671
8 299.49090583844264 280.00000562250858 0.28725434000034511
9 299.43084342173273 280.00000628584792 0.3178635590002159
10 299.37151428590596 280.00000694108581 0.35481617599998572
11 299.31290162620684 280.00000758840997 0.38618035000035889
12 299.25498913828579 280.0000082280061 0.41739504400038641
13 299.19776100083567 280.00000886004221 0.44916328500039526
14 299.1412018589059 280.00000948469182 0.48004755900001328
15 299.08529680787558 280.00001010211309 0.51185663400019621
16 299.03003137803557 280.0000107124738 0.54321664200006126
17 298.97539151974337 280.0000113159262 0.57657583600030193
18 298.92136358920067 280.00001191261299 0.60785480200001984
19 298.86793433470336 280.00001250269185 0.64248296799996751
20 298.81509088345211 280.00001308630669 0.6733586479999758
21 298.76282072887614 280.00001366358396 0.70560491500009448
22 298.71111171836895 280.00001423466671 0.73660653300021295
23 298.65995204158116 280.00001479968046 0.76844524400030423
24 298.60933021904629 280.00001535875333 0.7993608720003067
25 298.55923509130776 280.00001591201237 0.83163297300006889
26 298.50965580839664 280.00001645957457 0.8629824610002288
27 298.46058181974081 280.00001700155718 0.89483205800024734
28 298.41200286440323 280.00001753806885 0.92535471400015012
29 298.36390896171133 280.00001806921978 0.95780593200015574
30 298.31629040220054 280.00001859512929 0.98833614100021805
31 298.26913773890857 280.00001911588816 1.0210904870000377
32 298.22244177896613 280.00001963160429 1.0519271050002317
33 298.17619357550308 280.00002014237754 1.0846987420000005
34 298.13038441984156 280.00002064830443 1.1155128080004033
35 298.08500583396773 280.00002114947142 1.1494059680003375
36 298.04004956326213 280.00002164597379 1.1809190510002736
37 297.9955075695035 280.00002213790202 1.2188547519999702
38 297.95137202412781 280.00002262533985 1.2538829760001136
39 297.90763530167067 280.00002310837397 1.2922598790000848
40 297.86428997351663 280.00002358708707 1.3392660900003648
41 297.82132880181086 280.00002406155392 1.3819001720003143
42 297.77874473360123 280.00002453185954 1.4153476510000473
43 297.73653089519445 280.00002499807556 1.4462138000003506
44 297.69468058667684 280.0000254602769 1.4781463670001358
45 297.65318727665874 280.00002591853325 1.5136443870001131
46 297.61204459718124 280.00002637292107 1.5457498200003101
47 297.5712463387876 280.00002682350464 1.5765934690002723
48 297.53078644579494 280.00002727034638 1.6080285830003049
49 297.49065901167342 280.00002771352189 1.6392096310000852
50 297.45085827465471 280.00002815308483 1.6699745300002178
51 297.41137861340997 280.00002858910091 1.7016171459999896
52 297.37221454293325 280.00002902163538 1.7336794530001498
53 297.33336071053009 280.00002945074476 1.7724724550002975
54 297.29481189195263 280.00002987648213 1.8069065050003701
55 297.25656298766052 280.00003029890684 1.8380415130000074
56 297.21860901920297 280.00003071807913 1.8699247570002626
57 297.1809451257202 280.00003113404449 1.9006056450002689
58 297.14356656056731 280.00003154685851 1.9325515980003729
59 297.10646868804423 280.00003195657212 1.9636759810000513
60 297.0696469802221 280.00003236323579 1.9961522000003242
61 297.03309701388889 280.00003276689944 2.0269790790002844
62 296.99681446758558 280.00003316761007 2.0595875910003087
63 296.96079511874473 280.00003356541174 2.0902015510000638
64 296.92503484090111 280.00003396035692 2.1222991210001965
65 296.88952960103353 280.00003435248288 2.1533326170001601
66 296.85427545694171 280.00003474183427 2.1868419720003658
67 296.81926855472972 280.00003512845421 2.2179199990000598
68 296.78450512638636 280.00003551238763 2.2496967320003023
69 296.74998148741173 280.00003589367117 2.280321109000397
70 296.71569403453447 280.00003627234554 2.3140789560002304
71 296.68163924350893 280.00003664845224 2.345283756000299
72 296.64781366694859 280.00003702202611 2.3777617460000329
73 296.61421393226857 280.00003739310455 2.408302685000308
74 296.58083673966621 280.00003776172537 2.4404199939999671
75 296.54767886016833 280.00003812792761 2.471506146000138
76 296.51473713374151 280.00003849174055 2.5024408389999735
77 296.48200846746829 280.00003885320012 2.5340009030001056
78 296.44948983375241 280.00003921234514 2.5652450780003164
79 296.41717826861907 280.00003956919892 2.5978078610000921
80 296.38507087002995 280.00003992379703 2.6284830720001082
81 296.35316479627375 280.00004027617007 2.6611097610002616
82 296.32145726438716 280.00004062635253 2.692267061000166
83 296.2899455486417 280.00004097437539 2.7247049460002017
84 296.25862697906507 280.00004132026203 2.7563387610002792
85 296.2274989399952 280.00004166404671 2.7875374150003154
86 296.19655886871578 280.00004200575017 2.8185853380000481
87 296.16580425407864 280.00004234541041 2.8495906050002304
88 296.13523263522046 280.00004268304417 2.8808558230002745
89 296.10484160028398 280.00004301868694 2.91170806800028
90 296.07462878517219 280.0000433523652 2.9475819799999954
91 296.04459187236671 280.00004368409748 2.9858343529999729
92 296.01472858976621 280.00004401391055 3.0285888040002646
93 295.98503670955364 280.0000443418329 3.0611071600001196
94 295.95551404709181 280.00004466788431 3.091804508000223
95 295.92615845988149 280.00004499209109 3.1238937450002595
96 295.89696784651159 280.00004531447752 3.1553408920003676
97 295.86794014565498 280.00004563506258 3.1884727960000419
98 295.83907333511218 280.00004595387236 3.2193002490002982
99 295.81036543084321 280.00004627092568 3.2515454250001312
100 295.78181448605494 280.00004658624692 3.2827509550002105
101 295.75341859031505 280.00004689985286 3.3150038910002877
102 295.72517586866422 280.00004721177049 3.3482578279999871
103 295.69708448079939 280.00004752201551 3.379612630000338
104 295.66914262022726 280.00004783060848 3.4118880670002909
105 295.64134851348166 280.00004813757158 3.4432300570001644
106 295.61370041933799 280.00004844291999 3.4751284580001993
107 295.5861966280662 280.00004874667411 3.5059751300000244
108 295.55883546069623 280.00004904885702 3.5390183360000265
109 295.53161526830263 280.00004934948146 3.5706463700003042
110 295.50453443131306 280.00004964856441 3.6039033270003529
111 295.47759135883081 280.00004994612863 3.6349510950003605
112 295.4507844879779 280.00005024218592 3.6673489290001271
113 295.42411228326 280.00005053675835 3.6983364880002227
114 295.39757323594637 280.00005082985984 3.730342495000059
115 295.37116586345564 280.00005112151007 3.7612990120001086
116 295.34488870878454 280.00005141171897 3.7947777940003107
117 295.31874033990994 280.0000517005052 3.8258981670001049
118 295.29271934926368 280.00005198788381 3.8577079750002667
119 295.26682435315553 280.00005227387106 3.8890266319999682
120 295.24105399127035 280.00005255848106 3.920241747000091
121 295.21540692614332 280.00005284173312 3.9520405650000612
122 295.1898818426659 280.00005312363561 3.9827092150003409
123 295.16447744758591 280.00005340420557 4.0149727780003559
124 295.13919246903788 280.00005368345796 4.0466896160000942
125 295.1140256560879 280.00005396140176 4.0833262450000802
126 295.08897577827855 280.0000542380559 4.1141086470001937
127 295.06404162517993 280.00005451343117 4.1477636820000043
128 295.03922200597441 280.00005478754423 4.1791822879999927
129 295.01451574903564 280.00005506040202 4.2116040290002275
130 294.9899217015228 280.00005533201971 4.2428399250002258
131 294.96543872897655 280.00005560241362 4.2744337930002985
132 294.94106571494814 280.00005587159455 4.3056265120003445
133 294.91680156060715 280.00005613957137 4.3379247100001521
134 294.89264518439535 280.00005640636016 4.3693051390000619
135 294.86859552164816 280.00005667196587 4.4045544610003162
136 294.84465152425321 280.00005693640736 4.4357719200002066
137 294.82081216031105 280.0000571996959 4.4696361760002219
138 294.79707641381316 280.00005746183467 4.5008581130000493
139 294.77344328429473 280.00005772284271 4.5351489360000414
140 294.74991178654597 280.0000579827269 4.5667433779999556
141 294.72648095029479 280.00005824149963 4.5984857370003738
142 294.70314981988935 280.00005849917471 4.6290752720001365
143 294.6799174540327 280.00005875575602 4.660467680000238
144 294.65678292548586 280.00005901125803 4.6912381020001703
145 294.6337453207733 280.00005926568872 4.7223813929999778
146 294.61080373994031 280.00005951905797 4.7545622980001099
147 294.58795729626507 280.00005977137488 4.7888344230000257
148 294.56520511600831 280.0000600226528 4.8199080780000259
149 294.54254633815447 280.00006027289834 4.8516437190000943
150 294.51998011417294 280.00006052212359 4.8827136250001786
151 294.49750560776863 280.00006077033652 4.9157588110001598
152 294.47512199465439 280.00006101754445 4.9474204940001982
153 294.45282846230549 280.00006126375632 4.9817088700001477
154 294.43062420976361 280.00006150898417 5.0125256480000644
155 294.40850844738537 280.00006175323443 5.0445306670003447
156 294.38648039664128 280.00006199651637 5.0753067150003517
157 294.36453928991813 280.00006223883611 5.108310339000127
158 294.3426843702926 280.000062480206 5.139709258000039
159 294.3209148913524 280.00006272063212 5.171581567999965
160 294.29923011698162 280.00006296012288 5.2028647050001382
161 294.27762932117827 280.00006319868362 5.235466032000204
162 294.25611178787472 280.00006343632492 5.2676263660000586
163 294.23467681074482 280.00006367305525 5.2993615380000847
164 294.21332369303423 280.00006390888097 5.3300745650003591
165 294.19205174737692 280.0000641438105 5.362105626000357
166 294.17086029562842 280.00006437785527 5.3934740250001596
167 294.14974866869937 280.00006461101339 5.4251817490003305
168 294.12871620640368 280.00006484329941 5.4630133390000992
169 294.10776225727881 280.00006507472057 5.5104627900000196
170 294.08688617844211 280.00006530527759 5.5564124330003324
171 294.06608733543555 280.00006553498417 5.6016825890001201
172 294.04536510208914 280.00006576384169 5.6337372970001525
173 294.02471886034755 280.00006599186446 5.6651664770001844
174 294.0041480001571 280.00006621905106 5.6970805580003798
175 293.98365191930117 280.00006644541043 5.7289096900003642
176 293.96323002328467 280.00006667095306 5.7639597930001401
177 293.94288172518952 280.00006689568357 5.7948213110003053
178 293.92260644554221 280.00006711960532 5.8259778840001673
179 293.90240361219702 280.00006734273029 5.8692661990003216
180 293.88227266018697 280.00006756505871 5.9001150610001787
181 293.86221303163893 280.00006778659696 5.9313624170004005
182 293.84222417561153 280.00006800735906 5.9625488870001391
183 293.82230554801578 280.00006822734554 5.9951582370003962
184 293.80245661147217 280.0000684465594 6.0382826960003513
185 293.78267683520926 280.00006866500979 6.073711970000204
186 293.76296569495378 280.00006888270241 6.1144152580000082
187 293.74332267282495 280.00006909964037 6.1466624680001587
188 293.72374725722 280.00006931583624 6.177751489000002
189 293.70423894271858 280.00006953128837 6.2095206740000322
190 293.68479722997449 280.00006974600291 6.2408906880000359
191 293.66542162562968 280.00006995999132 6.2882082630003424
192 293.64611164219548 280.00007017325402 6.3364737650003917
193 293.62686679797793 280.00007038579946 6.3850373950003814
194 293.60768661696835 280.00007059762652 6.4403804700000364
195 293.58857062876746 280.00007080874747 6.4980570070001704
196 293.56951836848418 280.00007101916196 6.5464862090002498
197 293.55052937663692 280.00007122887865 6.5940356090000023
198 293.53160319911018 280.00007143790151 6.6407715640002607
199 293.51273938700859 280.00007164623588 6.6833140900002945
200 293.49393749662755 280.00007185388671 6.717658978000145
201 293.47519708934237 280.00007206085843 6.7495146740002383
202 293.456517731541 280.00007226715587 6.7825235070004055
203 293.4378989945381 280.00007247278529 6.8144464950000838
204 293.41934045450648 280.00007267774856 6.8534468490001927
205 293.4008416923939 280.0000728820504 6.888782583000193
206 293.38240229385229 280.00007308569883 6.9197447280002962
207 293.36402184917125 280.00007328869447 6.954347068000061
208 293.34569995319936 280.00007349104476 6.9854978100001972
209 293.32743620527964 280.00007369275204 7.0183194020000883
210 293.30923020918084 280.00007389381989 7.0492173290003848
211 293.29108157302937 280.00007409425615 7.0818007930001841
212 293.2729899092385 280.0000742940627 7.1127424700002848
213 293.25495483445212 280.00007449324767 7.1457927630003724
214 293.23697596948887 280.00007469180861 7.1769270980003057
215 293.21905293925539 280.00007488975183 7.2096497310003542
216 293.2011853727073 280.00007508708359 7.2404410410003948
217 293.18337290277736 280.00007528380803 7.2736566480002693
218 293.16561516633277 280.00007547992652 7.3047125450002568
219 293.14791180409622 280.00007567544361 7.3371488730003875
220 293.13026246060616 280.00007587036578 7.3681198210001639
221 293.11266678415438 280.00007606469529 7.4008544850003091
222 293.09512442672957 280.00007625843824 7.4319579350003551
223 293.07763504396962 280.00007645159218 7.4647914020001735
224 293.06019829511109 280.0000766441637 7.4955142740000156
225 293.04281384292386 280.00007683616127 7.5272267929999543
226 293.0254813536751 280.00007702758296 7.559259523000037
227 293.00820049707801 280.00007721843389 7.5920429890002197
228 292.99097094623079 280.00007740872115 7.6233077430001686
229 292.9737923775869 280.00007759844328 7.6554956300001322
230 292.95666447089019 280.00007778760943 7.6863435039999786
231 292.93958690914417 280.00007797621555 7.7181922220001979
232 292.92255937855316 280.00007816427063 7.7491721280002821
233 292.90558156848977 280.00007835177587 7.781270692000362
234 292.88865317144007 280.00007853873365 7.8119402310003352
235 292.87177388297488 280.00007872515027 7.8439270230001057
236 292.854943401686 280.00007891102831 7.8749477119999938
237 292.83816142917073 280.00007909637162 7.9072519559999819
238 292.82142766995787 280.00007928118316 7.9411069460002182
239 292.80474183151125 280.00007946546521 7.9789053100003002
240 292.78810362415487 280.0000796492177 8.019614642000306
241 292.77151276103223 280.0000798324503 8.0533907770000042
242 292.75496895810437 280.00008001516107 8.0891752649999944
243 292.73847193407539 280.00008019735577 8.1206649180003296
244 292.72202141037559 280.00008037903712 8.1526589500003865
245 292.70561711111236 280.00008056021233 8.1850765809999757
246 292.68925876304854 280.00008074087373 8.215576431000045
247 292.67294609555637 280.00008092103388 8.2469481140001335
248 292.65667884058877 280.00008110069234 8.2777859360003276
249 292.64045673264388 280.00008127985012 8.3092749630000071
250 292.62427950872814 280.00008145851319 8.3403206530001626
251 292.60814690833445 280.00008163668326 8.381669002000308
252 292.59205867339205 280.00008181436704 8.4284336059999987
253 292.57601454825488 280.00008199155991 8.4593615850003516
254 292.56001427965543 280.00008216827001 8.4971175010000479
255 292.5440576166834 280.0000823444974 8.5278976150002563
256 292.52814431074376 280.00008252024594 8.5600010750004003
257 292.5122741155443 280.00008269551603 8.5913633310001387
258 292.49644678705414 280.00008287031562 8.6230519430000641
259 292.48066208347751 280.00008304464484 8.6541101330003585
260 292.46491976521781 280.00008321850771 8.6860158829999818
261 292.44921959487897 280.00008339190123 8.7169776130003811
262 292.43356133719561 280.00008356483397 8.7491774810000607
263 292.41794475903549 280.00008373730526 8.7809197400001722
264 292.40236962936888 280.00008390931691 8.8121112640001229
265 292.38683571923463 280.00008408087746 8.8442950390003716
266 292.37134280171773 280.00008425198502 8.8755624510004054
267 292.35589065192744 280.00008442263891 8.907107938000081
268 292.3404790469753 280.00008459284692 8.9385916010000983
269 292.32510776592886 280.00008476261013 8.969730470000286
270 292.30977658981851 280.00008493192809 9.0015289279999706
271 292.29448530159902 280.00008510080886 9.0381337390003864
272 292.27923368611891 280.00008526925149 9.0735778090001986
273 292.26402153010747 280.00008543725653 9.1044444870003645
274 292.24884862215191 280.0000856048265 9.1362233100003323
275 292.23371475267089 280.00008577196752 9.1691137590000835
276 292.21861971389256 280.00008593867818 9.2003966390002461
277 292.20356329983849 280.00008610496474 9.2319222820001414
278 292.18854530629886 280.00008627082593 9.2626810420001675
279 292.1735655308089 280.0000864362633 9.2952001339999697
280 292.15862377263176 280.00008660128208 9.3258779550001236
281 292.14371983273168 280.00008676588504 9.3577777170003174
282 292.12885351376633 280.00008693007095 9.3889298150002105
283 292.11402462006043 280.00008709384269 9.4220191720000912
284 292.09923295757829 280.0000872572038 9.4587969540002632
285 292.08447833392302 280.00008742015495 9.4911537510001835
286 292.06976055829227 280.00008758269928 9.5234824240001217
287 292.05507944149116 280.00008774484161 9.5545007700002316
288 292.04043479587602 280.00008790657904 9.5860480280002776
289 292.02582643538346 280.00008806791806 9.6180296130000897
290 292.01125417546325 280.00008822885519 9.6494509330000255
291 291.99671783309316 280.00008838939499 9.681833251000171
292 291.98221722675731 280.0000885495428 9.7129955580003298
293 291.96775217641505 280.0000887092969 9.7456879320002372
294 291.95332250349657 280.00008886865959 9.7777921230003813
295 291.93892803088738 280.000089027635 9.8087136970002575
296 291.92456858290205 280.00008918622103 9.8407161690001885
297 291.91024398527679 280.00008934442405 9.8726040560000001
298 291.89595406514826 280.00008950224611 9.9053447129999768
299 291.88169865104277 280.00008965968567 9.9359383680002793
300 291.86747757285627 280.00008981674483 9.9683999600001698
301 291.85329066184227 280.00008997342582 9.9995247140000174
302 291.83913775060199 280.00009012973163 10.030654625000352
303 291.82501867305047 280.00009028566569 10.062548762999995
304 291.81093326442567 280.00009044122709 10.093351483000333
305 291.79688136125776 280.00009059641712 10.126099744000385
306 291.78286280136717 280.00009075124217 10.157852370000001
307 291.76887742383462 280.00009090569711 10.190177918000245
308 291.75492506900548 280.00009105979052 10.222654666000381
309 291.74100557846486 280.00009121351917 10.253403271000025
310 291.72711879502168 280.00009136688556 10.286761851000392
311 291.71326456271203 280.00009151989377 10.318007961000148
312 291.69944272676565 280.00009167254382 10.349200424000173
313 291.68565313360193 280.00009182483859 10.396766237000065
314 291.67189563082604 280.00009197677929 10.429326111000137
315 291.65817006720135 280.00009212836517 10.473986477000381
316 291.64447629264401 280.00009227960055 10.506508850000046
317 291.63081415821125 280.00009243048754 10.537203183000202
318 291.61718351609051 280.00009258102705 10.569743109000228
319 291.60358421958426 280.00009273122072 10.600460620000376
320 291.59001612309891 280.00009288106747 10.632608718000029
321 291.57647908213573 280.00009303057311 10.66588896400026
322 291.56297295328136 280.00009317973581 10.697621328999958
323 291.549497594179 280.00009332856109 10.728948897999999
324 291.53605286355264 280.00009347704565 10.76091808900037
325 291.52263862115751 280.00009362519251 10.792327117000241
326 291.50925472779608 280.00009377300705 10.823290464000365
327 291.4959010452946 280.00009392048719 10.855227624000236
328 291.4825774364964 280.00009406763627 10.885926750000181
329 291.46928376525523 280.00009421445191 10.918308081000305
330 291.45601989641261 280.00009436093956 10.950016020000021
331 291.44278569580206 280.00009450710189 10.982505581000169
332 291.42958103023369 280.0000946529351 11.013224916000127
333 291.4164057674829 280.00009479844465 11.045603747000314
334 291.40325977628294 280.00009494363013 11.076325476999955
335 291.39014292630782 280.00009508849598 11.108461910000187
336 291.37705508817675 280.00009523303953 11.141304235999996
337 291.36399613343099 280.00009537726453 11.177471700000297
338 291.3509659345354 280.00009552117109 11.210287828000219
339 291.33796436486335 280.00009566476126 11.241592221000246
340 291.32499129868847 280.00009580803919 11.273763602000145
341 291.31204661117795 280.00009595100266 11.304430436000075
342 291.29913017837589 280.00009609365316 11.335838736000369
343 291.2862418772101 280.00009623599396 11.367640269000276
344 291.27338158546712 280.00009637802526 11.398447834000308
345 291.26054918179898 280.00009651974727 11.43083999800001
346 291.24774454569598 280.00009666116205 11.461449696000273
347 291.23496755749665 280.00009680227527 11.494151083000361
348 291.2222180983706 280.00009694308119 11.54094678499996
349 291.20949605031262 280.00009708358516 11.590857051000057
350 291.19680129613852 280.00009722378672 11.624286154000401
351 291.1841337194619 280.00009736368986 11.654934967000372
352 291.17149320470924 280.00009750329451 11.688224171999991
353 291.15887963709093 280.00009764260068 11.71972039000002
354 291.14629290261064 280.00009778160847 11.751941355000326
355 291.1337328880528 280.00009792032586 11.783342988000186
356 291.12119948095722 280.00009805874686 11.814311648000057
357 291.1086925696485 280.00009819687421 11.845850992000123
358 291.09621204319609 280.00009833470904 11.876499598000009
359 291.08375779141835 280.0000984722567 11.910318549000294
360 291.07132970488618 280.00009860951405 11.943949374000113
361 291.05892767489365 280.00009874648441 11.975364549999995
362 291.04655159346515 280.00009888316589 12.007206137000139
363 291.03420135335688 280.00009901956565 12.038108964000003
364 291.02187684803755 280.00009915567784 12.069806747000257
365 291.0095779716745 280.00009929151054 12.10040306000019
366 290.99730461914862 280.0000994270585 12.132632985000328
367 290.98505668602706 280.00009956232657 12.163952847000019
368 290.97283406857707 280.00009969731366 12.195992926000145
369 290.96063666374431 280.00009983202375 12.226977368000007
370 290.94846436914378 280.00009996645673 12.258389054999952
371 290.93631708306924 280.00010010061294 12.291141068000343
372 290.9241947044801 280.00010023449266 12.321544306000305
373 290.91209713298787 280.0001003681021 12.35315969300018
374 290.90002426886417 280.00010050143658 12.384750652000093
375 290.88797601301866 280.00010063449861 12.427342196000154
376 290.87595226701001 280.00010076728927 12.459346858000117
377 290.86395293302473 280.00010089981339 12.490104213999984
378 290.85197791388481 280.00010103206762 12.526004698000179
379 290.84002711303253 280.00010116405275 12.557717169000171
380 290.8281004345306 280.00010129577299 12.589133335000042
381 290.81619778305208 280.00010142722914 12.621251434999976
382 290.80431906387918 280.00010155841608 12.652508328000295
383 290.79246418289563 280.00010168934341 12.684576116000244
384 290.7806330465778 280.00010182001017 12.715496807000363
385 290.76882556200053 280.00010195041261 12.746742034000363
386 290.75704163682343 280.000102080555 12.779300503000286
387 290.74528117928071 280.00010221044084 12.810881150000114
388 290.73354409819297 280.00010234006601 12.841998198000056
389 290.72183030294042 280.00010246943407 12.873821713000325
390 290.71013970347889 280.0001025985481 12.904389850000371
391 290.69847221031722 280.00010272740576 12.93825791800009
392 290.68682773452895 280.00010285600797 12.972948338000151
393 290.67520618773148 280.0001029843587 13.020366445000036
394 290.66360748209166 280.00010311245808 13.053261742000359
395 290.65203153032451 280.00010324030222 13.084137694000219
396 290.64047824567132 280.00010336789865 13.116620695000165
397 290.62894754191257 280.00010349524604 13.148710463000043
398 290.61743933335867 280.00010362234343 13.181076118999954
399 290.60595353483882 280.0001037491931 13.212268793000021
400 290.59449006170337 280.0001038757992 13.247341613000117
401 290.58304882981884 280.0001040021582 13.278155847000107
402 290.57162975556764 280.00010412827095 13.310888694000369
403 290.5602327558214 280.00010425414155 13.346994598000038
404 290.54885774797157 280.00010437976755 13.38986390700029
405 290.53750464990054 280.00010450515344 13.421138301000155
406 290.52617337998527 280.0001046302994 13.451902898000299
407 290.51486385709256 280.00010475520185 13.483682090000002
408 290.50357600056975 280.00010487986566 13.514690023000185
409 290.49230973025027 280.00010500429357 13.54600801100014
410 290.48106496644778 280.00010512848172 13.582232665999982
411 290.46984162994079 280.00010525243329 13.613617686999987
412 290.45863964198946 280.00010537615168 13.647876903999986
413 290.44745892430677 280.00010549963139 13.678625981000096
414 290.43629939907646 280.00010562287855 13.710329807000107
415 290.42516098893839 280.00010574589317 13.741550971000379
416 290.41404361698193 280.00010586867404 13.774726167000154
417 290.40294720675422 280.00010599122481 13.805741392000073
418 290.39187168224856 280.00010611354503 13.843415698000172
419 290.38081696789527 280.00010623563452 13.874765562999983
420 290.3697829885723 280.00010635749464 13.921914919000301
421 290.35876966958932 280.00010647912768 13.96760353000036
422 290.34777693668696 280.000106600533 14.017838804000348
423 290.33680471604401 280.00010672171248 14.059655030000158
424 290.32585293425245 280.00010684266567 14.109465144000296
425 290.31492151833584 280.00010696339285 14.157343413000035
426 290.30401039573701 280.00010708389749 14.238831364000362
427 290.29311949430502 280.0001072041789 14.298807210000177
428 290.2822487423137 280.0001073242351 14.367225385999973
429 290.27139806843837 280.00010744407319 14.463191563000237
430 290.26056740176074 280.00010756368977 14.533391008000308
431 290.24975667176801 280.00010768308368 14.601007613000093
432 290.23896580834423 280.00010780226063 14.653064729000107
433 290.22819474177027 280.00010792121657 14.717786668000372
434 290.21744340272448 280.00010803995661 14.765292277000299
435 290.20671172226804 280.00010815847867 14.804719520000162
436 290.19599963185283 280.0001082767854 14.839104209000197
437 290.18530706331893 280.0001083948747 14.869939694000095
438 290.1746339488783 280.00010851275124 14.901345133000177
439 290.16398022113157 280.00010863041035 14.933363704000385
440 290.15334581304808 280.00010874785931 14.965590767000322
441 290.14273065796874 280.00010886509477 14.99786684000037
442 290.13213468960328 280.00010898211724 15.02900956800022
443 290.12155784204265 280.00010909893109 15.060841783000342
444 290.1110000497149 280.00010921553286 15.092367380000269
445 290.10046124743195 280.00010933192317 15.123328700000002
446 290.08994137035728 280.00010944810782 15.155681649000144
447 290.07944035400737 280.00010956408175 15.186438488000022
448 290.06895813424705 280.00010967984923 15.218944511000245
449 290.0584946473021 280.00010979541048 15.249834633000319
450 290.04804982974269 280.00010991076306 15.281082518000403
451 290.03762361847669 280.00011002591316 15.312356080999962
452 290.02721595076213 280.00011014085487 15.343171722000079
453 290.01682676419443 280.0001102555953 15.374576484000045
454 290.0064559967031 280.00011037013104 15.405541346000064
455 289.99610358656076 280.0001104844643 15.437697106000087
456 289.98576947235921 280.00011059859651 15.469081347000156
457 289.97545359302808 280.00011071252527 15.500261419000253
458 289.96515588782552 280.00011082625559 15.531959570000254
459 289.9548762963318 280.00011093978458 15.563236466000035
460 289.94461475844611 280.00011105311444 15.596911669000292
461 289.93437121439467 280.00011116624546 15.628373098000338
462 289.92414560471423 280.00011127917753 15.6592550940004
463 289.91393787026664 280.00011139191429 15.691783827000108
464 289.90374795221169 280.00011150445363 15.722893482000018
465 289.89357579203516 280.00011161679669 15.755516851000266
466 289.88342133151889 280.00011172894506 15.787228126000173
467 289.87328451275931 280.00011184089698 15.818539346000307
468 289.86316527815114 280.00011195265557 15.850666408000052
469 289.85306357039536 280.00011206422079 15.881896847000007
470 289.84297933249036 280.00011217559091 15.915022045000114
471 289.83291250772749 280.00011228677101 15.946513632000006
472 289.82286303970545 280.00011239775915 15.979677371999969
473 289.8128308723019 280.00011250855567 16.010349054000017
474 289.80281594968881 280.00011261916183 16.042648097999972
475 289.79281821633464 280.00011272957795 16.073332176000349
476 289.78283761698856 280.00011283980513 16.105927368000266
477 289.77287409668037 280.00011294984421 16.136682125000334
478 289.76292760073284 280.00011305969394 16.170300245000362
479 289.75299807473971 280.00011316935746 16.203316223000002
480 289.74308546458241 280.00011327883442 16.233995145000335
481 289.7331897164114 280.00011338812311 16.266532160000224
482 289.72331077665217 280.0001134972286 16.297518324000066
483 289.71344859200474 280.00011360614656 16.32920913199996
484 289.70360310944346 280.00011371488245 16.362139016000128
485 289.6937742762085 280.00011382343325 16.394630301000234
486 289.68396203980501 280.00011393180006 16.425910531000227
487 289.67416634800691 280.00011403998622 16.457167637000111
488 289.66438714884475 280.0001141479886 16.489573296000344
489 289.65462439061844 280.00011425580965 16.520646962000228
490 289.64487802189018 280.00011436344982 16.55394356800025
491 289.63514799146412 280.00011447091123 16.584617802000139
492 289.62543424841539 280.00011457818954 16.627754253000148
493 289.61573674206721 280.00011468529067 16.67326135500025
494 289.60605542199835 280.00011479221166 16.728264546999981
495 289.59639023803277 280.00011489895581 16.761698811000315
496 289.58674114025234 280.00011500552461 16.798641707000115
497 289.57710807897655 280.00011511191042 16.830474860000322
498 289.5674910047739 280.00011521812399 16.861909676000323
499 289.55788986846096 280.00011532415959 16.893313659000341
500 289.54830462108902 280.00011543002103 16.924939988000006
501 289.53873521396036 280.0001155357059 16.959657287000027
502 289.52918159860246 280.00011564121752 16.992681913000069
503 289.51964372679163 280.00011574655525 17.026906603000043
504 289.51012155053076 280.00011585172069 17.058260845000405
505 289.50061502206847 280.00011595671185 17.089522431000205
506 289.49112409387777 280.00011606153123 17.121822725000129
507 289.48164871865947 280.00011616617769 17.153335355000308
508 289.47218884935143 280.00011627065442 17.186718421000023
509 289.46274443911295 280.0001163749601 17.217898079000406
510 289.45331544133836 280.00011647909486 17.250822755000172
511 289.44390180963558 280.00011658305954 17.281538813000225
512 289.43450349784592 280.00011668685602 17.313311029000033
513 289.42512046002474 280.00011679048447 17.344135735000236
514 289.41575265044816 280.00011689394427 17.38492007900004
515 289.40640002361846 280.00011699723495 17.41564879400039
516 289.39706253424731 280.00011710035778 17.447319758000049
517 289.38774013727124 280.00011720331923 17.478565249999974
518 289.37843278782907 280.00011730610902 17.50994610700036
519 289.36914044128321 280.00011740873447 17.542357601000276
520 289.35986305319943 280.00011751119575 17.581531719000395
521 289.35060057936249 280.00011761349128 17.624636244000158
522 289.34135297575892 280.00011771562367 17.673719165999955
523 289.33212019858894 280.00011781759139 17.717764690999957
524 289.32290220425062 280.00011791939841 17.750416968000081
525 289.31369894935568 280.0001180210399 17.781867877999957
526 289.30451039071511 280.00011812252018 17.813703376000376
527 289.29533648534237 280.00011822383868 17.84494912900027
528 289.28617719044934 280.00011832499519 17.875751648000005
529 289.27703246345112 280.00011842598946 17.907224069000222
530 289.26790226196289 280.00011852682417 17.941189851000217
531 289.25878654379187 280.0001186274996 17.983155303000331
532 289.24968526694067 280.00011872801588 18.024806532000184
533 289.24059838961068 280.00011882837202 18.057816575000288
534 289.23152587019314 280.00011892857117 18.08902310800022
535 289.22246766727744 280.0001190286107 18.121929869000269
536 289.21342373963165 280.00011912849232 18.152794992000054
537 289.20439404622556 280.00011922821778 18.187234894000085
538 289.19537854620745 280.0001193277858 18.218041215000085
539 289.18637719892376 280.00011942719942 18.250478960000237
540 289.17738996389647 280.00011952645502 18.281348719000107
541 289.1684168008361 280.00011962555732 18.313164165000217
542 289.15945766964171 280.00011972450113 18.346320772000126
543 289.15051253038553 280.00011982329374 18.377685484000267
544 289.14158134332587 280.0001199219314 18.409505358000388
545 289.13266406890079 280.00012002041569 18.441668255999957
546 289.12376066773078 280.00012011874441 18.472498848000214
547 289.11487110060631 280.0001202169222 18.505826342000091
548 289.10599532850318 280.00012031494822 18.537006052000379
549 289.09713331256552 280.00012041282122 18.568766186000175
550 289.08828501411517 280.0001205105421 18.599726206000014
551 289.07945039465358 280.00012060811287 18.631918844000211
552 289.07062941584422 280.00012070553481 18.662783238999964
553 289.06182203952397 280.00012080280351 18.696931106000193
554 289.05302822770307 280.00012089992543 18.727755083000375
555 289.04424794256164 280.00012099689474 18.758852189000208
556 289.035481146449 280.00012109371733 18.793191880999984
557 289.02672780187385 280.0001211903878 18.824009452000155
558 289.01798787151665 280.00012128691361 18.856943766000313
559 289.00926131822735 280.00012138329117 18.8876425870003
560 289.00054810500808 280.00012147952265 18.922523744000046
561 288.99184819503409 280.00012157560536 18.953829133999989
562 288.98316155164116 280.00012167154131 18.985592705000272
563 288.9744881383204 280.00012176733333 19.016495539000061
564 288.96582791873197 280.00012186297414 19.050781169000402
565 288.95718085668557 280.00012195847631 19.08427220700014
566 288.9485469161549 280.00012205383024 19.115333011000075
567 288.93992606127074 280.00012214904109 19.147585286000322
568 288.9313182563161 280.00012224410665 19.178929009000058
569 288.922723465736 280.00012233902947 19.211225556000045
570 288.91414165412334 280.00012243380695 19.242350318000263
571 288.90557278622788 280.00012252844306 19.276306882999961
572 288.89701682694874 280.00012262293649 19.307108309000341
573 288.88847374134207 280.00012271728906 19.338871568000286
574 288.87994349460809 280.00012281149691 19.369765286000074
575 288.87142605210556 280.00012290556424 19.400956508000036
576 288.86292137933094 280.00012299949145 19.432862998000019
577 288.85442944193483 280.00012309327735 19.464039897000021
578 288.84595020571862 280.00012318692359 19.495722322000347
579 288.83748363662107 280.00012328042993 19.526453956000296
580 288.82902970073428 280.00012337379536 19.558671959000094
581 288.82058836429087 280.0001234670234 19.589925474000211
582 288.81215959366898 280.00012356011104 19.622006340000098
583 288.80374335538403 280.00012365306168 19.652749172000313
584 288.79533961610366 280.00012374587425 19.684985457000039
585 288.78694834262819 280.0001238385492 19.715678340000068
586 288.7785695018996 280.00012393108551 19.747957437999958
587 288.77020306100235 280.00012402348671 19.779173140000239
588 288.76184898715536 280.00012411574892 19.811280257000362
589 288.75350724772147 280.00012420787749 19.841752565000206
590 288.74517781019546 280.00012429986896 19.874765734999983
591 288.73686064220863 280.00012439172338 19.905231273000027
592 288.72855571152843 280.00012448344603 19.937170108000373
593 288.72026298605999 280.00012457503055 19.968097941999986
594 288.71198243383651 280.00012466648366 19.999127340000086
595 288.70371402303249 280.00012475780005 20.031139144999997
596 288.69545772194527 280.00012484898411 20.062046667000232
597 288.68721349901199 280.0001249400342 20.094381443000202
598 288.67898132279203 280.0001250309532 20.125235371000144
599 288.67076116198302 280.00012512173714 20.158720473000358
600 288.66255298541148 280.00012521238898 20.189436430000114
601 288.65435676202497 280.00012530290894 20.221685737000371
602 288.64617246090643 280.0001253932972 20.252423674000056
603 288.63800005126569 280.00012548355443 20.285310852000293
604 288.62983950242955 280.00012557368149 20.316535981000015
605 288.62169078386114 280.00012566367599 20.348806591000084
606 288.61355386514549 280.00012575354123 20.380464329000006
607 288.60542871599148 280.00012584327618 20.419574127000033
608 288.59731530622577 280.00012593288392 20.452106614000058
609 288.58921360581235 280.0001260223595 20.483328775000246
610 288.58112358482242 280.00012611170638 20.516557624000143
611 288.57304521345594 280.00012620092463 20.547514209000383
612 288.56497846203177 280.00012629001532 20.581489628000327
613 288.55692330099316 280.00012637897834 20.612691268000162
614 288.54887970089226 280.00012646781306 20.644461820000288
615 288.54084763241292 280.00012655651881 20.675596375000168
616 288.53282706634997 280.00012664509956 20.709008403000098
617 288.52481797361236 280.00012673355366 20.739587849000145
618 288.51682032523524 280.00012682188066 20.772864667000249
619 288.50883409236047 280.00012691008254 20.803688854000029
620 288.5008592462554 280.00012699815841 20.836154414000248
621 288.49289575828931 280.00012708610706 20.866580526000234
622 288.48494359995937 280.00012717393298 20.899687864000043
623 288.47700274286728 280.00012726163027 20.930452468000112
624 288.46907315872852 280.00012734920699 20.962586306000048
625 288.46115481937431 280.0001274366594 20.993471172000227
626 288.45324769675068 280.00012752398476 21.025441415000387
627 288.44535176289997 280.00012761118933 21.056052528000237
628 288.43746698999439 280.00012769827094 21.088464597999973
629 288.42959335030116 280.00012778522694 21.118930085000102
630 288.42173081620643 280.00012787206242 21.152034767000259
631 288.41387936019566 280.00012795877569 21.185269711000274
632 288.40603895487533 280.0001280453663 21.219349558999966
633 288.3982095729454 280.00012813183525 21.250126716000068
634 288.39039118721865 280.00012821818274 21.281510963000073
635 288.38258377061993 280.00012830440852 21.312986460000047
636 288.37478729617209 280.00012839051362 21.345825618000163
637 288.36700173700586 280.00012847649725 21.377708881000217
638 288.35922706635483 280.00012856236333 21.409904698999981
639 288.35146325755881 280.00012864810702 21.440897378000045
640 288.3437102840615 280.00012873373259 21.473335074000261
641 288.33596811940845 280.00012881923749 21.504765675000272
642 288.32823673725136 280.00012890462568 21.536391331000232
643 288.32051611133096 280.00012898989286 21.56779604600024
644 288.31280621550928 280.00012907504185 21.600241138000001
645 288.30510702373101 280.00012916007279 21.630967512000097
646 288.29741851004854 280.0001292449856 21.664130372000272
647 288.28974064862018 280.00012932978177 21.700735613000234
648 288.28207341369063 280.00012941445891 21.742807944000106
649 288.27441677960832 280.00012949901867 21.785103767000237
650 288.26677072082805 280.00012958346525 21.830188892000024
651 288.25913521189091 280.00012966779144 21.862071374000152
652 288.25151022743898 280.00012975200264 21.892896240000027
653 288.24389574221175 280.00012983609798 21.93049394100035
654 288.23629173104348 280.00012992007834 21.961769281000215
655 288.22869816886737 280.00013000394279 21.993254519000402
656 288.22111503070511 280.00013008769236 22.024433035000129
657 288.21354229167952 280.00013017132613 22.055703063000237
658 288.20597992700573 280.00013025484589 22.087504919000366
659 288.19842791199056 280.00013033825076 22.118610257
660 288.19088622203191 280.00013042154222 22.159094760000244
661 288.18335483262632 280.00013050472103 22.192940909000299
662 288.17583371935564 280.00013058778495 22.224148384000273
663 288.16832285790201 280.00013067073616 22.2555333600003
664 288.16082222403099 280.00013075357356 22.28628619500023
665 288.15333179360022 280.00013083629943 22.317938935000257
666 288.14585154256167 280.00013091891128 22.348925521000183
667 288.13838144694967 280.00013100141382 22.381120089999968
668 288.13092148289547 280.0001310838017 22.411924800000179
669 288.12347162661547 280.00013116607988 22.444299423000302
670 288.11603185441442 280.00013124824466 22.475148977000117
671 288.10860214268803 280.00013133029955 22.508606372000031
672 288.10118246791302 280.00013141224451 22.539376498000365
673 288.09377280665746 280.00013149407721 22.571211219000361
674 288.08637313557813 280.00013157580133 22.602473643000394
675 288.07898343140931 280.0001316574153 22.634871860000203
676 288.07160367098402 280.00013173891938 22.665435525000248
677 288.06423383120671 280.00013182031347 22.698678282000401
678 288.05687388907671 280.00013190159621 22.729630025000006
679 288.0495238216792 280.00013198277281 22.762974867000139
680 288.04218360616778 280.00013206383937 22.794109893000041
681 288.03485321979662 280.00013214479713 22.825060178000058
682 288.02753263989382 280.00013222564542 22.857177767000394
683 288.02022184387465 280.00013230638774 22.889572808000139
684 288.01292080923412 280.00013238702229 22.922387436000008
685 288.00562951354812 280.00013246754793 22.957684957000311
686 287.99834793448053 280.00013254796716 23.006205434000094
687 287.99107604976507 280.00013262827969 23.037804893000157
688 287.98381383722381 280.00013270848541 23.073791014000108
689 287.97656127475841 280.00013278858268 23.105604225000206
690 287.96931834034785 280.00013286857541 23.137830723000206
691 287.96208501205689 280.00013294846207 23.16975185199999
692 287.95486126802047 280.00013302824169 23.201713659000234
693 287.94764708645295 280.00013310791661 23.232211231000292
694 287.94044244565754 280.00013318748489 23.264271893000114
695 287.93324732400515 280.00013326694835 23.294975092000186
696 287.92606169994127 280.00013334630728 23.329556042000149
697 287.91888555200177 280.00013342556252 23.360293981000268
698 287.91171885878606 280.00013350471301 23.393003088000114
699 287.90456159897849 280.00013358375782 23.423674672000288
700 287.89741375133065 280.00013366269962 23.455711219000023
701 287.89027529468353 280.00013374153866 23.486443273000077
702 287.8831462079375 280.00013382027157 23.518570654000087
703 287.87602647008015 280.00013389890347 23.549651200999961
704 287.86891606016167 280.00013397743089 23.581754468000327
705 287.86181495732046 280.00013405585736 23.612369541000135
706 287.85472314075997 280.00013413417929 23.643335087000196
707 287.8476405897535 280.00013421240106 23.675565387000006
708 287.84056728365783 280.00013429051984 23.706135250999978
709 287.83350320189106 280.00013436853709 23.738052526000047
710 287.82644832395516 280.00013444645265 23.769487452000249
711 287.81940262941481 280.0001345242664 23.802175412999986
712 287.81236609790938 280.00013460197835 23.833575651000046
713 287.80533870914883 280.00013467958962 23.865392926000368
714 287.79832044292147 280.00013475710085 23.896130241000265
715 287.79131127906976 280.00013483451141 23.927164330000323
716 287.78431119752196 280.00013491181926 23.958927021000363
717 287.77732017827054 280.00013498903087 23.98984605700025
718 287.77033820137603 280.00013506614056 24.021485934000339
719 287.76336524696728 280.00013514315106 24.059367442000166
720 287.75640129524925 280.00013522006282 24.092017851000037
721 287.74944632648726 280.00013529687328 24.122682196000369
722 287.74250032101793 280.00013537358677 24.154766193000341
723 287.73556325924949 280.00013545020124 24.186029764000068
724 287.72863512164622 280.00013552671618 24.218624964000355
725 287.72171588875517 280.000135603133 24.249373112000285
726 287.71480554118102 280.00013567945302 24.282049772000391
727 287.70790405959463 280.00013575567323 24.313725066000188
728 287.70101142473658 280.00013583179623 24.346143805000338
729 287.69412761741154 280.00013590782214 24.377660608000042
730 287.68725261849119 280.00013598374971 24.410461123000005
731 287.68038640891319 280.00013605958196 24.440856507000262
732 287.67352896967446 280.00013613531689 24.474259425000128
733 287.66668028184347 280.00013621095411 24.504853353000271
734 287.65984032655206 280.00013628649555 24.536930422000296
735 287.65300908499131 280.00013636193961 24.568405245000122
736 287.64618653842086 280.0001364372884 24.600428824000119
737 287.63937266816856 280.00013651254278 24.631362444000388
738 287.63256745561097 280.00013658770013 24.663829465000163
739 287.62577088219962 280.00013666276305 24.694899961000374
740 287.6189829294479 280.00013673772946 24.728547464000258
741 287.61220357892267 280.00013681260185 24.759357176000321
742 287.60543281226541 280.0001368873788 24.792931970000154
743 287.59867061116677 280.00013696206179 24.823480220999954
744 287.59191695739361 280.00013703665098 24.85589010700005
745 287.5851718327566 280.0001371111448 24.88653669300038
746 287.57843521914003 280.00013718554493 24.918537303999983
747 287.57170709849026 280.00013725984996 24.951024327000141
748 287.56498745280078 280.0001373340636 24.984100418000253
749 287.55827626413662 280.00013740818309 25.01482898400036
750 287.55157351461889 280.00013748220965 25.047567676000199
751 287.54487918642803 280.00013755614367 25.078748331000043
752 287.53819326180354 280.00013762998208 25.111412907000158
753 287.53151572304529 280.00013770372999 25.142635958000028
754 287.52484655251158 280.00013777738388 25.176967011000215
755 287.51818573261971 280.00013785094848 25.207653754000148
756 287.51153324584351 280.00013792442041 25.239696865000042
757 287.50488907471032 280.0001379978018 25.270497932000126
758 287.49825320181634 280.00013807108581 25.30232984300028
759 287.49162560980727 280.00013814428189 25.33313351400011
760 287.48500628138726 280.00013821738912 25.366249188999973
761 287.47839519931654 280.0001382904012 25.397049579000395
762 287.47179234641459 280.00013836332369 25.429744416000176
763 287.46519770555415 280.0001384361567 25.460517670000172
764 287.45861125966616 280.00013850889832 25.492649272000108
765 287.45203299173875 280.00013858154898 25.523385182000311
766 287.44546288481143 280.0001386541104 25.555924289000359
767 287.43890092198023 280.00013872658229 25.587090151000211
768 287.43234708639898 280.00013879896414 25.620500257000003
769 287.42580136127469 280.00013887125419 25.651262104000125
770 287.41926372986904 280.00013894345881 25.683012348000375
771 287.41273417549718 280.00013901557008 25.71373461200028
772 287.40621268153154 280.00013908759445 25.746376220000002
773 287.39969923139159 280.00013915953048 25.777632604000246
774 287.39319380855812 280.0001392313776 25.811152294000294
775 287.38669639656229 280.00013930313622 25.853626823000013
776 287.38020697898361 280.00013937480537 25.884718727000291
777 287.37372553946403 280.00013944638829 25.91749887900005
778 287.36725206169291 280.00013951788253 25.948604585000339
779 287.36078652940836 280.00013958928821 25.981035046000216
780 287.35432892640915 280.00013966060652 26.012602424000306
781 287.34787923653693 280.00013973183781 26.045920707000278
782 287.34143744369408 280.00013980298223 26.077146883000296
783 287.33500353182632 280.00013987403895 26.110012869000002
784 287.32857748493387 280.00013994500961 26.141277015000014
785 287.32215928707109 280.00014001589329 26.175616558999991
786 287.31574892234232 280.0001400866912 26.210412566000286
787 287.30934637490009 280.00014015740089 26.241593429000204
788 287.30295162894311 280.0001402280256 26.273181381000086
789 287.29656466872876 280.00014029856527 26.304146929000126
790 287.29018547856015 280.00014036901626 26.335743578000347
791 287.2838140427931 280.00014043938342 26.366689126999972
792 287.27745034582506 280.00014050966541 26.398693853000168
793 287.27109437211465 280.00014057986044 26.429338409000138
794 287.26474610615594 280.0001406499714 26.461472824000339
795 287.25840553250441 280.00014071999885 26.492251183000008
796 287.25207263575749 280.0001407899407 26.524242056000276
797 287.2457474005646 280.00014085979734 26.55483395400006
798 287.23942981161957 280.00014092956928 26.587186914000085
799 287.23311985366371 280.00014099925772 26.61842882000019
800 287.22681751149196 280.00014106886005 26.651984240000274
801 287.22052276993998 280.0001411383808 26.682772756000304
802 287.21423561389571 280.00014120781697 26.715528845000335
803 287.20795602829452 280.00014127716997 26.746240120000039
804 287.20168399811701 280.00014134643942 26.778937771000074
805 287.19541950838311 280.00014141562514 26.809494877000361
806 287.18916254417275 280.00014148472849 26.849644382000406
807 287.1829130906097 280.00014155374777 26.897849079000025
808 287.17667113285722 280.00014162268457 26.944044380000378
809 287.1704366561234 280.00014169153854 26.975927231000242
810 287.16420964567499 280.00014176031056 27.007688101999975
811 287.15799008680779 280.00014182899952 27.044328401000257
812 287.15177796487865 280.00014189760805 27.075582756000131
813 287.14557326527557 280.00014196613409 27.108670827999958
814 287.1393759734367 280.00014203457698 27.140123571000004
815 287.13318607485621 280.00014210293904 27.172582262000105
816 287.12700355505666 280.00014217122009 27.20526387200016
817 287.12082839961221 280.0001422394194 27.236092805000226
818 287.11466059414005 280.00014230753578 27.276525280999977
819 287.10850012430291 280.00014237557411 27.311296341000343
820 287.10234697580654 280.00014244352974 27.342197411000143
821 287.09620113440104 280.00014251140658 27.374736780000148
822 287.09006258587891 280.00014257920111 27.408779863000291
823 287.0839313160775 280.00014264691583 27.44193189500038
824 287.07780731087075 280.00014271455103 27.472826661999989
825 287.07169055619198 280.00014278210506 27.503777055000228
826 287.06558103799381 280.00014284957956 27.536302517999957
827 287.05947874229628 280.00014291697437 27.567342443000143
828 287.05338365514086 280.00014298428869 27.599433317000148
829 287.04729576262179 280.00014305152348 27.630043238000326
830 287.04121505087733 280.00014311868051 27.662314427000183
831 287.03514150607924 280.00014318575722 27.693246278000061
832 287.02907511444943 280.00014325275572 27.725790542000141
833 287.02301586224758 280.00014331967384 27.756479839000349
834 287.01696373577266 280.00014338651567 27.787880601000325
835 287.01091872137249 280.0001434532773 27.820398147000105
836 287.0048808054234 280.00014351996032 27.851723701000083
837 286.99884997435379 280.00014358656603 27.883581761000187
838 286.99282621462925 280.00014365309255 27.914763616000073
839 286.9868095127548 280.00014371954359 27.950802400000157
840 286.98079985527573 280.00014378591442 27.997670938000283
841 286.97479722877858 280.00014385220726 28.029968170000302
842 286.9688016198902 280.00014391842427 28.063775678000184
843 286.96281301527449 280.00014398456369 28.094773989000259
844 286.95683140164391 280.00014405062552 28.129221245000281
845 286.9508567657337 280.00014411661027 28.160892167000384
846 286.94488909433784 280.00014418251698 28.192544131999966
847 286.93892837427535 280.0001442483495 28.223692809000113
848 286.9329745924116 280.00014431410239 28.255503212000349
849 286.92702773565111 280.00014437978069 28.28621745800001
850 286.92108779092752 280.00014444538243 28.319125477000398
851 286.91515474522345 280.00014451090692 28.349821389000226
852 286.9092285855628 280.00014457635649 28.382231591000163
853 286.90330929899085 280.00014464172972 28.412958284000069
854 286.89739687261232 280.00014470702763 28.444408891999956
855 286.89149129355371 280.00014477225 28.475483037000231
856 286.8855925489832 280.00014483739636 28.506663225000011
857 286.87970062611254 280.00014490246775 28.539448223000363
858 286.87381551218823 280.00014496746297 28.570267052999952
859 286.86793719449059 280.00014503238475 28.602320115000111
860 286.86206566033286 280.00014509723025 28.633300145000248
861 286.85620089708277 280.00014516200139 28.665193153000018
862 286.85034289212985 280.00014522669801 28.695993284999986
863 286.84449163290174 280.00014529132096 28.728280881000046
864 286.83864710687254 280.0001453558682 28.759222889000284
865 286.83280930153757 280.00014542034228 28.79166939400011
866 286.82697820444349 280.00014548474064 28.822326607000377
867 286.82115380316191 280.00014554906687 28.854990615000133
868 286.81533608530731 280.0001456133183 28.886531276000369
869 286.80952503853047 280.00014567749565 28.918766737000169
870 286.80372065050511 280.00014574160053 28.950281252999957
871 286.79792290896131 280.00014580563067 28.98181873700014
872 286.79213180165061 280.00014586959026 29.014216232000308
873 286.78634731635952 280.00014593347561 29.051016170000366
874 286.78056944091952 280.00014599728621 29.082213286000297
875 286.7747981631864 280.00014606102525 29.113329048000196
876 286.76903347105792 280.00014612468971 29.145210859000144
877 286.7632753524656 280.00014618828556 29.176410005999969
878 286.75752379536829 280.00014625180552 29.208025617000203
879 286.75177878777032 280.00014631525431 29.238634966000063
880 286.7460403177011 280.00014637863012 29.271805646000303
881 286.74030837323318 280.00014644193453 29.302447027000198
882 286.73458294246603 280.00014650516692 29.334113054000227
883 286.72886401353912 280.00014656832758 29.364966781000021
884 286.7231515746148 280.00014663141758 29.397077189000356
885 286.71744561390233 280.00014669443419 29.427987062000284
886 286.71174611963573 280.00014675738026 29.459130532000017
887 286.70605308008834 280.00014682025613 29.490989583000101
888 286.70036648355995 280.00014688305896 29.521600807000141
889 286.69468631838743 280.00014694579181 29.553545275000033
890 286.68901257294726 280.00014700845287 29.584555046000332
891 286.68334523563436 280.00014707104373 29.617661558000236
892 286.67768429488848 280.00014713356501 29.648387419000301
893 286.67202973917512 280.00014719601376 29.679645890000302
894 286.66638155699462 280.00014725839321 29.713358814999992
895 286.66073973688617 280.0001473207019 29.743927070000154
896 286.65510426741002 280.00014738294027 29.777963801000169
897 286.6494751371622 280.00014744511083 29.810568537000108
898 286.64385233477537 280.00014750720982 29.841221532999953
899 286.63823584891213 280.00014756923719 29.874324661000173
900 286.63262566826097 280.00014763119691 29.905736312000045
901 286.62702178155035 280.00014769308791 29.93798385700029
902 286.62142417753824 280.00014775490814 29.969438842000272
903 286.61583284500705 280.00014781665897 30.001269768000384
904 286.61024777278419 280.00014787834112 30.032170788000258
905 286.60466894970921 280.00014793995541 30.06419093500017
906 286.59909636467194 280.00014800150041 30.094982735000031
907 286.59353000658228 280.00014806297514 30.127200123999955
908 286.58796986438222 280.00014812438246 30.15797030900012
909 286.58241592704542 280.00014818572146 30.190697130999979
910 286.57686818357973 280.00014824699053 30.22153513000012
911 286.57132662301683 280.00014830819288 30.253337930000271
912 286.56579123441981 280.00014836932689 30.284408484000323
913 286.56026200689212 280.00014843039293 30.316213472000072
914 286.55473892954984 280.00014849139097 30.346750738000082
915 286.54922199155669 280.00014855232195 30.37802493900017
916 286.54371118209281 280.00014861318317 30.409575967000364
917 286.53820649037476 280.0001486739784 30.440084795000075
918 286.53270790565 280.00014873470514 30.472642812000231
919 286.5272154171866 280.00014879536371 30.5034510710002
920 286.52172901429759 280.00014885595749 30.538009684000372
921 286.51624868630864 280.00014891648357 30.568949350000366
922 286.51077442258446 280.00014897694263 30.602827746999992
923 286.50530621252079 280.0001490373337 30.633682725000199
924 286.49984404553169 280.00014909766008 30.666302826999981
925 286.49438791107133 280.00014915791826 30.696880718000102
926 286.48893779861328 280.0001492181101 30.729258369000036
927 286.48349369767357 280.0001492782356 30.760362776999955
928 286.47805559778021 280.00014933829522 30.79318871400028
929 286.47262348849489 280.00014939828623 30.824038223000116
930 286.46719735941758 280.00014945821499 30.856485407000037
931 286.46177720016624 280.00014951807509 30.887430699000106
932 286.45636300038558 280.00014957786959 30.932647036000162
933 286.45095474975898 280.00014963760083 30.967640134000249
934 286.44555243798823 280.00014969726379 30.998723031000281
935 286.44015605480041 280.00014975686224 31.032021839000208
936 286.43476558996622 280.00014981639561 31.062987965000048
937 286.42938103326526 280.00014987586366 31.094713735000369
938 286.42400237451727 280.00014993526707 31.125699964999967
939 286.41862960356463 280.0001499946045 31.158628872999998
940 286.41326271027629 280.00015005387706 31.189563072000055
941 286.40790168455146 280.00015011308517 31.222521407000386
942 286.4025465163129 280.00015017222887 31.253966809000303
943 286.39719719551363 280.00015023130771 31.285436117000245
944 286.39185371213392 280.00015029032056 31.317949448000036
945 286.38651605617372 280.00015034927179 31.348990210000011
946 286.3811842176687 280.00015040815731 31.382131568000204
947 286.37585818667992 280.00015046697825 31.413069725000241
948 286.37053795328893 280.00015052573588 31.445596181000383
949 286.36522350760765 280.00015058442727 31.476985020000029
950 286.35991483977517 280.00015064305944 31.50957986100002
951 286.35461193995769 280.00015070162567 31.542322257000251
952 286.34931479834194 280.00015076012721 31.57341531100019
953 286.34402340514424 280.00015081856549 31.605174831000113
954 286.33873775061221 280.0001508769414 31.636438512000041
955 286.33345782500635 280.00015093525394 31.669069032000152
956 286.32818361862934 280.00015099350276 31.700494069000342
957 286.32291512179586 280.0001510516887 31.732226037000146
958 286.31765232485253 280.00015110981155 31.763717844999974
959 286.31239521817014 280.00015116787114 31.798710318000303
960 286.30714379214101 280.00015122586922 31.830204418999983
961 286.30189803719219 280.00015128380409 31.861346485000013
962 286.29665794377172 280.00015134167711 31.894347322000158
963 286.29142350234304 280.0001513994867 31.925768506000168
964 286.28619470341118 280.00015145723381 31.965442542000346
965 286.28097153749508 280.00015151491885 32.015725603000192
966 286.27575399514137 280.00015157254177 32.06423723800026
967 286.27054206691946 280.0001516301034 32.096544369000185
968 286.26533574342858 280.00015168760223 32.127511120000236
969 286.26013501528632 280.00015174504063 32.164163873000234
970 286.25493987314542 280.00015180241564 32.194902914000068
971 286.24975030766495 280.00015185973012 32.22710160600036
972 286.24456630954251 280.00015191698293 32.257565800000066
973 286.23938786950231 280.00015197417491 32.289297455999986
974 286.23421497828218 280.00015203130488 32.320053528000244
975 286.22904762664581 280.00015208837408 32.353533329000129
976 286.223885805387 280.00015214538195 32.393752892000066
977 286.21872950531719 280.0001522023282 32.427700979000292
978 286.21357871727594 280.0001522592147 32.459221591000187
979 286.20843343212965 280.00015231603953 32.490171155000098
980 286.20329364075582 280.00015237280451 32.521763226000076
981 286.19815933406898 280.00015242950877 32.552708207000251
982 286.19303050300033 280.00015248615313 32.584945493000305
983 286.18790713850353 280.00015254273376 32.615630888000396
984 286.18278923156061 280.00015259925891 32.649495380000189
985 286.17767677316908 280.00015265572097 32.680128222000349
986 286.17256975436601 280.00015271212266 32.712511604000156
987 286.16746816618416 280.00015276846534 32.743909819000237
988 286.16237199970823 280.00015282474868 32.776130438000109
989 286.15728124602617 280.00015288097154 32.806896407000295
990 286.15219589625627 280.00015293713602 32.840067194000312
991 286.1471159415396 280.00015299323888 32.87164963000032
992 286.14204137303784 280.00015304928309 32.904139317000045
993 286.13697218193357 280.00015310526788 32.938867101000142
994 286.13190835944198 280.00015316119215 32.989280685000267
995 286.1268498967849 280.00015321705934 33.022075427000345
996 286.12179678522244 280.00015327286735 33.053508902999965
997 286.11674901602441 280.00015332861443 33.086831151000297
998 286.11170658048798 280.00015338430489 33.11804920800023
999 286.10666946993712 280.00015343993573 33.149673936999989
1000 286.10163767570157 280.00015349550642 33.182108623000204
1001 286.09661118916074 280.00015355102119 33.212987874000191
1002 286.09159000168574 280.00015360647461 33.245535738000399
1003 286.08657410469078 280.00015366187216 33.276288894000118
1004 286.08156348960313 280.00015371720832 33.309164418000364
1005 286.07655814786938 280.00015377248809 33.340287683000042
1006 286.07155807096382 280.00015382770908 33.37279393200015
1007 286.06656325038102 280.00015388287346 33.403586359000201
1008 286.06157367763609 280.00015393797906 33.436099379000098
1009 286.05658934425844 280.00015399302686 33.467563325000356
1010 286.05161024181558 280.00015404801587 33.499679830000332
1011 286.04663636187837 280.00015410294873 33.530943304000175
1012 286.04166769604751 280.00015415782332 33.563529242000186
1013 286.03670423594724 280.00015421264004 33.595002510000086
1014 286.03174597321669 280.00015426739981 33.627969910000047
1015 286.02679289952067 280.00015432210193 33.65877145200011
1016 286.02184500653846 280.00015437674739 33.691200668999954
1017 286.01690228597658 280.00015443133452 33.722479665000265
1018 286.01196472956076 280.00015448586657 33.754469397000321
1019 286.00703232903822 280.00015454034116 33.785559485000249
1020 286.00210507617237 280.0001545947585 33.818244121000134
1021 285.99718296274983 280.00015464911854 33.848998216000382
1022 285.99226598057754 280.00015470342277 33.881202951999967
1023 285.98735412148505 280.00015475766986 33.911791159000131
1024 285.98244737731909 280.00015481186028 33.943721257000107
1025 285.9775457399499 280.00015486599477 33.974677229000008
1026 285.97264920125775 280.00015492007333 34.010029969000243
1027 285.96775775316218 280.00015497409385 34.042267153000012
1028 285.96287138758004 280.00015502806019 34.075093250000009
1029 285.9579900964664 280.00015508196896 34.105813438000041
1030 285.95311387179061 280.00015513582338 34.137901662000331
1031 285.94824270553642 280.00015518962152 34.169440400999974
1032 285.94337658971142 280.00015524336317 34.20212295500005
1033 285.93851551634549 280.0001552970495 34.232667047000177
1034 285.9336594774843 280.00015535068019 34.265135068000291
1035 285.9288084651937 280.00015540425443 34.295636816000297
1036 285.92396247155966 280.00015545777421 34.341433266999957
1037 285.9191214886871 280.00015551123971 34.373871651000172
1038 285.91428550870484 280.00015556464905 34.404876530000365
1039 285.90945452375217 280.00015561800325 34.436477301000195
1040 285.9046285259945 280.00015567130191 34.467259781000394
1041 285.89980750760913 280.00015572454572 34.498746176000168
1042 285.89499146080573 280.00015577773439 34.5294189680003
1043 285.89018037779744 280.00015583086878 34.561582713000007
1044 285.88537425082978 280.0001558839503 34.594026254000255
1045 285.88057307215564 280.00015593697424 34.627156209000077
1046 285.87577683405823 280.00015598994372 34.65784316700001
1047 285.87098552882702 280.00015604286011 34.691267187999983
1048 285.86619914878122 280.00015609572074 34.721977584000342
1049 285.86141768625117 280.00015614852759 34.754494355000134
1050 285.85664113358877 280.00015620128232 34.786408046000361
1051 285.85186948316641 280.00015625398231 34.817511676000322
1052 285.84710272737323 280.0001563066258 34.849105884999972
1053 285.84234085861885 280.00015635921704 34.880055712000285
1054 285.83758386931908 280.00015641175401 34.911518981999961
1055 285.832831751924 280.00015646423594 34.942331203000322
1056 285.82808449890092 280.00015651666638 34.975633557000037
1057 285.82334210272342 280.00015656904225 35.006738229000348
1058 285.81860455589219 280.00015662136491 35.039773132000391
1059 285.81387185091802 280.00015667363294 35.070099931000186
1060 285.80914398034872 280.00015672584846 35.102952175000155
1061 285.80442093672315 280.00015677800991 35.133947367000019
1062 285.79970271261686 280.00015683011964 35.166901800000232
1063 285.79498930061783 280.00015688217553 35.197900950000076
1064 285.79028069333543 280.00015693417816 35.22958776500036
1065 285.7855768833831 280.00015698612731 35.260245765000036
1066 285.78087786341121 280.00015703802387 35.292239927000082
1067 285.77618362607376 280.00015708986803 35.322750738000195
1068 285.77149416404848 280.00015714165869 35.356090853000296
1069 285.76680947002984 280.0001571933978 35.38766058200008
1070 285.76212953672893 280.00015724508427 35.418855777000317
1071 285.75745435687281 280.00015729671719 35.450202690999959
1072 285.75278392320661 280.00015734829844 35.482657223000388
1073 285.7481182284962 280.00015739982661 35.513519444000394
1074 285.74345726551536 280.00015745130258 35.546578983000018
1075 285.73880102707028 280.00015750272809 35.577557195000281
1076 285.73414950596879 280.00015755409868 35.610166572000253
1077 285.7295026950423 280.00015760541828 35.641181608000352
1078 285.72486058713844 280.00015765668638 35.672745973000019
1079 285.72022317512995 280.00015770790361 35.703281160000188
1080 285.71559045189184 280.00015775906786 35.735926735000248
1081 285.71096241032194 280.00015781018084 35.77064764600027
1082 285.70633904334034 280.00015786124175 35.80468104900001
1083 285.70172034387861 280.00015791225178 35.836460365000221
1084 285.69710630488021 280.00015796321026 35.869311256000401
1085 285.69249691931731 280.00015801411683 35.900100249000388
1086 285.68789218016565 280.00015806497441 35.932195975000013
1087 285.68329208042928 280.00015811577617 35.963101375000406
1088 285.67869661312318 280.00015816653013 36.002044470000328
1089 285.6741057712731 280.00015821723184 36.033797015000346
1090 285.66951954792779 280.00015826788263 36.064545070000349
1091 285.66493793615467 280.0001583184827 36.09750762900012
1092 285.66036092903141 280.00015836903128 36.12870782400023
1093 285.65578851965466 280.00015841952978 36.161887416000354
1094 285.65122070113529 280.00015846997849 36.192817399999967
1095 285.64665746660251 280.00015852037427 36.224537132000023
1096 285.64209880920311 280.00015857072134 36.255379928000366
1097 285.63754472209257 280.00015862101787 36.287290652000138
1098 285.63299519844787 280.00015867126183 36.318039904000216
1099 285.62845023146701 280.00015872145832 36.35016490199996
1100 285.62390981434936 280.0001587716028 36.381265825000355
1101 285.61937394032384 280.00015882169726 36.413236445000166
1102 285.61484260262841 280.00015887174266 36.443926062000173
1103 285.61031579451753 280.00015892173678 36.475775483000234
1104 285.60579350926031 280.0001589716818 36.506324786000278
1105 285.60127574014615 280.0001590215756 36.538666608000312
1106 285.5967624804743 280.00015907142165 36.569999097000164
1107 285.59225372355536 280.00015912121518 36.601486066000234
1108 285.58774946273712 280.00015917096277 36.632655167000394
1109 285.58324969135759 280.00015922065893 36.665046313000403
1110 285.57875440277917 280.00015927030444 36.695651344999987
1111 285.57426359038186 280.00015931990163 36.727850145000048
1112 285.56977724755745 280.00015936944959 36.758906485000352
1113 285.56529536771797 280.00015941894787 36.792068942000242
1114 285.56081794428235 280.00015946839727 36.832722004000061
1115 285.55634497069849 280.00015951779812 36.864045639000324
1116 285.55187644041342 280.00015956714822 36.89646553700004
1117 285.54741234689311 280.00015961644988 36.927291510000032
1118 285.54295268362716 280.0001596657039 36.961809451000136
1119 285.53849744411195 280.00015971490802 36.993120638000164
1120 285.53404662185886 280.00015976406326 37.025939030000245
1121 285.52960021040138 280.00015981317119 37.065244734000316
1122 285.52515820328136 280.0001598622278 37.109956749000048
1123 285.52072059405259 280.00015991123723 37.156826966000153
1124 285.51628737628903 280.00015996019783 37.189633795000191
1125 285.51185854357698 280.00016000911131 37.220822428000247
1126 285.50743408951979 280.00016005797517 37.257141692000005
1127 285.5030140077339 280.00016010679263 37.287665475000267
1128 285.49859829185078 280.000160155559 37.319947818000401
1129 285.49418693550894 280.0001602042791 37.350712905000364
1130 285.48977993237702 280.00016025295082 37.383547599000394
1131 285.48537727611745 280.00016030157406 37.414943109999967
1132 285.48097896042981 280.00016035014988 37.448659115000282
1133 285.47658497900841 280.00016039867722 37.485037547000047
1134 285.47219532557261 280.0001604471579 37.522353593000389
1135 285.46780999385203 280.00016049558968 37.553044408999995
1136 285.4634289775903 280.00016054397395 37.584580546000325
1137 285.45905227054914 280.00016059231115 37.61588188900032
1138 285.45467986649891 280.000160640601 37.647716884000147
1139 285.45031175922531 280.00016068884213 37.679219844000272
1140 285.4459479425355 280.00016073703682 37.711127183000372
1141 285.44158841023426 280.00016078518456 37.741768623000098
1142 285.43723315615426 280.00016083328563 37.774371178000365
1143 285.43288217414204 280.0001608813364 37.80509907700025
1144 285.42853545804957 280.00016092934271 37.837128190000385
1145 285.42419300174475 280.00016097730236 37.868768339000326
1146 285.41985479911278 280.00016102521454 37.900509739999961
1147 285.41552084405373 280.00016107307829 37.933802409000236
1148 285.41119113047375 280.00016112089583 37.970862724000199
1149 285.40686565229817 280.00016116866652 38.01872456800038
1150 285.40254440346672 280.00016121639186 38.051503116000276
1151 285.39822737792775 280.00016126406979 38.082618103000186
1152 285.39391456964847 280.00016131170236 38.114287524000247
1153 285.38960597260518 280.00016135928587 38.145143499000369
1154 285.38530158078879 280.00016140682413 38.177959235000344
1155 285.38100138820602 280.00016145431641 38.209276776000024
1156 285.37670538887448 280.00016150176293 38.240620985000078
1157 285.37241357682296 280.00016154916204 38.272655931000372
1158 285.36812594609881 280.0001615965146 38.303994411000076
1159 285.36384249075701 280.00016164382311 38.336636916000316
1160 285.35956320487287 280.0001616910838 38.367480911000257
1161 285.35528808252235 280.00016173829914 38.399303145999966
1162 285.35101711781226 280.00016178546844 38.430337976000374
1163 285.34675030483993 280.00016183259231 38.463309912000113
1164 285.34248763774031 280.00016187966889 38.499333757000386
1165 285.33822911064442 280.00016192670211 38.532062461000351
1166 285.333974717697 280.00016197368677 38.562920154000039
1167 285.32972445306137 280.00016202062795 38.595661306000238
1168 285.32547831091455 280.00016206752247 38.626681761000327
1169 285.32123628544167 280.00016211437207 38.660079222000149
1170 285.31699837084415 280.00016216117632 38.690781341000275
1171 285.31276456133031 280.00016220793538 38.724370523000289
1172 285.30853485112686 280.00016225464839 38.755427853000128
1173 285.30430923447562 280.00016230131791 38.787679312000364
1174 285.30008770562159 280.000162347941 38.818871280000167
1175 285.29587025882654 280.00016239451946 38.850974509000025
1176 285.29165688837003 280.00016244105245 38.881649076000031
1177 285.28744758853736 280.00016248753946 38.913554646000193
1178 285.2832423536272 280.00016253398371 38.944802292000077
1179 285.27904117795691 280.00016258038158 38.977114534000066
1180 285.27484405584693 280.00016262673552 39.008009467000193
1181 285.27065098163285 280.00016267304318 39.040998488000241
1182 285.26646194967049 280.00016271930861 39.0761143550003
1183 285.26227695431862 280.00016276552884 39.107212051000261
1184 285.25809598994545 280.00016281170258 39.139239914999962
1185 285.25391905094693 280.00016285783266 39.169949846000236
1186 285.24974613171275 280.00016290391926 39.20170083200037
1187 285.24557722665833 280.00016294996112 39.232808268000099
1188 285.24141233020288 280.00016299596012 39.264810923000368
1189 285.23725143677984 280.00016304191263 39.295575751000342
1190 285.23309454084392 280.00016308782085 39.328406280000308
1191 285.22894163684327 280.00016313368718 39.359553560000222
1192 285.22479271925027 280.00016317950889 39.392057521999959
1193 285.22064778254907 280.0001632252858 39.42334350200008
1194 285.21650682123294 280.00016327101832 39.455909341000279
1195 285.21236982981009 280.00016331670759 39.486898807000216
1196 285.20823680279511 280.00016336235359 39.519396155000322
1197 285.20410773471707 280.00016340795599 39.550353798000287
1198 285.19998262011319 280.00016345351446 39.582366036000167
1199 285.19586145354123 280.00016349902984 39.613062790000185
1200 285.19174422956888 280.00016354449934 39.645710192000024
1201 285.18763094276494 280.00016358992883 39.676771065000139
1202 285.18352158772075 280.00016363531188 39.708398247000332
1203 285.17941615903203 280.00016368065332 39.73907797000038
1204 285.17531465131214 280.00016372595104 39.770363741999972
1205 285.1712170591814 280.0001637712042 39.802607493000323
1206 285.16712337727438 280.00016381641547 39.833441385000242
1207 285.16303360023585 280.0001638615833 39.865382684999986
1208 285.15894772271668 280.00016390670913 39.896503768000002
1209 285.15486573939432 280.00016395179102 39.929739563000112
1210 285.15078764493893 280.0001639968292 39.961195858000337
1211 285.14671343404495 280.00016404182617 39.993466277000152
1212 285.14264310141112 280.00016408677863 40.025901907000389
1213 285.13857664175345 280.00016413168998 40.056714080000347
1214 285.13451404979037 280.00016417655723 40.088892362000024
1215 285.13045532026246 280.00016422138174 40.119831568000336
1216 285.12640044790811 280.00016426616406 40.155380983000214
1217 285.12234942749461 280.00016431090529 40.188357921000261
1218 285.1183022537806 280.00016435560264 40.219897706000211
1219 285.11425892154898 280.00016440025883 40.252293700000337
1220 285.11021942558801 280.00016444487119 40.282985403000112
1221 285.10618376070408 280.00016448944058 40.315105195000342
1222 285.10215192170489 280.00016453396898 40.346308258000136
1223 285.09812390340801 280.00016457845408 40.378819514000043
1224 285.09409970065713 280.0001646228975 40.413701160000073
1225 285.0900793082875 280.00016466729983 40.446547471000031
1226 285.08606272116162 280.00016471166003 40.477752409000004
1227 285.0820499341433 280.00016475597727 40.509784857000341
1228 285.07804094210513 280.0001648002534 40.541175787000157
1229 285.07403573994094 280.00016484448776 40.573429799000223
1230 285.07003432254248 280.00016488868079 40.604410568000276
1231 285.06603668482097 280.00016493283056 40.636683278999953
1232 285.0620428216958 280.00016497693917 40.667322273000082
1233 285.05805272810136 280.00016502100573 40.699878425000406
1234 285.05406639897137 280.00016506503187 40.731115499000225
1235 285.05008382925797 280.00016510901497 40.763654619000135
1236 285.04610501392534 280.00016515295857 40.794681690000289
1237 285.04212994794409 280.00016519686091 40.826725076000002
1238 285.03815862629318 280.00016524072026 40.85760074000018
1239 285.03419104397238 280.00016528453881 40.890110590000404
1240 285.03022719597811 280.000165328317 40.920935733000078
1241 285.02626707732708 280.00016537205255 40.952857087000211
1242 285.02231068304206 280.00016541574678 40.984260153000378
1243 285.01835800815678 280.00016545940275 41.015991973000382
1244 285.01440904771562 280.00016550301484 41.047439936000046
1245 285.01046379677462 280.00016554658663 41.078556383999967
1246 285.00652225039386 280.00016559011863 41.110311538000133
1247 285.002584403654 280.00016563360811 41.14140397500023
1248 284.9986502516341 280.00016567705711 41.174957274999997
1249 284.99471978943461 280.00016572046576 41.206553885000176
1250 284.99079301215636 280.00016576383399 41.238757846000226
1251 284.98686991491519 280.00016580716255 41.269469706000109
1252 284.98295049283996 280.00016585044847 41.301174755000375
1253 284.97903474106255 280.00016589369505 41.331839375000072
1254 284.97512265472989 280.00016593689912 41.364772147000167
1255 284.97121422899352 280.00016598006511 41.396491519000392
1256 284.96730945901771 280.00016602318976 41.428849283000091
1257 284.96340833998414 280.00016606627406 41.459667343000092
1258 284.95951086707544 280.00016610931908 41.493910701999994
1259 284.95561703547821 280.00016615232437 41.52490574300009
1260 284.95172684040438 280.00016619528645 41.555765105000319
1261 284.94784027706692 280.0001662382121 41.58822542300004
1262 284.94395734068729 280.00016628109302 41.619093952000185
1263 284.94007802650214 280.00016632393829 41.651134525000089
1264 284.9362023297515 280.00016636674309 41.68262748899997
1265 284.9323302456915 280.00016640950685 41.715478280000298
1266 284.92846176958142 280.00016645223133 41.746779730000071
1267 284.92459689669374 280.00016649491499 41.780813295000371
1268 284.92073562231218 280.00016653755961 41.812039953000294
1269 284.91687794172611 280.00016658016426 41.844459594
1270 284.91302385023573 280.00016662272816 41.875361302000329
1271 284.90917334315111 280.00016666525346 41.909457473000202
1272 284.90532641579676 280.00016670773937 41.94020053200029
1273 284.90148306349613 280.00016675018628 41.972422827000173
1274 284.89764328159009 280.00016679259238 42.0032776070002
1275 284.89380706542659 280.00016683496108 42.03557625700023
1276 284.88997441036202 280.00016687728834 42.066228326000328
1277 284.88614531176256 280.00016691957785 42.099248443000306
1278 284.88231976500327 280.00016696182797 42.129854366000018
1279 284.8784977654729 280.00016700403944 42.16954544400005
1280 284.8746793085657 280.00016704621089 42.206321281000328
1281 284.87086438967964 280.00016708834374 42.248898694000218
1282 284.86705300423569 280.00016713043664 42.294085096000344
1283 284.86324514765096 280.00016717249179 42.327140213000348
1284 284.85944081535598 280.00016721450663 42.357910044000164
1285 284.85564000279589 280.00016725648345 42.39543026399997
1286 284.85184270541714 280.00016729842127 42.426193481000155
1287 284.84804891867481 280.0001673403209 42.457877436000217
1288 284.84425863804171 280.0001673821813 42.488481015000161
1289 284.84047185899266 280.00016742400339 42.521203681000316
1290 284.83668857701366 280.00016746578626 42.551995751000049
1291 284.83290878759999 280.00016750753048 42.584640760000184
1292 284.82913248625397 280.00016754923575 42.625414559000092
1293 284.82535966848616 280.00016759090352 42.65728471500006
1294 284.82159032982429 280.00016763253285 42.690057693000199
1295 284.81782446579518 280.00016767412353 42.72080757599997
1296 284.8140620719339 280.00016771567539 42.753718733000369
1297 284.81030314379763 280.00016775719013 42.784356791000391
1298 284.80654767693426 280.00016779866553 42.817094197000188
1299 284.80279566691479 280.00016784010336 42.848060437000186
1300 284.7990471093126 280.0001678815031 42.880846020000263
1301 284.79530199970606 280.00016792286482 42.911509184000352
1302 284.79156033369594 280.00016796418817 42.946055309000258
1303 284.78782210687564 280.0001680054728 42.99365215600028
1304 284.7840873148574 280.0001680467202 43.031568267000239
1305 284.78035595325872 280.00016808793009 43.062818729000355
1306 284.77662801770629 280.00016812910212 43.095292799000163
1307 284.77290350383413 280.00016817023777 43.125711637000222
1308 284.76918240728696 280.00016821133238 43.158414824000374
1309 284.76546472371473 280.00016825239197 43.189698307000072
1310 284.76175044878238 280.00016829341268 43.223620519000178
1311 284.75803957815447 280.00016833439673 43.25433055800022
1312 284.75433210751208 280.00016837534253 43.285773678000169
1313 284.75062803254019 280.00016841625092 43.3164504880001
1314 284.74692734893398 280.00016845712247 43.347059068000362
1315 284.74323005239876 280.00016849795577 43.379998976000024
1316 284.73953613864131 280.00016853875059 43.41114079099998
1317 284.73584560337963 280.00016857951039 43.442082604000007
1318 284.73215844234892 280.00016862023125 43.473451192000084
1319 284.72847465128035 280.00016866091624 43.504264670000339
1320 284.72479422592153 280.00016870156338 43.536008992000006
1321 284.72111716202625 280.00016874217215 43.566795282000385
1322 284.71744345535257 280.00016878274636 43.602299229999971
1323 284.71377310167139 280.00016882328237 43.633667298000091
1324 284.71010609676097 280.00016886378097 43.664706664000278
1325 284.706442436408 280.00016890424354 43.695916969000336
1326 284.70278211640357 280.00016894466722 43.727004408000084
1327 284.69912513255201 280.00016898505504 43.759793482000077
1328 284.69547148066198 280.0001690254075 43.790997068000252
1329 284.6918211565544 280.00016906572284 43.822533159000159
1330 284.68817415605599 280.00016910599953 43.853946227000051
1331 284.68453047499975 280.00016914624229 43.886155087000134
1332 284.68089010922694 280.0001691864461 43.917389923999963
1333 284.67725305458993 280.00016922661462 43.950024466000286
1334 284.67361930694977 280.0001692667463 43.981635297000139
1335 284.66998886216697 280.00016930684149 44.015139171000101
1336 284.66636171612191 280.00016934690086 44.051180679000026
1337 284.66273786469117 280.00016938692301 44.083515164000346
1338 284.6591173037728 280.0001694269082 44.115986475000227
1339 284.65550002925687 280.00016946685946 44.146872246000385
1340 284.65188603705633 280.00016950677201 44.184049235000202
1341 284.648275323083 280.00016954664937 44.215820068000085
1342 284.64466788325853 280.00016958648939 44.247222825000335
1343 284.64106371350658 280.00016962629388 44.279204181000296
1344 284.63746280977563 280.00016966606353 44.309538696000345
1345 284.63386516800392 280.00016970579537 44.341330311000092
1346 284.63027078414291 280.00016974549328 44.372335198000201
1347 284.62667965415756 280.00016978515436 44.404499474000204
1348 284.62309177401602 280.00016982477842 44.436369527000352
1349 284.6195071396906 280.00016986436759 44.467362018000131
1350 284.61592574716684 280.00016990392169 44.500119217000247
1351 284.61234759243717 280.00016994343798 44.530772642000102
1352 284.60877267150181 280.00016998291972 44.562939468999957
1353 284.60520098036005 280.00017002236694 44.594067327000175
1354 284.60163251503371 280.00017006177609 44.626693743000033
1355 284.59806727154307 280.00017010115164 44.657224510000106
1356 284.59450524591063 280.00017014049178 44.690971928000181
1357 284.59094643418166 280.00017017979576 44.722250152000015
1358 284.58739083239664 280.0001702190653 44.758277335999992
1359 284.58383843660732 280.00017025829993 44.790239214000394
1360 284.58028924287265 280.00017029749625 44.821064359000047
1361 284.57674324725872 280.00017033665813 44.853014623000035
1362 284.57320044584242 280.00017037578533 44.886007294000137
1363 284.56966083470218 280.00017041487672 44.918854703000306
1364 284.56612440992842 280.00017045393378 44.950049333000152
1365 284.5625911676135 280.00017049295633 44.981188858000223
1366 284.55906110386354 280.00017053194159 45.0132142260004
1367 284.55553421479033 280.00017057089411 45.044701099000122
1368 284.55201049651356 280.00017060980986 45.077046262000295
1369 284.54848994515504 280.00017064869314 45.108408342000075
1370 284.54497255684657 280.0001706875384 45.140090842000063
1371 284.54145832772878 280.00017072635069 45.171197606000078
1372 284.53794725395335 280.00017076512773 45.207141092000256
1373 284.53443933167318 280.00017080386942 45.238174887000241
1374 284.53093455704243 280.00017084257627 45.269632124000054
1375 284.52743292623978 280.00017088124912 45.301322749000065
1376 284.52393443543292 280.00017091988656 45.333262908000052
1377 284.52043908081015 280.00017095849125 45.363818103000085
1378 284.5169468585587 280.00017099705849 45.3961685270001
1379 284.51345776487642 280.00017103559395 45.426858308000192
1380 284.50997179596919 280.00017107409286 45.459211596000387
1381 284.50648894804601 280.00017111255761 45.489886272000149
1382 284.50300921732861 280.0001711509891 45.522048726000321
1383 284.49953260003809 280.00017118938575 45.552701005000017
1384 284.49605909240842 280.00017122774648 45.585169660000247
1385 284.49258869067927 280.00017126607378 45.615873711000404
1386 284.48912139109603 280.00017130436783 45.647831631000372
1387 284.48565718991529 280.00017134262652 45.678465577000225
1388 284.48219608339235 280.00017138085082 45.710501414000191
1389 284.47873806779734 280.00017141904254 45.741318227000193
1390 284.47528313940228 280.00017145719829 45.773634120000224
1391 284.47183129449269 280.00017149532175 45.804581246999987
1392 284.46838252935368 280.00017153340957 45.837137976000122
1393 284.46493684027649 280.00017157146459 45.867575566000141
1394 284.46149422356825 280.00017160948488 45.900776522000342
1395 284.45805467553248 280.00017164747135 45.931568231000256
1396 284.45461819248834 280.00017168542428 45.964581789000022
1397 284.45118477075033 280.00017172334549 45.995777930000258
1398 284.44775440665643 280.00017176123072 46.028726748000281
1399 284.44432709653591 280.00017179908224 46.05927236000025
1400 284.44090283673387 280.00017183690017 46.092294981000123
1401 284.43748162359594 280.00017187468467 46.123115753000093
1402 284.43406345348251 280.00017191243535 46.156321917000241
1403 284.43064832274814 280.00017195015204 46.187891291000142
1404 284.42723622776998 280.00017198783456 46.221461730000101
1405 284.4238271649167 280.0001720254852 46.251994374000333
1406 284.42042113057244 280.00017206310179 46.285280956000406
1407 284.41701812112865 280.00017210068529 46.315667452000071
1408 284.41361813297544 280.00017213823526 46.348612363000029
1409 284.41022116251838 280.00017217575254 46.379287508000289
1410 284.40682720616439 280.00017221323645 46.412012730000242
1411 284.40343626032865 280.00017225068501 46.44325720400002
1412 284.40004832142904 280.00017228810162 46.475410961000307
1413 284.39666338590126 280.00017232548487 46.506152148000183
1414 284.39328145017282 280.00017236283628 46.539023569000165
1415 284.38990251068691 280.00017240015387 46.5698234030001
1416 284.38652656389189 280.00017243743855 46.602559509999992
1417 284.38315360623938 280.00017247468901 46.633506534000389
1418 284.37978363418904 280.00017251190786 46.665790812000068
1419 284.37641664420863 280.00017254909363 46.696577782000077
1420 284.37305263277074 280.00017258624655 46.729144459000054
1421 284.36969159635669 280.00017262336587 46.75992997000003
1422 284.36633353144629 280.00017266045285 46.792609983000148
1423 284.36297843454082 280.00017269750759 46.823351327000182
1424 284.35962630212856 280.00017273452841 46.856176237
1425 284.35627713072296 280.0001727715192 46.887007896000341
1426 284.35293091682894 280.00017280847362 46.919174622000355
1427 284.34958765696268 280.00017284539842 46.953592520000257
1428 284.3462473476531 280.00017288228867 46.984845172000405
1429 284.34290998542542 280.0001729191485 47.016780073000064
1430 284.33957556681662 280.0001729559724 47.047231778999958
1431 284.33624408837227 280.00017299276681 47.079323712000132
1432 284.33291554663623 280.00017302952915 47.109949222000068
1433 284.32958993816374 280.00017306625608 47.143161898000017
1434 284.32626725951502 280.00017310295266 47.174102203000075
1435 284.32294750725907 280.00017313961524 47.206460129000334
1436 284.31963067796642 280.00017317624776 47.237340017000406
1437 284.31631676821837 280.00017321284565 47.268496784000035
1438 284.31300577459785 280.0001732494128 47.308110679000038
1439 284.30969769369932 280.00017328594947 47.348482760000024
1440 284.30639252211506 280.00017332245261 47.392414518000351
1441 284.30309025645397 280.00017335892261 47.432125550000364
1442 284.29979089331829 280.00017339536237 47.464134045000264
1443 284.29649442932975 280.00017343176728 47.495102996000242
1444 284.29320086110812 280.00017346814337 47.529445581000346
1445 284.28991018528035 280.00017350448576 47.560593337000228
1446 284.2866223984804 280.00017354079461 47.592459330000111
1447 284.28333749734583 280.00017357707424 47.623118122000051
1448 284.28005547852439 280.00017361332107 47.654373587000009
1449 284.27677633866443 280.00017364953737 47.685306653000225
1450 284.27350007442698 280.00017368571912 47.718466880000051
1451 284.27022668246752 280.00017372187119 47.75723618200027
1452 284.26695615946744 280.00017375799172 47.789794788000108
1453 284.26368850209138 280.00017379408087 47.820595456000319
1454 284.26042370702316 280.00017383013761 47.852065039000081
1455 284.25716177094961 280.00017386616219 47.884224579000147
1456 284.25390269056089 280.00017390215692 47.914853683000274
1457 284.25064646256288 280.00017393811805 47.952326774000085
1458 284.24739308364724 280.00017397404946 48.000504155000272
1459 284.24414255053267 280.00017400994898 48.031399772999976
1460 284.24089485993414 280.00017404581587 48.067212479000318
1461 284.23765000857134 280.00017408165348 48.097825751000073
1462 284.23440799316984 280.00017411745824 48.133009023000341
1463 284.23116881046514 280.00017415323151 48.164011153000047
1464 284.22793245719436 280.00017418897482 48.197606333000294
1465 284.22469893010179 280.00017422468625 48.228920655000366
1466 284.22146822593919 280.00017426036652 48.263318865000201
1467 284.21824034145476 280.00017429601508 48.294275891000325
1468 284.21501527342002 280.00017433163362 48.327773779000381
1469 284.21179301859786 280.00017436722084 48.358890025000164
1470 284.20857357375837 280.00017440277486 48.393612250000388
1471 284.20535693568013 280.00017443829972 48.424678026000038
1472 284.20214310115119 280.00017447379457 48.456908920000387
1473 284.19893206695826 280.00017450925623 48.487810841000282
1474 284.1957238298956 280.00017454468917 48.521019454999987
1475 284.19251838676598 280.00017458009188 48.552191899000263
1476 284.18931573437141 280.0001746154623 48.585221084000295
1477 284.18611586952875 280.00017465080299 48.616688896000142
1478 284.18291878905006 280.00017468611082 48.649835686000188
1479 284.17972448975718 280.00017472139007 48.680965266000385
1480 284.17653296848744 280.00017475663645 48.713840230000187
1481 284.17334422206181 280.00017479185431 48.745898829999987
1482 284.17015824733164 280.00017482704146 48.777522113000032
1483 284.16697504113364 280.00017486219656 48.811236618000294
1484 284.16379460032186 280.00017489732306 48.841801869000392
1485 284.16061692174452 280.00017493241683 48.874524488000134
1486 284.15744200227221 280.00017496748063 48.904984738000167
1487 284.15426983876722 280.00017500251505 48.938002464999954
1488 284.15110042809692 280.00017503751803 48.969138503000067
1489 284.14793376714516 280.00017507249123 49.001894248000099
1490 284.14476985278844 280.00017510743305 49.041908254000191
1491 284.14160868192175 280.0001751423485 49.073792635000245
1492 284.13845025143075 280.00017517722927 49.10685817500007
1493 284.13529455821902 280.00017521208082 49.13740155000005
1494 284.13214159918471 280.00017524690219 49.170202400000107
1495 284.12899137124464 280.00017528169604 49.201568389000386
1496 284.1258438713042 280.00017531645585 49.233083390000047
1497 284.12269909628998 280.00017535118769 49.266332057
1498 284.11955704312447 280.00017538588907 49.297523617000024
1499 284.11641770873507 280.00017542055934 49.331930840000041
1500 284.11328109006195 280.00017545520046 49.362608435000311
1501 284.11014718404226 280.00017548981248 49.395342982000329
1502 284.10701598762245 280.00017552439289 49.425980577000246
1503 284.10388749775558 280.00017555894482 49.457767665000119
1504 284.10076171139485 280.00017559346776 49.488803390000157
1505 284.0976386255054 280.00017562795892 49.52199242100005
1506 284.09451823704558 280.00017566241979 49.552800435000336
1507 284.09140054299763 280.00017569685389 49.584598304000338
1508 284.08828554032971 280.00017573125638 49.615853563000201
1509 284.08517322603171 280.00017576562971 49.648445242999969
1510 284.08206359708078 280.00017579997296 49.679126120000092
1511 284.07895665047903 280.00017583428593 49.711830146000011
1512 284.07585238321838 280.00017586856865 49.742529615999956
1513 284.07275079229709 280.00017590282289 49.773978679000265
1514 284.06965187473133 280.00017593704825 49.805884831000185
1515 284.0665556275294 280.00017597124327 49.83647430100018
1516 284.06346204770603 280.00017600540951 49.868591654000284
1517 284.06037113228848 280.00017603954598 49.899308366000241
1518 284.05728287830112 280.00017607365209 49.931473740000001
1519 284.05419728277781 280.00017610772949 49.962776812000357
1520 284.05111434275329 280.00017614177801 49.995263336000335
1521 284.04803405527377 280.00017617579783 50.026419167000313
1522 284.04495641738629 280.00017620978718 50.058882566000193
1523 284.04188142613617 280.00017624374891 50.09024694100026
1524 284.03880907859138 280.00017627768051 50.122763101000146
1525 284.03573937180954 280.00017631158323 50.153392832000009
1526 284.03267230285564 280.000176345456 50.185966597000061
1527 284.02960786880061 280.00017637929903 50.217523162000361
1528 284.02654606673042 280.00017641311575 50.249850986000183
1529 284.02348689371462 280.00017644690155 50.280961244000082
1530 284.02043034684749 280.00017648065858 50.31399959700002
1531 284.01737642322036 280.00017651438617 50.344728079000106
1532 284.01432511992692 280.00017654808443 50.376353499000288
1533 284.01127643407034 280.00017658175511 50.410004047000257
1534 284.00823036275824 280.00017661539749 50.440492058000018
1535 284.00518690309661 280.00017664900815 50.473065770000176
1536 284.00214605220418 280.00017668259142 50.503764982000121
1537 283.99910780720097 280.0001767161466 50.535113419000027
1538 283.99607216521269 280.00017674967262 50.566825976000018
1539 283.99303912336586 280.00017678317118 50.597647689000041
1540 283.99000867880517 280.00017681664031 50.630023430000165
1541 283.98698082865849 280.00017685007919 50.660671755000294
1542 283.98395557007694 280.00017688349016 50.693904173000192
1543 283.98093290020745 280.00017691687219 50.724485883000398
1544 283.97791281620135 280.00017695022774 50.757622466000157
1545 283.9748953152191 280.00017698355362 50.788561785000184
1546 283.97188039442756 280.00017701685061 50.82082440000022
1547 283.96886805099177 280.00017705011902 50.851492362000045
1548 283.96585828207861 280.00017708335963 50.883321951000198
1549 283.96285108487552 280.00017711657046 50.91397256900018
1550 283.95984645655687 280.0001771497549 50.946863474000111
1551 283.95684439430585 280.00017718290866 50.977469976000066
1552 283.95384489532387 280.00017721603643 51.01122156800011
1553 283.95084795679884 280.00017724913528 51.041801975999988
1554 283.94785357593429 280.00017728220593 51.07450339900015
1555 283.94486174993267 280.00017731524804 51.105962828999964
1556 283.94187247600695 280.0001773482615 51.137993306000226
1557 283.93888575137078 280.00017738124723 51.169334660999994
1558 283.93590157323518 280.00017741420498 51.204784241000198
1559 283.9329199388327 280.00017744713642 51.238093744000253
1560 283.92994084538861 280.00017748003614 51.269597028000135
1561 283.92696429012909 280.00017751291017 51.301833967000221
1562 283.92399027029535 280.00017754575543 51.332935840000118
1563 283.9210187831257 280.00017757857421 51.365191163999953
1564 283.91804982587439 280.00017761136206 51.396242619000077
1565 283.91508339578763 280.00017764412354 51.428189919000033
1566 283.9121194901125 280.00017767685881 51.458731525000076
1567 283.90915810611449 280.00017770956401 51.491420135000226
1568 283.90619924105636 280.0001777422429 51.522043097000278
1569 283.90324289220928 280.00017777489279 51.554629050000131
1570 283.90028905683982 280.00017780751614 51.586088739000388
1571 283.89733773222645 280.00017784010987 51.618386615999952
1572 283.89438891565328 280.00017787267905 51.649382238000271
1573 283.89144260439917 280.00017790521593 51.680898230000366
1574 283.88849879576361 280.00017793772946 51.711856820000321
1575 283.8855574870376 280.0001779702128 51.743531304000044
1576 283.8826186755166 280.00017800266943 51.774289943999975
1577 283.87968235850468 280.00017803509979 51.806138284000099
1578 283.87674853331151 280.000178067501 51.836868018000132
1579 283.8738171972501 280.00017809987474 51.868551149000268
1580 283.87088834763352 280.00017813222172 51.899370519000058
1581 283.86796198178223 280.00017816454027 51.931308236000405
1582 283.8650380970206 280.00017819683296 51.963695124999958
1583 283.86211669068285 280.00017822909643 51.995982325000114
1584 283.85919776009717 280.0001782613337 52.026714299000105
1585 283.85628130260193 280.00017829354306 52.059384368000337
1586 283.85336731554253 280.00017832572667 52.09002050800018
1587 283.85045579626006 280.00017835788049 52.122398385999986
1588 283.84754674210853 280.00017839000861 52.153332914000202
1589 283.84464015044404 280.00017842210929 52.185367611000402
1590 283.84173601862267 280.00017845418347 52.217627207000078
1591 283.83883434400622 280.00017848622844 52.249047679000341
1592 283.83593512396664 280.00017851824919 52.292870534000031
1593 283.8330383558681 280.00017855024129 52.323590789000264
1594 283.83014403709649 280.00017858220713 52.35584658300013
1595 283.82725216502502 280.00017861414426 52.386732621000192
1596 283.82436273704076 280.00017864605536 52.427104550999957
1597 283.82147575052988 280.000178677939 52.476206375000402
1598 283.81859120288374 280.00017870979656 52.524170217000119
1599 283.81570909150446 280.000178741627 52.556286476999958
1600 283.81282941378612 280.00017877343208 52.587304548000247
1601 283.8099521671366 280.00017880520733 52.622607409000011
1602 283.80707734896896 280.00017883695955 52.65426361200025
1603 283.80420495668892 280.00017886868147 52.686038098000154
1604 283.80133498771812 280.00017890037782 52.717249140000149
1605 283.79846743947616 280.00017893204921 52.750849636000112
1606 283.79560230939057 280.00017896369121 52.781860832000348
1607 283.79273959488734 280.00017899530803 52.816156389000298
1608 283.78987929340218 280.00017902689848 52.858845639000265
1609 283.78702140237311 280.00017905846175 52.892239572000108
1610 283.78416591924406 280.00017908999666 52.924918861000151
1611 283.78131284145621 280.00017912150747 52.958423992999997
1612 283.77846216645753 280.00017915298901 53.003168736000134
1613 283.7756138917091 280.00017918444581 53.038159510000241
1614 283.77276801466235 280.00017921587596 53.073291901000175
1615 283.76992453278058 280.0001792472799 53.104682424000202
1616 283.76708344353125 280.0001792786594 53.138839908000136
1617 283.76424474438204 280.00017931000923 53.169401464000202
1618 283.76140843280757 280.00017934133388 53.201907782000035
1619 283.75857450628473 280.00017937263198 53.234017324999968
1620 283.75574296229581 280.00017940390416 53.265651080000225
1621 283.75291379832851 280.00017943515013 53.296297116000005
1622 283.75008701186766 280.00017946636814 53.328294002000348
1623 283.74726260040711 280.00017949756233 53.359661921000225
1624 283.74444056144671 280.00017952873026 53.392869862000225
1625 283.74162089248676 280.00017955987016 53.423980487000335
1626 283.73880359103225 280.00017959098454 53.455935132000377
1627 283.73598865459121 280.00017962207272 53.486993515999984
1628 283.73317608067924 280.00017965313549 53.51822148600013
1629 283.7303658668103 280.00017968417296 53.549845815000026
1630 283.72755801050494 280.00017971518298 53.580866647000221
1631 283.72475250928983 280.00017974616577 53.613318850000269
1632 283.72194936068922 280.0001797771252 53.644418902000325
1633 283.71914856224191 280.00017980805745 53.677370017000158
1634 283.71635011147612 280.00017983896362 53.708086418000221
1635 283.71355400593671 280.00017986984346 53.740289503999975
1636 283.71076024316505 280.00017990069767 53.774444852000215
1637 283.70796882071335 280.00017993152881 53.808286863000376
1638 283.70517973612414 280.00017996233106 53.842067832000339
1639 283.70239298695941 280.00017999310751 53.873133561000031
1640 283.69960857077649 280.0001800238586 53.905448471
1641 283.69682648513316 280.00018005458446 53.93670388999999
1642 283.69404672760157 280.0001800852836 53.969179062999956
1643 283.69126929575208 280.00018011596052 54.000702662000094
1644 283.68849418715399 280.00018014660952 54.03304439600015
1645 283.68572139938647 280.00018017723255 54.063872831000026
1646 283.68295093003007 280.00018020782869 54.100121329000103
1647 283.68018277667409 280.00018023839965 54.131691127000067
1648 283.67741693690334 280.00018026894753 54.162953160000143
1649 283.67465340830887 280.00018029946978 54.196684181000364
1650 283.67189218849086 280.00018032996417 54.227921423000225
1651 283.66913327504415 280.00018036043497 54.260032946000138
1652 283.66637666557591 280.00018039087695 54.291213884000172
1653 283.66362235769515 280.00018042129761 54.323351293000087
1654 283.66087034900784 280.00018045169065 54.354083997000089
1655 283.65812063712895 280.00018048205771 54.38680057900001
1656 283.65537321968122 280.00018051240255 54.418114593000155
1657 283.65262809427901 280.00018054271868 54.449677515000076
1658 283.64988525855472 280.00018057301156 54.48019959200019
1659 283.6471447101323 280.0001806032783 54.513085551000131
1660 283.64440644664944 280.00018063351962 54.543697941000119
1661 283.64167046573624 280.00018066373502 54.576463222000257
1662 283.63893676503784 280.00018069392672 54.607226343000093
1663 283.6362053421924 280.00018072409307 54.639090728000156
1664 283.63347619485228 280.00018075423452 54.669792390000111
1665 283.63074932066365 280.00018078435068 54.70168979600021
1666 283.62802471728378 280.00018081444125 54.732271873000172
1667 283.62530238236928 280.00018084450664 54.764344437000091
1668 283.62258231357816 280.00018087454742 54.796396688000186
1669 283.61986450858052 280.00018090456371 54.826907151000341
1670 283.61714896504174 280.00018093455503 54.859524670000155
1671 283.61443568063225 280.00018096452203 54.889913256999989
1672 283.61172465303127 280.00018099446174 54.937090114000057
1673 283.60901587991452 280.00018102437804 54.969113876000392
1674 283.60630935896597 280.00018105426824 55.00131050400023
1675 283.6036050878713 280.00018108413411 55.033771511000396
1676 283.60090306431562 280.00018111397651 55.064879949999977
1677 283.59820328599761 280.00018114379185 55.097482208000201
1678 283.59550575061434 280.00018117358422 55.129177477000212
1679 283.59281045585857 280.00018120335068 55.161166290999972
1680 283.59011739943679 280.00018123309474 55.191974882000068
1681 283.58742657906066 280.00018126281242 55.225909761000366
1682 283.58473799243069 280.00018129250697 55.257243931000176
1683 283.582051637272 280.00018132217474 55.289483321000262
1684 283.57936751128977 280.00018135181909 55.321928025000034
1685 283.57668561220891 280.00018138143764 55.353438604000075
1686 283.57400593775986 280.00018141103294 55.384902516000238
1687 283.57132848566152 280.00018144060402 55.417106280000098
1688 283.56865325364492 280.00018147014964 55.448403418999987
1689 283.56598023944883 280.00018149967116 55.479957957000352
1690 283.56330944080491 280.00018152916812 55.511092698000084
1691 283.56064085545916 280.00018155864035 55.542163584000264
1692 283.55797448115283 280.00018158808865 55.574342088000321
1693 283.55531031563567 280.00018161751154 55.605163491999974
1694 283.552648356654 280.0001816469092 55.636825896000119
1695 283.5499886019648 280.00018167628451 55.668045534000157
1696 283.54733104932808 280.00018170563555 55.699462205000145
1697 283.54467569649637 280.00018173496102 55.730654864000371
1698 283.54202254124624 280.00018176426266 55.761878721000357
1699 283.53937158133732 280.00018179354055 55.794165714999963
1700 283.53672281453908 280.00018182279257 55.844347087000187
1701 283.53407623863018 280.00018185202265 55.875370265000129
1702 283.531431851386 280.00018188122641 55.908226903000013
1703 283.52878965058517 280.00018191040692 55.939786181000272
1704 283.52614963401516 280.00018193956481 55.971970258000056
1705 283.52351179946339 280.00018196869701 56.003907041000275
1706 283.52087614471623 280.00018199780612 56.034371723000277
1707 283.51824266756887 280.00018202688949 56.067838576000213
1708 283.51561136582143 280.00018205595057 56.098479822000172
1709 283.51298223727315 280.00018208498659 56.130248947000382
1710 283.51035527972442 280.00018211399947 56.161312749999979
1711 283.50773049098603 280.00018214298734 56.19385110300027
1712 283.50510786886537 280.00018217195162 56.226252005000333
1713 283.50248741117412 280.00018220089197 56.257089036000252
1714 283.49986911573251 280.00018222980975 56.289038266000262
1715 283.49725298036066 280.0001822587036 56.320203581999976
1716 283.4946390028752 280.00018228757284 56.352347502000157
1717 283.49202718110797 280.00018231641809 56.384344598000098
1718 283.48941751288424 280.00018234524055 56.416349559000082
1719 283.48680999604204 280.00018237403657 56.44777279300024
1720 283.48420462840988 280.00018240281145 56.478391696000017
1721 283.4816014078304 280.00018243156148 56.510650930000338
1722 283.47900033214398 280.0001824602893 56.541442127000209
1723 283.47640139919963 280.00018248899062 56.573080000000118
1724 283.47380460684116 280.0001825176717 56.603839216000324
1725 283.47120995292096 280.00018254632664 56.634699424000246
1726 283.46861743529291 280.00018257495861 56.667912211000385
1727 283.46602705181738 280.00018260356751 56.698401373000252
1728 283.46343880034749 280.00018263215247 56.729901431000144
1729 283.46085267875458 280.00018266071464 56.760569865999969
1730 283.45826868490423 280.00018268925186 56.792609150000317
1731 283.45568681666595 280.00018271776673 56.823813059000258
1732 283.45310707191072 280.00018274625631 56.856140159999995
1733 283.45052944851591 280.00018277472606 56.887426311000127
1734 283.44795394436164 280.00018280316965 56.919618878000165
1735 283.44538055732852 280.00018283159 56.954073713000071
1736 283.44280928530441 280.00018285998959 56.985897474000012
1737 283.44024012617393 280.00018288836208 57.016819766000026
1738 283.4376730778344 280.00018291671205 57.049270150000211
1739 283.4351081381738 280.00018294503946 57.080746094000006
1740 283.43254530509211 280.00018297334481 57.113124133000383
1741 283.42998457649338 280.00018300162463 57.144567421000374
1742 283.42742595027642 280.00018302988218 57.177516560000186
1743 283.42486942434743 280.00018305811727 57.209303863000059
1744 283.42231499661887 280.000183086329 57.241470180000306
1745 283.4197626650037 280.00018311451589 57.272894510000242
1746 283.41721242741528 280.00018314268243 57.304611551000107
1747 283.41466428177722 280.00018317082487 57.335869472000013
1748 283.41211822600246 280.00018319894292 57.369663830000263
1749 283.40957425802458 280.00018322703909 57.400940293000076
1750 283.40703237576292 280.00018325511127 57.432959213000231
1751 283.40449257715744 280.00018328316156 57.463396604000081
1752 283.40195486013124 280.00018331118815 57.496100896000371
1753 283.39941922263233 280.00018333919184 57.535776625000381
1754 283.39688566258457 280.00018336717341 57.584257667000202
1755 283.39435417794601 280.00018339513088 57.636926362000395
1756 283.3918247666536 280.00018342306618 57.668971063000299
1757 283.38929742665812 280.0001834509784 57.699486580000212
1758 283.386772155909 280.0001834788693 57.738628969000274
1759 283.3842489523629 280.00018350673463 57.76997006900001
1760 283.38172781397253 280.00018353457961 57.800864756999999
1761 283.37920873870138 280.00018356240105 57.832735341999978
1762 283.37669172451035 280.00018359019884 57.863737480000054
1763 283.37417676936803 280.00018361797476 57.896590733000266
1764 283.37166387123779 280.00018364572725 57.934090448000006
1765 283.36915302809928 280.00018367345729 57.984365314000115
1766 283.36664423791728 280.00018370116595 58.025224027000149
1767 283.36413749867302 280.00018372884921 58.057816912000362
1768 283.36163280835257 280.00018375651206 58.088610923000033
1769 283.35913016492736 280.00018378415302 58.120429112000238
1770 283.35662956639322 280.00018381176949 58.15109317300039
1771 283.35413101073169 280.00018383936253 58.183531265000056
1772 283.35163449593585 280.00018386693478 58.21512059700035
1773 283.34914002000426 280.00018389448451 58.247107174000121
1774 283.34664758093129 280.00018392201093 58.278605932000119
1775 283.34415717671521 280.00018394951513 58.311519499000042
1776 283.34166880536088 280.0001839769966 58.342719191000015
1777 283.33918246487309 280.0001840044572 58.375884948000021
1778 283.33669815326368 280.00018403189375 58.407204224999987
1779 283.33421586853592 280.0001840593095 58.439665599000364
1780 283.33173560871035 280.00018408670144 58.470987272000002
1781 283.32925737180153 280.00018411407081 58.502027587000157
1782 283.32678115583019 280.00018414141834 58.534039008000036
1783 283.32430695881754 280.00018416874417 58.565593652000189
1784 283.32183477878817 280.00018419604748 58.598374404999959
1785 283.31936461377285 280.00018422332795 58.629411126000377
1786 283.31689646179581 280.00018425058641 58.661565569000231
1787 283.31443032089612 280.00018427782265 58.692846200000076
1788 283.31196618910815 280.00018430503684 58.725040540000009
1789 283.3095040644734 280.00018433222931 58.756489870000223
1790 283.30704394502789 280.00018435939847 58.789276196000174
1791 283.30458582882329 280.00018438654587 58.820055206000234
1792 283.30212971390017 280.00018441367212 58.852653041000394
1793 283.29967559830936 280.00018444077551 58.883605595000063
1794 283.29722348010517 280.0001844678568 58.915846655000223
1795 283.29477335734248 280.00018449491677 58.946488164000129
1796 283.29232522807985 280.00018452195349 58.978044372000113
1797 283.28987909037818 280.00018454896929 59.009386202000314
1798 283.28743494229815 280.00018457596371 59.044067758999972
1799 283.28499278190628 280.00018460293506 59.07752279100032
1800 283.28255260727531 280.0001846298843 59.109464577000381
1801 283.28011441646788 280.00018465681211 59.140458903000308
1802 283.2776782075681 280.00018468371775 59.171593491000294
1803 283.27524397864727 280.00018471060213 59.203640121000262
1804 283.27281172778351 280.00018473746462 59.234937211000215
1805 283.27038145306545 280.0001847643037 59.266939986000125
1806 283.26795315256948 280.00018479112293 59.297662330000094
1807 283.26552682438597 280.00018481791903 59.330364749000182
1808 283.26310246660819 280.00018484469439 59.361518296000213
1809 283.26068007732442 280.00018487144729 59.393150911000248
1810 283.25825965463019 280.00018489818086 59.424212217000331
1811 283.25584119662631 280.00018492488937 59.456317129000126
1812 283.25342470140936 280.00018495157769 59.488216726000246
1813 283.25101016708567 280.00018497824334 59.519326730000103
1814 283.24859759176093 280.00018500488898 59.551537737000217
1815 283.24618697353662 280.00018503151193 59.5821532570003
1816 283.24377831053596 280.00018505811403 59.614483797000048
1817 283.24137160085803 280.0001850846935 59.645414996999989
1818 283.23896684263372 280.00018511125251 59.677280427000369
1819 283.23656403396893 280.00018513778861 59.707952041000226
1820 283.23416317298961 280.00018516430413 59.739837783999974
1821 283.23176425782054 280.00018519079748 59.770994976000111
1822 283.22936728659027 280.0001852172702 59.803325724000388
1823 283.22697225742382 280.00018524372149 59.834003484000277
1824 283.22457916845065 280.00018527015084 59.866418453000279
1825 283.22218801780593 280.00018529655944 59.897119183000086
1826 283.2197988036317 280.00018532294558 59.929555610000079
1827 283.21741152406275 280.00018534931172 59.960841503000211
1828 283.21502617723831 280.00018537565728 59.99325220000037
1829 283.21264276130586 280.00018540197857 60.024197672000355
1830 283.21026127441218 280.00018542828082 60.056239668000217
1831 283.2078817147048 280.00018545456032 60.086815031000242
1832 283.20550408033546 280.00018548082062 60.12622201000022
1833 283.20312836945845 280.00018550705715 60.158037440000044
1834 283.20075458023075 280.00018553327413 60.190213917000165
1835 283.19838271081215 280.0001855594694 60.222946858000341
1836 283.1960127593635 280.00018558564437 60.253618107999955
1837 283.1936447240505 280.00018561179701 60.285138326000379
1838 283.19127860303558 280.00018563792844 60.315841191000345
1839 283.18891439449203 280.00018566403975 60.347594850000405
1840 283.18655209659204 280.00018569012832 60.378291778000403
1841 283.18419170750582 280.00018571619705 60.410597265999968
1842 283.18183322540909 280.00018574224379 60.441537894000248
1843 283.17947664848668 280.00018576827227 60.474169584000265
1844 283.17712197491568 280.00018579427723 60.504874011000084
1845 283.17476920288067 280.00018582026115 60.537111322000328
1846 283.17241833056903 280.00018584622399 60.56787189600027
1847 283.17006935616712 280.00018587216647 60.600797756000247
1848 283.16772227786902 280.00018589808792 60.631440098999974
1849 283.16537709386421 280.00018592398823 60.663449699000012
1850 283.16303380235502 280.00018594986869 60.693927717000406
1851 283.16069240153405 280.00018597572699 60.725804815000174
1852 283.1583528896038 280.00018600156602 60.756523930000185
1853 283.15601526476956 280.00018602738282 60.789190881000195
1854 283.1536795252353 280.00018605317803 60.820460315000219
1855 283.15134566921017 280.00018607895373 60.85152558100026
1856 283.14901369490337 280.00018610470875 60.883801434000361
1857 283.1466836005248 280.0001861304417 60.914451122000173
1858 283.14435538429569 280.00018615615551 60.946123375000298
1859 283.14202904443141 280.00018618184743 60.977007544000116
1860 283.13970457915053 280.00018620751786 61.008421669000199
1861 283.13738198667801 280.00018623317038 61.039295734000007
1862 283.13506126523595 280.00018625880097 61.071579713000119
1863 283.13274241305396 280.00018628441126 61.102831022000373
1864 283.13042542835814 280.00018630999961 61.134867758000382
1865 283.12811030938326 280.00018633556681 61.165462080999987
1866 283.12579705436167 280.00018636111662 61.19810569900028
1867 283.12348566153025 280.00018638664295 61.229161486000066
1868 283.12117612912908 280.00018641215041 61.261634529000276
1869 283.11886845539783 280.00018643763661 61.292761774000155
1870 283.116562638581 280.00018646310303 61.324797937000312
1871 283.11425867692526 280.0001864885478 61.355466323000201
1872 283.11195656867523 280.00018651397227 61.387378735000311
1873 283.10965631208478 280.00018653937741 61.418533116000162
1874 283.10735790540207 280.00018656476044 61.450595529000111
1875 283.10506134688961 280.00018659012414 61.481190373000118
1876 283.10276663480221 280.00018661546744 61.514198890999978
1877 283.10047376739385 280.00018664079113 61.545017071000075
1878 283.09818274293201 280.0001866660927 61.577438342000278
1879 283.09589355967967 280.00018669137427 61.608571370000391
1880 283.09360621590503 280.00018671663497 61.641845464000198
1881 283.09132070987499 280.00018674187652 61.673781678000068
1882 283.08903703985879 280.00018676709794 61.709659292000197
1883 283.08675520413129 280.0001867923001 61.740802371999962
1884 283.08447520096956 280.00018681747963 61.772880306000388
1885 283.08219702865148 280.00018684264063 61.804131668000082
1886 283.07992068545695 280.00018686777946 61.836209967000286
1887 283.07764616966932 280.00018689289965 61.867064658000345
1888 283.07537347956833 280.00018691799988 61.898913424000057
1889 283.07310261344747 280.00018694308017 61.930079577000015
1890 283.07083356958964 280.00018696813959 61.967821590000312
1891 283.06856634629077 280.00018699318042 62.000001349000286
1892 283.06630094184305 280.00018701820011 62.031396672000028
1893 283.06403735454126 280.00018704320024 62.063174707000144
1894 283.06177558268388 280.00018706817991 62.093685592000384
1895 283.05951562457341 280.00018709313849 62.126561818000027
1896 283.05725747850897 280.00018711807894 62.157923599000242
1897 283.05500114279891 280.00018714299659 62.190984671000024
1898 283.05274661574651 280.00018716789697 62.224274702999992
1899 283.05049389566284 280.00018719277466 62.25660305800011
1900 283.04824298085771 280.00018721763388 62.287375613000222
1901 283.04599386964844 280.00018724247354 62.319822406000185
1902 283.04374656034815 280.0001872672932 62.350550117000239
1903 283.04150105127161 280.00018729209302 62.383298945000206
1904 283.03925734074437 280.0001873168726 62.414404004000062
1905 283.037015427087 280.00018734163331 62.446044173000246
1906 283.03477530861875 280.00018736637321 62.47689308300005
1907 283.03253698367467 280.0001873910939 62.508680755000114
1908 283.03030045057693 280.00018741579419 62.539460549000069
1909 283.02806570765813 280.00018744047526 62.571748799000034
1910 283.02583275325247 280.00018746513507 62.603444072999991
1911 283.02360158569508 280.0001874897776 62.64380658600021
1912 283.02137220332247 280.00018751439865 62.687337157999991
1913 283.01914460447381 280.0001875390015 62.737312546000339
1914 283.01691878749398 280.00018756358315 62.769191052000224
1915 283.01469475072145 280.00018758814656 62.800939868000114
1916 283.01247249250463 280.00018761268893 62.836412532000395
1917 283.01025201119353 280.00018763721204 62.868043379000028
1918 283.00803330513753 280.00018766171667 62.900922991000243
1919 283.00581637268436 280.00018768620021 62.934031199000401
1920 283.00360121219558 280.00018771066448 62.967471391000345
1921 283.0013878220193 280.00018773510828 63.013655381000262
1922 282.9991762005219 280.00018775953549 63.055961720000141
1923 282.99696634605868 280.00018778394093 63.088535651000257
1924 282.99475825699591 280.00018780832647 63.120458116999998
1925 282.99255193169682 280.00018783269451 63.152471676999994
1926 282.99034736852616 280.00018785704026 63.183539392000057
1927 282.98814456585899 280.00018788136992 63.215977280000061
1928 282.98594352206322 280.00018790567862 63.246630354999979
1929 282.98374423551081 280.00018792996656 63.279641218000052
1930 282.98154670457819 280.00018795423699 63.310355961000369
1931 282.97935092763953 280.0001879784885 63.342126861999986
1932 282.97715690307763 280.00018800271937 63.373087753000164
1933 282.97496462927842 280.00018802693069 63.405170532000284
1934 282.9727741046172 280.0001880511233 63.436040172000048
1935 282.97058532748451 280.00018807529597 63.468788481000047
1936 282.9683982962614 280.0001880994501 63.499337388000185
1937 282.96621300935118 280.00018812358468 63.531669962000251
1938 282.96402946513132 280.00018814769874 63.56230402600022
1939 282.96184766200059 280.00018817179671 63.593991385000209
1940 282.95966759835659 280.00018819587336 63.626020518000132
1941 282.95748927259723 280.00018821993058 63.656840052999996
1942 282.95531268312118 280.00018824397 63.688446264000049
1943 282.9531378283279 280.00018826798959 63.719549605000338
1944 282.95096470662685 280.00018829198871 63.752032910000253
1945 282.9487933164188 280.00018831597038 63.783701466000366
1946 282.94662365611435 280.00018833993408 63.816564463000304
1947 282.94445572412252 280.00018836387579 63.847741191000296
1948 282.94228951885589 280.00018838779988 63.881295083000168
1949 282.94012503872898 280.00018841170493 63.912571916000161
1950 282.93796228215655 280.00018843558985 63.944428235000032
1951 282.93580124755601 280.00018845945658 63.975539442000354
1952 282.93364193334708 280.00018848330421 64.00844921099997
1953 282.93148433795415 280.00018850713468 64.044020731000273
1954 282.9293284598001 280.00018853094303 64.075762309000311
1955 282.9271742973109 280.00018855473456 64.106896328000403
1956 282.92502184891134 280.00018857850608 64.137799615000404
1957 282.92287111303654 280.00018860225913 64.169514058000004
1958 282.92072208811317 280.00018862599245 64.20042198100009
1959 282.9185747725794 280.00018864970838 64.233411543000329
1960 282.91642916486887 280.00018867340384 64.264083160000155
1961 282.91428526341588 280.00018869708123 64.295829374000277
1962 282.91214306666785 280.00018872074122 64.327327199000138
1963 282.91000257306052 280.00018874438058 64.358917109000231
1964 282.90786378103752 280.00018876800175 64.389901283000199
1965 282.90572668904855 280.00018879160388 64.421795988000213
1966 282.90359129553565 280.00018881518827 64.453355271999953
1967 282.90145759894904 280.00018883875316 64.484462572000211
1968 282.899325597744 280.00018886229844 64.516476029000387
1969 282.89719529037421 280.0001888858269 64.547021187000155
1970 282.89506667528684 280.00018890933575 64.578810005000378
1971 282.89293975094904 280.00018893282675 64.609772512000291
1972 282.89081451581023 280.00018895629717 64.642606238000099
1973 282.88869096833554 280.00018897975053 64.673329106999972
1974 282.88656910699166 280.00018900318344 64.705377667999983
1975 282.88444893023598 280.00018902660099 64.736166839000362
1976 282.88233043653958 280.00018904999627 64.766875228000117
1977 282.88021362437308 280.00018907337409 64.798569670000234
1978 282.87809849220082 280.00018909673611 64.829440092000368
1979 282.87598503849654 280.00018912007579 64.86251226000013
1980 282.87387326173757 280.00018914339898 64.893972326000039
1981 282.87176316040023 280.00018916670314 64.926824283000315
1982 282.86965473296107 280.00018918998956 64.957888718000049
1983 282.86754797789524 280.00018921325545 64.98893002900013
1984 282.86544289369311 280.00018923650407 65.020671451999988
1985 282.86333947883116 280.00018925973347 65.051711043000068
1986 282.86123773179389 280.00018928294747 65.084008983000331
1987 282.85913765107819 280.00018930614027 65.115197951000027
1988 282.85703923516263 280.00018932931556 65.146707808999963
1989 282.85494248254633 280.00018935247294 65.177332968999963
1990 282.85284739171595 280.0001893756106 65.208772669000155
1991 282.85075396116719 280.00018939872956 65.240849773000264
1992 282.84866218940306 280.00018942183152 65.27198952200024
1993 282.84657207491409 280.00018944491399 65.303986417000033
1994 282.84448361620099 280.00018946798025 65.335265282000364
1995 282.84239681177274 280.0001894910277 65.367389000999992
1996 282.8403116601271 280.00018951405679 65.397936712000046
1997 282.83822815977061 280.0001895370678 65.429620946000341
1998 282.83614630921232 280.00018956006096 65.46030298200003
1999 282.83406610696238 280.0001895830323 65.491525857000397
2000 282.83198755152756 280.00018960599061 65.524344636000023
