iterat. internal-T external-T elapsed-time
0 300 280 0.058943580000232032
1 299.93340000000046 280.00000073553855 0.11755101600010676
2 299.86768806437487 280.00000146127098 0.17634022499987623
3 299.80284266858348 280.00000217743343 0.23496667300014451
4 299.73884295557963 280.00000288426457 0.29376098500006265
5 299.67566871191468 280.00000358196206 0.35240883899996334
6 299.61330034464868 280.00000427076623 0.41140586100027576
7 299.55171885926046 280.00000495089051 0.47007100600012564
8 299.49090583844264 280.00000562251557 0.52891016300009142
9 299.43084342173273 280.00000628585531 0.58756515200002468
10 299.37151428590596 280.00000694108917 0.64639878800016959
11 299.31290162620684 280.00000758841719 0.70510752700010926
12 299.25498913828579 280.00000822800064 0.76389569399998436
13 299.19776100083567 280.00000886005125 0.82263110100029735
14 299.1412018589059 280.0000094846917 0.88145671500024037
15 299.08529680787558 280.00001010211582 0.94024451699988276
16 299.03003137803557 280.00001071246606 0.99907940299999609
17 298.97539151974337 280.00001131592035 1.0578221010000561
18 298.92136358920067 280.00001191262101 1.116739021000285
19 298.86793433470336 280.00001250269048 1.1757870360002016
20 298.81509088345211 280.00001308630704 1.235591353000018
21 298.76282072887614 280.00001366358629 1.2943275450002147
22 298.71111171836895 280.00001423466449 1.3532073820001642
23 298.65995204158116 280.00001479968449 1.4119111260001773
24 298.60933021904629 280.00001535875606 1.4708084630001395
25 298.55923509130776 280.00001591201283 1.5295773110001392
26 298.50965580839664 280.0000164595736 1.5884305859999586
27 298.46058181974081 280.00001700154672 1.6471475070002271
28 298.41200286440323 280.00001753806345 1.7060615109999162
29 298.36390896171133 280.00001806922353 1.7647788489998675
30 298.31629040220054 280.00001859512997 1.8236274360001516
31 298.26913773890857 280.00001911589356 1.8823684190001586
32 298.22244177896613 280.00001963160497 1.9412585690001833
33 298.17619357550308 280.00002014238294 1.9999393960001726
34 298.13038441984156 280.00002064829579 2.0587676190002639
35 298.08500583396773 280.00002114946699 2.1175079800000276
36 298.04004956326213 280.00002164596322 2.1763649570002599
37 297.9955075695035 280.00002213790049 2.2351176110000779
38 297.95137202412781 280.00002262533775 2.2939533379999375
39 297.90763530167067 280.00002310836965 2.3526861479999752
40 297.86428997351663 280.00002358708525 2.4115325520001534
41 297.82132880181086 280.00002406155488 2.4704181750003045
42 297.77874473360123 280.00002453185425 2.5292756210001244
43 297.73653089519445 280.00002499807528 2.5880006699999285
44 297.69468058667684 280.0000254602769 2.646863637000024
45 297.65318727665874 280.00002591853251 2.7056589470003019
46 297.61204459718124 280.00002637292334 2.7645103509998989
47 297.5712463387876 280.00002682349913 2.8231921199999306
48 297.53078644579494 280.00002727034308 2.8820722210002714
49 297.49065901167342 280.00002771351944 2.9407996150002873
50 297.45085827465471 280.00002815308488 2.9996680500003094
51 297.41137861340997 280.00002858910688 3.0583872140000494
52 297.37221454293325 280.00002902163811 3.1172623709999243
53 297.33336071053009 280.00002945074283 3.1759398210001564
54 297.29481189195263 280.00002987648816 3.2352472190000299
55 297.25656298766052 280.00003029890826 3.2940719600001103
56 297.21860901920297 280.00003071807402 3.3529775870001686
57 297.1809451257202 280.00003113404142 3.4116808700000547
58 297.14356656056731 280.00003154685385 3.4706015490000937
59 297.10646868804423 280.00003195657229 3.5294543630002408
60 297.0696469802221 280.00003236323067 3.5882975419999639
61 297.03309701388889 280.0000327668987 3.6470398880001085
62 296.99681446758558 280.00003316761263 3.7059587960002318
63 296.96079511874473 280.00003356541367 3.7646825470001204
64 296.92503484090111 280.00003396035487 3.8235383820001516
65 296.88952960103353 280.00003435247754 3.8823612490000414
66 296.85427545694171 280.00003474183433 3.9412456260001818
67 296.81926855472972 280.00003512844552 4.0000623979999546
68 296.78450512638636 280.00003551238103 4.0589856290002899
69 296.74998148741173 280.00003589366702 4.1178245920000336
70 296.71569403453447 280.00003627233542 4.1766741810001804
71 296.68163924350893 280.00003664844928 4.2354388749999998
72 296.64781366694859 280.00003702202298 4.2943730470001356
73 296.61421393226857 280.00003739310887 4.3531636779998735
74 296.58083673966621 280.0000377617298 4.412037538000277
75 296.54767886016833 280.00003812792829 4.4707344180001201
76 296.51473713374151 280.00003849173976 4.529726507000305
77 296.48200846746829 280.00003885320359 4.5884535959999084
78 296.44948983375241 280.00003921233986 4.6473424040000282
79 296.41717826861907 280.00003956919142 4.7061026700002913
80 296.38507087002995 280.00003992379288 4.7650395509999726
81 296.35316479627375 280.00004027616916 4.8237575260000085
82 296.32145726438716 280.00004062635031 4.882655031000013
83 296.2899455486417 280.00004097436812 4.9414400370001204
84 296.25862697906507 280.00004132025697 5.0003097819999311
85 296.2274989399952 280.00004166403369 5.0590853090002383
86 296.19655886871578 280.0000420057429 5.1179901610003071
87 296.16580425407864 280.00004234540285 5.1767472540000199
88 296.13523263522046 280.00004268304042 5.2356291910000436
89 296.10484160028398 280.00004301868239 5.2947458680000636
90 296.07462878517219 280.0000433523569 5.353674367000167
91 296.04459187236671 280.00004368408941 5.4124815640002453
92 296.01472858976621 280.00004401390487 5.4713528760003101
93 295.98503670955364 280.00004434182188 5.530304136000268
94 295.95551404709181 280.00004466787431 5.5891701870000361
95 295.92615845988149 280.00004499207989 5.6479001970001264
96 295.89696784651159 280.00004531446808 5.7068025500002477
97 295.86794014565498 280.00004563505229 5.7655767260002904
98 295.83907333511218 280.000045953859 5.8244833510002536
99 295.81036543084321 280.00004627091459 5.8832544540000526
100 295.78181448605494 280.00004658624408 5.9421774319998804
101 295.75341859031505 280.00004689985917 6.0009493170000496
102 295.72517586866422 280.00004721177339 6.0598828160000267
103 295.69708448079939 280.00004752202182 6.1186605890002284
104 295.66914262022726 280.0000478306132 6.1775648739999269
105 295.64134851348166 280.00004813757249 6.2362878560002173
106 295.61370041933799 280.00004844292442 6.2952585470002305
107 295.5861966280662 280.00004874668173 6.3540379880000728
108 295.55883546069623 280.00004904886669 6.4129096679998838
109 295.53161526830263 280.0000493494922 6.471636817000217
110 295.50453443131306 280.00004964857828 6.5305268299998716
111 295.47759135883081 280.00004994614011 6.5893639790001544
112 295.4507844879779 280.00005024219803 6.6482132119999733
113 295.42411228326 280.00005053676495 6.7070097880000503
114 295.39757323594637 280.00005082986866 6.7658962599998631
115 295.37116586345564 280.0000511215087 6.8247549190000427
116 295.34488870878454 280.00005141172062 6.8836150370002542
117 295.31874033990994 280.00005170050889 6.9423941650002234
118 295.29271934926368 280.00005198789074 7.001261366000108
119 295.26682435315553 280.0000522738747 7.0600390879999395
120 295.24105399127035 280.00005255848492 7.1189373860001979
121 295.21540692614332 280.00005284173528 7.1776846430002479
122 295.1898818426659 280.00005312363652 7.2365669010000602
123 295.16447744758591 280.00005340420898 7.2956340020000425
124 295.13919246903788 280.00005368345467 7.3545597480001561
125 295.1140256560879 280.00005396140244 7.4133400260002418
126 295.08897577827855 280.00005423805499 7.4722168670000428
127 295.06404162517993 280.00005451343202 7.5309933950002232
128 295.03922200597441 280.00005478754213 7.5899975269999231
129 295.01451574903564 280.00005506040446 7.6487375960000463
130 294.9899217015228 280.00005533202358 7.7076381870001569
131 294.96543872897655 280.00005560241635 7.7663802360002592
132 294.94106571494814 280.00005587159512 7.8252968679998958
133 294.91680156060715 280.00005613957217 7.8840718850001394
134 294.89264518439535 280.00005640635516 7.9429370070001823
135 294.86859552164816 280.00005667196348 8.0017237430001842
136 294.84465152425321 280.00005693640634 8.0605798020001203
137 294.82081216031105 280.00005719969135 8.1194947710000633
138 294.79707641381316 280.00005746182899 8.1783213550002074
139 294.77344328429473 280.00005772283771 8.237243043000035
140 294.74991178654597 280.00005798271843 8.2961177000001953
141 294.72648095029479 280.00005824149264 8.3549889199998688
142 294.70314981988935 280.00005849916749 8.4138615450001453
143 294.6799174540327 280.00005875574726 8.4726511500002744
144 294.65678292548586 280.00005901124689 8.5315463279998767
145 294.6337453207733 280.00005926567633 8.590345047000028
146 294.61080373994031 280.00005951904609 8.6492423079998844
147 294.58795729626507 280.0000597713784 8.7079971739999564
148 294.56520511600831 280.00006002266127 8.7668995910003105
149 294.54254633815447 280.00006027290959 8.8256595600000765
150 294.51998011417294 280.00006052213018 8.8845467690002806
151 294.49750560776863 280.00006077034158 8.943382572000246
152 294.47512199465439 280.00006101754582 9.002279155999986
153 294.45282846230549 280.00006126376229 9.0610630320002201
154 294.43062420976361 280.00006150898707 9.1199978479999118
155 294.40850844738537 280.0000617532379 9.1788245920001827
156 294.38648039664128 280.00006199651631 9.2380983680000099
157 294.36453928991813 280.00006223883736 9.2972040710001238
158 294.3426843702926 280.00006248020225 9.3561281590000362
159 294.3209148913524 280.00006272063092 9.4149274549999973
160 294.29923011698162 280.0000629601189 9.4738157090000641
161 294.27762932117827 280.00006319868646 9.532622973999878
162 294.25611178787472 280.00006343632759 9.5915335730001061
163 294.23467681074482 280.00006367305707 9.650459119000061
164 294.21332369303423 280.00006390888564 9.7093896129999848
165 294.19205174737692 280.00006414381392 9.7681701070000599
166 294.17086029562842 280.00006437785493 9.8270622160002858
167 294.14974866869937 280.00006461101373 9.8858894810000493
168 294.12871620640368 280.00006484329725 9.9447679959998823
169 294.10776225727881 280.0000650747163 10.003546719000042
170 294.08688617844211 280.00006530527492 10.062407212999915
171 294.06608733543555 280.00006553497747 10.121220001999973
172 294.04536510208914 280.00006576383612 10.180134094000096
173 294.02471886034755 280.00006599185673 10.238908602000265
174 294.0041480001571 280.00006621904396 10.297850923000169
175 293.98365191930117 280.00006644540446 10.356581264999932
176 293.96323002328467 280.00006667095909 10.415501190000214
177 293.94288172518952 280.00006689568829 10.474261740000202
178 293.92260644554221 280.0000671196097 10.533163956999942
179 293.90240361219702 280.00006734273097 10.591899403000298
180 293.88227266018697 280.0000675650632 10.650905109000178
181 293.86221303163893 280.00006778660645 10.709660711000197
182 293.84222417561153 280.00006800736259 10.768563187999916
183 293.82230554801578 280.0000682273448 10.827332488000138
184 293.80245661147217 280.0000684465586 10.886240590999932
185 293.78267683520926 280.00006866500911 10.945045932000085
186 293.76296569495378 280.00006888270485 11.003915283999959
187 293.74332267282495 280.00006909964463 11.062717500999952
188 293.72374725722 280.00006931583556 11.12162545000001
189 293.70423894271858 280.00006953128724 11.180441577000238
190 293.68479722997449 280.00006974600092 11.239337079000052
191 293.66542162562968 280.00006995998797 11.298392580999916
192 293.64611164219548 280.00007017325214 11.357277198000247
193 293.62686679797793 280.00007038579116 11.416084887000125
194 293.60768661696835 280.00007059761975 11.474940598000103
195 293.58857062876746 280.0000708087357 11.533751046999896
196 293.56951836848418 280.00007101915702 11.592630039000142
197 293.55052937663692 280.00007122887621 11.65142528000024
198 293.53160319911018 280.00007143790475 11.710380939000061
199 293.51273938700859 280.00007164623986 11.769124826000279
200 293.49393749662755 280.00007185389387 11.828007932000219
201 293.47519708934237 280.00007206086406 11.886749631999919
202 293.456517731541 280.00007226715968 11.94567596700017
203 293.4378989945381 280.00007247278711 12.004418239000188
204 293.41934045450648 280.0000726777501 12.063434834999953
205 293.4008416923939 280.00007288205245 12.12219179900012
206 293.38240229385229 280.00007308570213 12.181130168999971
207 293.36402184917125 280.00007328869731 12.239882602000307
208 293.34569995319936 280.00007349104612 12.298773629000152
209 293.32743620527964 280.00007369275096 12.357620749000034
210 293.30923020918084 280.00007389382205 12.416522973000156
211 293.29108157302937 280.00007409425297 12.475341604000278
212 293.2729899092385 280.00007429406133 12.534223516000111
213 293.25495483445212 280.00007449324244 12.593041730000095
214 293.23697596948887 280.00007469179997 12.651907444000244
215 293.21905293925539 280.00007488974796 12.710828940000283
216 293.2011853727073 280.00007508707989 12.769719966000139
217 293.18337290277736 280.00007528380519 12.828511982000236
218 293.16561516633277 280.00007547992681 12.88740608199987
219 293.14791180409622 280.00007567544799 12.946232265000162
220 293.13026246060616 280.00007587036879 13.005068500000107
221 293.11266678415438 280.00007606469575 13.063820151000073
222 293.09512442672957 280.0000762584346 13.122762222999881
223 293.07763504396962 280.00007645159309 13.181556481999905
224 293.06019829511109 280.00007664417132 13.240509074999864
225 293.04281384292386 280.00007683616406 13.299295417999929
226 293.0254813536751 280.00007702758563 13.358539626000038
227 293.00820049707801 280.00007721843718 13.417284614999971
228 292.99097094623079 280.00007740871968 13.476189863999934
229 292.9737923775869 280.00007759844209 13.534967509000126
230 292.95666447089019 280.00007778760141 13.593854320999981
231 292.93958690914417 280.00007797621129 13.652619570000297
232 292.92255937855316 280.00007816426711 13.711599245999878
233 292.90558156848977 280.00007835176729 13.770476838999912
234 292.88865317144007 280.00007853873575 13.829362193000179
235 292.87177388297488 280.00007872515664 13.888139994000085
236 292.854943401686 280.00007891103269 13.947075138999935
237 292.83816142917073 280.00007909637361 14.005893148000268
238 292.82142766995787 280.00007928118339 14.064778553999986
239 292.80474183151125 280.00007946546486 14.123603910999918
240 292.78810362415487 280.00007964921929 14.182496143000208
241 292.77151276103223 280.0000798324495 14.241342958000132
242 292.75496895810437 280.00008001516022 14.30026295100015
243 292.73847193407539 280.00008019735651 14.359102943999915
244 292.72202141037559 280.0000803790345 14.418014759000016
245 292.70561711111236 280.00008056020556 14.476810220000061
246 292.68925876304854 280.00008074086946 14.535739276000186
247 292.67294609555637 280.00008092103235 14.5945075489999
248 292.65667884058877 280.00008110069342 14.653439104999961
249 292.64045673264388 280.00008127985637 14.712190868000107
250 292.62427950872814 280.00008145851871 14.77119226700006
251 292.60814690833445 280.00008163668792 14.829959864000102
252 292.59205867339205 280.00008181436687 14.888848242000222
253 292.57601454825488 280.00008199156252 14.947615422000126
254 292.56001427965543 280.00008216827035 15.006561924999914
255 292.5440576166834 280.0000823444978 15.06531847999986
256 292.52814431074376 280.00008252024611 15.124221861000024
257 292.5122741155443 280.00008269551853 15.183019096999942
258 292.49644678705414 280.0000828703171 15.241934405999928
259 292.48066208347751 280.00008304464376 15.300753986000018
260 292.46491976521781 280.00008321850362 15.3599524199999
261 292.44921959487897 280.00008339189662 15.418759031000263
262 292.43356133719561 280.00008356483511 15.477654444000109
263 292.41794475903549 280.00008373730861 15.536473918999945
264 292.40236962936888 280.00008390932175 15.595348603000275
265 292.38683571923463 280.00008408087598 15.654149692999908
266 292.37134280171773 280.00008425197996 15.713074845999927
267 292.35589065192744 280.0000844226451 15.771975155000291
268 292.3404790469753 280.00008459284805 15.830870203999893
269 292.32510776592886 280.00008476260933 15.889696501999879
270 292.30977658981851 280.00008493192729 15.948564154999985
271 292.29448530159902 280.00008510080687 16.007354202999977
272 292.27923368611891 280.0000852692462 16.066385085000093
273 292.26402153010747 280.00008543725221 16.125179615999969
274 292.24884862215191 280.0000856048286 16.184078002000206
275 292.23371475267089 280.00008577197224 16.242824251999991
276 292.21861971389256 280.0000859386858 16.301747533000253
277 292.20356329983849 280.00008610496781 16.360512324999945
278 292.18854530629886 280.0000862708261 16.419409044000076
279 292.1735655308089 280.00008643626472 16.478166856999906
280 292.15862377263176 280.00008660128117 16.537125607000235
281 292.14371983273168 280.00008676588362 16.595892637999896
282 292.12885351376633 280.00008693006492 16.654810346999966
283 292.11402462006043 280.0000870938369 16.713584462000199
284 292.09923295757829 280.000087257198 16.772519096999986
285 292.08447833392302 280.00008742015831 16.831369565999921
286 292.06976055829227 280.00008758270513 16.890268576999915
287 292.05507944149116 280.00008774484797 16.949096494000059
288 292.04043479587602 280.00008790658325 17.007964880000145
289 292.02582643538346 280.00008806791664 17.066843577999862
290 292.01125417546325 280.00008822885655 17.12572154999998
291 291.99671783309316 280.00008838939567 17.184603898000205
292 291.98221722675731 280.00008854954228 17.243622130999938
293 291.96775217641505 280.000088709294 17.302485417000298
294 291.95332250349657 280.0000888686547 17.361725108999963
295 291.93892803088738 280.0000890276275 17.42049891500028
296 291.92456858290205 280.00008918622575 17.479423815000246
297 291.91024398527679 280.00008934442792 17.538256267000179
298 291.89595406514826 280.00008950224492 17.597222885000065
299 291.88169865104277 280.00008965968505 17.655943618000038
300 291.86747757285627 280.00008981674307 17.714855393000107
301 291.85329066184227 280.00008997342599 17.773638001000108
302 291.83913775060199 280.00009012973288 17.832618734999869
303 291.82501867305047 280.0000902856649 17.891367539999919
304 291.81093326442567 280.00009044122351 17.950287023999863
305 291.79688136125776 280.00009059641269 18.009050151999872
306 291.78286280136717 280.00009075124183 18.068004636000296
307 291.76887742383462 280.00009090570012 18.12678073699999
308 291.75492506900548 280.00009105979336 18.185637151000265
309 291.74100557846486 280.00009121351843 18.244440961000237
310 291.72711879502168 280.00009136688607 18.303381646000162
311 291.71326456271203 280.00009151989349 18.362218268000106
312 291.69944272676565 280.00009167254478 18.421088849000171
313 291.68565313360193 280.00009182483734 18.479859585000213
314 291.67189563082604 280.000091976774 18.538770582999859
315 291.65817006720135 280.00009212836284 18.597638299000209
316 291.64447629264401 280.00009227959936 18.656492994000018
317 291.63081415821125 280.00009243049129 18.715286283000296
318 291.61718351609051 280.00009258102966 18.774200926000049
319 291.60358421958426 280.00009273122214 18.833075465000093
320 291.59001612309891 280.00009288106742 18.89199479600029
321 291.57647908213573 280.00009303057215 18.950778084999911
322 291.56297295328136 280.00009317973644 19.009696738999992
323 291.549497594179 280.00009332855683 19.068457422999927
324 291.53605286355264 280.00009347704378 19.127373060000082
325 291.52263862115751 280.00009362519341 19.186139945999912
326 291.50925472779608 280.00009377300751 19.245072144999995
327 291.4959010452946 280.00009392048872 19.30385897899987
328 291.4825774364964 280.00009406763468 19.363120033000087
329 291.46928376525523 280.00009421445208 19.421859523999956
330 291.45601989641261 280.00009436093842 19.480749014000139
331 291.44278569580206 280.00009450710104 19.539505380000264
332 291.42958103023369 280.00009465293255 19.598440234999998
333 291.4164057674829 280.00009479844636 19.65720873600003
334 291.40325977628294 280.00009494363383 19.716095727000265
335 291.39014292630782 280.00009508849593 19.774923707000198
336 291.37705508817675 280.00009523303993 19.83387684399986
337 291.36399613343099 280.00009537726243 19.892721959000028
338 291.3509659345354 280.00009552117041 19.951614210000116
339 291.33796436486335 280.00009566476416 20.010419742000067
340 291.32499129868847 280.00009580803697 20.069310691000283
341 291.31204661117795 280.00009595100261 20.128180029000305
342 291.29913017837589 280.00009609365367 20.18708572200012
343 291.2862418772101 280.00009623599453 20.245914904000074
344 291.27338158546712 280.00009637802293 20.304800804000024
345 291.26054918179898 280.00009651974989 20.363604413000303
346 291.24774454569598 280.00009666116392 20.422522189000119
347 291.23496755749665 280.00009680227328 20.481278922999991
348 291.2222180983706 280.0000969430788 20.540203260999988
349 291.20949605031262 280.00009708358442 20.598986193000201
350 291.19680129613852 280.00009722379025 20.657936208000137
351 291.1841337194619 280.00009736369321 20.716726014999949
352 291.17149320470924 280.00009750329548 20.775653321999926
353 291.15887963709093 280.00009764259858 20.834434275000149
354 291.14629290261064 280.00009778161075 20.89343559200006
355 291.1337328880528 280.00009792032239 20.952215555000294
356 291.12119948095722 280.00009805873901 21.011136611999973
357 291.1086925696485 280.00009819686863 21.069906263000121
358 291.09621204319609 280.00009833471245 21.128828157000044
359 291.08375779141835 280.00009847226096 21.187659999000061
360 291.07132970488618 280.0000986095161 21.24656283000013
361 291.05892767489365 280.00009874648191 21.305368369999997
362 291.04655159346515 280.0000988831693 21.364264170000297
363 291.03420135335688 280.00009901956264 21.423393721000139
364 291.02187684803755 280.00009915567574 21.482281135999983
365 291.0095779716745 280.00009929150957 21.541085424999892
366 290.99730461914862 280.00009942706106 21.599932632000218
367 290.98505668602706 280.00009956232685 21.658784317000027
368 290.97283406857707 280.00009969731377 21.71770225299997
369 290.96063666374431 280.00009983202023 21.776504980000027
370 290.94846436914378 280.00009996645394 21.835412811999959
371 290.93631708306924 280.00010010061089 21.894220017999942
372 290.9241947044801 280.00010023449693 21.953205453999999
373 290.91209713298787 280.00010036810431 22.011947086999953
374 290.90002426886417 280.00010050143715 22.070850283000254
375 290.88797601301866 280.00010063449815 22.129633013999864
376 290.87595226701001 280.00010076728807 22.188565380999989
377 290.86395293302473 280.00010089980731 22.247343788000308
378 290.85197791388481 280.00010103206193 22.306267300999934
379 290.84002711303253 280.0001011640511 22.365097427999899
380 290.8281004345306 280.00010129577163 22.4240457840001
381 290.81619778305208 280.00010142722357 22.482807890000004
382 290.80431906387918 280.00010155841818 22.541745152000203
383 290.79246418289563 280.00010168934591 22.600506320000022
384 290.7806330465778 280.00010182000733 22.659445510000296
385 290.76882556200053 280.00010195041335 22.718267667999953
386 290.75704163682343 280.00010208055937 22.777186753000024
387 290.74528117928071 280.00010221044369 22.836005577999913
388 290.73354409819297 280.00010234006822 22.894952579999881
389 290.72183030294042 280.00010246943185 22.953889477000303
390 290.71013970347889 280.00010259854355 23.012783198000307
391 290.69847221031722 280.00010272739928 23.071592127000258
392 290.68682773452895 280.00010285600911 23.130484288999924
393 290.67520618773148 280.00010298436001 23.189341398000124
394 290.66360748209166 280.00010311245904 23.248280019000049
395 290.65203153032451 280.00010324030467 23.307123847000184
396 290.64047824567132 280.00010336789671 23.366019133999998
397 290.62894754191257 280.00010349524121 23.425100150000162
398 290.61743933335867 280.000103622344 23.484019916000307
399 290.60595353483882 280.00010374919748 23.542839682000249
400 290.59449006170337 280.00010387579937 23.601763614999982
401 290.58304882981884 280.00010400215768 23.660518849000255
402 290.57162975556764 280.00010412827061 23.719477470000129
403 290.5602327558214 280.00010425413723 23.778262392000215
404 290.54885774797157 280.00010437976613 23.837187105999874
405 290.53750464990054 280.00010450515623 23.895967131999896
406 290.52617337998527 280.00010463030065 23.954934606000279
407 290.51486385709256 280.00010475520247 24.013853018000191
408 290.50357600056975 280.00010487986708 24.072735180000109
409 290.49230973025027 280.0001050042913 24.131560575000094
410 290.48106496644778 280.0001051284778 24.190494615000262
411 290.46984162994079 280.00010525243363 24.249433760000102
412 290.45863964198946 280.00010537615088 24.308320040000126
413 290.44745892430677 280.00010549963292 24.367144184000153
414 290.43629939907646 280.00010562288242 24.426034423000146
415 290.42516098893839 280.00010574589197 24.484831432000192
416 290.41404361698193 280.00010586867364 24.543749430999924
417 290.40294720675422 280.00010599122743 24.602582065000206
418 290.39187168224856 280.00010611354622 24.661489178000011
419 290.38081696789527 280.00010623563583 24.720329624999977
420 290.3697829885723 280.00010635749504 24.779210957000032
421 290.35876966958932 280.00010647912967 24.837960778000252
422 290.34777693668696 280.00010660053505 24.896894715000144
423 290.33680471604401 280.00010672171163 24.95567750500004
424 290.32585293425245 280.00010684266749 25.014645608000137
425 290.31492151833584 280.00010696339763 25.073431732000245
426 290.30401039573701 280.00010708389766 25.132379214000139
427 290.29311949430502 280.00010720417612 25.191448309999942
428 290.2822487423137 280.00010732423874 25.250390011000036
429 290.27139806843837 280.00010744407325 25.309229731999949
430 290.26056740176074 280.00010756368755 25.368171433000043
431 290.24975667176801 280.00010768308437 25.427235528999972
432 290.23896580834423 280.00010780225659 25.486191397000312
433 290.22819474177027 280.00010792121418 25.545050805000301
434 290.21744340272448 280.00010803996094 25.603942037000252
435 290.20671172226804 280.00010815847901 25.662757904000046
436 290.19599963185283 280.00010827678511 25.721713770999941
437 290.18530706331893 280.00010839487652 25.780538076000084
438 290.1746339488783 280.00010851274783 25.839442276000227
439 290.16398022113157 280.00010863040961 25.898346841000148
440 290.15334581304808 280.00010874785784 25.957275312000093
441 290.14273065796874 280.00010886509477 26.016205398000238
442 290.13213468960328 280.00010898211661 26.075097828000253
443 290.12155784204265 280.00010909892973 26.133936824000102
444 290.1110000497149 280.00010921553206 26.1928151420002
445 290.10046124743195 280.0001093319238 26.251624242000162
446 290.08994137035728 280.0001094481064 26.31053646700002
447 290.07944035400737 280.00010956408067 26.369346400000268
448 290.06895813424705 280.00010967984758 26.428243156000008
449 290.0584946473021 280.00010979540679 26.487017412000114
450 290.04804982974269 280.00010991076442 26.545961096000156
451 290.03762361847669 280.00011002591197 26.604709049000121
452 290.02721595076213 280.00011014085277 26.663621587000307
453 290.01682676419443 280.00011025559445 26.722445165999943
454 290.0064559967031 280.00011037013195 26.781436557000234
455 289.99610358656076 280.00011048446504 26.840176126000188
456 289.98576947235921 280.00011059859776 26.899094653000247
457 289.97545359302808 280.00011071252453 26.957895575000293
458 289.96515588782552 280.00011082625304 27.016806134000035
459 289.9548762963318 280.00011093978236 27.075709191999977
460 289.94461475844611 280.00011105311529 27.134633765000217
461 289.93437121439467 280.00011116624586 27.193468493000182
462 289.92414560471423 280.00011127918077 27.252363117000186
463 289.91393787026664 280.00011139191355 27.311230032999902
464 289.90374795221169 280.00011150445232 27.370178304000092
465 289.89357579203516 280.0001116167993 27.429268761999992
466 289.88342133151889 280.00011172894608 27.488149793000048
467 289.87328451275931 280.00011184089425 27.547074469000108
468 289.86316527815114 280.00011195265324 27.60600737499999
469 289.85306357039536 280.00011206421902 27.664816998999868
470 289.84297933249036 280.00011217559091 27.723722978000296
471 289.83291250772749 280.00011228677232 27.78254942500007
472 289.82286303970545 280.00011239775529 27.841457902999991
473 289.8128308723019 280.00011250855289 27.900213829000222
474 289.80281594968881 280.00011261916177 27.959134131000155
475 289.79281821633464 280.0001127295784 28.01793109900018
476 289.78283761698856 280.00011283980535 28.076930515000186
477 289.77287409668037 280.00011294984068 28.13572222699986
478 289.76292760073284 280.00011305969235 28.194630709000194
479 289.75299807473971 280.00011316935894 28.253557784999884
480 289.74308546458241 280.00011327883635 28.312535851000121
481 289.7331897164114 280.00011338812266 28.371354801000052
482 289.72331077665217 280.00011349722382 28.43029281500003
483 289.71344859200474 280.00011360614462 28.489093120000234
484 289.70360310944346 280.00011371488 28.548014102000252
485 289.6937742762085 280.00011382343422 28.606851126000038
486 289.68396203980501 280.00011393179824 28.665744294999968
487 289.67416634800691 280.0001140399828 28.724555173000226
488 289.66438714884475 280.00011414799036 28.783451468000294
489 289.65462439061844 280.00011425580971 28.842381564999869
490 289.64487802189018 280.00011436345056 28.901320254999973
491 289.63514799146412 280.00011447090685 28.960155300000224
492 289.62543424841539 280.00011457818891 29.019082689000243
493 289.61573674206721 280.00011468529175 29.077980494000258
494 289.60605542199835 280.00011479221388 29.136937313000089
495 289.59639023803277 280.00011489895519 29.195711372000005
496 289.58674114025234 280.00011500551824 29.254687877999913
497 289.57710807897655 280.00011511191229 29.313554489000126
498 289.5674910047739 280.00011521812348 29.372502610000083
499 289.55788986846096 280.00011532415766 29.431612347000282
500 289.54830462108902 280.00011543001619 29.490554322000207
501 289.53873521396036 280.00011553570556 29.549396870000237
502 289.52918159860246 280.00011564121576 29.608439002000068
503 289.51964372679163 280.00011574655531 29.667344050999873
504 289.51012155053076 280.000115851717 29.726296806999926
505 289.50061502206847 280.00011595671094 29.785116438999921
506 289.49112409387777 280.00011606153305 29.844085705999987
507 289.48164871865947 280.00011616617752 29.902883827000096
508 289.47218884935143 280.0001162706485 29.961814813000274
509 289.46274443911295 280.00011637495498 30.020711787999971
510 289.45331544133836 280.0001164790944 30.079657409999982
511 289.44390180963558 280.00011658306391 30.13854714900026
512 289.43450349784592 280.00011668685556 30.197479285000099
513 289.42512046002474 280.00011679048191 30.256319076000182
514 289.41575265044816 280.0001168939429 30.315241419999893
515 289.40640002361846 280.00011699723177 30.374088763000145
516 289.39706253424731 280.00011710035943 30.43300860699992
517 289.38774013727124 280.00011720331401 30.491764334999971
518 289.37843278782907 280.00011730610692 30.550718294000035
519 289.36914044128321 280.00011740873668 30.609616365999955
520 289.35986305319943 280.00011751119467 30.668496991000211
521 289.35060057936249 280.00011761349157 30.727307512000152
522 289.34135297575892 280.00011771562237 30.786260689000301
523 289.33212019858894 280.00011781759281 30.845078397000179
524 289.32290220425062 280.00011791939369 30.903986626000005
525 289.31369894935568 280.00011802103631 30.962786103999861
526 289.30451039071511 280.0001181225162 31.021702875000301
527 289.29533648534237 280.00011822383647 31.080461938000099
528 289.28617719044934 280.0001183249928 31.139485952000086
529 289.27703246345112 280.00011842598468 31.198282933999963
530 289.26790226196289 280.00011852682246 31.257214292000299
531 289.25878654379187 280.00011862749841 31.316054868000265
532 289.24968526694067 280.0001187280148 31.375016017000235
533 289.24059838961068 280.00011882836992 31.433802947999993
534 289.23152587019314 280.00011892856895 31.492996233000213
535 289.22246766727744 280.00011902860655 31.55173889200023
536 289.21342373963165 280.00011912849271 31.610701292000158
537 289.20439404622556 280.00011922821591 31.66950103399995
538 289.19537854620745 280.00011932778722 31.72844874600014
539 289.18637719892376 280.00011942719419 31.787231978999898
540 289.17738996389647 280.00011952645292 31.84619094000027
541 289.1684168008361 280.00011962555567 31.905050630999995
542 289.15945766964171 280.00011972450062 31.964054854000096
543 289.15051253038553 280.00011982328971 32.02285324200011
544 289.14158134332587 280.00011992192833 32.081822517000091
545 289.13266406890079 280.00012002041035 32.140642628000023
546 289.12376066773078 280.00012011874304 32.199596124999971
547 289.11487110060631 280.00012021692049 32.258399257000292
548 289.10599532850318 280.00012031494612 32.317331242999899
549 289.09713331256552 280.00012041282071 32.376166302000001
550 289.08828501411517 280.00012051054102 32.435097767000116
551 289.07945039465358 280.00012060811122 32.493993555000088
552 289.07062941584422 280.00012070553021 32.552896219000104
553 289.06182203952397 280.00012080279959 32.611707319000288
554 289.05302822770307 280.00012089992015 32.670650087000013
555 289.04424794256164 280.00012099689309 32.729492436999863
556 289.035481146449 280.00012109371585 32.788382340000226
557 289.02672780187385 280.00012119038917 32.847211721999884
558 289.01798787151665 280.00012128691247 32.906141052000294
559 289.00926131822735 280.00012138328646 32.964955329000077
560 289.00054810500808 280.00012147951895 33.023855805000039
561 288.99184819503409 280.00012157560275 33.082656906000011
562 288.98316155164116 280.00012167153869 33.141759886000273
563 288.9744881383204 280.00012176732707 33.200725938000232
564 288.96582791873197 280.00012186297778 33.259675063000032
565 288.95718085668557 280.00012195847137 33.318530595000084
566 288.9485469161549 280.00012205382853 33.377509928000109
567 288.93992606127074 280.00012214903649 33.436320355000134
568 288.9313182563161 280.0001222441033 33.495586981000088
569 288.922723465736 280.00012233902248 33.554447252000045
570 288.91414165412334 280.00012243380621 33.613375647999874
571 288.90557278622788 280.00012252843993 33.672170710000046
572 288.89701682694874 280.0001226229337 33.731091502000254
573 288.88847374134207 280.00012271728372 33.789922971000124
574 288.87994349460809 280.00012281149691 33.848810898000011
575 288.87142605210556 280.00012290556447 33.907664450000084
576 288.86292137933094 280.00012299948781 33.966587221000282
577 288.85442944193483 280.0001230932736 34.025415095999961
578 288.84595020571862 280.00012318692245 34.084319741999934
579 288.83748363662107 280.00012328042669 34.1432357460003
580 288.82902970073428 280.00012337379383 34.202236906000053
581 288.82058836429087 280.00012346702169 34.261084004000168
582 288.81215959366898 280.00012356011104 34.320013289000144
583 288.80374335538403 280.0001236530577 34.378886687999966
584 288.79533961610366 280.00012374587419 34.437844826999935
585 288.78694834262819 280.0001238385463 34.496656560000247
586 288.7785695018996 280.00012393108278 34.555627616000038
587 288.77020306100235 280.0001240234825 34.614430077000179
588 288.76184898715536 280.00012411574801 34.673366237000209
589 288.75350724772147 280.00012420787533 34.732204948999879
590 288.74517781019546 280.00012429986344 34.791152151000006
591 288.73686064220863 280.00012439172457 34.849948935000157
592 288.72855571152843 280.0001244834437 34.908907960000306
593 288.72026298605999 280.00012457502879 34.967750734000219
594 288.71198243383651 280.00012466648042 35.026702519000082
595 288.70371402303249 280.00012475780039 35.085500399000011
596 288.69545772194527 280.00012484898429 35.144422030999976
597 288.68721349901199 280.00012494002931 35.203288142000019
598 288.67898132279203 280.0001250309507 35.262264202000097
599 288.67076116198302 280.00012512173561 35.321120677000181
600 288.66255298541148 280.00012521238716 35.380044392999935
601 288.65435676202497 280.00012530290792 35.438898420999976
602 288.64617246090643 280.00012539329828 35.498157658000309
603 288.63800005126569 280.00012548355181 35.55711043600013
604 288.62983950242955 280.00012557367643 35.616028006000306
605 288.62169078386114 280.0001256636761 35.674848231999931
606 288.61355386514549 280.00012575353975 35.73378142599995
607 288.60542871599148 280.00012584327567 35.792707173000053
608 288.59731530622577 280.00012593287801 35.851654221999979
609 288.58921360581235 280.00012602235853 35.910511478999979
610 288.58112358482242 280.00012611170382 35.969496080000226
611 288.57304521345594 280.00012620092417 36.028287087000081
612 288.56497846203177 280.00012629001503 36.087230335000186
613 288.55692330099316 280.00012637897396 36.146070304000204
614 288.54887970089226 280.00012646780669 36.205030377000185
615 288.54084763241292 280.00012655651716 36.263937793999958
616 288.53282706634997 280.00012664509558 36.322897658999864
617 288.52481797361236 280.00012673355309 36.38172570100005
618 288.51682032523524 280.00012682187929 36.440698482000244
619 288.50883409236047 280.00012691007885 36.499537826000051
620 288.5008592462554 280.0001269981538 36.558538525000131
621 288.49289575828931 280.00012708610461 36.617353701999946
622 288.48494359995937 280.00012717392434 36.676251638999929
623 288.47700274286728 280.00012726162987 36.735128275000079
624 288.46907315872852 280.00012734920568 36.794048921000012
625 288.46115481937431 280.00012743665485 36.85285597300026
626 288.45324769675068 280.00012752398499 36.911777712999992
627 288.44535176289997 280.00012761118774 36.970644139999877
628 288.43746698999439 280.00012769826628 37.029611922000186
629 288.42959335030116 280.00012778522563 37.088449131000289
630 288.42173081620643 280.00012787206026 37.147381708000012
631 288.41387936019566 280.00012795877223 37.206284493000112
632 288.40603895487533 280.00012804536271 37.265229674000238
633 288.3982095729454 280.00012813183213 37.324149542000214
634 288.39039118721865 280.00012821817637 37.383113057000173
635 288.38258377061993 280.00012830440676 37.441933862000042
636 288.37478729617209 280.00012839051152 37.50122644000021
637 288.36700173700586 280.00012847649469 37.560045475000152
638 288.35922706635483 280.00012856236117 37.618973520000054
639 288.35146325755881 280.0001286481027 37.67778708600008
640 288.3437102840615 280.0001287337318 37.736801954999919
641 288.33596811940845 280.00012881924016 37.795628593999936
642 288.32823673725136 280.00012890462392 37.854586119000032
643 288.32051611133096 280.00012898989269 37.91344681999999
644 288.31280621550928 280.00012907504129 37.972425699000269
645 288.30510702373101 280.00012916007012 38.031258797000191
646 288.29741851004854 280.00012924498691 38.090193510000063
647 288.28974064862018 280.00012932977955 38.149025986000197
648 288.28207341369063 280.00012941445868 38.207914555000116
649 288.27441677960832 280.00012949901992 38.266847136000251
650 288.26677072082805 280.00012958346383 38.325837944999876
651 288.25913521189091 280.0001296677915 38.38464682699987
652 288.25151022743898 280.00012975200366 38.443580709999878
653 288.24389574221175 280.00012983609935 38.502423029000056
654 288.23629173104348 280.0001299200764 38.561366858999918
655 288.22869816886737 280.00013000394307 38.620213033000255
656 288.22111503070511 280.00013008768912 38.679118582000228
657 288.21354229167952 280.0001301713267 38.737979182999879
658 288.20597992700573 280.00013025484765 38.796900878000088
659 288.19842791199056 280.00013033825127 38.855691842999931
660 288.19088622203191 280.00013042154387 38.914641245999974
661 288.18335483262632 280.00013050471949 38.973471117999907
662 288.17583371935564 280.0001305877858 39.032458958999996
663 288.16832285790201 280.00013067073422 39.091360602999885
664 288.16082222403099 280.00013075357458 39.150317301000086
665 288.15333179360022 280.00013083629909 39.209168270000191
666 288.14585154256167 280.0001309189131 39.26812173899998
667 288.13838144694967 280.00013100141121 39.327065677000064
668 288.13092148289547 280.00013108380386 39.386050500000238
669 288.12347162661547 280.00013116607863 39.444832145999953
670 288.11603185441442 280.00013124824574 39.503793896999923
671 288.10860214268803 280.00013133029677 39.562931116000073
672 288.10118246791302 280.00013141224252 39.621865471000092
673 288.09377280665746 280.00013149407698 39.680671283000265
674 288.08637313557813 280.00013157580167 39.739657616999921
675 288.07898343140931 280.00013165741638 39.798626399000113
676 288.07160367098402 280.00013173891728 39.857656431000123
677 288.06423383120671 280.0001318203112 39.916612973000156
678 288.05687388907671 280.00013190159484 39.975618264999866
679 288.0495238216792 280.00013198277247 40.034465432000161
680 288.04218360616778 280.0001320638367 40.09346609000022
681 288.03485321979662 280.00013214479401 40.152307844000006
682 288.02753263989382 280.00013222564411 40.211270639000304
683 288.02022184387465 280.00013230638643 40.270129475999966
684 288.01292080923412 280.00013238701951 40.329123521999918
685 288.00562951354812 280.00013246754548 40.388060484000107
686 287.99834793448053 280.00013254796272 40.447035728000174
687 287.99107604976507 280.00013262827736 40.505880241999876
688 287.98381383722381 280.00013270848001 40.564824288000182
689 287.97656127475841 280.00013278858034 40.623710312000185
690 287.96931834034785 280.00013286857313 40.682646649000162
691 287.96208501205689 280.00013294845428 40.74148803800017
692 287.95486126802047 280.00013302823794 40.80039369799988
693 287.94764708645295 280.00013310791076 40.859273160000157
694 287.94044244565754 280.00013318747784 40.918213456000103
695 287.93324732400515 280.00013326694705 40.97708177200002
696 287.92606169994127 280.0001333463029 41.036053214000276
697 287.91888555200177 280.00013342555718 41.095046479000302
698 287.91171885878606 280.00013350470567 41.153989173999889
699 287.90456159897849 280.00013358375588 41.212797129000137
700 287.89741375133065 280.00013366269599 41.271766594999917
701 287.89027529468353 280.00013374153338 41.330620070999885
702 287.8831462079375 280.00013382026532 41.389695526000196
703 287.87602647008015 280.00013389889955 41.448572648000209
704 287.86891606016167 280.00013397743066 41.507548937000138
705 287.86181495732046 280.00013405585486 41.566718560000027
706 287.85472314075997 280.00013413417719 41.625695576999988
707 287.8476405897535 280.00013421239873 41.684476501000063
708 287.84056728365783 280.00013429051489 41.743448675000309
709 287.83350320189106 280.000134368533 41.80225886900007
710 287.82644832395516 280.00013444644634 41.861219428999902
711 287.81940262941481 280.00013452425986 41.92005097800029
712 287.81236609790938 280.00013460197323 41.978962266000053
713 287.80533870914883 280.00013467958593 42.037808397999925
714 287.79832044292147 280.00013475709358 42.096743437999976
715 287.79131127906976 280.00013483450471 42.155672699000206
716 287.78431119752196 280.00013491181443 42.21458534500016
717 287.77732017827054 280.00013498902729 42.27344174100017
718 287.77033820137603 280.00013506613561 42.332363605999944
719 287.76336524696728 280.00013514314469 42.391284950000227
720 287.75640129524925 280.00013522005639 42.450221346000035
721 287.74944632648726 280.00013529686572 42.509057273000053
722 287.74250032101793 280.00013537357893 42.567989763000242
723 287.73556325924949 280.00013545019596 42.626845690000209
724 287.72863512164622 280.00013552670953 42.685806825999862
725 287.72171588875517 280.00013560312721 42.744612597000014
726 287.71480554118102 280.00013567944478 42.803559044999929
727 287.70790405959463 280.00013575566715 42.862375492999945
728 287.70101142473658 280.00013583179043 42.921343191000233
729 287.69412761741154 280.00013590781748 42.9801613059999
730 287.68725261849119 280.00013598374244 43.039097494000089
731 287.68038640891319 280.00013605957611 43.097934724999959
732 287.67352896967446 280.00013613531002 43.156943780999882
733 287.66668028184347 280.00013621094888 43.215795597000124
734 287.65984032655206 280.00013628649015 43.274792830000024
735 287.65300908499131 280.00013636193341 43.333628811999915
736 287.64618653842086 280.00013643728397 43.392561357999966
737 287.63937266816856 280.00013651253767 43.451470986000004
738 287.63256745561097 280.00013658769524 43.510396761000266
739 287.62577088219962 280.00013666275919 43.569561911000164
740 287.6189829294479 280.00013673771929 43.628473153999948
741 287.61220357892267 280.0001368125956 43.687354709999909
742 287.60543281226541 280.00013688737312 43.746303556999919
743 287.59867061116677 280.00013696205508 43.805168549999962
744 287.59191695739361 280.00013703664212 43.864080418999947
745 287.5851718327566 280.00013711113638 43.92297952600029
746 287.57843521914003 280.00013718553851 43.981902956999875
747 287.57170709849026 280.00013725984587 44.040753992000191
748 287.56498745280078 280.00013733405802 44.099692632999904
749 287.55827626413662 280.00013740817229 44.15856622299998
750 287.55157351461889 280.0001374822013 44.217525438999928
751 287.54487918642803 280.00013755613475 44.276362258000063
752 287.53819326180354 280.00013762997634 44.335315432000243
753 287.53151572304529 280.00013770372192 44.394126209000206
754 287.52484655251158 280.00013777737706 44.45316573800028
755 287.51818573261971 280.00013785094416 44.511988285999905
756 287.51153324584351 280.0001379244099 44.570944689000044
757 287.50488907471032 280.00013799779083 44.629769789999955
758 287.49825320181634 280.00013807108013 44.688743172000159
759 287.49162560980727 280.00013814427302 44.747551918000227
760 287.48500628138726 280.00013821738054 44.806507696000153
761 287.47839519931654 280.00013829039381 44.865305504999924
762 287.47179234641459 280.00013836331777 44.924260032999882
763 287.46519770555415 280.00013843614948 44.983077164999941
764 287.45861125966616 280.00013850888945 45.04199554700017
765 287.45203299173875 280.00013858154171 45.100853410000127
766 287.44546288481143 280.00013865410267 45.15977736800005
767 287.43890092198023 280.00013872657252 45.218698306000078
768 287.43234708639898 280.00013879895511 45.277640962000078
769 287.42580136127469 280.00013887124715 45.336543253999935
770 287.41926372986904 280.00013894344994 45.395493826999882
771 287.41273417549718 280.0001390155623 45.45435700400003
772 287.40621268153154 280.0001390875878 45.513350962999993
773 287.39969923139159 280.00013915952167 45.572579974000291
774 287.39319380855812 280.00013923136873 45.631554609999966
775 287.38669639656229 280.00013930312832 45.690402838999944
776 287.38020697898361 280.00013937479895 45.74940580800012
777 287.37372553946403 280.00013944637942 45.808213568000156
778 287.36725206169291 280.00013951787389 45.867170964000252
779 287.36078652940836 280.00013958927946 45.925987577999877
780 287.35432892640915 280.00013966059811 45.985014975000013
781 287.34787923653693 280.00013973182587 46.04383299500023
782 287.34143744369408 280.00013980297365 46.102801070000169
783 287.33500353182632 280.00013987403219 46.16163971900005
784 287.32857748493387 280.00013994499835 46.22061295200001
785 287.32215928707109 280.00014001588465 46.279438006999953
786 287.31574892234232 280.00014008668234 46.338378479000312
787 287.30934637490009 280.00014015739498 46.39727270100002
788 287.30295162894311 280.0001402280156 46.456166142000257
789 287.29656466872876 280.00014029855521 46.51511338499995
790 287.29018547856015 280.00014036900802 46.574036722000073
791 287.2838140427931 280.00014043937659 46.63289125700021
792 287.27745034582506 280.00014050965723 46.69181360399989
793 287.27109437211465 280.00014057985391 46.750721888000044
794 287.26474610615594 280.00014064996435 46.809654288000274
795 287.25840553250441 280.00014071999323 46.868490905000272
796 287.25207263575749 280.00014078993178 46.927429814999869
797 287.2457474005646 280.00014085978705 46.986318100000062
798 287.23942981161957 280.00014092955894 47.045238572000017
799 287.23311985366371 280.00014099924931 47.104085504000068
800 287.22681751149196 280.00014106885328 47.163048844000059
801 287.22052276993998 280.00014113837329 47.221864267000001
802 287.21423561389571 280.00014120780787 47.280845472000237
803 287.20795602829452 280.00014127716298 47.339692093999929
804 287.20168399811701 280.00014134643072 47.398658507000164
805 287.19541950838311 280.00014141561712 47.457456586000262
806 287.18916254417275 280.0001414847203 47.516505239000253
807 287.1829130906097 280.00014155373589 47.575659882000309
808 287.17667113285722 280.00014162267695 47.634622025000226
809 287.1704366561234 280.00014169152934 47.693460104000224
810 287.16420964567499 280.00014176030328 47.752448392000133
811 287.15799008680779 280.00014182899298 47.811254649000148
812 287.15177796487865 280.00014189759952 47.870279759999903
813 287.14557326527557 280.00014196612557 47.929177579000225
814 287.1393759734367 280.00014203457164 47.988088314999914
815 287.13318607485621 280.00014210293239 48.047022645000197
816 287.12700355505666 280.0001421712152 48.105983382999966
817 287.12082839961221 280.00014223941639 48.164803601000131
818 287.11466059414005 280.00014230753362 48.223733299000287
819 287.10850012430291 280.00014237557264 48.282638257000144
820 287.10234697580654 280.00014244353036 48.341581809000218
821 287.09620113440104 280.00014251140567 48.400437236000016
822 287.09006258587891 280.00014257920066 48.459380109999984
823 287.0839313160775 280.00014264691504 48.518313401999876
824 287.07780731087075 280.00014271454688 48.577292995999869
825 287.07169055619198 280.00014278210585 48.636085400999946
826 287.06558103799381 280.00014284957666 48.69503067200003
827 287.05947874229628 280.00014291697329 48.753880682000272
828 287.05338365514086 280.00014298428744 48.812835952000114
829 287.04729576262179 280.00014305152467 48.87165684799993
830 287.04121505087733 280.00014311867875 48.930622431000302
831 287.03514150607924 280.00014318575802 48.989572545000101
832 287.02907511444943 280.00014325275856 49.048615107999922
833 287.02301586224758 280.00014331967253 49.107476422000218
834 287.01696373577266 280.00014338651334 49.166423362999922
835 287.01091872137249 280.00014345327617 49.225253949000034
836 287.0048808054234 280.00014351996464 49.284223806000227
837 286.99884997435379 280.00014358656733 49.343126945000222
838 286.99282621462925 280.00014365309602 49.402091905999896
839 286.9868095127548 280.00014371954109 49.460946971999874
840 286.98079985527573 280.00014378591635 49.519883859999936
841 286.97479722877858 280.00014385221124 49.578873509000005
842 286.9688016198902 280.00014391842507 49.638082378000036
843 286.96281301527449 280.00014398456511 49.696923850000076
844 286.95683140164391 280.00014405062484 49.755847717000051
845 286.9508567657337 280.00014411661243 49.81473215799997
846 286.94488909433784 280.00014418251936 49.873640140000134
847 286.93892837427535 280.00014424834995 49.932515986999988
848 286.9329745924116 280.00014431410591 49.991433552000217
849 286.92702773565111 280.00014437978325 50.050293253000291
850 286.92108779092752 280.00014444538448 50.109246185000302
851 286.91515474522345 280.00014451091232 50.168073962000108
852 286.9092285855628 280.00014457635814 50.227042833000269
853 286.90330929899085 280.00014464173393 50.285827015999985
854 286.89739687261232 280.00014470702837 50.344800627000041
855 286.89149129355371 280.00014477225204 50.403628872999889
856 286.8855925489832 280.00014483739864 50.462577900000269
857 286.87970062611254 280.00014490246957 50.52139239600001
858 286.87381551218823 280.00014496746547 50.58038611100028
859 286.86793719449059 280.00014503238509 50.639262169000176
860 286.86206566033286 280.0001450972315 50.698234999000306
861 286.85620089708277 280.00014516200315 50.75708959900021
862 286.85034289212985 280.00014522669835 50.816030241000135
863 286.84449163290174 280.00014529132068 50.874879424000028
864 286.83864710687254 280.00014535587189 50.933809545000258
865 286.83280930153757 280.00014542034478 50.99263810299999
866 286.82697820444349 280.00014548474542 51.051573953000116
867 286.82115380316191 280.00014554906852 51.110488972999974
868 286.81533608530731 280.00014561332239 51.169456179999997
869 286.80952503853047 280.00014567749884 51.228283126999941
870 286.80372065050511 280.00014574160394 51.287220127000182
871 286.79792290896131 280.00014580563851 51.346108428000207
872 286.79213180165061 280.00014586959304 51.405019332999927
873 286.78634731635952 280.00014593347618 51.463855134999903
874 286.78056944091952 280.00014599728996 51.522784946000229
875 286.7747981631864 280.00014606102928 51.58163882000008
876 286.76903347105792 280.00014612469494 51.640963425999871
877 286.7632753524656 280.00014618828703 51.699746310000137
878 286.75752379536829 280.00014625180762 51.758714455000245
879 286.75177878777032 280.00014631525659 51.817534214000261
880 286.7460403177011 280.00014637863461 51.876500119999946
881 286.74030837323318 280.00014644193709 51.93538191100015
882 286.73458294246603 280.0001465051709 51.994334327000161
883 286.72886401353912 280.00014656832792 52.053154919999997
884 286.7231515746148 280.00014663141883 52.11213707800016
885 286.71744561390233 280.00014669443863 52.17098689300019
886 286.71174611963573 280.00014675738544 52.229948061999949
887 286.70605308008834 280.00014682025926 52.288734022999961
888 286.70036648355995 280.00014688306237 52.347701442000016
889 286.69468631838743 280.00014694579454 52.406556830000227
890 286.68901257294726 280.00014700845861 52.465462790999936
891 286.68334523563436 280.00014707104737 52.524309481000273
892 286.67768429488848 280.00014713356956 52.583244973000092
893 286.67202973917512 280.00014719601882 52.642174371000237
894 286.66638155699462 280.00014725839867 52.701116113999888
895 286.66073973688617 280.00014732070349 52.759969470000215
896 286.65510426741002 280.00014738294607 52.818914494000182
897 286.6494751371622 280.00014744511617 52.877826808999998
898 286.64385233477537 280.00014750721158 52.936777248999988
899 286.63823584891213 280.00014756924423 52.995578626000224
900 286.63262566826097 280.00014763120168 53.054506879000201
901 286.62702178155035 280.00014769309172 53.113371904999894
902 286.62142417753824 280.00014775491468 53.172317868999926
903 286.61583284500705 280.00014781666687 53.23118185400017
904 286.61024777278419 280.00014787834778 53.290149692999876
905 286.60466894970921 280.00014793995922 53.349035448999985
906 286.59909636467194 280.00014800150484 53.408001933999913
907 286.59353000658228 280.00014806297872 53.466815919000055
908 286.58796986438222 280.00014812438775 53.525776154000141
909 286.58241592704542 280.00014818572356 53.584608889000265
910 286.57686818357973 280.00014824699531 53.643898917000115
911 286.57132662301683 280.00014830820044 53.702770870000222
912 286.56579123441981 280.00014836933207 53.761722095000096
913 286.56026200689212 280.00014843039594 53.820561183999871
914 286.55473892954984 280.00014849139666 53.879517409000073
915 286.54922199155669 280.00014855232473 53.938434050000069
916 286.54371118209281 280.00014861318891 53.997364076999929
917 286.53820649037476 280.0001486739834 54.056219259000045
918 286.53270790565 280.00014873471235 54.115160590999949
919 286.5272154171866 280.00014879536752 54.174060048000229
920 286.52172901429759 280.00014885596141 54.23298768199993
921 286.51624868630864 280.00014891648743 54.291908181000053
922 286.51077442258446 280.00014897694689 54.350884617000247
923 286.50530621252079 280.00014903733853 54.409783865999998
924 286.49984404553169 280.00014909766293 54.468678896000256
925 286.49438791107133 280.00014915792042 54.527531530000033
926 286.48893779861328 280.00014921811135 54.586471716000233
927 286.48349369767357 280.00014927823941 54.645316850000199
928 286.47805559778021 280.00014933829709 54.704306724000162
929 286.47262348849489 280.00014939829094 54.763152690999959
930 286.46719735941758 280.00014945821778 54.822119752000162
931 286.46177720016624 280.00014951807697 54.880966293000256
932 286.45636300038558 280.00014957787619 54.939961739999944
933 286.45095474975898 280.00014963760054 54.998760987999958
934 286.44555243798823 280.00014969726897 55.057717840999885
935 286.44015605480041 280.0001497568656 55.11654214400005
936 286.43476558996622 280.00014981639896 55.175549312999919
937 286.42938103326526 280.00014987586621 55.234360804000062
938 286.42400237451727 280.00014993526827 55.293253805999939
939 286.41862960356463 280.00014999460632 55.352097537000191
940 286.41326271027629 280.00015005387735 55.411052935000043
941 286.40790168455146 280.00015011308739 55.469958540999869
942 286.4025465163129 280.00015017223149 55.528909772000134
943 286.39719719551363 280.00015023130817 55.58776022200027
944 286.39185371213392 280.00015029032141 55.647041819000151
945 286.38651605617372 280.00015034927173 55.706012165000175
946 286.3811842176687 280.00015040815526 55.764977094000187
947 286.37585818667992 280.00015046697825 55.823922857000071
948 286.37053795328893 280.00015052573679 55.882850807000068
949 286.36522350760765 280.00015058443279 55.941727350000292
950 286.35991483977517 280.00015064305904 56.000631967000118
951 286.35461193995769 280.00015070162317 56.059443144999932
952 286.34931479834194 280.00015076012971 56.118368910000299
953 286.34402340514424 280.00015081856736 56.177186186000199
954 286.33873775061221 280.00015087693998 56.236146118000306
955 286.33345782500635 280.0001509352528 56.295003915000052
956 286.32818361862934 280.00015099350247 56.35399577499993
957 286.32291512179586 280.00015105168808 56.412839196000277
958 286.31765232485253 280.00015110981252 56.471826368000166
959 286.31239521817014 280.00015116787341 56.530679790000249
960 286.30714379214101 280.00015122586893 56.589616858000227
961 286.30189803719219 280.00015128380505 56.648430539999936
962 286.29665794377172 280.00015134167847 56.70738448200018
963 286.29142350234304 280.0001513994863 56.766356603000077
964 286.28619470341118 280.00015145723529 56.825287629000286
965 286.28097153749508 280.00015151492238 56.884113238000282
966 286.27575399514137 280.00015157254245 56.943094264000138
967 286.27054206691946 280.00015163010505 57.002147166000213
968 286.26533574342858 280.00015168760507 57.06106558700003
969 286.26013501528632 280.00015174504324 57.119931512000221
970 286.25493987314542 280.00015180241775 57.178871968000294
971 286.24975030766495 280.00015185973444 57.23776356999997
972 286.24456630954251 280.00015191698674 57.296684338999967
973 286.23938786950231 280.00015197417679 57.355618598000092
974 286.23421497828218 280.00015203130454 57.414548742000079
975 286.22904762664581 280.00015208837465 57.473386906000087
976 286.223885805387 280.00015214538269 57.53232548699998
977 286.21872950531719 280.00015220233013 57.591158755999913
978 286.21357871727594 280.00015225921538 57.650098952000008
979 286.20843343212965 280.00015231604317 57.70928482599993
980 286.20329364075582 280.00015237280707 57.769312682999953
981 286.19815933406898 280.00015242951008 57.829068455000197
982 286.19303050300033 280.00015248615392 57.88883396700021
983 286.18790713850353 280.00015254274086 57.948478489000081
984 286.18278923156061 280.00015259925829 58.008283271999971
985 286.17767677316908 280.00015265572318 58.068094514000222
986 286.17256975436601 280.00015271212493 58.127877477000311
987 286.16746816618416 280.00015276846568 58.18774189900023
988 286.16237199970823 280.00015282475266 58.247340121999969
989 286.15728124602617 280.00015288097455 58.306864958999995
990 286.15219589625627 280.00015293713562 58.366843131000223
991 286.1471159415396 280.00015299324127 58.42642572900013
992 286.14204137303784 280.00015304928462 58.486287443000037
993 286.13697218193357 280.00015310526925 58.545922958000119
994 286.13190835944198 280.00015316119533 58.605758994000098
995 286.1268498967849 280.00015321706098 58.66563128100006
996 286.12179678522244 280.00015327287042 58.725474348000262
997 286.11674901602441 280.00015332861659 58.785085019000235
998 286.11170658048798 280.00015338430427 58.844933348000268
999 286.10666946993712 280.0001534399351 58.904618914999901
1000 286.10163767570157 280.00015349550677 58.964429899000152
1001 286.09661118916074 280.00015355101868 59.024109684999985
1002 286.09159000168574 280.00015360647654 59.083928430000014
1003 286.08657410469078 280.00015366186875 59.143621761000304
1004 286.08156348960313 280.00015371720792 59.203578426000149
1005 286.07655814786938 280.00015377248729 59.263277642000048
1006 286.07155807096382 280.00015382770886 59.323244776000138
1007 286.06656325038102 280.00015388287403 59.382977899000252
1008 286.06157367763609 280.00015393797906 59.44292081399999
1009 286.05658934425844 280.00015399302595 59.502658051000253
1010 286.05161024181558 280.00015404801781 59.562551383000027
1011 286.04663636187837 280.00015410294861 59.622319245000199
1012 286.04166769604751 280.00015415782224 59.68222262900008
1013 286.03670423594724 280.00015421264027 59.741944397000225
1014 286.03174597321669 280.00015426740191 59.801761322999937
1015 286.02679289952067 280.00015432210154 59.861469028000101
1016 286.02184500653846 280.00015437674949 59.921377777000089
1017 286.01690228597658 280.00015443133736 59.980979024000135
1018 286.01196472956076 280.00015448586743 60.041502671000217
1019 286.00703232903822 280.00015454034241 60.100573656000051
1020 286.00210507617237 280.0001545947573 60.160474491000059
1021 285.99718296274983 280.00015464911854 60.220180845999948
1022 285.99226598057754 280.00015470342362 60.280012983000233
1023 285.98735412148505 280.00015475767083 60.340117411999927
1024 285.98244737731909 280.00015481185909 60.399979341000289
1025 285.9775457399499 280.00015486599301 60.459702988000117
1026 285.97264920125775 280.00015492007282 60.519450280000001
1027 285.96775775316218 280.00015497409498 60.579178354000305
1028 285.96287138758004 280.00015502806008 60.638943980000022
1029 285.9579900964664 280.0001550819714 60.698575751000135
1030 285.95311387179061 280.00015513582372 60.758466482000131
1031 285.94824270553642 280.00015518962203 60.818156274000103
1032 285.94337658971142 280.00015524336601 60.878010286000062
1033 285.93851551634549 280.00015529705138 60.937774037000054
1034 285.9336594774843 280.00015535068286 60.997626538000077
1035 285.9288084651937 280.00015540425875 61.057393258000047
1036 285.92396247155966 280.00015545777899 61.117251229999965
1037 285.9191214886871 280.00015551124216 61.177004308000051
1038 285.91428550870484 280.00015556465337 61.236778843000138
1039 285.90945452375217 280.0001556180078 61.296570462000091
1040 285.9046285259945 280.0001556713068 61.35641854000005
1041 285.89980750760913 280.00015572454737 61.41619255400019
1042 285.89499146080573 280.00015577773723 61.47608495500026
1043 285.89018037779744 280.0001558308727 61.535693136000191
1044 285.88537425082978 280.0001558839495 61.595538921000298
1045 285.88057307215564 280.00015593697401 61.655247831999986
1046 285.87577683405823 280.00015598994719 61.715110700999958
1047 285.87098552882702 280.00015604285937 61.774698986000203
1048 285.86619914878122 280.00015609572449 61.834423624999999
1049 285.86141768625117 280.00015614853038 61.894070763999935
1050 285.85664113358877 280.00015620128312 61.953878632999931
1051 285.85186948316641 280.00015625398117 62.013567283000157
1052 285.84710272737323 280.00015630662932 62.073196349000227
1053 285.84234085861885 280.00015635921778 62.132851251999909
1054 285.83758386931908 280.00015641175264 62.193064543000219
1055 285.832831751924 280.00015646423702 62.252683143000013
1056 285.82808449890092 280.00015651666541 62.312557109999943
1057 285.82334210272342 280.00015656904139 62.372393940000165
1058 285.81860455589219 280.00015662136218 62.432244729000104
1059 285.81387185091802 280.00015667363209 62.491892497000208
1060 285.80914398034872 280.0001567258476 62.551636983000208
1061 285.80442093672315 280.00015677801059 62.611367407000216
1062 285.79970271261686 280.00015683011651 62.671193143999972
1063 285.79498930061783 280.0001568821724 62.730966224999975
1064 285.79028069333543 280.00015693417936 62.790833732999999
1065 285.7855768833831 280.00015698612668 62.850613479999993
1066 285.78087786341121 280.00015703802183 62.910436092000054
1067 285.77618362607376 280.00015708986729 62.970219537000048
1068 285.77149416404848 280.00015714165681 63.030118607000077
1069 285.76680947002984 280.00015719339433 63.089850022000064
1070 285.76212953672893 280.00015724508188 63.14970763700012
1071 285.75745435687281 280.00015729671401 63.209612075000223
1072 285.75278392320661 280.00015734829771 63.269625940999958
1073 285.7481182284962 280.0001573998224 63.329333919999954
1074 285.74345726551536 280.00015745129787 63.38940054700015
1075 285.73880102707028 280.00015750272428 63.449093837999953
1076 285.73414950596879 280.00015755409794 63.508814838000035
1077 285.7295026950423 280.00015760541561 63.568498859000101
1078 285.72486058713844 280.00015765668462 63.628351318000114
1079 285.72022317512995 280.00015770790151 63.687807317000079
1080 285.71559045189184 280.00015775906252 63.747704672000054
1081 285.71096241032194 280.00015781017913 63.807683746000293
1082 285.70633904334034 280.00015786124129 63.867454486000042
1083 285.70172034387861 280.00015791224723 63.927360643000156
1084 285.69710630488021 280.0001579632069 63.987171643000238
1085 285.69249691931731 280.00015801411303 64.046835351000027
1086 285.68789218016565 280.0001580649664 64.106677290999869
1087 285.68329208042928 280.00015811577191 64.166651420000107
1088 285.67869661312318 280.0001581665237 64.226541694999923
1089 285.6741057712731 280.00015821722616 64.286413272000118
1090 285.66951954792779 280.0001582678799 64.346286514999974
1091 285.66493793615467 280.00015831847867 64.40604314400025
1092 285.66036092903141 280.00015836902571 64.465826908000054
1093 285.65578851965466 280.00015841952523 64.525637443000051
1094 285.65122070113529 280.00015846997286 64.585562093000135
1095 285.64665746660251 280.00015852036756 64.645217210000283
1096 285.64209880920311 280.00015857071594 64.70513660000006
1097 285.63754472209257 280.00015862101088 64.76494473899993
1098 285.63299519844787 280.0001586712595 64.824828190000062
1099 285.62845023146701 280.00015872145212 64.884527109999908
1100 285.62390981434936 280.00015877159353 64.944595562999893
1101 285.61937394032384 280.00015882169248 65.007203611000023
1102 285.61484260262841 280.00015887173618 65.067310761000044
1103 285.61031579451753 280.0001589217319 65.127128799000275
1104 285.60579350926031 280.00015897167873 65.186980483000298
1105 285.60127574014615 280.00015902157406 65.246667635999984
1106 285.5967624804743 280.0001590714179 65.307407031999901
1107 285.59225372355536 280.00015912121819 65.367767521000133
1108 285.58774946273712 280.0001591709588 65.427585507000003
1109 285.58324969135759 280.00015922065671 65.48710416799986
1110 285.57875440277917 280.00015927030245 65.547183979000238
1111 285.57426359038186 280.00015931990254 65.606741130000046
1112 285.56977724755745 280.00015936945164 65.666621720999956
1113 285.56529536771797 280.00015941894918 65.725914182999986
1114 285.56081794428235 280.00015946839829 65.786117067000305
1115 285.55634497069849 280.0001595177992 65.845811197999865
1116 285.55187644041342 280.00015956714918 65.90554585100017
1117 285.54741234689311 280.00015961645175 65.965368836999914
1118 285.54295268362716 280.00015966570356 66.025163489000079
1119 285.53849744411195 280.00015971490433 66.084840850000091
1120 285.53404662185886 280.00015976406661 66.144472016000236
1121 285.52960021040138 280.00015981317091 66.204443079000157
1122 285.52515820328136 280.00015986222746 66.264190026000051
1123 285.52072059405259 280.00015991124059 66.323767962000147
1124 285.51628737628903 280.00015996020051 66.383454856000299
1125 285.51185854357698 280.00016000911171 66.443063833999986
1126 285.50743408951979 280.00016005797829 66.5031591689999
1127 285.5030140077339 280.00016010679218 66.562797938000131
1128 285.49859829185078 280.00016015556037 66.622551603999909
1129 285.49418693550894 280.00016020428126 66.682269957000244
1130 285.48977993237702 280.00016025295179 66.74230351999995
1131 285.48537727611745 280.00016030157514 66.802035051000075
1132 285.48097896042981 280.00016035015278 66.861709757999961
1133 285.47658497900841 280.00016039867961 66.921392486000059
1134 285.47219532557261 280.00016044715665 66.981287924000299
1135 285.46780999385203 280.00016049559059 67.041019663000043
1136 285.4634289775903 280.00016054397446 67.100920362000124
1137 285.45905227054914 280.00016059231257 67.16064309300009
1138 285.45467986649891 280.00016064060378 67.220533064999927
1139 285.45031175922531 280.00016068884378 67.280206630000066
1140 285.4459479425355 280.00016073704137 67.34010483100019
1141 285.44158841023426 280.00016078518689 67.399887093999951
1142 285.43723315615426 280.00016083328768 67.45971696100014
1143 285.43288217414204 280.00016088134271 67.519403911000154
1144 285.42853545804957 280.00016092935022 67.579254404000039
1145 285.42419300174475 280.00016097730736 67.638989167000091
1146 285.41985479911278 280.0001610252159 67.698906066000291
1147 285.41552084405373 280.00016107308471 67.758440515000075
1148 285.41119113047375 280.00016112090196 67.818290069999875
1149 285.40686565229817 280.00016116866942 67.877913218000231
1150 285.40254440346672 280.00016121639396 67.937701209999886
1151 285.39822737792775 280.00016126407462 67.997659618999933
1152 285.39391456964847 280.00016131170446 68.057493237000017
1153 285.38960597260518 280.00016135928769 68.117035293000299
1154 285.38530158078879 280.00016140682908 68.176956204999897
1155 285.38100138820602 280.00016145431982 68.236912431000292
1156 285.37670538887448 280.00016150176367 68.296787301000222
1157 285.37241357682296 280.00016154916682 68.356588838999869
1158 285.36812594609881 280.00016159652012 68.416408449000301
1159 285.36384249075701 280.00016164382714 68.476029046999884
1160 285.35956320487287 280.00016169108795 68.535838761999912
1161 285.35528808252235 280.0001617383038 68.595439464000265
1162 285.35101711781226 280.00016178547145 68.655301783000141
1163 285.34675030483993 280.00016183259464 68.714888371000143
1164 285.34248763774031 280.00016187967321 68.774706314000014
1165 285.33822911064442 280.00016192670358 68.834331601000031
1166 285.333974717697 280.00016197369399 68.894724651000161
1167 285.32972445306137 280.0001620206308 68.954326708000281
1168 285.32547831091455 280.00016206752616 69.014191630999903
1169 285.32123628544167 280.0001621143727 69.073786292000023
1170 285.31699837084415 280.00016216118019 69.133489081999869
1171 285.31276456133031 280.00016220793873 69.193185986000117
1172 285.30853485112686 280.00016225464816 69.252976796999974
1173 285.30430923447562 280.00016230132024 69.312661252999987
1174 285.30008770562159 280.00016234794163 69.372532742000203
1175 285.29587025882654 280.00016239452054 69.432248135999998
1176 285.29165688837003 280.00016244105393 69.492174364000221
1177 285.28744758853736 280.00016248754088 69.551867779000077
1178 285.2832423536272 280.00016253398451 69.611784371999875
1179 285.27904117795691 280.0001625803805 69.671445286000107
1180 285.27484405584693 280.00016262673586 69.731382869000299
1181 285.27065098163285 280.00016267304568 69.791141596000216
1182 285.26646194967049 280.0001627193073 69.851000376000229
1183 285.26227695431862 280.00016276552799 69.910773843000243
1184 285.25809598994545 280.00016281170082 69.970632518999992
1185 285.25391905094693 280.00016285783283 70.03040874699991
1186 285.24974613171275 280.00016290391983 70.090473362000012
1187 285.24557722665833 280.00016294995999 70.150284645000283
1188 285.24141233020288 280.00016299596058 70.210180772000058
1189 285.23725143677984 280.00016304191416 70.270000024000183
1190 285.23309454084392 280.00016308782364 70.329881932000262
1191 285.22894163684327 280.00016313368849 70.389497536999897
1192 285.22479271925027 280.00016317950667 70.449402882999948
1193 285.22064778254907 280.00016322528683 70.508883748000244
1194 285.21650682123294 280.00016327102048 70.568719769999916
1195 285.21236982981009 280.00016331671162 70.628188864000094
1196 285.20823680279511 280.00016336235706 70.68789821900009
1197 285.20410773471707 280.0001634079585 70.747594813999967
1198 285.19998262011319 280.00016345351503 70.807696931999999
1199 285.19586145354123 280.00016349903007 70.86732279700027
1200 285.19174422956888 280.00016354450156 70.927366424999946
1201 285.18763094276494 280.00016358992781 70.987036300999989
1202 285.18352158772075 280.00016363531364 71.046862636000242
1203 285.17941615903203 280.00016368065531 71.106453347000297
1204 285.17531465131214 280.00016372595115 71.166305310000098
1205 285.1712170591814 280.00016377120801 71.225925658000051
1206 285.16712337727438 280.00016381641763 71.285757465000188
1207 285.16303360023585 280.00016386158308 71.3456916680002
1208 285.15894772271668 280.00016390671118 71.405561236000267
1209 285.15486573939432 280.00016395179222 71.465223406999939
1210 285.15078764493893 280.00016399683108 71.525063287000194
1211 285.14671343404495 280.00016404182713 71.584683477999988
1212 285.14264310141112 280.00016408678061 71.64443091000021
1213 285.13857664175345 280.00016413168851 71.704025006999927
1214 285.13451404979037 280.00016417655786 71.764166815999943
1215 285.13045532026246 280.0001642213843 71.824158155000077
1216 285.12640044790811 280.00016426616514 71.884170952000204
1217 285.12234942749461 280.00016431090694 71.943843123000079
1218 285.1183022537806 280.000164355604 72.003644669000096
1219 285.11425892154898 280.00016440025581 72.063306632000149
1220 285.11021942558801 280.00016444487227 72.123138702000233
1221 285.10618376070408 280.00016448944183 72.182799209000223
1222 285.10215192170489 280.00016453397188 72.242591957000059
1223 285.09812390340801 280.00016457845777 72.30225209900027
1224 285.09409970065713 280.00016462289915 72.362050887999885
1225 285.0900793082875 280.00016466730091 72.42170566599998
1226 285.08606272116162 280.0001647116606 72.48151768400021
1227 285.0820499341433 280.0001647559796 72.541262723000273
1228 285.07804094210513 280.00016480025607 72.601134429000012
1229 285.07403573994094 280.00016484448741 72.660640769000111
1230 285.07003432254248 280.00016488868056 72.72052659000019
1231 285.06603668482097 280.00016493282953 72.78020694099996
1232 285.0620428216958 280.00016497693815 72.839984062999974
1233 285.05805272810136 280.00016502100902 72.899785040000097
1234 285.05406639897137 280.00016506503243 72.962469468000108
1235 285.05008382925797 280.00016510901668 73.021801171999869
1236 285.04610501392534 280.00016515296079 73.081729858000017
1237 285.04212994794409 280.00016519686136 73.141392243000155
1238 285.03815862629318 280.00016524071998 73.20137337999995
1239 285.03419104397238 280.00016528453892 73.261181495000073
1240 285.03022719597811 280.00016532831609 73.322522378000031
1241 285.02626707732708 280.00016537205244 73.382266691000041
1242 285.02231068304206 280.00016541575008 73.442140952000045
1243 285.01835800815678 280.00016545940076 73.501773702000264
1244 285.01440904771562 280.00016550301666 73.561678276000293
1245 285.01046379677462 280.00016554658879 73.621285765000266
1246 285.00652225039386 280.00016559011482 73.68101039000021
1247 285.002584403654 280.00016563360447 73.740705796999919
1248 284.9986502516341 280.00016567705603 73.800415161000274
1249 284.99471978943461 280.0001657204669 73.860031140000046
1250 284.99079301215636 280.00016576383229 73.919935974000055
1251 284.98686991491519 280.00016580715732 73.979713880999952
1252 284.98295049283996 280.00016585044494 74.039724236999973
1253 284.97903474106255 280.00016589369022 74.099311675000081
1254 284.97512265472989 280.00016593689787 74.159216929000195
1255 284.97121422899352 280.00016598006215 74.218628794999859
1256 284.96730945901771 280.00016602318794 74.278196026999922
1257 284.96340833998414 280.00016606627423 74.337678205999964
1258 284.95951086707544 280.00016610931567 74.397541636999904
1259 284.95561703547821 280.00016615231482 74.457265952999933
1260 284.95172684040438 280.00016619528492 74.51720474900003
1261 284.94784027706692 280.00016623820807 74.576983023000139
1262 284.94395734068729 280.00016628109319 74.636760463999963
1263 284.94007802650214 280.00016632393454 74.696522853000261
1264 284.9362023297515 280.00016636673558 74.756376492000072
1265 284.9323302456915 280.00016640950139 74.816136329000074
1266 284.92846176958142 280.00016645222581 74.876014552000015
1267 284.92459689669374 280.00016649490766 74.936232827999902
1268 284.92073562231218 280.00016653755529 74.996118343000035
1269 284.91687794172611 280.00016658016159 75.055969481999909
1270 284.91302385023573 280.00016662272299 75.115822707000007
1271 284.90917334315111 280.00016666524931 75.175264055000298
1272 284.90532641579676 280.00016670773795 75.235146343999986
1273 284.90148306349613 280.00016675018134 75.294636702999924
1274 284.89764328159009 280.00016679259124 75.35458180400019
1275 284.89380706542659 280.00016683495858 75.41428482099991
1276 284.88997441036202 280.00016687728862 75.474202265000258
1277 284.88614531176256 280.00016691957893 75.533880959000271
1278 284.88231976500327 280.00016696182655 75.593910226999924
1279 284.8784977654729 280.00016700403671 75.653780744999949
1280 284.8746793085657 280.00016704620981 75.713857669999925
1281 284.87086438967964 280.00016708834153 75.773331518000305
1282 284.86705300423569 280.00016713043482 75.833219900000131
1283 284.86324514765096 280.00016717249008 75.892681456999981
1284 284.85944081535598 280.00016721450658 75.952583381000295
1285 284.85564000279589 280.00016725648345 76.012089522000224
1286 284.85184270541714 280.00016729842014 76.071932018000098
1287 284.84804891867481 280.00016734031965 76.131456599000103
1288 284.84425863804171 280.00016738217857 76.191678319999937
1289 284.84047185899266 280.00016742400203 76.251474099999996
1290 284.83668857701366 280.00016746578348 76.311336339000263
1291 284.83290878759999 280.00016750752837 76.371068630000082
1292 284.82913248625397 280.00016754923757 76.430956911000067
1293 284.82535966848616 280.00016759090238 76.490664462000041
1294 284.82159032982429 280.00016763253171 76.550531545000013
1295 284.81782446579518 280.0001676741237 76.610002271000212
1296 284.8140620719339 280.00016771567664 76.670104356000138
1297 284.81030314379763 280.00016775718973 76.729703312000311
1298 284.80654767693426 280.0001677986653 76.789586541000062
1299 284.80279566691479 280.00016784010404 76.849018674000035
1300 284.7990471093126 280.00016788150418 76.908917579999979
1301 284.79530199970606 280.00016792286482 76.968739142000231
1302 284.79156033369594 280.0001679641864 77.028835757000252
1303 284.78782210687564 280.00016800547468 77.088459246000184
1304 284.7840873148574 280.00016804672123 77.148282789999939
1305 284.78035595325872 280.00016808793163 77.207942844000172
1306 284.77662801770629 280.00016812910377 77.267741751999893
1307 284.77290350383413 280.0001681702372 77.327444619000289
1308 284.76918240728696 280.00016821133357 77.387145298000178
1309 284.76546472371473 280.00016825239294 77.447075352999946
1310 284.76175044878238 280.00016829341297 77.506955459999972
1311 284.75803957815447 280.00016833439486 77.566656712000167
1312 284.75433210751208 280.00016837534304 77.626372962999994
1313 284.75062803254019 280.00016841625194 77.685989058999894
1314 284.74692734893398 280.00016845712054 77.745833175999906
1315 284.74323005239876 280.00016849795486 77.805563646999872
1316 284.73953613864131 280.00016853875235 77.865316981999968
1317 284.73584560337963 280.00016857950789 77.924974848000147
1318 284.73215844234892 280.00016862023153 77.984786256999996
1319 284.72847465128035 280.0001686609142 78.044532717000038
1320 284.72479422592153 280.00016870156207 78.104476471999988
1321 284.72111716202625 280.00016874217476 78.164216008000039
1322 284.71744345535257 280.00016878274766 78.224475599000016
1323 284.71377310167139 280.00016882328367 78.284096644999863
1324 284.71010609676097 280.00016886378324 78.344299725999917
1325 284.706442436408 280.00016890424388 78.403912802999912
1326 284.70278211640357 280.00016894466938 78.463774422999904
1327 284.69912513255201 280.00016898505646 78.523410885999965
1328 284.69547148066198 280.00016902540904 78.583300215000236
1329 284.6918211565544 280.00016906572301 78.642716207999911
1330 284.68817415605599 280.00016910600073 78.702487671000199
1331 284.68453047499975 280.00016914624132 78.762101686000278
1332 284.68089010922694 280.00016918644775 78.822102837999864
1333 284.67725305458993 280.00016922661325 78.881865759999982
1334 284.67361930694977 280.00016926674436 78.94181347499989
1335 284.66998886216697 280.00016930684308 79.001536031999876
1336 284.66636171612191 280.00016934690166 79.061466975000258
1337 284.66273786469117 280.00016938692238 79.12118916999998
1338 284.6591173037728 280.00016942691059 79.180980845000249
1339 284.65550002925687 280.00016946685747 79.240933719000168
1340 284.65188603705633 280.00016950677013 79.300643519000005
1341 284.648275323083 280.0001695466492 79.360352433000116
1342 284.64466788325853 280.00016958649161 79.420030045000203
1343 284.64106371350658 280.00016962629707 79.4799804700001
1344 284.63746280977563 280.00016966606393 79.539789229000235
1345 284.63386516800392 280.00016970579719 79.599400746999891
1346 284.63027078414291 280.00016974549197 79.659212213000046
1347 284.62667965415756 280.00016978515441 79.719029513999885
1348 284.62309177401602 280.00016982478121 79.778618479000215
1349 284.6195071396906 280.00016986437072 79.838894323000204
1350 284.61592574716684 280.00016990392129 79.898372194999865
1351 284.61234759243717 280.00016994344099 79.957856108000215
1352 284.60877267150181 280.00016998292278 80.017756950000148
1353 284.60520098036005 280.00017002236706 80.077440239000225
1354 284.60163251503371 280.00017006177831 80.137352959000054
1355 284.59806727154307 280.00017010115295 80.197071252000114
1356 284.59450524591063 280.00017014048944 80.257004440999935
1357 284.59094643418166 280.00017017979718 80.316612212000109
1358 284.58739083239664 280.00017021906666 80.376485972999944
1359 284.58383843660732 280.00017025829635 80.436103431999982
1360 284.58028924287265 280.00017029749637 80.49593198499997
1361 284.57674324725872 280.00017033665699 80.555565276999914
1362 284.57320044584242 280.00017037578368 80.615436070000214
1363 284.56966083470218 280.0001704148745 80.675063058999967
1364 284.56612440992842 280.00017045393093 80.734886195999934
1365 284.5625911676135 280.00017049295303 80.794542092000029
1366 284.55906110386354 280.00017053194131 80.854858564000097
1367 284.55553421479033 280.00017057089298 80.914729930000249
1368 284.55201049651356 280.00017060980946 80.975514373999886
1369 284.54848994515504 280.00017064868956 81.035392615000092
1370 284.54497255684657 280.00017068753579 81.0955563790003
1371 284.54145832772878 280.0001707263466 81.15539462300012
1372 284.53794725395335 280.00017076512358 81.215142397999898
1373 284.53443933167318 280.00017080386766 81.276855860000069
1374 284.53093455704243 280.00017084257615 81.336780302000079
1375 284.52743292623978 280.0001708812477 81.396482556000137
1376 284.52393443543292 280.00017091988576 81.456293663999986
1377 284.52043908081015 280.00017095848864 81.515910500000246
1378 284.5169468585587 280.00017099705781 81.575775410999995
1379 284.51345776487642 280.00017103559134 81.635317975999897
1380 284.50997179596919 280.0001710740911 81.69510549000006
1381 284.50648894804601 280.00017111255715 81.754549253000278
1382 284.50300921732861 280.00017115098819 81.814335465000113
1383 284.49953260003809 280.00017118938484 81.874095427000157
1384 284.49605909240842 280.00017122774938 81.933944660000179
1385 284.49258869067927 280.00017126607247 81.99348441300026
1386 284.48912139109603 280.00017130436862 82.053521980999903
1387 284.48565718991529 280.00017134262208 82.113201163000213
1388 284.48219608339235 280.00017138084866 82.173085347999859
1389 284.47873806779734 280.00017141903794 82.232639165999899
1390 284.47528313940228 280.00017145719966 82.292488870999932
1391 284.47183129449269 280.00017149532232 82.352137585000037
1392 284.46838252935368 280.00017153340764 82.41198531100008
1393 284.46493684027649 280.00017157146164 82.471719026000301
1394 284.46149422356825 280.00017160948227 82.531621075000203
1395 284.45805467553248 280.00017164747015 82.591350883999894
1396 284.45461819248834 280.00017168542479 82.65112142199996
1397 284.45118477075033 280.0001717233414 82.710891750999963
1398 284.44775440665643 280.00017176123032 82.770741404000091
1399 284.44432709653591 280.00017179907923 82.830492827999933
1400 284.44090283673387 280.0001718368996 82.8904071689999
1401 284.43748162359594 280.0001718746862 82.950161821000165
1402 284.43406345348251 280.00017191243506 83.010062047000247
1403 284.43064832274814 280.00017195015494 83.069772012000158
1404 284.42723622776998 280.00017198783576 83.129757658000017
1405 284.4238271649167 280.00017202548764 83.189388824000162
1406 284.42042113057244 280.00017206310304 83.249553117000232
1407 284.41701812112865 280.0001721006891 83.309339386999909
1408 284.41361813297544 280.00017213823713 83.369179043000258
1409 284.41022116251838 280.00017217575402 83.428751718000058
1410 284.40682720616439 280.00017221323736 83.488611791000039
1411 284.40343626032865 280.00017225068922 83.54826852899987
1412 284.40004832142904 280.00017228810242 83.607963028000086
1413 284.39666338590126 280.00017232548817 83.668062269000075
1414 284.39328145017282 280.00017236283639 83.727959737000219
1415 284.38990251068691 280.0001724001566 83.787608767000165
1416 284.38652656389189 280.00017243744065 83.847464881000178
1417 284.38315360623938 280.00017247469265 83.907091566999952
1418 284.37978363418904 280.00017251191076 83.967026797000017
1419 284.37641664420863 280.00017254909687 84.026581867999994
1420 284.37305263277074 280.00017258624808 84.086546732999977
1421 284.36969159635669 280.00017262336621 84.146262850000312
1422 284.36633353144629 280.00017266045268 84.206041675000051
1423 284.36297843454082 280.00017269750845 84.265954668000177
1424 284.35962630212856 280.00017273453028 84.32577630600008
1425 284.35627713072296 280.00017277152085 84.385421380000025
1426 284.35293091682894 280.00017280847743 84.445226507999905
1427 284.34958765696268 280.00017284540201 84.504924187000142
1428 284.3462473476531 280.000172882291 84.564800200000263
1429 284.34290998542542 280.00017291914855 84.62413053299997
1430 284.33957556681662 280.00017295597257 84.684030193000126
1431 284.33624408837227 280.00017299276669 84.743883236999864
1432 284.33291554663623 280.00017302952955 84.803616958000021
1433 284.32958993816374 280.00017306625688 84.86321567799996
1434 284.32626725951502 280.00017310295283 84.923097733000304
1435 284.32294750725907 280.0001731396182 84.982865829000275
1436 284.31963067796642 280.00017317625043 85.043161793000309
1437 284.31631676821837 280.00017321285048 85.102418949999901
1438 284.31300577459785 280.00017324941723 85.162251579999975
1439 284.30969769369932 280.00017328594799 85.222056607000013
1440 284.30639252211506 280.00017332245233 85.28187710200018
1441 284.30309025645397 280.00017335892426 85.341518221000115
1442 284.29979089331829 280.00017339536294 85.401296735999949
1443 284.29649442932975 280.0001734317687 85.460958168000161
1444 284.29320086110812 280.00017346814212 85.520750174000113
1445 284.28991018528035 280.00017350448576 85.580399886000123
1446 284.2866223984804 280.0001735407958 85.640217099999973
1447 284.28333749734583 280.00017357707515 85.699947751000309
1448 284.28005547852439 280.00017361332056 85.75982913200005
1449 284.27677633866443 280.00017364953817 85.819558168000185
1450 284.27350007442698 280.00017368572298 85.879366058999949
1451 284.27022668246752 280.00017372187529 85.939084782999998
1452 284.26695615946744 280.00017375799479 85.998949756999991
1453 284.26368850209138 280.000173794082 86.058749836000061
1454 284.26042370702316 280.00017383013727 86.118258664000223
1455 284.25716177094961 280.00017386616418 86.178432550000252
1456 284.25390269056089 280.00017390215686 86.238253256000007
1457 284.25064646256288 280.00017393811999 86.297933075999936
1458 284.24739308364724 280.00017397405134 86.357884513000045
1459 284.24414255053267 280.00017400995137 86.417338497999935
1460 284.24089485993414 280.00017404581888 86.477157694000198
1461 284.23765000857134 280.00017408165331 86.536822878000294
1462 284.23440799316984 280.00017411745642 86.596545407000121
1463 284.23116881046514 280.00017415323288 86.656239394000295
1464 284.22793245719436 280.00017418897301 86.716003277000254
1465 284.22469893010179 280.00017422468733 86.775745649999863
1466 284.22146822593919 280.00017426036447 86.835608648000289
1467 284.21824034145476 280.00017429601598 86.895368780999888
1468 284.21501527342002 280.00017433163339 86.95531032100007
1469 284.21179301859786 280.00017436722118 87.015115038000204
1470 284.20857357375837 280.00017440277537 87.075003556999945
1471 284.20535693568013 280.00017443830222 87.135108747000231
1472 284.20214310115119 280.00017447379514 87.195142687000043
1473 284.19893206695826 280.00017450925611 87.254712978000043
1474 284.1957238298956 280.00017454468917 87.314623531000052
1475 284.19251838676598 280.00017458009017 87.374167625000155
1476 284.18931573437141 280.00017461546173 87.434067293000226
1477 284.18611586952875 280.00017465080055 87.493701125999905
1478 284.18291878905006 280.00017468611088 87.553565584999888
1479 284.17972448975718 280.00017472138632 87.613230563999878
1480 284.17653296848744 280.0001747566356 87.673287629000242
1481 284.17334422206181 280.00017479185067 87.732970109000235
1482 284.17015824733164 280.00017482703913 87.793503946999863
1483 284.16697504113364 280.00017486219451 87.852946581000197
1484 284.16379460032186 280.00017489731817 87.913047603999985
1485 284.16061692174452 280.00017493241342 87.97241414400014
1486 284.15744200227221 280.00017496747893 88.032029280000188
1487 284.15426983876722 280.00017500251494 88.091470092000236
1488 284.15110042809692 280.00017503751576 88.151279606000116
1489 284.14793376714516 280.00017507248742 88.211112245000095
1490 284.14476985278844 280.00017510743118 88.271044989000075
1491 284.14160868192175 280.00017514234719 88.331020025000271
1492 284.13845025143075 280.00017517722597 88.390849903999879
1493 284.13529455821902 280.00017521207837 88.450477959000182
1494 284.13214159918471 280.00017524690014 88.51033341099992
1495 284.12899137124464 280.00017528169053 88.57000172700009
1496 284.1258438713042 280.00017531645329 88.629842542999995
1497 284.12269909628998 280.00017535118383 88.689395962000162
1498 284.11955704312447 280.00017538588514 88.749256779000007
1499 284.11641770873507 280.00017542055667 88.809723432000283
1500 284.11328109006195 280.00017545520012 88.87117097700002
1501 284.11014718404226 280.0001754898106 88.930926845000158
1502 284.10701598762245 280.00017552439311 88.990888756000004
1503 284.10388749775558 280.00017555894294 89.050572487999943
1504 284.10076171139485 280.00017559346151 89.110423097999956
1505 284.0976386255054 280.00017562795603 89.17029308400015
1506 284.09451823704558 280.00017566241559 89.230491874000109
1507 284.09140054299763 280.00017569685065 89.290681393999876
1508 284.08828554032971 280.00017573125479 89.350625339000089
1509 284.08517322603171 280.00017576562777 89.40984735200027
1510 284.08206359708078 280.00017579996847 89.470198955999876
1511 284.07895665047903 280.00017583428354 89.529800607000197
1512 284.07585238321838 280.00017586856615 89.58971736400008
1513 284.07275079229709 280.00017590282465 89.649316151000221
1514 284.06965187473133 280.00017593704439 89.709168585000043
1515 284.0665556275294 280.00017597124128 89.76877096599992
1516 284.06346204770603 280.00017600540593 89.82863517099986
1517 284.06037113228848 280.00017603954785 89.888272135000079
1518 284.05728287830112 280.00017607365174 89.948197746000005
1519 284.05419728277781 280.00017610772949 90.007943461000195
1520 284.05111434275329 280.00017614177955 90.068260116000147
1521 284.04803405527377 280.00017617579641 90.127982500000144
1522 284.04495641738629 280.00017620978815 90.18785748900018
1523 284.04188142613617 280.00017624374681 90.247431643000255
1524 284.03880907859138 280.00017627767977 90.307278767000298
1525 284.03573937180954 280.0001763115838 90.366997401999924
1526 284.03267230285564 280.00017634545412 90.426893901000312
1527 284.02960786880061 280.00017637930131 90.486308419000125
1528 284.02654606673042 280.00017641311302 90.546056949000103
1529 284.02348689371462 280.00017644689751 90.605557768999915
1530 284.02043034684749 280.00017648065489 90.66543499799991
1531 284.01737642322036 280.0001765143839 90.724662379000165
1532 284.01432511992692 280.00017654808437 90.784321377000197
1533 284.01127643407034 280.00017658175375 90.844049751000057
1534 284.00823036275824 280.00017661539482 90.903968334000183
1535 284.00518690309661 280.00017664901071 90.963606707000054
1536 284.00214605220418 280.00017668259221 91.023931699000059
1537 283.99910780720097 280.0001767161458 91.083627208000053
1538 283.99607216521269 280.00017674967324 91.143596315000195
1539 283.99303912336586 280.00017678317266 91.203322348000256
1540 283.99000867880517 280.0001768166411 91.263229996000064
1541 283.98698082865849 280.00017685008106 91.322994415000267
1542 283.98395557007694 280.00017688349203 91.382987116000095
1543 283.98093290020745 280.00017691687805 91.442750597000213
1544 283.97791281620135 280.00017695022694 91.502616266000132
1545 283.9748953152191 280.00017698355396 91.562422664000223
1546 283.97188039442756 280.00017701685226 91.622333332999915
1547 283.96886805099177 280.00017705011913 91.682095720000234
1548 283.96585828207861 280.00017708335895 91.741993941000146
1549 283.96285108487552 280.00017711657063 91.801526015000036
1550 283.95984645655687 280.00017714975382 91.86164830000007
1551 283.95684439430585 280.00017718290957 91.921340791000148
1552 283.95384489532387 280.00017721603683 91.981238699000187
1553 283.95084795679884 280.00017724913545 92.040853742000309
1554 283.94785357593429 280.00017728220627 92.100711548000163
1555 283.94486174993267 280.00017731524798 92.160464250000132
1556 283.94187247600695 280.0001773482611 92.220258983999884
1557 283.93888575137078 280.0001773812491 92.279951061000247
1558 283.93590157323518 280.00017741420686 92.340140016000078
1559 283.9329199388327 280.00017744713489 92.399855166000179
1560 283.92994084538861 280.00017748003796 92.45964526500029
1561 283.92696429012909 280.0001775129092 92.519469530000151
1562 283.92399027029535 280.00017754575418 92.579367545999958
1563 283.9210187831257 280.00017757857194 92.638917538999976
1564 283.91804982587439 280.00017761136326 92.698869149000075
1565 283.91508339578763 280.00017764412263 92.758454245999928
1566 283.9121194901125 280.00017767685716 92.818316896999931
1567 283.90915810611449 280.00017770956401 92.877843348000169
1568 283.90619924105636 280.00017774224398 92.937694124000245
1569 283.90324289220928 280.00017777489302 92.997402660000262
1570 283.90028905683982 280.00017780751637 93.057361718000266
1571 283.89733773222645 280.00017784011021 93.116846086999885
1572 283.89438891565328 280.00017787267529 93.177048170000035
1573 283.89144260439917 280.00017790521656 93.23689301200011
1574 283.88849879576361 280.00017793772957 93.296850457999881
1575 283.8855574870376 280.00017797021195 93.356498944000123
1576 283.8826186755166 280.00017800266761 93.416522588000134
1577 283.87968235850468 280.00017803509741 93.475934458000211
1578 283.87674853331151 280.00017806750054 93.535914248000154
1579 283.8738171972501 280.00017809987401 93.595581692999986
1580 283.87088834763352 280.00017813222053 93.65551491999986
1581 283.86796198178223 280.00017816453732 93.715249291999953
1582 283.8650380970206 280.00017819683029 93.775108144000114
1583 283.86211669068285 280.0001782290957 93.834837723999954
1584 283.85919776009717 280.00017826133165 93.894629283000086
1585 283.85628130260193 280.00017829354329 93.954736522000076
1586 283.85336731554253 280.00017832572485 94.014615374000186
1587 283.85045579626006 280.00017835788191 94.074162662000163
1588 283.84754674210853 280.00017839000765 94.133977817999948
1589 283.84464015044404 280.00017842211435 94.193583130000206
1590 283.84173601862267 280.00017845418211 94.2534915680003
1591 283.83883434400622 280.00017848623327 94.313037973000064
1592 283.83593512396664 280.00017851825163 94.372984067000289
1593 283.8330383558681 280.00017855024515 94.432614952000222
1594 283.83014403709649 280.00017858220912 94.492579380000279
1595 283.82725216502502 280.00017861414835 94.552309171000161
1596 283.82436273704076 280.00017864605826 94.612178651000249
1597 283.82147575052988 280.00017867794242 94.671879640000043
1598 283.81859120288374 280.00017870979883 94.73181297400015
1599 283.81570909150446 280.00017874163314 94.791493130000163
1600 283.81282941378612 280.00017877343402 94.851690372000121
1601 283.8099521671366 280.00017880521199 94.911362611000186
1602 283.80707734896896 280.00017883696034 94.971364487000301
1603 283.80420495668892 280.00017886868477 95.03142527
1604 283.80133498771812 280.00017890037941 95.091000374000032
1605 283.79846743947616 280.00017893205154 95.151138348000131
1606 283.79560230939057 280.00017896369155 95.210900277000292
1607 283.79273959488734 280.0001789953086 95.270593925999947
1608 283.78987929340218 280.00017902689603 95.330363563999981
1609 283.78702140237311 280.00017905846232 95.390031274000194
1610 283.78416591924406 280.00017908999854 95.44984310000018
1611 283.78131284145621 280.00017912150662 95.509519509000256
1612 283.77846216645753 280.00017915299384 95.569336022000243
1613 283.7756138917091 280.00017918444684 95.629163109000274
1614 283.77276801466235 280.00017921587687 95.689119310000024
1615 283.76992453278058 280.00017924728047 95.749328117999994
1616 283.76708344353125 280.00017927865736 95.809289007000189
1617 283.76424474438204 280.00017931001042 95.868997343000046
1618 283.76140843280757 280.0001793413345 95.92868562700005
1619 283.75857450628473 280.0001793726334 95.988284326000212
1620 283.75574296229581 280.00017940390063 96.048141881999982
1621 283.75291379832851 280.00017943514928 96.107849802000146
1622 283.75008701186766 280.00017946636757 96.167791891999968
1623 283.74726260040711 280.00017949755994 96.227173250000305
1624 283.74444056144671 280.00017952872679 96.287277320000157
1625 283.74162089248676 280.00017955986965 96.347048003000054
1626 283.73880359103225 280.00017959098517 96.406861132999893
1627 283.73598865459121 280.00017962207193 96.466306137000174
1628 283.73317608067924 280.00017965313623 96.526219841000056
1629 283.7303658668103 280.0001796841712 96.585722658000122
1630 283.72755801050494 280.00017971518429 96.645471570000154
1631 283.72475250928983 280.00017974616702 96.705106053000236
1632 283.72194936068922 280.00017977712366 96.765907315000277
1633 283.71914856224191 280.00017980805768 96.827292591000059
1634 283.71635011147612 280.00017983896169 96.88691384599997
1635 283.71355400593671 280.00017986984341 96.946652965999874
1636 283.71076024316505 280.00017990069824 97.006583336999938
1637 283.70796882071335 280.00017993152545 97.066379228000187
1638 283.70517973612414 280.00017996233015 97.128034457000012
1639 283.70239298695941 280.00017999310836 97.187967956000193
1640 283.69960857077649 280.000180023859 97.248085987000195
1641 283.69682648513316 280.00018005458338 97.307810214000256
1642 283.69404672760157 280.00018008528895 97.36769105600024
1643 283.69126929575208 280.00018011596148 97.427306168000086
1644 283.68849418715399 280.00018014660702 97.487176906000059
1645 283.68572139938647 280.00018017722971 97.546733163000226
1646 283.68295093003007 280.0001802078321 97.606706298000063
1647 283.68018277667409 280.00018023839965 97.666506150000259
1648 283.67741693690334 280.00018026894747 97.726346470999943
1649 283.67465340830887 280.00018029946585 97.786033094000231
1650 283.67189218849086 280.00018032996331 97.845771748000061
1651 283.66913327504415 280.00018036043105 97.90547363099995
1652 283.66637666557591 280.00018039087553 97.965090201000294
1653 283.66362235769515 280.00018042129579 98.02492234500005
1654 283.66087034900784 280.00018045168679 98.084606312000233
1655 283.65812063712895 280.00018048205806 98.144654918000015
1656 283.65537321968122 280.00018051240107 98.204901442999926
1657 283.65262809427901 280.00018054271686 98.264567183000054
1658 283.64988525855472 280.0001805730065 98.324453756999901
1659 283.6471447101323 280.00018060327517 98.383994808999887
1660 283.64440644664944 280.00018063351678 98.443836226000258
1661 283.64167046573624 280.00018066373565 98.503433892999965
1662 283.63893676503784 280.00018069392638 98.563247967000279
1663 283.6362053421924 280.00018072409216 98.622953133999999
1664 283.63347619485228 280.00018075423617 98.683206377000261
1665 283.63074932066365 280.00018078435141 98.742980920000264
1666 283.62802471728378 280.00018081443818 98.803015828000298
1667 283.62530238236928 280.00018084450761 98.862409691000266
1668 283.62258231357816 280.00018087454691 98.921978399000182
1669 283.61986450858052 280.00018090456388 98.98169794100022
1670 283.61714896504174 280.0001809345552 99.04163326600019
1671 283.61443568063225 280.00018096451947 99.101420727000004
1672 283.61172465303127 280.00018099446214 99.161228032000054
1673 283.60901587991452 280.00018102437741 99.221107474000291
1674 283.60630935896597 280.00018105426892 99.280786342000283
1675 283.6036050878713 280.00018108413883 99.340488439000183
1676 283.60090306431562 280.00018111398003 99.40026871300006
1677 283.59820328599761 280.00018114379452 99.459997268000279
1678 283.59550575061434 280.00018117359019 99.519783376000305
1679 283.59281045585857 280.00018120335142 99.5794180769999
1680 283.59011739943679 280.00018123309485 99.639404393999939
1681 283.58742657906066 280.0001812628135 99.699103574000219
1682 283.58473799243069 280.0001812925052 99.758894942000097
1683 283.582051637272 280.00018132217423 99.818641986999864
1684 283.57936751128977 280.00018135182023 99.878535700000157
1685 283.57668561220891 280.00018138143918 99.938286078000147
1686 283.57400593775986 280.00018141103527 99.998203385000124
1687 283.57132848566152 280.00018144060471 100.05855605900024
1688 283.56865325364492 280.00018147014862 100.11842998200018
1689 283.56598023944883 280.00018149966843 100.17791432000013
1690 283.56330944080491 280.00018152916971 100.2377506910002
1691 283.56064085545916 280.00018155863972 100.29737758200008
1692 283.55797448115283 280.00018158808723 100.35720140100011
1693 283.55531031563567 280.00018161751223 100.41674219700008
1694 283.552648356654 280.00018164690914 100.47689237300028
1695 283.5499886019648 280.0001816762865 100.53659108700003
1696 283.54733104932808 280.00018170563197 100.59650756300016
1697 283.54467569649637 280.00018173496221 100.65604169300013
1698 283.54202254124624 280.0001817642634 100.71592764800016
1699 283.53937158133732 280.00018179353771 100.77562026800024
1700 283.53672281453908 280.00018182279382 100.83541783700002
1701 283.53407623863018 280.00018185202021 100.89521254200008
1702 283.531431851386 280.00018188122874 100.95509761099993
1703 283.52878965058517 280.00018191041067 101.01489054500007
1704 283.52614963401516 280.00018193956407 101.07476530200029
1705 283.52351179946339 280.00018196869797 101.13458693600023
1706 283.52087614471623 280.00018199780516 101.19450659199993
1707 283.51824266756887 280.00018202688989 101.2542211949999
1708 283.51561136582143 280.00018205594944 101.31411861100014
1709 283.51298223727315 280.00018208498523 101.37455410300026
1710 283.51035527972442 280.00018211399743 101.43441750900001
1711 283.50773049098603 280.00018214298865 101.49409705900007
1712 283.50510786886537 280.00018217195037 101.55376874400008
1713 283.50248741117412 280.00018220089049 101.61350485699995
1714 283.49986911573251 280.00018222980827 101.6734339919999
1715 283.49725298036066 280.00018225870042 101.73310557400009
1716 283.4946390028752 280.00018228756909 101.79293616599989
1717 283.49202718110797 280.0001823164161 101.85260571700019
1718 283.48941751288424 280.00018234523378 101.91242620499997
1719 283.48680999604204 280.00018237403339 101.97214684900018
1720 283.48420462840988 280.00018240280878 102.03197124400003
1721 283.4816014078304 280.00018243155955 102.09166397199988
1722 283.47900033214398 280.00018246028264 102.15160373500021
1723 283.47640139919963 280.00018248899261 102.21134693400018
1724 283.47380460684116 280.00018251766602 102.27125138500014
1725 283.47120995292096 280.00018254632454 102.33095906300014
1726 283.46861743529291 280.00018257495839 102.3909460660002
1727 283.46602705181738 280.00018260356376 102.45070738999993
1728 283.46343880034749 280.00018263214878 102.51095939400011
1729 283.46085267875458 280.00018266071299 102.57071327099993
1730 283.45826868490423 280.00018268924799 102.63063761700005
1731 283.45568681666595 280.00018271776719 102.69037446199991
1732 283.45310707191072 280.00018274625484 102.75023802700025
1733 283.45052944851591 280.00018277472196 102.81002690300011
1734 283.44795394436164 280.00018280316573 102.87004354200008
1735 283.44538055732852 280.00018283158914 102.92972632400006
1736 283.44280928530441 280.00018285998482 102.98954478399992
1737 283.44024012617393 280.00018288835753 103.04903662700008
1738 283.4376730778344 280.00018291670932 103.10892706899995
1739 283.4351081381738 280.00018294503889 103.16838568499998
1740 283.43254530509211 280.00018297334339 103.22843758699992
1741 283.42998457649338 280.00018300162344 103.28808557999992
1742 283.42742595027642 280.00018302988389 103.34820237800022
1743 283.42486942434743 280.00018305811523 103.40792151699998
1744 283.42231499661887 280.00018308632684 103.46773190700014
1745 283.4197626650037 280.00018311451987 103.52731448300028
1746 283.41721242741528 280.00018314268414 103.58731539500013
1747 283.41466428177722 280.00018317082311 103.64699656499988
1748 283.41211822600246 280.00018319894423 103.70727404199988
1749 283.40957425802458 280.00018322703875 103.76667146
1750 283.40703237576292 280.00018325511604 103.826646643
1751 283.40449257715744 280.00018328316395 103.88634703200023
1752 283.40195486013124 280.00018331119156 103.94608065000011
1753 283.39941922263233 280.00018333919411 104.00580343499996
1754 283.39688566258457 280.0001833671767 104.06564559600019
1755 283.39435417794601 280.00018339513412 104.12534880000021
1756 283.3918247666536 280.00018342307214 104.18517382900018
1757 283.38929742665812 280.00018345098351 104.2447502089999
1758 283.386772155909 280.00018347887362 104.3046223209999
1759 283.3842489523629 280.00018350673957 104.36439563000022
1760 283.38172781397253 280.00018353458267 104.42434446100015
1761 283.37920873870138 280.00018356240531 104.48410813400005
1762 283.37669172451035 280.00018359020078 104.54398107999987
1763 283.37417676936803 280.00018361797714 104.60351574100014
1764 283.37166387123779 280.00018364572844 104.66333368599999
1765 283.36915302809928 280.00018367345967 104.72377189500003
1766 283.36664423791728 280.00018370116328 104.785551467
1767 283.36413749867302 280.0001837288508 104.84507769099991
1768 283.36163280835257 280.00018375651206 104.90529902400021
1769 283.35913016492736 280.00018378415291 104.9649292070003
1770 283.35662956639322 280.00018381176778 105.0248003810002
1771 283.35413101073169 280.00018383936327 105.0846167120003
1772 283.35163449593585 280.00018386693523 105.14606123300018
1773 283.34914002000426 280.00018389448394 105.20641277699997
1774 283.34664758093129 280.0001839220123 105.26630379800008
1775 283.34415717671521 280.0001839495169 105.32600294300028
1776 283.34166880536088 280.00018397699858 105.38588385899993
1777 283.33918246487309 280.00018400445623 105.44532320999997
1778 283.33669815326368 280.00018403189506 105.50511876200017
1779 283.33421586853592 280.0001840593082 105.56476889600026
1780 283.33173560871035 280.00018408670167 105.624581218
1781 283.32925737180153 280.00018411407183 105.68428520599991
1782 283.32678115583019 280.00018414141817 105.74421242500011
1783 283.32430695881754 280.00018416874235 105.80388927800004
1784 283.32183477878817 280.00018419604868 105.86345331700022
1785 283.31936461377285 280.00018422332511 105.9233929320003
1786 283.31689646179581 280.00018425058505 105.98329504699996
1787 283.31443032089612 280.00018427782129 106.04289471199991
1788 283.31196618910815 280.00018430503405 106.1027840669999
1789 283.3095040644734 280.00018433222681 106.16238508900005
1790 283.30704394502789 280.00018435939865 106.22231527900021
1791 283.30458582882329 280.00018438654519 106.2818919780002
1792 283.30212971390017 280.00018441367246 106.34215717100005
1793 283.29967559830936 280.00018444077438 106.40192126600004
1794 283.29722348010517 280.00018446785867 106.46182687300006
1795 283.29477335734248 280.00018449491557 106.52161346899993
1796 283.29232522807985 280.00018452195496 106.58146756499991
1797 283.28987909037818 280.00018454896832 106.64123291099986
1798 283.28743494229815 280.00018457596138 106.70096586
1799 283.28499278190628 280.00018460293569 106.76091777000011
1800 283.28255260727531 280.00018462988407 106.82078655300029
1801 283.28011441646788 280.00018465681177 106.88104752700019
1802 283.2776782075681 280.00018468371837 106.94085302900021
1803 283.27524397864727 280.00018471060275 107.00053738499992
1804 283.27281172778351 280.00018473746388 107.06019856300009
1805 283.27038145306545 280.0001847643066 107.11985432700021
1806 283.26795315256948 280.0001847911231 107.18108255000016
1807 283.26552682438597 280.00018481791932 107.24081149099993
1808 283.26310246660819 280.00018484469354 107.30061631900026
1809 283.26068007732442 280.00018487144752 107.36034874999996
1810 283.25825965463019 280.00018489817649 107.42022238100026
1811 283.25584119662631 280.00018492488834 107.47989923900013
1812 283.25342470140936 280.00018495157633 107.53975099399986
1813 283.25101016708567 280.00018497824288 107.59942566500013
1814 283.24859759176093 280.00018500488619 107.659369556
1815 283.24618697353662 280.00018503150937 107.71872443200027
1816 283.24377831053596 280.00018505811403 107.77869827199993
1817 283.24137160085803 280.00018508469122 107.83838174399989
1818 283.23896684263372 280.00018511124762 107.898337094
1819 283.23656403396893 280.00018513778815 107.95806515000004
1820 283.23416317298961 280.00018516430356 108.01795857200023
1821 283.23176425782054 280.00018519079595 108.0776982440002
1822 283.22936728659027 280.00018521726935 108.13753604300018
1823 283.22697225742382 280.00018524371853 108.1971853
1824 283.22457916845065 280.00018527015038 108.25725096499991
1825 283.22218801780593 280.00018529655568 108.31713199400019
1826 283.2197988036317 280.00018532294655 108.37708765900015
1827 283.21741152406275 280.00018534931098 108.43678780100026
1828 283.21502617723831 280.00018537565342 108.49661622600024
1829 283.21264276130586 280.00018540197533 108.55651709799986
1830 283.21026127441218 280.00018542827917 108.61633791800023
1831 283.2078817147048 280.00018545456078 108.67583113199998
1832 283.20550408033546 280.00018548081596 108.73574700500012
1833 283.20312836945845 280.00018550705693 108.79530167800021
1834 283.20075458023075 280.00018553327294 108.85499525700016
1835 283.19838271081215 280.0001855594694 108.91467227400017
1836 283.1960127593635 280.00018558563949 108.97451163599999
1837 283.1936447240505 280.00018561179479 109.03432485200028
1838 283.19127860303558 280.00018563792946 109.09421817400016
1839 283.18891439449203 280.00018566403651 109.1540043089999
1840 283.18655209659204 280.00018569012855 109.21394815300027
1841 283.18419170750582 280.00018571619347 109.27378335100002
1842 283.18183322540909 280.00018574224237 109.3337190709999
1843 283.17947664848668 280.00018576826807 109.39335697600018
1844 283.17712197491568 280.00018579427382 109.45324300700031
1845 283.17476920288067 280.00018582025956 109.51280763000022
1846 283.17241833056903 280.00018584622217 109.57268392200012
1847 283.17006935616712 280.00018587216289 109.63214328399999
1848 283.16772227786902 280.00018589808838 109.69210624400012
1849 283.16537709386421 280.00018592398561 109.75201467099987
1850 283.16303380235502 280.00018594986614 109.81183507700007
1851 283.16069240153405 280.00018597572648 109.87161428500031
1852 283.1583528896038 280.00018600156295 109.93140333700012
1853 283.15601526476956 280.0001860273768 109.99103066899988
1854 283.1536795252353 280.00018605317445 110.0514675899999
1855 283.15134566921017 280.00018607895072 110.11067419100027
1856 283.14901369490337 280.00018610470602 110.17085022800029
1857 283.1466836005248 280.00018613044114 110.23056579200011
1858 283.14435538429569 280.00018615615215 110.2903927110001
1859 283.14202904443141 280.00018618184521 110.35010546300009
1860 283.13970457915053 280.00018620751939 110.40993253900024
1861 283.13738198667801 280.00018623316799 110.46957565399998
1862 283.13506126523595 280.0001862587996 110.52939622000031
1863 283.13274241305396 280.00018628441126 110.58907584600001
1864 283.13042542835814 280.00018630999966 110.64877917100011
1865 283.12811030938326 280.00018633556755 110.70836306799993
1866 283.12579705436167 280.00018636111849 110.76797894399988
1867 283.12348566153025 280.00018638664471 110.82791227000007
1868 283.12117612912908 280.00018641215013 110.88778398100021
1869 283.11886845539783 280.0001864376369 110.94739407599991
1870 283.116562638581 280.00018646310184 111.00733584
1871 283.11425867692526 280.00018648854666 111.06678562100024
1872 283.11195656867523 280.00018651397335 111.12669238700028
1873 283.10965631208478 280.00018653937457 111.18639128699988
1874 283.10735790540207 280.00018656475879 111.24623956400001
1875 283.10506134688961 280.00018659012176 111.30602935000024
1876 283.10276663480221 280.00018661546585 111.36652429700007
1877 283.10047376739385 280.000186640788 111.42652200200018
1878 283.09818274293201 280.00018666609327 111.48619496399988
1879 283.09589355967967 280.00018669137285 111.5457945410003
1880 283.09360621590503 280.00018671663724 111.60564000500017
1881 283.09132070987499 280.00018674187567 111.66550328099993
1882 283.08903703985879 280.00018676709647 111.72524686899988
1883 283.08675520413129 280.00018679229652 111.78492837300018
1884 283.08447520096956 280.00018681747804 111.84469961800005
1885 283.08219702865148 280.00018684263722 111.90465846799998
1886 283.07992068545695 280.0001868677798 111.96454299400011
1887 283.07764616966932 280.00018689290067 112.02506221300018
1888 283.07537347956833 280.00018691799789 112.08481059299993
1889 283.07310261344747 280.00018694307948 112.14451954800006
1890 283.07083356958964 280.00018696814135 112.20431996200023
1891 283.06856634629077 280.00018699318088 112.26382948800028
1892 283.06630094184305 280.00018701819937 112.32356073500023
1893 283.06403735454126 280.00018704320041 112.383648859
1894 283.06177558268388 280.0001870681765 112.44349765900006
1895 283.05951562457341 280.00018709313855 112.50303369599987
1896 283.05725747850897 280.00018711807354 112.56280046400025
1897 283.05500114279891 280.00018714299472 112.622434419
1898 283.05274661574651 280.00018716789253 112.68297134800014
1899 283.05049389566284 280.00018719277273 112.74408625000024
1900 283.04824298085771 280.00018721763189 112.80427479199989
1901 283.04599386964844 280.00018724247337 112.86443317700014
1902 283.04374656034815 280.0001872672899 112.92436593599996
1903 283.04150105127161 280.00018729209154 112.98386358700009
1904 283.03925734074437 280.00018731687311 113.0441458790001
1905 283.037015427087 280.00018734163092 113.10437098500006
1906 283.03477530861875 280.00018736637293 113.16419593299997
1907 283.03253698367467 280.00018739109112 113.22435551900026
1908 283.03030045057693 280.00018741579089 113.28431124899998
1909 283.02806570765813 280.00018744047327 113.34398546700004
1910 283.02583275325247 280.00018746513268 113.40373249799995
1911 283.02360158569508 280.0001874897776 113.46340989300006
1912 283.02137220332247 280.00018751439831 113.52317885100001
1913 283.01914460447381 280.00018753900156 113.58283582900003
1914 283.01691878749398 280.0001875635819 113.6426603079999
1915 283.01469475072145 280.00018758814389 113.70243364099997
1916 283.01247249250463 280.00018761268996 113.76231885000016
1917 283.01025201119353 280.00018763720897 113.821945099
1918 283.00803330513753 280.00018766171354 113.88180478699996
1919 283.00581637268436 280.00018768619805 113.94138098300027
1920 283.00360121219558 280.00018771066266 114.00137801600022
1921 283.0013878220193 280.00018773510953 114.06093436800029
1922 282.9991762005219 280.00018775953265 114.12075713100012
1923 282.99696634605868 280.00018778394053 114.18045452900014
1924 282.99475825699591 280.0001878083275 114.24038229200005
1925 282.99255193169682 280.00018783269326 114.30019771200023
1926 282.99034736852616 280.0001878570452 114.3600793290002
1927 282.98814456585899 280.00018788137015 114.41984219599999
1928 282.98594352206322 280.00018790567799 114.47966162600005
1929 282.98374423551081 280.00018792996866 114.53940522199991
1930 282.98154670457819 280.00018795423938 114.59930642300014
1931 282.97935092763953 280.00018797848901 114.65884486100003
1932 282.97715690307763 280.00018800271835 114.71872205199998
1933 282.97496462927842 280.00018802693029 114.7782814279999
1934 282.9727741046172 280.00018805112137 114.8382170560003
1935 282.97058532748451 280.00018807529585 114.89781085899995
1936 282.9683982962614 280.0001880994476 114.95774851900023
1937 282.96621300935118 280.00018812358422 115.01729872800024
1938 282.96402946513132 280.00018814770061 115.07746467100014
1939 282.96184766200059 280.00018817179233 115.13727832199993
1940 282.95966759835659 280.00018819586893 115.19706301499991
1941 282.95748927259723 280.00018821992779 115.25704895900026
1942 282.95531268312118 280.00018824396489 115.31678234900028
1943 282.9531378283279 280.00018826798862 115.37660719799987
1944 282.95096470662685 280.0001882919849 115.43643230799989
1945 282.9487933164188 280.0001883159664 115.49616356300021
1946 282.94662365611435 280.00018833992738 115.55597471400006
1947 282.94445572412252 280.00018836386835 115.6156140410003
1948 282.94228951885589 280.00018838779613 115.67546956700016
1949 282.94012503872898 280.00018841170044 115.73518457199998
1950 282.93796228215655 280.00018843558701 115.79507238999986
1951 282.93580124755601 280.00018845945289 115.85486609300006
1952 282.93364193334708 280.00018848330484 115.91475026600028
1953 282.93148433795415 280.00018850712871 115.97455308300005
1954 282.9293284598001 280.00018853094019 116.03445501600027
1955 282.9271742973109 280.00018855473201 116.09422965800013
1956 282.92502184891134 280.00018857850552 116.15413820799995
1957 282.92287111303654 280.00018860225731 116.21385753799996
1958 282.92072208811317 280.00018862599319 116.27360436900017
1959 282.9185747725794 280.00018864970792 116.33332947999997
1960 282.91642916486887 280.00018867340242 116.39379996100024
1961 282.91428526341588 280.00018869708163 116.45349033299999
1962 282.91214306666785 280.00018872074116 116.51336799799992
1963 282.91000257306052 280.00018874437916 116.57301946300004
1964 282.90786378103752 280.00018876800203 116.63277738700026
1965 282.90572668904855 280.00018879159904 116.69250093600022
1966 282.90359129553565 280.00018881518508 116.75226448500007
1967 282.90145759894904 280.00018883874878 116.81169469899987
1968 282.899325597744 280.00018886229913 116.87165929100001
1969 282.89719529037421 280.00018888582531 116.93150299700028
1970 282.89506667528684 280.00018890933313 116.99132748400007
1971 282.89293975094904 280.00018893282402 117.05106514799991
1972 282.89081451581023 280.00018895629501 117.11092099100006
1973 282.88869096833554 280.0001889797486 117.17060214599996
1974 282.88656910699166 280.00018900317895 117.23042413600024
1975 282.88444893023598 280.00018902659451 117.29011164600024
1976 282.88233043653958 280.0001890499924 117.34999374000017
1977 282.88021362437308 280.00018907337147 117.41055750600026
1978 282.87809849220082 280.0001890967302 117.47047960100008
1979 282.87598503849654 280.0001891200705 117.53019179800003
1980 282.87387326173757 280.00018914339455 117.58998118299996
1981 282.87176316040023 280.00018916670075 117.64971900599994
1982 282.86965473296107 280.0001891899845 117.7095476100003
1983 282.86754797789524 280.00018921325346 117.76914209799997
1984 282.86544289369311 280.00018923650322 117.82934612200006
1985 282.86333947883116 280.00018925973393 117.88910113200018
1986 282.86123773179389 280.00018928294651 117.94911004999994
1987 282.85913765107819 280.0001893061397 118.00862193400008
1988 282.85703923516263 280.00018932931386 118.06875210299995
1989 282.85494248254633 280.00018935246919 118.12841164600013
1990 282.85284739171595 280.00018937560753 118.1883792640001
1991 282.85075396116719 280.0001893987307 118.24796271300011
1992 282.84866218940306 280.00018942183141 118.307779966
1993 282.84657207491409 280.00018944491518 118.36742461299991
1994 282.84448361620099 280.00018946797724 118.42724160500029
1995 282.84239681177274 280.00018949102679 118.48680755400028
1996 282.8403116601271 280.00018951405605 118.54667288000019
1997 282.83822815977061 280.00018953706325 118.60635091299991
1998 282.83614630921232 280.00018956005653 118.66640019800025
1999 282.83406610696238 280.00018958303292 118.72600041800024
2000 282.83198755152756 280.00018960598788 118.7857408990003
