iterat. internal-T external-T elapsed-time
0 300 280 0.040220809999937046
1 299.93339999999171 280.00000073553758 0.080540161999579141
2 299.86768806438675 280.00000146127252 0.12029836399960914
3 299.80284266857791 280.00000217743866 0.16025406799963093
4 299.73884295557366 280.00000288425866 0.20037227299962979
5 299.67566871193145 280.00000358195865 0.24008427699982349
6 299.61330034465084 280.00000427076304 0.28001123099966208
7 299.55171885925904 280.00000495088346 0.31996500899958846
8 299.49090583844264 280.00000562251142 0.35980524499973399
9 299.43084342172625 280.00000628584951 0.39984782599958635
10 299.37151428591193 280.00000694108633 0.44149885699971492
11 299.3129016262107 280.00000758841117 0.48135732199989434
12 299.2549891382879 280.00000822800484 0.521292818999882
13 299.19776100083601 280.0000088600458 0.56150576599975466
14 299.14120185890607 280.00000948469176 0.60189501599961659
15 299.08529680787507 280.00001010211412 0.64171004299987544
16 299.03003137803722 280.00001071247209 0.68166928999971788
17 298.97539151974598 280.00001131592592 0.72185900799968294
18 298.92136358919896 280.000011912616 0.76187559899972257
19 298.86793433470621 280.00001250269037 0.80191724299993439
20 298.81509088345456 280.00001308630652 0.84194383399972139
21 298.76282072887324 280.00001366358464 0.88176209099992775
22 298.7111117183594 280.00001423466489 0.92169388999991497
23 298.65995204158475 280.00001479968171 0.96163995999995677
24 298.60933021905407 280.00001535875282 1.0015441539999301
25 298.55923509130673 280.00001591201169 1.0414351199997327
26 298.50965580839886 280.00001645957519 1.0819712979996439
27 298.46058181974018 280.00001700155423 1.1222005989998252
28 298.4120028644009 280.00001753806617 1.1647230939997826
29 298.36390896171167 280.00001806922018 1.2065038129999266
30 298.31629040220349 280.00001859512895 1.2472886909999943
31 298.26913773891027 280.00001911588885 1.2871484069996768
32 298.22244177896454 280.00001963160361 1.3271730729998126
33 298.17619357550331 280.00002014237856 1.3673198229998889
34 298.13038441984071 280.00002064830306 1.4072396449996631
35 298.08500583396778 280.00002114947074 1.4472035289995802
36 298.04004956326116 280.00002164597043 1.487907678999818
37 297.9955075695018 280.00002213790236 1.5277622399999018
38 297.95137202413218 280.00002262534002 1.569798169999558
39 297.90763530166811 280.00002310837203 1.6104672159999609
40 297.86428997351732 280.0000235870865 1.6505176629998459
41 297.82132880181092 280.00002406155426 1.6903745679996973
42 297.77874473360299 280.00002453185715 1.7309549669998887
43 297.73653089519007 280.00002499807516 1.7709696329998224
44 297.69468058668144 280.00002546027576 1.8109926319998522
45 297.65318727665613 280.00002591853246 1.8514161029997922
46 297.61204459718789 280.00002637292158 1.8915278009999383
47 297.57124633878493 280.00002682350237 1.9313648609995653
48 297.53078644579557 280.00002727034473 1.9719518229999267
49 297.49065901167126 280.00002771352126 2.0118853949998083
50 297.45085827465658 280.00002815308386 2.0518844879998142
51 297.41137861341014 280.00002858910204 2.0922632709998652
52 297.37221454293172 280.00002902163538 2.1322834049997255
53 297.33336071053157 280.00002945074351 2.1722083309996378
54 297.29481189195189 280.00002987648446 2.2122034659996643
55 297.25656298765864 280.00003029890678 2.2522416209999392
56 297.21860901919695 280.00003071807623 2.29224061099967
57 297.18094512572287 280.00003113404301 2.3320985069999551
58 297.14356656056583 280.0000315468568 2.372231456999998
59 297.1064686880448 280.00003195657081 2.4121174769998106
60 297.0696469802229 280.000032363233 2.4521666249997907
61 297.03309701388531 280.00003276689904 2.4929036929997892
62 296.99681446758251 280.00003316760808 2.5329208609996385
63 296.96079511874467 280.00003356540947 2.5731041239996557
64 296.92503484090156 280.00003396035441 2.6133673869999257
65 296.88952960103626 280.00003435247874 2.6532943449997219
66 296.85427545694017 280.00003474183188 2.693334689999574
67 296.8192685547333 280.00003512844859 2.7332989929996074
68 296.78450512638767 280.00003551238234 2.7733686089995899
69 296.74998148741577 280.00003589366781 2.8132805679997546
70 296.71569403454083 280.00003627233912 2.8532870059998459
71 296.68163924351012 280.00003664844843 2.8932077669996943
72 296.64781366694791 280.00003702202355 2.9334629049999421
73 296.61421393226522 280.00003739310478 2.9733651759997883
74 296.58083673967013 280.00003776172417 3.0134633859997848
75 296.54767886016816 280.00003812792647 3.0534223759996166
76 296.51473713374355 280.00003849173936 3.0934489709998161
77 296.4820084674692 280.00003885320029 3.1334391069999583
78 296.4494898337536 280.00003921234531 3.1734779939997679
79 296.41717826861924 280.00003956919807 3.2134415149998858
80 296.38507087002841 280.00003992379732 3.2535301939997225
81 296.35316479627568 280.00004027617166 3.293789447999643
82 296.32145726438853 280.00004062635367 3.3338003669996397
83 296.28994554864147 280.00004097437466 3.3740359749999698
84 296.25862697906609 280.00004132026271 3.4141999689995828
85 296.22749893999543 280.00004166404477 3.4540963039999042
86 296.19655886871396 280.00004200574966 3.4941717549995701
87 296.1658042540779 280.00004234541052 3.5341468409997105
88 296.13523263521796 280.00004268304428 3.5744026579995989
89 296.10484160028517 280.00004301868603 3.6143730039998445
90 296.07462878517174 280.00004335236332 3.6544322569998258
91 296.0445918723687 280.00004368409515 3.6944795299996258
92 296.01472858976501 280.00004401390851 3.7345080019999841
93 295.98503670954869 280.00004434183006 3.7745043379995877
94 295.95551404709187 280.00004466788056 3.8146339559998523
95 295.92615845988342 280.00004499208774 3.8545336239999415
96 295.89696784651187 280.00004531447411 3.894603189999998
97 295.86794014565584 280.00004563505792 3.9345052019998548
98 295.83907333511104 280.00004595386753 3.9745992989996921
99 295.81036543084241 280.00004627092102 4.0145244369996362
100 295.78181448605318 280.0000465862455 4.0545942109997668
101 295.75341859031346 280.00004689985315 4.0945287749996169
102 295.72517586866076 280.00004721177044 4.1345698509999238
103 295.69708448080053 280.00004752201659 4.1745918119995622
104 295.66914262022578 280.00004783060825 4.2146945549998236
105 295.64134851348302 280.00004813757096 4.2546547969996027
106 295.61370041934026 280.0000484429213 4.2947471759998734
107 295.58619662806609 280.00004874667707 4.3347135659996638
108 295.55883546069765 280.00004904885986 4.3750406350000048
109 295.53161526830399 280.00004934948464 4.415387078999629
110 295.50453443131215 280.00004964856822 4.4558710249998512
111 295.47759135882961 280.00004994613198 4.4958871019998696
112 295.45078448797989 280.00005024218916 4.5360173469998699
113 295.42411228326011 280.00005053675966 4.5762280089998058
114 295.39757323594097 280.00005082986218 4.6162515859996347
115 295.37116586345491 280.00005112151263 4.6561828709996007
116 295.34488870878488 280.00005141172164 4.6962318129999403
117 295.31874033990761 280.00005170050827 4.7361785669995697
118 295.29271934926186 280.00005198788847 4.776255165999828
119 295.26682435315655 280.00005227387368 4.8162749929997517
120 295.24105399127046 280.00005255848362 4.8563000809999721
121 295.21540692614815 280.00005284173426 4.8962329279997903
122 295.18988184267278 280.00005312363629 4.936286244999792
123 295.16447744758761 280.00005340420722 4.9762719579998702
124 295.13919246904118 280.00005368345694 5.016312409999955
125 295.11402565609205 280.00005396140165 5.0562897899999371
126 295.08897577827429 280.00005423805521 5.0964020649998929
127 295.06404162518481 280.00005451343065 5.1363303819998691
128 295.03922200597469 280.00005478754321 5.1764380739996341
129 295.01451574903149 280.00005506040367 5.216368004999822
130 294.98992170152144 280.00005533202119 5.2563920509996933
131 294.96543872897502 280.0000556024147 5.2963448999998946
132 294.94106571494808 280.00005587159347 5.3364043649999076
133 294.91680156060613 280.00005613957114 5.3766494559999956
134 294.89264518439592 280.00005640635732 5.4167009519997009
135 294.86859552164987 280.00005667196388 5.4568963029996667
136 294.84465152425366 280.00005693640463 5.4969317569998566
137 294.82081216031457 280.00005719969556 5.5370694519997414
138 294.79707641381179 280.00005746183325 5.5771678749997591
139 294.77344328429189 280.00005772284271 5.6173944759998449
140 294.74991178654727 280.00005798272514 5.6574672749998172
141 294.72648095028916 280.00005824149827 5.6974703329997283
142 294.70314981988878 280.00005849917318 5.7375156309999511
143 294.67991745403344 280.00005875575374 5.7774604069995803
144 294.65678292548176 280.00005901125394 5.8175735179997901
145 294.63374532077131 280.00005926568383 5.8575449609998032
146 294.61080373993855 280.00005951905337 5.8975751549996858
147 294.58795729626388 280.00005977137624 5.9375184209998224
148 294.56520511600985 280.00006002265542 5.9776361149997683
149 294.54254633815378 280.00006027290152 6.0175334429995928
150 294.51998011416828 280.00006052212558 6.0576092619999145
151 294.49750560776613 280.00006077033686 6.0980343549999816
152 294.47512199465478 280.00006101754337 6.1383218940000006
153 294.4528284623064 280.00006126375609 6.178276774999631
154 294.43062420976503 280.00006150898326 6.2184284799996021
155 294.40850844738162 280.00006175323659 6.2586444039998241
156 294.38648039663917 280.00006199651614 6.2986772549998022
157 294.36453928991341 280.00006223883776 6.3386989089999588
158 294.34268437029436 280.00006248020537 6.3792515039999671
159 294.3209148913524 280.00006272063138 6.4192806579999342
160 294.2992301169777 280.00006296012185 6.4593878329997096
161 294.27762932117753 280.00006319868584 6.499688029999561
162 294.25611178787597 280.00006343632663 6.5397807259996625
163 294.23467681074737 280.00006367305684 6.5805912919995535
164 294.21332369303497 280.00006390888319 6.6210668549997536
165 294.19205174737652 280.00006414381158 6.6612698119997731
166 294.17086029562819 280.00006437785498 6.7016811559997223
167 294.14974866869909 280.00006461101174 6.74302349699974
168 294.12871620640436 280.00006484329811 6.7830871299997852
169 294.10776225728245 280.00006507472017 6.8230237829998259
170 294.08688617844166 280.00006530527821 6.8635491379995983
171 294.06608733543669 280.00006553498304 6.9034423539997078
172 294.04536510209078 280.00006576384015 6.9434976529996675
173 294.02471886034851 280.00006599186247 6.9834276399997179
174 294.00414800015466 280.00006621904924 7.023799816999599
175 293.98365191930031 280.00006644540855 7.0645685069998763
176 293.96323002328165 280.00006667095505 7.1048665169996639
177 293.94288172519077 280.00006689568545 7.1447966079999787
178 293.92260644554307 280.00006711960663 7.1851720139998179
179 293.90240361219469 280.0000673427304 7.225135176999629
180 293.88227266018811 280.00006756505894 7.2652098519997708
181 293.86221303163524 280.0000677865977 7.3051365589999477
182 293.84222417561506 280.00006800736094 7.3452191519995722
183 293.82230554801191 280.00006822734633 7.3852101819998097
184 293.80245661146955 280.00006844655951 7.4255581419997725
185 293.78267683520789 280.00006866500917 7.4654854219998015
186 293.76296569495025 280.00006888270406 7.5055555669996465
187 293.74332267282557 280.00006909964242 7.5455286799997339
188 293.72374725721858 280.00006931583596 7.5857704409995677
189 293.7042389427171 280.00006953128792 7.6257462629996553
190 293.68479722997517 280.00006974600126 7.6658166689999234
191 293.6654216256303 280.00006995998888 7.7058316049997302
192 293.64611164219218 280.00007017325157 7.7458894589999545
193 293.62686679797554 280.00007038579707 7.7858459049998601
194 293.60768661697182 280.00007059762504 7.8259116749995883
195 293.58857062876785 280.00007080874417 7.8660334349997356
196 293.56951836847867 280.00007101916123 7.906065142999978
197 293.55052937663703 280.00007122887826 7.9460139849998086
198 293.53160319910779 280.00007143790356 7.9861882979998882
199 293.51273938700763 280.00007164623764 8.0261446399999841
200 293.49393749663096 280.00007185388921 8.066211920999649
201 293.47519708933976 280.00007206085968 8.1061209189997498
202 293.45651773154003 280.00007226715553 8.1462282519996734
203 293.43789899453998 280.00007247278637 8.1862061049996555
204 293.41934045450733 280.00007267774942 8.2262535939998997
205 293.40084169239418 280.00007288205205 8.2662559259997579
206 293.38240229385076 280.00007308570088 8.3063074269998651
207 293.36402184917262 280.00007328869498 8.3462730939995708
208 293.34569995319669 280.00007349104516 8.3865789719998247
209 293.32743620528424 280.00007369275164 8.4265283369995814
210 293.30923020918453 280.00007389382114 8.466590566999912
211 293.29108157303108 280.00007409425422 8.5065723279999474
212 293.27298990923697 280.00007429406077 8.5466364330000033
213 293.25495483445712 280.0000744932467 8.5866209019995949
214 293.23697596948369 280.00007469180616 8.6267133409996859
215 293.21905293925522 280.00007488975189 8.6667034349998175
216 293.20118537270707 280.00007508708177 8.7068046239996875
217 293.18337290277947 280.00007528380678 8.7467776869998488
218 293.16561516633089 280.00007547992624 8.7868672609997702
219 293.14791180409793 280.00007567544492 8.8269164179996551
220 293.13026246060593 280.00007587036578 8.8669249499998841
221 293.11266678415654 280.00007606469308 8.9069457739997233
222 293.09512442672764 280.00007625843699 8.9470305559998451
223 293.0776350439703 280.00007645159377 8.9869667439998011
224 293.06019829511291 280.00007664416671 9.0270399639998686
225 293.04281384292563 280.00007683616258 9.0676037599996562
226 293.02548135367704 280.00007702758387 9.1077064589999281
227 293.00820049707755 280.00007721843389 9.1482744229997479
228 292.9909709462334 280.00007740871979 9.1883483199999318
229 292.9737923775898 280.00007759844186 9.2285480509999616
230 292.9566644708899 280.00007778760818 9.2687394489998951
231 292.93958690914042 280.00007797621606 9.3086639189996276
232 292.92255937854912 280.00007816427001 9.3487732869998581
233 292.90558156848977 280.00007835177377 9.3911275149998801
234 292.8886531714424 280.00007853873427 9.431430738999552
235 292.87177388297965 280.00007872515215 9.4713697919996775
236 292.8549434016852 280.00007891102808 9.5114190029999008
237 292.83816142916868 280.00007909637219 9.5513389949996963
238 292.82142766996054 280.00007928118413 9.5913683619996846
239 292.80474183150875 280.0000794654656 9.631370123999659
240 292.78810362415743 280.00007964921832 9.6714374079997469
241 292.77151276103632 280.00007983245047 9.7113277119997292
242 292.75496895810585 280.00008001516045 9.7513790059997518
243 292.73847193407266 280.00008019735446 9.7913216539996029
244 292.72202141037553 280.00008037903427 9.8313317499996629
245 292.70561711111202 280.00008056021079 9.8712672619999466
246 292.68925876304246 280.00008074087327 9.911329024999759
247 292.67294609555995 280.00008092103388 9.951212557999952
248 292.65667884059127 280.00008110069348 9.9912447369997608
249 292.64045673264559 280.00008127985194 10.031157279999661
250 292.62427950872615 280.00008145851456 10.071191646999978
251 292.60814690833678 280.00008163668315 10.111142992999703
252 292.59205867339062 280.00008181436743 10.151152619999721
253 292.57601454825476 280.00008199156133 10.191108809999605
254 292.56001427965487 280.00008216827098 10.231130415999814
255 292.54405761667908 280.00008234449803 10.27103795999983
256 292.52814431074751 280.000082520246 10.311097171999791
257 292.51227411554351 280.00008269551608 10.35100023799987
258 292.49644678705101 280.00008287031636 10.391047574999902
259 292.48066208347802 280.00008304464393 10.431046370999866
260 292.46491976521861 280.00008321850709 10.473344819999966
261 292.44921959487772 280.00008339190038 10.513340958999834
262 292.43356133719288 280.00008356483477 10.553448713999842
263 292.41794475903646 280.00008373730515 10.593821730999935
264 292.40236962937439 280.00008390931629 10.634036100999765
265 292.38683571923622 280.00008408087723 10.674025833999622
266 292.37134280171983 280.00008425198212 10.714345464999951
267 292.35589065192386 280.00008442264243 10.754525094999735
268 292.34047904697434 280.000084592848 10.794587432999833
269 292.32510776592846 280.00008476260882 10.834832636999636
270 292.30977658982198 280.00008493192655 10.875019089999569
271 292.294485301598 280.00008510080892 10.914980697999908
272 292.27923368611346 280.00008526924967 10.955230744999881
273 292.26402153010764 280.00008543725608 10.995450531999722
274 292.24884862215038 280.00008560482797 11.03585386199984
275 292.23371475267481 280.00008577196809 11.075835677999748
276 292.21861971389035 280.00008593867921 11.116095308999775
277 292.20356329984185 280.00008610496695 11.156253636999736
278 292.18854530629926 280.00008627082502 11.196384828999726
279 292.17356553080714 280.00008643626342 11.237152900999718
280 292.15862377262994 280.00008660128174 11.277239249999639
281 292.14371983272798 280.00008676588425 11.31741632999956
282 292.12885351376377 280.00008693006953 11.357483043999764
283 292.11402462005867 280.00008709384178 11.397664811999675
284 292.09923295757932 280.00008725720107 11.438005538999732
285 292.08447833392358 280.0000874201566 11.47802527399972
286 292.06976055829097 280.00008758270155 11.518334020999646
287 292.05507944148945 280.0000877448432 11.558542350999687
288 292.040434795875 280.00008790658165 11.598661878999792
289 292.02582643538437 280.00008806791794 11.638936979999926
290 292.01125417546342 280.00008822885525 11.679163799999969
291 291.99671783309361 280.00008838939578 11.719183429999703
292 291.98221722675868 280.00008854954189 11.759650668999711
293 291.96775217641448 280.00008870929673 11.800090093999643
294 291.95332250350015 280.00008886865942 11.84020821499962
295 291.93892803088988 280.00008902763204 11.880308887999945
296 291.92456858290171 280.00008918622285 11.920533051999882
297 291.91024398527657 280.00008934442536 11.960570442999597
298 291.89595406514599 280.00008950224515 12.000645855999664
299 291.88169865104214 280.00008965968624 12.041626586999882
300 291.86747757285889 280.00008981674381 12.082403150999653
301 291.85329066184545 280.00008997342553 12.124813789999735
302 291.83913775060267 280.00009012973169 12.165494727999885
303 291.82501867304973 280.00009028566637 12.205492326999774
304 291.81093326442488 280.00009044122697 12.24559763499974
305 291.79688136125657 280.00009059641627 12.286038884999925
306 291.78286280136535 280.00009075124154 12.326300758999878
307 291.76887742383428 280.00009090569836 12.366298046999873
308 291.7549250690019 280.00009105979188 12.406381481999688
309 291.74100557846776 280.0000912135198 12.447047004999604
310 291.7271187950181 280.0000913668851 12.487893882999742
311 291.71326456271288 280.0000915198932 12.528146068999831
312 291.69944272676554 280.00009167254365 12.568220857999677
313 291.68565313360256 280.00009182483927 12.608700858999782
314 291.67189563083082 280.00009197677792 12.648780647999956
315 291.65817006720306 280.00009212836369 12.688772570999845
316 291.6444762926468 280.0000922795993 12.728901735999898
317 291.63081415821466 280.00009243048868 12.769872416999988
318 291.61718351608971 280.00009258102978 12.810052466999878
319 291.60358421958546 280.00009273122203 12.850044859999798
320 291.59001612310084 280.00009288106702 12.890155794999828
321 291.57647908213721 280.00009303057232 12.930277979999573
322 291.56297295327937 280.00009317973718 12.970548134999717
323 291.54949759418173 280.00009332856081 13.010575840999991
324 291.53605286355116 280.00009347704531 13.050646566999603
325 291.5226386211624 280.00009362519188 13.090924638999695
326 291.50925472779471 280.00009377300529 13.131089427999996
327 291.49590104529074 280.00009392048895 13.171104945999559
328 291.48257743649469 280.00009406763655 13.211604425999667
329 291.46928376525335 280.00009421445208 13.25179900799958
330 291.45601989641045 280.00009436093774 13.291858744999899
331 291.44278569580189 280.00009450710206 13.332080568999572
332 291.42958103023182 280.0000946529351 13.372352495999621
333 291.41640576748273 280.00009479844499 13.41231384799994
334 291.40325977628333 280.0000949436303 13.452671817999999
335 291.39014292630878 280.00009508849666 13.493086715999652
336 291.3770550881726 280.00009523304016 13.533248694999656
337 291.36399613343195 280.00009537726436 13.573240463999809
338 291.35096593453449 280.00009552117012 13.61350728699972
339 291.33796436485926 280.00009566476257 13.653729474999636
340 291.32499129868171 280.000095808038 13.693794577999597
341 291.31204661117698 280.00009595100272 13.733980150999741
342 291.29913017837333 280.00009609365333 13.774110409999594
343 291.28624187720521 280.00009623599402 13.814106866999737
344 291.27338158547263 280.00009637802407 13.854353898999761
345 291.26054918179619 280.00009651974875 13.894513272999575
346 291.24774454569331 280.00009666116244 13.934585667999727
347 291.23496755749568 280.00009680227464 13.97485197099968
348 291.22221809837328 280.00009694308056 14.015081501999703
349 291.20949605031637 280.00009708358488 14.055069208999612
350 291.19680129613903 280.00009722378701 14.095363323999663
351 291.18413371946036 280.00009736369151 14.135599417999856
352 291.1714932047073 280.00009750329468 14.175694572999873
353 291.15887963709326 280.00009764259988 14.215989261999766
354 291.14629290261382 280.00009778160791 14.256196552999882
355 291.13373288804519 280.00009792032569 14.296184885999992
356 291.12119948095597 280.00009805874441 14.336311605999981
357 291.10869256964452 280.00009819687216 14.376829942999848
358 291.09621204319473 280.00009833471034 14.420049968999592
359 291.08375779141903 280.00009847225959 14.460901849999573
360 291.07132970488419 280.00009860951531 14.501470187999985
361 291.05892767489371 280.0000987464839 14.542719676999695
362 291.0465515934676 280.00009888316612 14.583996665999621
363 291.03420135335716 280.0000990195652 14.62463745299965
364 291.02187684803414 280.00009915567779 14.66523381099978
365 291.00957797167621 280.00009929150963 14.706335642999875
366 290.9973046191522 280.00009942706049 14.747232680999787
367 290.98505668602968 280.0000995623264 14.787807685999724
368 290.972834068579 280.00009969731377 14.828457013999923
369 290.96063666374118 280.00009983202187 14.869809107999572
370 290.94846436914298 280.00009996645713 14.910638280999592
371 290.93631708306845 280.00010010061271 14.951128232999963
372 290.92419470448147 280.00010023449494 14.992603400999997
373 290.91209713298974 280.00010036810403 15.033732940999926
374 290.90002426886548 280.00010050143732 15.074644041999818
375 290.88797601302002 280.00010063449872 15.114886230999673
376 290.8759522670058 280.00010076728825 15.156652286999815
377 290.86395293302775 280.0001008998122 15.19775510799991
378 290.85197791388453 280.00010103206637 15.238225736000004
379 290.84002711302924 280.00010116405207 15.279349339999953
380 290.82810043453333 280.00010129577237 15.320634507999785
381 290.81619778305287 280.00010142722772 15.361211075999563
382 290.80431906387918 280.0001015584167 15.401760612999624
383 290.79246418289466 280.00010168934415 15.44303822899974
384 290.78063304657928 280.00010182001029 15.484113863999937
385 290.76882556199638 280.00010195041278 15.524577202999808
386 290.75704163682371 280.00010208055602 15.565394502999879
387 290.7452811792819 280.00010221044261 15.606393626999761
388 290.7335440981953 280.0001023400668 15.647540928999661
389 290.7218303029419 280.00010246943236 15.688064788999782
390 290.71013970347752 280.00010259854758 15.72931917599999
391 290.69847221031966 280.00010272740383 15.77043215499998
392 290.68682773452639 280.00010285600769 15.811139401999753
393 290.6752061877271 280.00010298435899 15.851684771999771
394 290.66360748209416 280.00010311245916 15.892999887999849
395 290.65203153032508 280.00010324030319 15.934022397999797
396 290.64047824567302 280.00010336789722 15.974794280999959
397 290.62894754191211 280.00010349524553 16.015320171999974
398 290.61743933335782 280.00010362234349 16.056314191999718
399 290.60595353483734 280.00010374919344 16.097507014999792
400 290.59449006169831 280.00010387580011 16.138156240999706
401 290.58304882982065 280.0001040021578 16.17910572899973
402 290.57162975556611 280.00010412827027 16.220429334999608
403 290.56023275582157 280.00010425413956 16.261567782999919
404 290.54885774797594 280.00010437976778 16.302695919999678
405 290.53750464990094 280.0001045051543 16.343311969999831
406 290.52617337998566 280.00010463030128 16.384359272999973
407 290.51486385709546 280.00010475520241 16.425647567999931
408 290.50357600056742 280.00010487986617 16.466612942999745
409 290.49230973025129 280.00010500429414 16.506864874999792
410 290.48106496644516 280.00010512848081 16.548840987999938
411 290.46984162994477 280.00010525243368 16.589720216999922
412 290.45863964199259 280.00010537615231 16.630092774999866
413 290.44745892430535 280.00010549963218 16.670552417999716
414 290.43629939907072 280.00010562287889 16.712054255999647
415 290.42516098893674 280.00010574589396 16.753163069999573
416 290.41404361698335 280.00010586867415 16.793880995999643
417 290.40294720675092 280.00010599122533 16.834361210999759
418 290.39187168224697 280.00010611354605 16.875587317999816
419 290.38081696789908 280.00010623563492 16.916376285999831
420 290.36978298856957 280.00010635749373 16.95718358699969
421 290.35876966959171 280.00010647912836 16.997626561999823
422 290.3477769366894 280.00010660053425 17.038890221999736
423 290.33680471604396 280.00010672171118 17.079996326999662
424 290.32585293424961 280.00010684266618 17.120923108999705
425 290.31492151833771 280.00010696339439 17.161149780999949
426 290.30401039573815 280.00010708389772 17.202401355999882
427 290.29311949431269 280.00010720417896 17.24327407499959
428 290.28224874231563 280.00010732423618 17.283922156999779
429 290.27139806843775 280.00010744407439 17.324396904999958
430 290.26056740176074 280.00010756368852 17.365614314999675
431 290.24975667176608 280.00010768308272 17.406338388999757
432 290.23896580834452 280.00010780226035 17.447338505999596
433 290.22819474176816 280.00010792121549 17.487620387999868
434 290.21744340272414 280.00010803995769 17.528836599999977
435 290.2067117222694 280.00010815847855 17.570368804999816
436 290.19599963184851 280.00010827678523 17.611682309999651
437 290.18530706331944 280.00010839487419 17.652629300999706
438 290.17463394888006 280.00010851274993 17.69458963399984
439 290.16398022112878 280.0001086304095 17.735973347999789
440 290.15334581304955 280.00010874785784 17.776663514999655
441 290.14273065796925 280.00010886509443 17.817139512999802
442 290.13213468960799 280.00010898211542 17.858532184999603
443 290.12155784203696 280.00010909893092 17.899684594999599
444 290.11100004971433 280.00010921553292 17.94134914399956
445 290.10046124743496 280.0001093319226 17.982810670999697
446 290.08994137035842 280.00010944810754 18.023658078999688
447 290.07944035400658 280.00010956408084 18.064821790999758
448 290.06895813424615 280.00010967984809 18.105507373999899
449 290.05849464730159 280.000109795409 18.145967329999621
450 290.0480498297423 280.00010991076238 18.187281980999614
451 290.03762361847248 280.00011002591219 18.228379910999593
452 290.02721595075883 280.0001101408543 18.269024816999718
453 290.01682676419131 280.00011025559468 18.310100352999598
454 290.00645599670202 280.00011037013104 18.351266722999753
455 289.99610358656145 280.00011048446407 18.391710848000002
456 289.98576947236063 280.00011059859679 18.432953988999998
457 289.97545359303155 280.00011071252459 18.474127129999943
458 289.96515588782512 280.00011082625451 18.514971622999838
459 289.95487629633277 280.0001109397835 18.55543230999956
460 289.94461475844651 280.0001110531137 18.596633471999667
461 289.93437121439291 280.00011116624557 18.637342650999926
462 289.92414560471951 280.00011127917821 18.678026203999707
463 289.91393787026834 280.00011139191383 18.718560849999903
464 289.90374795220919 280.00011150445323 18.759761699999672
465 289.89357579203357 280.00011161679674 18.800897548999728
466 289.88342133152258 280.00011172894438 18.841402350999942
467 289.87328451275982 280.00011184089459 18.882550855999853
468 289.86316527814762 280.00011195265506 18.923886706999838
469 289.85306357039303 280.00011206421954 18.964607864999834
470 289.84297933249184 280.00011217558949 19.005221260999861
471 289.83291250772845 280.00011228677027 19.046263932999864
472 289.82286303970631 280.00011239775677 19.087387280999792
473 289.8128308722986 280.00011250855408 19.128188595999745
474 289.80281594968778 280.00011261916194 19.169250069999634
475 289.79281821633634 280.0001127295763 19.210453106999921
476 289.78283761698611 280.00011283980416 19.251178170999992
477 289.77287409667747 280.00011294984114 19.29172766199963
478 289.76292760073022 280.00011305969178 19.332944866999696
479 289.7529980747417 280.00011316935752 19.374114259999715
480 289.74308546458809 280.00011327883419 19.414918336999563
481 289.73318971641169 280.00011338812112 19.455941790999987
482 289.72331077665382 280.00011349722689 19.497201756999857
483 289.71344859200423 280.00011360614462 19.537909322999894
484 289.70360310944011 280.00011371487943 19.578428344999793
485 289.69377427621004 280.00011382343217 19.619512267999653
486 289.68396203980268 280.00011393179818 19.660747494999669
487 289.67416634800765 280.00011403998462 19.701397767999879
488 289.66438714884879 280.00011414798814 19.741985541999838
489 289.65462439061656 280.00011425580885 19.783074099999794
490 289.64487802188904 280.00011436344903 19.82431984699997
491 289.63514799146327 280.00011447090918 19.864396886999657
492 289.625434248418 280.00011457818744 19.90589487599982
493 289.61573674206818 280.00011468529016 19.947022028999982
494 289.60605542199465 280.00011479221126 19.987644072999956
495 289.59639023803123 280.00011489895314 20.028858465999747
496 289.58674114025246 280.00011500552216 20.070134005
497 289.57710807897735 280.00011511190968 20.110702611999841
498 289.56749100477538 280.00011521812371 20.152211120999709
499 289.55788986845744 280.00011532415755 20.193264731999989
500 289.54830462108788 280.00011543001864 20.23379739999973
501 289.53873521395496 280.00011553570499 20.275012782999966
502 289.52918159860155 280.0001156412161 20.316511606999939
503 289.51964372678782 280.00011574655383 20.357293080999625
504 289.51012155053206 280.00011585171933 20.398590288999912
505 289.50061502206847 280.0001159567106 20.439693015999637
506 289.49112409387965 280.0001160615306 20.480996473999767
507 289.48164871866391 280.00011616617672 20.521014191999711
508 289.47218884935432 280.00011627064964 20.562743485999817
509 289.46274443911545 280.00011637495788 20.603399386999627
510 289.45331544133688 280.00011647909338 20.644207943999845
511 289.44390180963427 280.00011658306016 20.684712280999975
512 289.43450349784916 280.00011668685488 20.726412251999591
513 289.42512046002184 280.00011679048299 20.767588364999938
514 289.41575265044935 280.00011689394256 20.807740667999951
515 289.40640002361869 280.00011699723342 20.849310064999827
516 289.3970625342468 280.00011710035557 20.890796023999883
517 289.38774013727317 280.00011720331719 20.931072546999985
518 289.37843278782947 280.00011730610731 20.972601057999782
519 289.36914044128343 280.00011740873441 21.013800816999719
520 289.35986305319938 280.00011751119416 21.054356664999887
521 289.35060057936607 280.00011761349072 21.095370328999707
522 289.34135297576154 280.00011771562237 21.13662967099981
523 289.33212019858354 280.00011781759099 21.177057965999666
524 289.32290220425261 280.00011791939534 21.218401006999557
525 289.3136989493542 280.00011802103774 21.259541233999698
526 289.30451039071829 280.00011812251785 21.300791828000001
527 289.2953364853376 280.00011822383772 21.341294707999623
528 289.28617719045155 280.00011832499263 21.381852952999907
529 289.27703246344947 280.00011842598684 21.423165162999794
530 289.26790226196442 280.00011852682189 21.464392370999576
531 289.25878654378823 280.00011862749813 21.505131815999903
532 289.24968526693738 280.00011872801417 21.546182616999886
533 289.24059838960903 280.00011882837032 21.5873222729997
534 289.23152587019553 280.00011892856946 21.628109268999651
535 289.22246766727358 280.00011902860757 21.66901965299985
536 289.21342373962892 280.00011912849101 21.710338580999633
537 289.20439404622482 280.00011922821642 21.750913856999887
538 289.19537854620569 280.00011932778477 21.791535695999755
539 289.18637719892354 280.00011942719658 21.832606444999783
540 289.17738996389647 280.00011952645252 21.873848080999778
541 289.16841680083689 280.00011962555584 21.914129031999892
542 289.15945766963785 280.0001197245 21.955386969999836
543 289.15051253038467 280.0001198232917 21.996316103999561
544 289.14158134332661 280.00011992192947 22.037014036999608
545 289.13266406889983 280.00012002041251 22.078639373999977
546 289.12376066772453 280.00012011874259 22.120054031999643
547 289.11487110060733 280.00012021692061 22.161022748999585
548 289.10599532850233 280.00012031494776 22.202082039999823
549 289.09713331256353 280.00012041282008 22.242429189999712
550 289.08828501411404 280.00012051054102 22.284091610999894
551 289.0794503946538 280.00012060811059 22.325266476999786
552 289.07062941584087 280.00012070553288 22.365730607999922
553 289.06182203952125 280.00012080280004 22.406887192999875
554 289.05302822770022 280.00012089992305 22.44823659199983
555 289.04424794256147 280.00012099689343 22.488459731999683
556 289.03548114644764 280.00012109371681 22.529922724999778
557 289.02672780187726 280.00012119038757 22.571219362999727
558 289.01798787151773 280.00012128691219 22.612107143999765
559 289.00926131823007 280.00012138328952 22.652579711999806
560 289.00054810500887 280.00012147952049 22.693943173999742
561 288.99184819503728 280.00012157560428 22.73512538399973
562 288.98316155164076 280.00012167153977 22.775812693999796
563 288.97448813832506 280.00012176733173 22.816695109999728
564 288.96582791873129 280.00012186297408 22.858089977999953
565 288.95718085668727 280.00012195847432 22.898668432999784
566 288.94854691615814 280.00012205382916 22.939271470999756
567 288.93992606126926 280.00012214903933 22.980411336999623
568 288.93131825631735 280.00012224410443 23.021165001999634
569 288.92272346573714 280.00012233902652 23.062509348999811
570 288.91414165412056 280.0001224338065 23.10410796799988
571 288.90557278623169 280.00012252844152 23.145544556000004
572 288.89701682694886 280.00012262293524 23.18736822899973
573 288.88847374134389 280.0001227172873 23.228187883999908
574 288.87994349461002 280.00012281149685 23.268757432999791
575 288.87142605210784 280.00012290556447 23.310349543999564
576 288.86292137933083 280.00012299948986 23.351681755999834
577 288.85442944193704 280.00012309327587 23.391993283999909
578 288.84595020571982 280.00012318692234 23.433468205999816
579 288.83748363662011 280.00012328042868 23.474815001999559
580 288.82902970073542 280.00012337379491 23.516633416999866
581 288.8205883642957 280.00012346702283 23.558173026999611
582 288.81215959366955 280.00012356011075 23.598802577999777
583 288.80374335538568 280.00012365305935 23.639343534999625
584 288.795339616104 280.00012374587436 23.680882415999804
585 288.78694834262524 280.00012383854795 23.721995876999699
586 288.7785695019021 280.00012393108443 23.762710948999938
587 288.77020306100025 280.00012402348489 23.80329299999994
588 288.76184898715491 280.0001241157488 23.844663805999971
589 288.75350724771681 280.00012420787607 23.885545337999702
590 288.74517781019182 280.00012429986634 23.926419162000002
591 288.73686064220561 280.00012439172258 23.966944753999996
592 288.72855571152576 280.00012448344421 24.008615562999694
593 288.72026298605687 280.00012457502868 24.049318082999889
594 288.71198243383475 280.00012466648195 24.089966123999602
595 288.70371402302777 280.0001247577996 24.131446097999742
596 288.69545772194294 280.00012484898292 24.172756435999872
597 288.68721349901278 280.00012494003175 24.213616144999833
598 288.6789813227922 280.00012503095178 24.254167517999576
599 288.67076116198177 280.00012512173583 24.295615513999564
600 288.66255298540926 280.00012521238835 24.336882415999753
601 288.65435676202497 280.00012530290792 24.377771865999875
602 288.64617246090666 280.00012539329748 24.422379054999965
603 288.63800005126546 280.00012548355255 24.463878458999716
604 288.62983950242676 280.00012557367955 24.504992233999928
605 288.62169078386165 280.00012566367576 24.545352616999935
606 288.61355386514566 280.00012575354015 24.587056344999837
607 288.60542871599256 280.00012584327555 24.628333194999868
608 288.59731530622582 280.00012593288142 24.668510607999906
609 288.5892136058153 280.00012602235842 24.7101467829998
610 288.58112358482396 280.00012611170376 24.751559883999562
611 288.57304521345509 280.00012620092389 24.792010371999822
612 288.56497846202819 280.00012629001395 24.833407170999635
613 288.55692330099328 280.00012637897635 24.874577924999812
614 288.54887970089095 280.00012646780988 24.915382114999829
615 288.54084763241104 280.00012655651716 24.955939999999828
616 288.53282706635133 280.00012664509711 24.998134460999609
617 288.52481797361372 280.00012673355354 25.039357142999961
618 288.51682032523127 280.00012682187895 25.080185134999738
619 288.50883409236195 280.00012691008021 25.120704998999827
620 288.50085924625785 280.0001269981563 25.162134505999802
621 288.4928957582884 280.0001270861049 25.203344322999783
622 288.48494359995829 280.00012717392951 25.244185335999646
623 288.47700274286871 280.00012726162907 25.285134370999913
624 288.46907315872909 280.00012734920568 25.326411950999955
625 288.46115481937596 280.00012743665724 25.367105828999684
626 288.45324769674625 280.00012752398408 25.407692725999823
627 288.44535176290316 280.00012761118757 25.449084577999656
628 288.4374669899907 280.00012769826907 25.490336792999642
629 288.4295933503019 280.00012778522517 25.531093014999897
630 288.42173081620621 280.00012787206106 25.571712047999881
631 288.41387936019311 280.00012795877404 25.612746761999915
632 288.40603895487379 280.00012804536419 25.654197728999861
633 288.39820957294586 280.0001281318327 25.694709521999812
634 288.39039118721911 280.00012821817995 25.735598868999659
635 288.38258377062596 280.00012830440693 25.776821344999917
636 288.37478729617089 280.00012839051226 25.817866735999814
637 288.36700173700285 280.00012847649509 25.858175453999593
638 288.35922706635529 280.00012856236128 25.899767567999788
639 288.3514632575571 280.00012864810384 25.940932229999817
640 288.34371028406065 280.00012873373203 25.98175397399973
641 288.33596811940851 280.00012881923766 26.022365870999693
642 288.3282367372484 280.00012890462415 26.06382991099963
643 288.32051611133545 280.00012898989206 26.10497790699992
644 288.31280621550695 280.00012907504163 26.145807774999867
645 288.305107023733 280.00012916007131 26.186930405999647
646 288.29741851005105 280.00012924498623 26.228487936999954
647 288.28974064862115 280.00012932978126 26.269476191999729
648 288.28207341369165 280.00012941445902 26.310697783999785
649 288.27441677961008 280.00012949901873 26.351202077999915
650 288.26677072082873 280.00012958346474 26.392144135999843
651 288.25913521189057 280.00012966779178 26.433287966999615
652 288.25151022743324 280.00012975200258 26.474608100999831
653 288.24389574221459 280.00012983609895 26.51531223999973
654 288.23629173104388 280.00012992007737 26.556004660999861
655 288.22869816886617 280.00013000394216 26.59714250199977
656 288.22111503070431 280.00013008769105 26.638466906999838
657 288.21354229167969 280.00013017132596 26.679050837999966
658 288.20597992700328 280.00013025484662 26.719771851999667
659 288.19842791198784 280.00013033825047 26.761115006999717
660 288.1908862220298 280.00013042154234 26.802409151999655
661 288.18335483262604 280.00013050471989 26.842906622999635
662 288.17583371935467 280.00013058778563 26.883613626999704
663 288.16832285790213 280.00013067073502 26.924982198999714
664 288.16082222403008 280.00013075357481 26.966309208999974
665 288.15333179360385 280.00013083629887 27.007043504999729
666 288.14585154255781 280.00013091891174 27.047778164999727
667 288.13838144694961 280.00013100141314 27.088999756999783
668 288.13092148289365 280.00013108380267 27.130274890999772
669 288.12347162661354 280.00013116607965 27.170706319999681
670 288.1160318544089 280.00013124824471 27.212186402999578
671 288.10860214268951 280.00013133029819 27.253306275999876
672 288.1011824679133 280.00013141224349 27.293994842999837
673 288.09377280665603 280.00013149407692 27.33452856599979
674 288.08637313557699 280.00013157580094 27.37579193099964
675 288.07898343140641 280.00013165741706 27.416631489999872
676 288.07160367098572 280.0001317389204 27.457454954999776
677 288.06423383120506 280.00013182031375 27.498571598999661
678 288.05687388907529 280.00013190159603 27.539950172999852
679 288.04952382167858 280.00013198277389 27.580653272999825
680 288.0421836061646 280.00013206384 27.621632155999578
681 288.03485321979571 280.00013214479651 27.662783748999573
682 288.02753263989302 280.00013222564553 27.704066071999932
683 288.02022184387374 280.00013230638854 27.744660992999798
684 288.01292080923128 280.00013238702303 27.786055608999959
685 288.00562951355175 280.00013246754804 27.827280534999772
686 287.9983479344819 280.00013254796568 27.868089208999663
687 287.99107604976371 280.00013262827991 27.908609858999625
688 287.98381383722432 280.00013270848439 27.950008432999766
689 287.97656127475659 280.00013278858268 27.991241223999623
690 287.96931834034655 280.00013286857535 28.032187710999551
691 287.96208501205831 280.00013294846025 28.072758152999995
692 287.95486126802109 280.00013302824067 28.114076100999682
693 287.94764708645647 280.0001331079157 28.15511915199977
694 287.9404424456601 280.00013318748256 28.196058554999581
695 287.93324732400731 280.00013326694892 28.23696889599978
696 287.92606169994161 280.00013334630637 28.278333459999885
697 287.91888555200211 280.00013342556201 28.318658692999634
698 287.91171885878435 280.0001335047109 28.360372166999696
699 287.90456159897735 280.00013358375759 28.401530583999829
700 287.89741375133144 280.00013366269906 28.442453270999977
701 287.89027529468501 280.00013374153781 28.483199600999797
702 287.88314620794 280.00013382027026 28.524484737999956
703 287.87602647007566 280.00013389890313 28.565737687999899
704 287.86891606016536 280.00013397743169 28.607316732999607
705 287.86181495732382 280.00013405585713 28.658629870999903
706 287.85472314076014 280.00013413417906 28.70150397999987
707 287.84764058975378 280.00013421240214 28.742525468999702
708 287.84056728365596 280.0001342905191 28.783257475999562
709 287.83350320189089 280.00013436853641 28.824875011999666
710 287.8264483239621 280.00013444645157 28.866499682999802
711 287.81940262941595 280.00013452426487 28.907259867999983
712 287.81236609790648 280.00013460197795 28.94790994799996
713 287.80533870915161 280.00013467958888 28.989577431999805
714 287.79832044291987 280.00013475709943 29.032143985999937
715 287.79131127907431 280.00013483451062 29.074027044999639
716 287.78431119752008 280.00013491181801 29.114871240999946
717 287.77732017826833 280.00013498903041 29.155409548999614
718 287.77033820137859 280.00013506613976 29.196742341999652
719 287.76336524696859 280.00013514314946 29.237841123999715
720 287.75640129524891 280.00013522006168 29.278377452999848
721 287.7494463264884 280.00013529687124 29.319675456999903
722 287.74250032101816 280.00013537358438 29.360936688999573
723 287.73556325924363 280.00013545020045 29.402078492999863
724 287.72863512163985 280.00013552671487 29.444004105999738
725 287.72171588875364 280.00013560313164 29.485202785999718
726 287.71480554118216 280.00013567945069 29.526379277999695
727 287.70790405959536 280.00013575567112 29.566725084999689
728 287.70101142473453 280.00013583179532 29.608318559999589
729 287.69412761740807 280.00013590782129 29.649504947999958
730 287.68725261849181 280.0001359837475 29.690234508999765
731 287.68038640891655 280.00013605958026 29.730803026999638
732 287.67352896967532 280.00013613531462 29.772008998999809
733 287.66668028184171 280.00013621095275 29.813193615999808
734 287.65984032655155 280.00013628649424 29.853726143999666
735 287.65300908499091 280.0001363619379 29.894944198999838
736 287.64618653841944 280.00013643728795 29.936297618999561
737 287.63937266816674 280.00013651254193 29.976865147999888
738 287.63256745561074 280.00013658769876 30.018212578999737
739 287.62577088219814 280.00013666276311 30.059434747999603
740 287.61898292944608 280.00013673772639 30.100241184999959
741 287.61220357891835 280.00013681259986 30.140846525999677
742 287.60543281227035 280.00013688737829 30.182181248999768
743 287.59867061116387 280.00013696206076 30.22336815799963
744 287.59191695738997 280.00013703664916 30.264254906999668
745 287.58517183275569 280.00013711114212 30.304824885999551
746 287.57843521914248 280.00013718554379 30.346741436999764
747 287.57170709849288 280.00013725984962 30.387758554999891
748 287.56498745280135 280.00013733406223 30.428741816999718
749 287.55827626413657 280.00013740817963 30.471164518999558
750 287.55157351461685 280.00013748220778 30.51250736899965
751 287.54487918642872 280.00013755614179 30.553251931999966
752 287.53819326180644 280.00013762998157 30.59395076499959
753 287.53151572304665 280.00013770372794 30.635108663999745
754 287.52484655251106 280.00013777738252 30.676496721999683
755 287.51818573262074 280.00013785094745 30.717171023999981
756 287.51153324583987 280.00013792441723 30.757880534999913
757 287.50488907471134 280.00013799779884 30.799370467999779
758 287.49825320181662 280.00013807108439 30.840603211999678
759 287.49162560980602 280.00013814427939 30.880958500999895
760 287.48500628138873 280.00013821738622 30.922451559999899
761 287.47839519931154 280.00013829039943 30.963682011999936
762 287.47179234641033 280.00013836332141 31.005124705999606
763 287.46519770555267 280.0001384361538 31.045520359999955
764 287.45861125966661 280.00013850889559 31.087133887999698
765 287.45203299173806 280.0001385815462 31.128278141999999
766 287.44546288481092 280.00013865410745 31.168530043999908
767 287.43890092198143 280.00013872657973 31.210245344999748
768 287.43234708639972 280.00013879896153 31.25157621399967
769 287.4258013612706 280.00013887125181 31.29238239399956
770 287.41926372986757 280.00013894345648 31.332989404999807
771 287.41273417550104 280.00013901556775 31.374325692999719
772 287.40621268153086 280.00013908759234 31.415711928999826
773 287.39969923139131 280.00013915952803 31.45627315899992
774 287.39319380855665 280.00013923137487 31.497471476999635
775 287.38669639656143 280.00013930313378 31.538647242999559
776 287.38020697898367 280.00013937480338 31.579182169999967
777 287.37372553946676 280.00013944638522 31.620496790999823
778 287.36725206169234 280.0001395178798 31.661777349999738
779 287.3607865294112 280.00013958928633 31.702386339999975
780 287.3543289264079 280.00013966060391 31.743771742999797
781 287.34787923653403 280.00013973183314 31.784936571999879
782 287.34143744369197 280.00013980298019 31.825733063999905
783 287.33500353182274 280.00013987403719 31.866260959999636
784 287.32857748493223 280.00013994500574 31.907552507999753
785 287.32215928707438 280.00014001589039 31.948772492999979
786 287.31574892234312 280.00014008668882 31.989440597999874
787 287.3093463748998 280.00014015739919 32.029947399999855
788 287.30295162894083 280.00014022802259 32.071450981999988
789 287.29656466872922 280.00014029856186 32.112652893999893
790 287.29018547855958 280.00014036901285 32.153967566999654
791 287.28381404279156 280.00014043938143 32.194069052999566
792 287.27745034582438 280.00014050966286 32.235944095999912
793 287.27109437211311 280.00014057985828 32.277124028999879
794 287.26474610615645 280.00014064996884 32.317712499999743
795 287.25840553250697 280.0001407199972 32.358969986999909
796 287.25207263576033 280.00014078993786 32.400273879999986
797 287.24574740056431 280.00014085979319 32.440863600999819
798 287.23942981161838 280.00014092956542 32.482221869999648
799 287.23311985366172 280.00014099925494 32.523448210999959
800 287.22681751149395 280.00014106885772 32.564283089999662
801 287.22052276993651 280.00014113837807 32.604940988999715
802 287.21423561389923 280.0001412078139 32.646384622999904
803 287.20795602829799 280.0001412771681 32.687531796999792
804 287.20168399811547 280.00014134643698 32.728338602999884
805 287.19541950838288 280.00014141562298 32.76893900099958
806 287.18916254417229 280.00014148472599 32.810264352999639
807 287.1829130906072 280.0001415537439 32.851532516999669
808 287.17667113285631 280.00014162268184 32.892126924999957
809 287.17043665611908 280.00014169153536 32.933381599999848
810 287.16420964567698 280.00014176030794 32.974700857999778
811 287.15799008680807 280.00014182899707 33.015396621999571
812 287.15177796488138 280.0001418976052 33.056216708999727
813 287.14557326527444 280.00014196613188 33.0978488869996
814 287.13937597344233 280.00014203457499 33.139162727999974
815 287.13318607485593 280.00014210293585 33.18004916999962
816 287.12700355505183 280.00014217121787 33.220894205999684
817 287.12082839961045 280.00014223941787 33.262175390999801
818 287.11466059414283 280.00014230753459 33.303515848999723
819 287.10850012429808 280.00014237557258 33.344286093999926
820 287.10234697580768 280.00014244352928 33.385011233999649
821 287.09620113440263 280.00014251140612 33.426256898999782
822 287.0900625858776 280.00014257919997 33.467658972999743
823 287.08393131607852 280.00014264691481 33.508347080999556
824 287.07780731087263 280.00014271454927 33.549336910999955
825 287.07169055619363 280.00014278210472 33.590545909999946
826 287.06558103799512 280.00014284957729 33.631878346999656
827 287.05947874229525 280.00014291697335 33.672554892999869
828 287.05338365514172 280.00014298428778 33.713536128999749
829 287.04729576261894 280.00014305152331 33.754724189999706
830 287.04121505087818 280.00014311867892 33.795931312999983
831 287.03514150607919 280.00014318575717 33.83641020099958
832 287.02907511445557 280.00014325275674 33.877964306999729
833 287.02301586225286 280.00014331967265 33.919145961999675
834 287.01696373577477 280.00014338651454 33.960062405999906
835 287.0109187213796 280.00014345327679 34.000730148999992
836 287.00488080542004 280.00014351996134 34.042051179999817
837 286.99884997435322 280.00014358656597 34.083314189999783
838 286.99282621463038 280.00014365309318 34.124071881999953
839 286.98680951275833 280.00014371954205 34.16463686499992
840 286.9807998552763 280.00014378591413 34.207090144999711
841 286.97479722877506 280.00014385220783 34.250880779999989
842 286.96880161988952 280.00014391842393 34.29257061699991
843 286.96281301527011 280.00014398456352 34.334419413999967
844 286.95683140163794 280.0001440506249 34.378853962999983
845 286.95085676573257 280.00014411661101 34.422885643999962
846 286.94488909434239 280.00014418251669 34.466692321999744
847 286.93892837427416 280.00014424834848 34.507892050999999
848 286.93297459241279 280.00014431410312 34.548363336999955
849 286.92702773564838 280.00014437978075 34.591049744999964
850 286.92108779092166 280.00014444538232 34.632551820999652
851 286.9151547452243 280.00014451090811 34.674036395999792
852 286.90922858556121 280.00014457635638 34.714746849999756
853 286.90330929899017 280.00014464172983 34.755666732999998
854 286.89739687261135 280.00014470702649 34.796978338999907
855 286.89149129355712 280.00014477224971 34.837566603999676
856 286.88559254898325 280.00014483739648 34.878178463999575
857 286.87970062611424 280.00014490246741 34.919751841999641
858 286.87381551218448 280.00014496746263 34.960833444999935
859 286.86793719448832 280.0001450323835 35.001404782999998
860 286.86206566033047 280.00014509722945 35.042809461999695
861 286.85620089708465 280.00014516200093 35.08400064999978
862 286.85034289212416 280.00014522669738 35.124838239999917
863 286.84449163290191 280.00014529131994 35.165413016000002
864 286.83864710687283 280.00014535586791 35.20683842399967
865 286.83280930153927 280.00014542034194 35.248037371999999
866 286.82697820444042 280.00014548474076 35.288826473999961
867 286.82115380315918 280.00014554906579 35.329454167999756
868 286.8153360853014 280.00014561331875 35.370683794999877
869 286.80952503852797 280.00014567749508 35.411546074999933
870 286.80372065050591 280.00014574160053 35.452291686999615
871 286.79792290896415 280.00014580563203 35.492860630999985
872 286.79213180165232 280.00014586958986 35.534268696999789
873 286.78634731635873 280.00014593347424 35.575542594999661
874 286.78056944091912 280.00014599728632 35.616333832999771
875 286.77479816319033 280.00014606102565 35.656936266999764
876 286.76903347106088 280.00014612468993 35.69818964399974
877 286.76327535246685 280.0001461882847 35.739371509999728
878 286.75752379536704 280.00014625180478 35.780508531999658
879 286.75177878777214 280.00014631525403 35.820843358999809
880 286.74604031770082 280.00014637862972 35.862522260999867
881 286.7403083732342 280.00014644193419 35.90330667499984
882 286.73458294246734 280.00014650516721 35.944384321999678
883 286.72886401353952 280.0001465683265 35.984801024999797
884 286.72315157462015 280.00014663141718 36.026537009999629
885 286.7174456139046 280.00014669443465 36.067772938999951
886 286.7117461196342 280.00014675738225 36.107937347999723
887 286.70605308008834 280.00014682025699 36.149537081999824
888 286.70036648356245 280.00014688305924 36.19093624199968
889 286.69468631838708 280.00014694579204 36.231523466999988
890 286.68901257294846 280.00014700845401 36.273038044999794
891 286.68334523563675 280.00014707104464 36.314202932999706
892 286.67768429488285 280.00014713356603 36.355100370999935
893 286.67202973917483 280.00014719601489 36.395847755999966
894 286.66638155699644 280.0001472583948 36.437405771999693
895 286.6607397368881 280.0001473207011 36.478616702999716
896 286.65510426740963 280.00014738294124 36.518797467999775
897 286.64947513716305 280.00014744511213 36.56038308899997
898 286.64385233477566 280.00014750720976 36.601695581999593
899 286.63823584890912 280.00014756923906 36.642673697999726
900 286.63262566826285 280.00014763119754 36.683124361999944
901 286.62702178155422 280.00014769308808 36.724775972999851
902 286.62142417753802 280.00014775490916 36.766078153999842
903 286.61583284501046 280.0001478166609 36.80702137299977
904 286.61024777278362 280.00014787834249 36.847517140999571
905 286.60466894970853 280.00014793995558 36.888632132999646
906 286.59909636467603 280.00014800150041 36.929517435999969
907 286.5935300065828 280.00014806297497 36.970488936999573
908 286.58796986437989 280.00014812438292 37.010941422999622
909 286.58241592704479 280.00014818572197 37.052634857999692
910 286.57686818357905 280.00014824699116 37.093994903999828
911 286.57132662301638 280.00014830819481 37.134614213999612
912 286.56579123441992 280.00014836932775 37.175276441999813
913 286.56026200689155 280.00014843039332 37.216623154999979
914 286.55473892954859 280.00014849139319 37.257950543999868
915 286.54922199155726 280.00014855232331 37.298420948999592
916 286.54371118209173 280.00014861318573 37.339762350000001
917 286.53820649037408 280.00014867398062 37.380999896999583
918 286.53270790565171 280.00014873470843 37.421858793999945
919 286.52721541718967 280.00014879536491 37.462835348999761
920 286.52172901429839 280.00014885595925 37.504127687999699
921 286.51624868630813 280.00014891648584 37.544914605999566
922 286.51077442258338 280.00014897694416 37.586118870999599
923 286.5053062125225 280.0001490373358 37.627412250999896
924 286.4998440455318 280.00014909766111 37.668179480999697
925 286.49438791107258 280.00014915791922 37.708762959999603
926 286.48893779861618 280.00014921811135 37.750157642999966
927 286.48349369767652 280.00014927823707 37.791261333999955
928 286.47805559778033 280.0001493382963 37.832178877999922
929 286.47262348849551 280.00014939828861 37.872691678999672
930 286.46719735941861 280.00014945821636 37.914057507999587
931 286.46177720016487 280.00014951807577 37.955266303999906
932 286.45636300038575 280.00014957787266 37.996160461999807
933 286.45095474975938 280.00014963760117 38.037195506999979
934 286.44555243798749 280.0001496972659 38.078497116999642
935 286.44015605480024 280.00014975686361 38.119168928999898
936 286.43476558996525 280.00014981639669 38.159907773999748
937 286.42938103326583 280.00014987586496 38.201070840999819
938 286.42400237451864 280.0001499352681 38.242442294999819
939 286.41862960356264 280.00014999460581 38.282880511999792
940 286.41326271027532 280.00015005387746 38.324307853999926
941 286.40790168454959 280.00015011308591 38.365455504999773
942 286.40254651630931 280.00015017223001 38.406359351999981
943 286.39719719551323 280.0001502313084 38.446988353999586
944 286.39185371213637 280.00015029032124 38.48830027699978
945 286.38651605617662 280.00015034927179 38.529049852999833
946 286.3811842176703 280.00015040815646 38.569814375999613
947 286.37585818668157 280.0001504669778 38.610511241999575
948 286.37053795329075 280.00015052573588 38.651811134999662
949 286.36522350761203 280.00015058442898 38.69304363099991
950 286.35991483977665 280.00015064305921 38.734285136999915
951 286.35461193995906 280.00015070162453 38.774905439999657
952 286.34931479833978 280.00015076012727 38.816130904999682
953 286.34402340514248 280.00015081856554 38.857338660999631
954 286.33873775061193 280.00015087694021 38.898158653999872
955 286.3334578250076 280.00015093525326 38.938680309999654
956 286.32818361863042 280.00015099350247 38.980320830999972
957 286.32291512179432 280.0001510516887 39.021676296999885
958 286.3176523248506 280.00015110981207 39.062121337999997
959 286.31239521817031 280.00015116787154 39.103625033999833
960 286.30714379214083 280.00015122586859 39.144927582999571
961 286.30189803719037 280.00015128380454 39.185611219999828
962 286.29665794377183 280.0001513416783 39.226751788000001
963 286.29142350234309 280.00015139948681 39.267992877999859
964 286.28619470341425 280.00015145723467 39.308870320999631
965 286.2809715374961 280.00015151491976 39.349361873999896
966 286.27575399513904 280.00015157254211 39.392000216999804
967 286.27054206691776 280.00015163010426 39.435900081999989
968 286.26533574342983 280.00015168760331 39.47677127399993
969 286.2601350152849 280.00015174504205 39.517345953999666
970 286.25493987314513 280.00015180241701 39.558947516999979
971 286.24975030766637 280.00015185973137 39.599912615999983
972 286.24456630954631 280.00015191698469 39.640327866999996
973 286.23938786950498 280.00015197417656 39.68188380499987
974 286.23421497828321 280.00015203130528 39.7231158339996
975 286.22904762664479 280.0001520883747 39.76395494299959
976 286.22388580538359 280.00015214538263 39.805634526999711
977 286.21872950531338 280.00015220232916 39.84733348699956
978 286.21357871727571 280.0001522592151 39.888267440999698
979 286.20843343212812 280.00015231604186 39.928862432999722
980 286.20329364075792 280.00015237280587 39.97035800499998
981 286.19815933407057 280.00015242950946 40.011547064999831
982 286.19303050299845 280.00015248615421 40.052409454999633
983 286.18790713850171 280.00015254273569 40.093424033999781
984 286.18278923155771 280.00015259925902 40.13515992199973
985 286.17767677317426 280.00015265572193 40.176830912999776
986 286.17256975436811 280.00015271212305 40.218671435999568
987 286.16746816618672 280.00015276846534 40.259208250999563
988 286.16237199971158 280.0001528247505 40.299855796999964
989 286.15728124602924 280.00015288097211 40.341107305999685
990 286.15219589625542 280.00015293713659 40.382384753999759
991 286.14711594154096 280.00015299323957 40.422792401999686
992 286.14204137303358 280.00015304928417 40.464387820999946
993 286.13697218193187 280.00015310526834 40.505575735999628
994 286.13190835944295 280.00015316119323 40.546448075999706
995 286.12684989678348 280.00015321705951 40.587001922999661
996 286.12179678521892 280.00015327286872 40.628463590999672
997 286.11674901601998 280.00015332861523 40.66959744299993
998 286.1117065804911 280.0001533843041 40.710454886999742
999 286.10666946993746 280.00015343993482 40.751082431999748
1000 286.10163767569759 280.00015349550631 40.792300816999614
1001 286.09661118916273 280.00015355102045 40.833551180999621
1002 286.09159000168739 280.00015360647399 40.874172632999944
1003 286.08657410468868 280.00015366187057 40.91538716299965
1004 286.08156348960375 280.00015371720758 40.956786068999918
1005 286.07655814786807 280.00015377248678 40.997359083999982
1006 286.07155807096632 280.00015382770931 41.037959389999742
1007 286.06656325038153 280.00015388287346 41.079533661999903
1008 286.06157367763677 280.00015393797901 41.120754806999685
1009 286.05658934425549 280.00015399302646 41.161250997999559
1010 286.05161024181319 280.00015404801729 41.202634330999899
1011 286.04663636187871 280.00015410294901 41.244035269999586
1012 286.04166769604564 280.00015415782315 41.284694690999913
1013 286.03670423594673 280.00015421263981 41.325284894999641
1014 286.03174597321726 280.00015426740083 41.366647552999893
1015 286.02679289952624 280.00015432210193 41.407878698999866
1016 286.02184500653618 280.00015437674745 41.448708070999601
1017 286.01690228597693 280.00015443133532 41.489262283999778
1018 286.01196472956588 280.00015448586691 41.530536920999566
1019 286.00703232904186 280.00015454034127 41.572204007999972
1020 286.00210507617004 280.00015459475759 41.613078849999965
1021 285.99718296275182 280.00015464911792 41.653564103999997
1022 285.99226598057766 280.00015470342271 41.695197284999722
1023 285.98735412149091 280.00015475766997 41.736397076999765
1024 285.98244737732057 280.00015481185932 41.777204104999782
1025 285.97754573994882 280.00015486599409 41.817690192999635
1026 285.97264920125679 280.0001549200735 41.859038058999886
1027 285.96775775315945 280.00015497409396 41.900319726999896
1028 285.96287138758282 280.00015502806031 41.941066389999833
1029 285.95799009646407 280.00015508196913 41.982122794999668
1030 285.95311387179157 280.00015513582406 42.023508056999617
1031 285.94824270553363 280.00015518962192 42.064160396999796
1032 285.9433765897171 280.0001552433643 42.104931590999968
1033 285.93851551634555 280.00015529705053 42.146187372999975
1034 285.93365947748566 280.00015535068133 42.187525238999569
1035 285.92880846518949 280.00015540425642 42.228162890999556
1036 285.92396247156222 280.00015545777632 42.268774916999973
1037 285.91912148868903 280.00015551124096 42.310163357999954
1038 285.91428550870495 280.00015556465138 42.351543725999818
1039 285.90945452375064 280.00015561800586 42.392079450999972
1040 285.90462852599313 280.0001556713047 42.433504194999841
1041 285.8998075076089 280.00015572454652 42.474584611999944
1042 285.89499146080709 280.00015577773598 42.515535965999788
1043 285.89018037779744 280.00015583087026 42.556053513999814
1044 285.88537425083308 280.00015588395019 42.597633986999881
1045 285.88057307215843 280.00015593697418 42.638897530999657
1046 285.87577683405732 280.00015598994474 42.679634403999898
1047 285.87098552882503 280.00015604285966 42.720250441999724
1048 285.86619914878122 280.00015609572188 42.761701956999786
1049 285.86141768625163 280.00015614852833 42.802887322999595
1050 285.85664113358791 280.00015620128318 42.84355450799967
1051 285.85186948316806 280.00015625398299 42.884138618999714
1052 285.84710272737584 280.0001563066275 42.925690341999598
1053 285.84234085861874 280.00015635921739 42.966837009999836
1054 285.8375838693222 280.00015641175395 43.007658101999823
1055 285.83283175192628 280.00015646423697 43.04828044299984
1056 285.82808449890507 280.00015651666729 43.089533673999995
1057 285.8233421027245 280.00015656904327 43.130837999999585
1058 285.81860455588884 280.00015662136485 43.171427110999957
1059 285.81387185091933 280.00015667363414 43.212046117999762
1060 285.80914398034622 280.00015672584902 43.253435443999933
1061 285.80442093672036 280.00015677801122 43.294397007999578
1062 285.79970271261334 280.00015683011981 43.335362841999995
1063 285.79498930061982 280.00015688217525 43.376568782999584
1064 285.79028069333623 280.00015693418044 43.417350032999821
1065 285.78557688338486 280.00015698612793 43.457896540999627
1066 285.78087786341234 280.00015703802381 43.499182533999829
1067 285.77618362607632 280.00015708986928 43.540240713000003
1068 285.77149416404785 280.0001571416592 43.581022274999668
1069 285.76680947003206 280.00015719339717 43.622190454999782
1070 285.76212953673121 280.00015724508444 43.663554782999654
1071 285.7574543568727 280.00015729671657 43.704521242999817
1072 285.75278392320712 280.00015734829873 43.744969676999972
1073 285.74811822849375 280.00015739982609 43.786717028999647
1074 285.74345726551832 280.00015745130167 43.828042761999768
1075 285.73880102707193 280.00015750272763 43.868196401999739
1076 285.73414950596651 280.00015755409896 43.909907711999949
1077 285.72950269504196 280.00015760541811 43.951056724999944
1078 285.72486058714105 280.00015765668587 43.99178125599974
1079 285.72022317513631 280.0001577079035 44.032953133999854
1080 285.71559045189082 280.0001577590665 44.074292460999914
1081 285.71096241032092 280.00015781018055 44.114886937999927
1082 285.7063390433367 280.00015786124249 44.155563446999622
1083 285.70172034387633 280.00015791225053 44.197145536999869
1084 285.6971063048793 280.00015796320889 44.238428561999626
1085 285.69249691931475 280.00015801411604 44.279225541999949
1086 285.68789218016644 280.00015806497208 44.320019604999743
1087 285.68329208043036 280.00015811577509 44.36135065299959
1088 285.67869661312017 280.00015816652854 44.402523990999725
1089 285.67410577127708 280.00015821723036 44.448897583999951
1090 285.66951954792717 280.00015826788285 44.489576385999953
1091 285.66493793615405 280.00015831848174 44.530803786999968
1092 285.66036092903585 280.00015836902963 44.572114573999897
1093 285.65578851965694 280.00015841952865 44.612851501999558
1094 285.65122070113512 280.00015846997707 44.653590095999789
1095 285.64665746660182 280.00015852037296 44.694718849999845
1096 285.64209880920481 280.00015857072083 44.736073751999811
1097 285.63754472209172 280.00015862101611 44.776672501999656
1098 285.63299519844645 280.00015867126143 44.817916881999736
1099 285.6284502314698 280.00015872145656 44.859124907999558
1100 285.62390981435107 280.00015877160024 44.900075951999952
1101 285.61937394032384 280.00015882169555 44.940581835999637
1102 285.61484260262716 280.00015887174038 44.981897466999726
1103 285.61031579451628 280.00015892173462 45.02316278499984
1104 285.60579350925968 280.00015897168055 45.063866326999687
1105 285.60127574014774 280.00015902157514 45.104404450999937
1106 285.59676248047259 280.00015907142 45.145692528999916
1107 285.59225372355752 280.00015912121614 45.18679784599999
1108 285.58774946273536 280.00015917096164 45.228840982999827
1109 285.58324969135475 280.00015922065813 45.270175259999633
1110 285.57875440278008 280.00015927030364 45.311617559999831
1111 285.5742635903797 280.00015931990163 45.35213490399974
1112 285.56977724755842 280.00015936945067 45.393471577999662
1113 285.56529536771836 280.00015941894782 45.434568510999725
1114 285.56081794428309 280.00015946839784 45.475629035999646
1115 285.55634497069991 280.00015951779875 45.516341589999683
1116 285.55187644041405 280.00015956714822 45.557534981999652
1117 285.54741234688959 280.00015961645022 45.599281190999591
1118 285.5429526836291 280.00015966570396 45.640946669999721
1119 285.53849744411764 280.00015971490609 45.681010780999713
1120 285.53404662185591 280.00015976406394 45.721319007999682
1121 285.52960021040303 280.00015981317102 45.761541609999767
1122 285.52515820328745 280.00015986222775 45.801734835999923
1123 285.5207205940543 280.00015991123882 45.841817748999802
1124 285.51628737628818 280.00015996019789 45.881970922999699
1125 285.51185854357556 280.00016000911108 45.922029877999648
1126 285.50743408952218 280.0001600579759 45.962654982999993
1127 285.50301400773429 280.0001601067919 46.002811073999965
1128 285.49859829185112 280.00016015555866 46.043002111999613
1129 285.49418693551144 280.00016020427893 46.083632113999556
1130 285.4897799323756 280.00016025295014 46.123910444999638
1131 285.48537727611762 280.00016030157315 46.163988096999674
1132 285.48097896042788 280.00016035014932 46.204161791999923
1133 285.4765849790075 280.00016039867671 46.244566009999744
1134 285.47219532557261 280.00016044715659 46.284746267999708
1135 285.46780999385237 280.00016049558917 46.324995642999966
1136 285.46342897759121 280.00016054397338 46.365253453999685
1137 285.45905227055306 280.00016059231103 46.405312774999857
1138 285.45467986649771 280.00016064060105 46.445477199999914
1139 285.45031175922497 280.0001606888423 46.485715740999694
1140 285.44594794253754 280.0001607370383 46.525911364999956
1141 285.4415884102346 280.00016078518451 46.565984799999569
1142 285.43723315615631 280.00016083328569 46.606385529999898
1143 285.43288217414079 280.00016088133867 46.646563548999893
1144 285.42853545804957 280.0001609293447 46.686716046999663
1145 285.42419300173924 280.00016097730321 46.726801148999584
1146 285.41985479911796 280.00016102521516 46.767122242999903
1147 285.41552084404998 280.00016107308073 46.807320418999552
1148 285.41119113047614 280.00016112089759 46.847518906999994
1149 285.40686565229981 280.0001611686672 46.887570830999721
1150 285.40254440346683 280.0001612163922 46.92813421899973
1151 285.39822737792827 280.00016126407087 46.968275935999827
1152 285.39391456964933 280.00016131170275 47.008474423999814
1153 285.3896059726045 280.00016135928587 47.048844840999664
1154 285.38530158078891 280.00016140682555 47.089002599999731
1155 285.38100138820306 280.00016145431823 47.12904910799989
1156 285.37670538887488 280.00016150176361 47.169301762999567
1157 285.37241357682268 280.00016154916415 47.209565147999911
1158 285.3681259460962 280.00016159651693 47.249735614999736
1159 285.36384249075843 280.00016164382487 47.289841290999902
1160 285.35956320487145 280.0001616910863 47.33024592799984
1161 285.35528808252417 280.00016173830062 47.370288582999819
1162 285.35101711780931 280.00016178547048 47.410479520999615
1163 285.34675030484567 280.00016183259413 47.450527019999754
1164 285.34248763774411 280.00016187967134 47.490702331999728
1165 285.33822911064067 280.0001619267041 47.530904102999557
1166 285.33397471769922 280.00016197368944 47.571099154999956
1167 285.32972445306604 280.00016202062972 47.611486240999966
1168 285.32547831091409 280.00016206752451 47.651720511999883
1169 285.32123628544014 280.00016211437242 47.691778739999791
1170 285.31699837084545 280.00016216117831 47.732125407999774
1171 285.31276456133094 280.00016220793822 47.772243115999572
1172 285.30853485112476 280.00016225464941 47.812445355999898
1173 285.30430923447483 280.00016230131899 47.85270634599965
1174 285.3000877056233 280.00016234794248 47.892883532999804
1175 285.29587025881938 280.00016239452026 47.932940510999742
1176 285.2916568883677 280.00016244105336 47.973120875999939
1177 285.28744758853628 280.00016248753946 48.013253843999792
1178 285.28324235362896 280.00016253398377 48.0534622819996
1179 285.27904117795435 280.00016258038175 48.093532176999815
1180 285.27484405584318 280.00016262673546 48.133626915999685
1181 285.27065098163462 280.00016267304414 48.173612277999837
1182 285.26646194967151 280.00016271930804 48.213838788999965
1183 285.26227695432084 280.00016276552884 48.25439431399991
1184 285.25809598994499 280.0001628117019 48.294622283999615
1185 285.25391905094767 280.00016285783283 48.334689366999555
1186 285.24974613170986 280.00016290392011 48.374964160999752
1187 285.24557722666253 280.00016294996107 48.415094630999647
1188 285.24141233019947 280.0001629959603 48.455270986999949
1189 285.23725143677967 280.00016304191331 48.495543957999871
1190 285.23309454084409 280.00016308782193 48.535846876999585
1191 285.22894163683992 280.00016313368769 48.575966252999933
1192 285.22479271925198 280.00016317950821 48.616177295999933
1193 285.22064778255174 280.00016322528609 48.656436724999821
1194 285.21650682123732 280.00016327101912 48.696596309999677
1195 285.21236982980946 280.00016331670895 48.736666518999755
1196 285.20823680279409 280.0001633623549 48.776838186999612
1197 285.20410773471764 280.00016340795719 48.816945947999557
1198 285.19998262010802 280.00016345351418 48.857421576999968
1199 285.19586145354106 280.00016349903001 48.897589286999846
1200 285.19174422956706 280.00016354450008 48.937839340999744
1201 285.18763094276221 280.00016358992883 48.978142936999575
1202 285.18352158772194 280.00016363531171 49.018358354999691
1203 285.17941615902737 280.00016368065451 49.05849075199967
1204 285.17531465131577 280.00016372595098 49.098918359999971
1205 285.17121705917918 280.00016377120545 49.139109454999925
1206 285.16712337727364 280.00016381641615 49.179263153999727
1207 285.1630336002367 280.00016386158308 49.219317529999898
1208 285.15894772271713 280.00016390671004 49.259661959999903
1209 285.15486573939489 280.00016395179159 49.299734877999981
1210 285.15078764493819 280.00016399682943 49.339983839999604
1211 285.14671343404768 280.00016404182645 49.381879430999561
1212 285.14264310140987 280.00016408677925 49.424988470999779
1213 285.1385766417518 280.00016413168845 49.465640665999672
1214 285.13451404979094 280.00016417655661 49.506797031999668
1215 285.1304553202624 280.00016422138225 49.546852397999828
1216 285.12640044791033 280.00016426616384 49.587009483999736
1217 285.12234942749831 280.0001643109058 49.627061204999791
1218 285.11830225378463 280.00016435560264 49.667538917999991
1219 285.11425892154944 280.00016440025678 49.707629388999976
1220 285.11021942558949 280.00016444487045 49.747810745999686
1221 285.10618376070664 280.00016448944058 49.78808606199982
1222 285.10215192169818 280.00016453396995 49.828295596999851
1223 285.09812390341091 280.00016457845453 49.868335441999989
1224 285.09409970065883 280.00016462289716 49.908499715999824
1225 285.09007930828517 280.00016466729943 49.948671332999766
1226 285.08606272115952 280.00016471165986 49.988872741999785
1227 285.08204993414381 280.00016475597744 50.028948941999715
1228 285.07804094210701 280.0001648002534 50.069332904999555
1229 285.07403573993861 280.00016484448741 50.109579158999622
1230 285.07003432254413 280.00016488868056 50.149751087999903
1231 285.0660366848204 280.00016493282999 50.190111821999835
1232 285.0620428217016 280.00016497693844 50.230395002999558
1233 285.05805272809886 280.00016502100647 50.270455837999634
1234 285.05406639896893 280.0001650650326 50.311127825999847
1235 285.05008382925865 280.00016510901673 50.351274287999786
1236 285.04610501392904 280.00016515295965 50.391428250999979
1237 285.04212994794051 280.00016519686142 50.431530441999712
1238 285.0381586262933 280.00016524072009 50.472124407999672
1239 285.03419104397267 280.00016528453949 50.512541080999654
1240 285.03022719598169 280.00016532831705 50.552727283999957
1241 285.02626707732435 280.00016537205227 50.593991568999627
1242 285.02231068303985 280.0001654157482 50.634960954999769
1243 285.01835800815417 280.00016545940275 50.675333044999661
1244 285.01440904771465 280.0001655030166 50.716679673999806
1245 285.01046379677581 280.00016554658777 50.756788531999973
1246 285.00652225039585 280.00016559011794 50.796965775999979
1247 285.00258440365047 280.00016563360782 50.837480990999666
1248 284.99865025163433 280.00016567705757 50.877662661999693
1249 284.99471978943615 280.00016572046655 50.917742769999677
1250 284.9907930121588 280.00016576383376 50.958053191999625
1251 284.98686991491229 280.00016580716078 50.998325071999716
1252 284.98295049284195 280.00016585044864 51.038828099999591
1253 284.97903474106437 280.00016589369369 51.079513993999626
1254 284.97512265472972 280.00016593689935 51.119742592999955
1255 284.97121422899545 280.00016598006482 51.15982082499977
1256 284.96730945901663 280.00016602319062 51.20001145499964
1257 284.9634083399834 280.0001660662756 51.240094166999825
1258 284.95951086707157 280.00016610931863 51.280266097999629
1259 284.95561703548015 280.00016615232107 51.320324643999811
1260 284.95172684040568 280.00016619528589 51.360787048999555
1261 284.94784027706652 280.00016623821085 51.400821531999554
1262 284.94395734068718 280.00016628109285 51.441047527999672
1263 284.9400780265031 280.00016632393692 51.481104458999653
1264 284.93620232975042 280.00016636674019 51.521431236999888
1265 284.93233024569378 280.00016640950525 51.561596815999565
1266 284.92846176957806 280.00016645222985 51.601793487999657
1267 284.92459689669329 280.00016649491255 51.641969066999991
1268 284.92073562231025 280.0001665375579 51.682265427999937
1269 284.91687794172418 280.00016658016312 51.72233610999956
1270 284.91302385023624 280.00016662272657 51.76254752199975
1271 284.90917334315628 280.0001666652517 51.802777215999868
1272 284.90532641579324 280.00016670773857 51.842941491999682
1273 284.9014830634967 280.00016675018475 51.8830073299996
1274 284.89764328158759 280.00016679259221 51.923624474999997
1275 284.89380706542454 280.00016683495988 51.963824844999635
1276 284.88997441036128 280.00016687728828 52.004005684999811
1277 284.8861453117612 280.00016691957751 52.044289232999745
1278 284.88231976500379 280.00016696182672 52.084632937999686
1279 284.87849776547603 280.00016700403836 52.124685650999709
1280 284.87467930856519 280.00016704620981 52.164849926999977
1281 284.87086438968117 280.00016708834244 52.205187433999981
1282 284.86705300423421 280.00016713043561 52.245352335999996
1283 284.86324514764982 280.00016717249088 52.285402704999797
1284 284.859440815357 280.00016721450555 52.325950111999646
1285 284.85564000279663 280.00016725648305 52.366000690999954
1286 284.85184270541794 280.00016729842002 52.406174655999621
1287 284.84804891867554 280.0001673403205 52.446286953999788
1288 284.84425863804381 280.00016738217943 52.486610451999695
1289 284.84047185898856 280.00016742400209 52.526783219999743
1290 284.83668857701036 280.00016746578478 52.566946924999684
1291 284.83290878759937 280.00016750752945 52.60763985299991
1292 284.82913248625704 280.0001675492357 52.647879131999616
1293 284.82535966848798 280.00016759090283 52.687943407999683
1294 284.82159032982531 280.0001676325316 52.728553523999835
1295 284.81782446579393 280.00016767412296 52.768705873999806
1296 284.81406207193993 280.00016771567482 52.80886989199962
1297 284.81030314379302 280.0001677571891 52.848904480999863
1298 284.80654767693056 280.00016779866473 52.88909068599969
1299 284.8027956669174 280.00016784010285 52.929156212999715
1300 284.79904710931083 280.00016788150236 52.969411115999719
1301 284.79530199970407 280.00016792286351 53.009655134999775
1302 284.7915603336973 280.00016796418652 53.049829620999844
1303 284.78782210687899 280.00016800547212 53.090020200999788
1304 284.78408731485757 280.0001680467193 53.130170937000003
1305 284.78035595325935 280.00016808793009 53.170240421999551
1306 284.7766280177097 280.00016812910241 53.21043667999993
1307 284.77290350383646 280.00016817023715 53.250746114999856
1308 284.76918240728361 280.00016821133227 53.290908622999723
1309 284.76546472371587 280.00016825239186 53.330986286999632
1310 284.76175044878624 280.00016829341308 53.371234055999594
1311 284.75803957815873 280.0001683343969 53.411361042999943
1312 284.7543321075164 280.00016837534281 53.451588395999806
1313 284.75062803254013 280.00016841625126 53.492194866999853
1314 284.74692734893188 280.00016845712139 53.532442896999783
1315 284.7432300523991 280.00016849795492 53.572514726999998
1316 284.73953613864165 280.0001685387511 53.612689891999707
1317 284.73584560338014 280.00016857950902 53.653075422999791
1318 284.73215844234937 280.00016862023199 53.693232149999858
1319 284.72847465127938 280.00016866091596 53.733321063999938
1320 284.72479422591982 280.00016870156281 53.773596177999934
1321 284.72111716202636 280.00016874217238 53.813752747999843
1322 284.71744345535717 280.0001687827467 53.853943485999935
1323 284.7137731016752 280.00016882328333 53.894190682999579
1324 284.71010609676586 280.00016886378228 53.93439579599999
1325 284.70644243640544 280.00016890424359 53.974478667999847
1326 284.70278211639942 280.00016894466728 54.014751853999769
1327 284.69912513254997 280.00016898505601 54.055772963999971
1328 284.69547148066636 280.00016902540818 54.095971930999895
1329 284.69182115655639 280.00016906572301 54.136011833999873
1330 284.68817415605747 280.00016910600004 54.17662877399971
1331 284.68453047499941 280.00016914624183 54.216726906999611
1332 284.68089010922318 280.00016918644644 54.256954831999792
1333 284.67725305459271 280.00016922661354 54.297357239999656
1334 284.67361930694591 280.00016926674488 54.337546572999599
1335 284.66998886216618 280.00016930684228 54.377909604999786
1336 284.66636171612106 280.00016934690257 54.423890241999743
1337 284.66273786469304 280.00016938692335 54.464596454999992
1338 284.65911730377098 280.00016942690939 54.504800995999631
1339 284.65550002926068 280.00016946685963 54.544881525999699
1340 284.65188603705639 280.00016950677173 54.585151484999642
1341 284.64827532308499 280.00016954665034 54.625194513999759
1342 284.64466788325683 280.00016958649115 54.66538436799965
1343 284.6410637135084 280.00016962629638 54.705646930999592
1344 284.63746280977017 280.00016966606398 54.745801366999785
1345 284.63386516800631 280.00016970579628 54.785892886999591
1346 284.63027078414336 280.00016974549357 54.826122428999952
1347 284.6266796541579 280.00016978515475 54.866327334999824
1348 284.62309177401329 280.00016982477956 54.906459426999845
1349 284.61950713969088 280.0001698643689 54.946565738999652
1350 284.61592574716462 280.00016990392163 54.986974187999749
1351 284.61234759243564 280.0001699434394 55.02706555199984
1352 284.60877267150016 280.00016998292136 55.067544053999882
1353 284.60520098036324 280.00017002236706 55.107622135999918
1354 284.6016325150311 280.00017006177768 55.147776676999911
1355 284.59806727154182 280.00017010115141 55.187863091999589
1356 284.59450524591392 280.00017014049138 55.228515084999799
1357 284.59094643418314 280.00017017979656 55.268590458999824
1358 284.58739083239954 280.00017021906569 55.309039482999651
1359 284.58383843661011 280.00017025829879 55.349186837999696
1360 284.58028924286964 280.00017029749677 55.389346588999615
1361 284.57674324725912 280.0001703366579 55.429696653999599
1362 284.57320044584418 280.00017037578499 55.470665369999551
1363 284.56966083470081 280.00017041487581 55.51073246399983
1364 284.56612440992723 280.0001704539319 55.550929454999732
1365 284.56259116760833 280.00017049295536 55.590980193999712
1366 284.55906110386411 280.00017053194108 55.631137548999959
1367 284.55553421479021 280.00017057089406 55.67120245499973
1368 284.55201049651509 280.00017060980929 55.711379080999905
1369 284.5484899451572 280.00017064869144 55.751429298999938
1370 284.54497255684691 280.00017068753772 55.791918948999864
1371 284.54145832773048 280.00017072634978 55.831997083999795
1372 284.5379472539563 280.00017076512717 55.872113448999698
1373 284.53443933167483 280.00017080386948 55.912202312999852
1374 284.53093455704391 280.00017084257695 55.952782380999906
1375 284.52743292623995 280.00017088124957 55.997074981999958
1376 284.52393443543377 280.00017091988741 56.037644319999799
1377 284.52043908080958 280.00017095849137 56.077723236999645
1378 284.51694685856057 280.0001709970594 56.118423044999872
1379 284.51345776487733 280.00017103559475 56.158796234999954
1380 284.50997179596698 280.00017107409326 56.198997235999741
1381 284.5064889480488 280.00017111255852 56.239276206999875
1382 284.5030092173256 280.00017115098956 56.279532208999626
1383 284.49953260004088 280.00017118938626 56.319844982999712
1384 284.49605909240734 280.00017122774824 56.360411717999796
1385 284.4925886906787 280.00017126607372 56.400762669999949
1386 284.48912139109734 280.00017130436987 56.441137267999693
1387 284.48565718991483 280.00017134262629 56.481245560999923
1388 284.48219608339167 280.00017138085173 56.521398333999969
1389 284.47873806779364 280.00017141904101 56.561393917999794
1390 284.47528313940205 280.00017145719971 56.601553773999967
1391 284.47183129449434 280.00017149532329 56.642039830999693
1392 284.4683825293526 280.00017153340951 56.682296354999835
1393 284.46493684028098 280.00017157146465 56.722386314999767
1394 284.46149422356882 280.00017160948579 56.762865496999893
1395 284.45805467553043 280.00017164747197 56.80302280099977
1396 284.4546181924855 280.00017168542558 56.843212084999777
1397 284.45118477075641 280.00017172334452 56.883277043999897
1398 284.4477544066558 280.00017176123163 56.923442889999933
1399 284.44432709653472 280.00017179908212 56.96369571599962
1400 284.44090283673131 280.00017183690062 57.003899165999883
1401 284.43748162359816 280.00017187468541 57.044502776999707
1402 284.43406345348268 280.00017191243535 57.084776331999819
1403 284.43064832274592 280.00017195015272 57.124817957999767
1404 284.42723622776583 280.0001719878349 57.164975209999739
1405 284.4238271649117 280.00017202548662 57.205197514999782
1406 284.42042113057386 280.00017206310224 57.245399141999769
1407 284.4170181211291 280.00017210068694 57.285883011999886
1408 284.41361813297505 280.00017213823639 57.326072349999777
1409 284.41022116251463 280.00017217575311 57.366161737999846
1410 284.40682720616445 280.00017221323685 57.406441752999854
1411 284.40343626032762 280.00017225068649 57.44665385099961
1412 284.40004832143239 280.0001722881014 57.486842926999998
1413 284.39666338589893 280.00017232548555 57.527110806999644
1414 284.39328145017373 280.0001723628356 57.567420300999856
1415 284.38990251068361 280.00017240015478 57.607830317999742
1416 284.38652656389132 280.00017243743912 57.648133978999795
1417 284.38315360623767 280.00017247468958 57.688355138999668
1418 284.37978363419057 280.00017251190815 57.728539267999622
1419 284.37641664420829 280.00017254909517 57.76879844899986
1420 284.37305263277182 280.00017258624638 57.809018046999881
1421 284.36969159635106 280.00017262336576 57.849110143999951
1422 284.3663335314468 280.00017266045251 57.889418856999782
1423 284.36297843454128 280.00017269750816 57.929592360999777
1424 284.35962630213237 280.00017273452931 57.969795447999786
1425 284.35627713071909 280.0001727715204 58.010003690999838
1426 284.35293091682729 280.00017280847391 58.050228705999871
1427 284.34958765696331 280.00017284540007 58.090289551999831
1428 284.3462473476522 280.00017288229009 58.130665921999935
1429 284.34290998542559 280.00017291914929 58.170864738999626
1430 284.33957556681946 280.00017295597303 58.211072513999625
1431 284.33624408837699 280.00017299276681 58.251263829999971
1432 284.33291554663515 280.00017302953034 58.291516813999806
1433 284.32958993816146 280.00017306625699 58.33161354799995
1434 284.32626725951337 280.00017310295357 58.371818562999579
1435 284.32294750726192 280.00017313961644 58.412029932999758
1436 284.31963067796784 280.00017317624906 58.452204062999954
1437 284.31631676821905 280.00017321284793 58.492275848999725
1438 284.31300577459479 280.00017324941462 58.532472009999765
1439 284.30969769370353 280.00017328594976 58.572659629999634
1440 284.30639252211432 280.00017332245255 58.612844436999694
1441 284.30309025645062 280.0001733589234 58.652981899999759
1442 284.2997908933167 280.00017339536316 58.693149571999584
1443 284.29649442933169 280.00017343176779 58.733239950999632
1444 284.29320086110721 280.00017346814354 58.773425799999586
1445 284.28991018528143 280.00017350448661 58.81354352299968
1446 284.28662239847864 280.00017354079563 58.85374994499989
1447 284.28333749734611 280.00017357707571 58.89384376199996
1448 284.28005547851814 280.00017361332175 58.934224091999567
1449 284.2767763386617 280.00017364953834 58.974394887999551
1450 284.27350007442698 280.00017368572054 59.014586361999591
1451 284.27022668246838 280.00017372187347 59.054660542999954
1452 284.26695615946466 280.00017375799382 59.094862641999953
1453 284.26368850209042 280.00017379408132 59.134973490999982
1454 284.26042370702635 280.00017383013846 59.175184287999855
1455 284.25716177094978 280.00017386616361 59.215827952999916
1456 284.25390269056231 280.00017390215754 59.256049791999885
1457 284.25064646256186 280.00017393811908 59.296136942999965
1458 284.2473930836511 280.0001739740502 59.336812589999681
1459 284.24414255053813 280.00017400995017 59.377470579999681
1460 284.24089485993562 280.00017404581746 59.418147371999567
1461 284.23765000856889 280.00017408165439 59.459541045999686
1462 284.23440799317137 280.00017411745785 59.500897011999768
1463 284.23116881046224 280.00017415323197 59.541547605999767
1464 284.22793245719578 280.00017418897437 59.582294190999619
1465 284.22469893010089 280.00017422468648 59.623674999999821
1466 284.2214682259318 280.00017426036595 59.665076434999719
1467 284.21824034145061 280.00017429601513 59.705777549999766
1468 284.21501527342497 280.00017433163242 59.74657199999956
1469 284.21179301859343 280.00017436722106 59.787946663999719
1470 284.20857357375758 280.00017440277435 59.829508515999805
1471 284.20535693567462 280.00017443830035 59.870064786999592
1472 284.20214310115239 280.00017447379389 59.910944914999618
1473 284.19893206695929 280.00017450925554 59.952148117999968
1474 284.19572382989378 280.00017454468872 59.993481843999689
1475 284.19251838676695 280.00017458009074 60.034185772000001
1476 284.18931573436925 280.00017461546105 60.074968762999561
1477 284.18611586952892 280.0001746508014 60.116126913999778
1478 284.18291878904415 280.00017468611094 60.157486212999629
1479 284.17972448975809 280.00017472138808 60.19823962099963
1480 284.1765329684884 280.00017475663589 60.23951277299966
1481 284.17334422206562 280.00017479185368 60.280655090999971
1482 284.17015824733096 280.00017482704106 60.321674856999834
1483 284.16697504113614 280.00017486219656 60.36233821299993
1484 284.16379460032192 280.00017489732187 60.403880066999591
1485 284.16061692174344 280.00017493241592 60.445112334999976
1486 284.15744200227351 280.00017496748023 60.485891472999811
1487 284.15426983876768 280.00017500251488 60.526532849999967
1488 284.15110042809727 280.00017503751678 60.568050224999752
1489 284.1479337671496 280.00017507248992 60.60924030499973
1490 284.14476985279316 280.00017510743231 60.649979286999951
1491 284.14160868192079 280.00017514234906 60.690595714999745
1492 284.13845025143371 280.00017517722927 60.731956994999564
1493 284.13529455821879 280.00017521208105 60.77316848099963
1494 284.13214159918704 280.00017524690202 60.813906420999956
1495 284.12899137124572 280.0001752816957 60.854473317999691
1496 284.12584387130426 280.00017531645545 60.8960051199997
1497 284.12269909628895 280.00017535118712 60.937218741999914
1498 284.11955704312209 280.00017538588816 60.97800871399977
1499 284.11641770873734 280.00017542055849 61.01865436099979
1500 284.11328109006251 280.00017545520069 61.059807617999923
1501 284.11014718404294 280.00017548981219 61.101061239999581
1502 284.10701598762734 280.00017552439391 61.141878659999747
1503 284.10388749775746 280.00017555894482 61.182457223999791
1504 284.10076171139542 280.00017559346617 61.223863607999647
1505 284.09763862550165 280.00017562795853 61.26516634499967
1506 284.0945182370487 280.00017566241871 61.30649897999956
1507 284.09140054299809 280.00017569685349 61.347713592999753
1508 284.0882855403305 280.00017573125626 61.389228937999633
1509 284.08517322602864 280.00017576562931 61.430947200999981
1510 284.08206359708186 280.00017579997115 61.471648683999774
1511 284.0789566504759 280.00017583428547 61.512203394999688
1512 284.0758523832165 280.00017586856762 61.553748218999772
1513 284.07275079229674 280.00017590282306 61.594937258999835
1514 284.06965187473139 280.00017593704638 61.635901087999628
1515 284.06655562752519 280.00017597124196 61.67647496499967
1516 284.06346204770534 280.00017600540724 61.717923954999605
1517 284.06037113228427 280.00017603954672 61.759923887999776
1518 284.05728287829919 280.00017607365101 61.801723662999848
1519 284.0541972827732 280.00017610772932 61.842292800999985
1520 284.0511143427504 280.0001761417783 61.883561528999962
1521 284.04803405527247 280.00017617579687 61.924768536999636
1522 284.04495641737992 280.00017620978713 61.965576322999823
1523 284.04188142613702 280.0001762437476 62.006183585999679
1524 284.03880907858775 280.00017627768017 62.047640492999562
1525 284.03573937180897 280.00017631158335 62.08850775899964
1526 284.03267230285718 280.00017634545532 62.129185699999653
1527 284.0296078687997 280.00017637929949 62.170459583999673
1528 284.0265460667286 280.00017641311456 62.211857687999782
1529 284.02348689371507 280.00017644690001 62.252760682999906
1530 284.02043034685039 280.00017648065773 62.293265133999739
1531 284.01737642322388 280.00017651438532 62.334644280999782
1532 284.01432511992522 280.00017654808443 62.376050667999607
1533 284.01127643407159 280.00017658175506 62.416702672999691
1534 284.00823036275932 280.00017661539584 62.45746051199967
1535 284.00518690309696 280.00017664900798 62.499108671999693
1536 284.00214605220646 280.00017668259142 62.540494328999557
1537 283.99910780720057 280.00017671614614 62.581194875999699
1538 283.99607216521059 280.00017674967262 62.621878338999977
1539 283.99303912336956 280.00017678317204 62.663186755999959
1540 283.99000867880466 280.00017681663985 62.704524235999997
1541 283.98698082865963 280.00017685008038 62.745750672999748
1542 283.9839555700795 280.00017688349095 62.786028923999766
1543 283.98093290020478 280.0001769168743 62.827608697999949
1544 283.97791281619845 280.00017695022819 62.868962584999736
1545 283.97489531522064 280.00017698355373 62.909696672999871
1546 283.97188039442727 280.00017701685101 62.950423157999921
1547 283.96886805098779 280.00017705011828 62.991513864999888
1548 283.96585828208151 280.00017708335952 63.032840562999809
1549 283.96285108487041 280.00017711656983 63.073222668999733
1550 283.95984645655312 280.00017714975428 63.114804838999589
1551 283.95684439431045 280.00017718290871 63.156039921999763
1552 283.95384489531796 280.00017721603643 63.196886771999743
1553 283.95084795680305 280.00017724913499 63.237859717999982
1554 283.94785357593088 280.00017728220632 63.279209593999894
1555 283.94486174993096 280.00017731524838 63.320000819999677
1556 283.94187247600723 280.00017734826179 63.360656367999582
1557 283.93888575137601 280.00017738124734 63.401820721999684
1558 283.93590157322973 280.00017741420618 63.443197891999716
1559 283.93291993883327 280.00017744713608 63.483945314999801
1560 283.92994084538668 280.000177480037 63.524599039999885
1561 283.92696429012801 280.00017751291 63.566028032999839
1562 283.92399027029688 280.00017754575487 63.60699743799978
1563 283.92101878312963 280.00017757857307 63.648080384999957
1564 283.91804982587553 280.00017761136229 63.688491555999917
1565 283.91508339578871 280.00017764412314 63.730171904999679
1566 283.91211949011245 280.0001776768579 63.77155131399968
1567 283.90915810611693 280.00017770956418 63.81162940799959
1568 283.90619924105482 280.0001777422433 63.853445903999727
1569 283.9032428922136 280.00017777489296 63.894722499999716
1570 283.90028905683988 280.00017780751568 63.935362317999989
1571 283.89733773222986 280.00017784011027 63.97659307999993
1572 283.89438891565607 280.00017787267728 64.017858684999737
1573 283.8914426043998 280.00017790521588 64.058506263999789
1574 283.88849879576304 280.00017793772957 64.099113373999899
1575 283.88555748703425 280.0001779702128 64.140596741999616
1576 283.88261867551824 280.00017800266914 64.181894066999575
1577 283.87968235850906 280.00017803509871 64.222745813999609
1578 283.87674853331316 280.00017806750083 64.263430945999971
1579 283.87381719724777 280.00017809987469 64.304508998999609
1580 283.87088834763279 280.00017813222104 64.345826897999814
1581 283.86796198178041 280.00017816453868 64.386873804999595
1582 283.86503809702134 280.00017819683177 64.432234867999796
1583 283.86211669068058 280.00017822909587 64.473476672999823
1584 283.85919776009939 280.00017826133296 64.514441026999975
1585 283.85628130260039 280.00017829354277 64.555215378999947
1586 283.85336731554122 280.00017832572638 64.595930876999773
1587 283.85045579626109 280.00017835788105 64.63704221099988
1588 283.84754674210404 280.00017839000753 64.678061721999711
1589 283.84464015044711 280.0001784221119 64.718978835999678
1590 283.84173601862153 280.00017845418313 64.759539852999751
1591 283.83883434400798 280.00017848623065 64.801257495999835
1592 283.83593512396652 280.00017851825032 64.842591749999883
1593 283.83303835586833 280.00017855024265 64.883270944999822
1594 283.830144037092 280.00017858220758 64.924718219999704
1595 283.82725216502075 280.00017861414614 64.965921326999705
1596 283.82436273704491 280.00017864605587 65.006604114999845
1597 283.82147575052699 280.00017867794003 65.047319091999725
1598 283.81859120288073 280.0001787097973 65.089023661999818
1599 283.81570909150531 280.00017874162864 65.129795617999662
1600 283.81282941378407 280.00017877343294 65.17109961099959
1601 283.80995216713745 280.00017880520903 65.211234008999782
1602 283.80707734896725 280.00017883695961 65.252978005999921
1603 283.80420495668767 280.00017886868261 65.294220696999673
1604 283.80133498772176 280.00017890037839 65.335017654999774
1605 283.79846743947706 280.00017893204955 65.375627319999694
1606 283.79560230938984 280.00017896369025 65.416978657999607
1607 283.79273959488472 280.00017899530798 65.458206713999971
1608 283.78987929340627 280.00017902689729 65.498821117999796
1609 283.78702140237374 280.0001790584617 65.540100840999912
1610 283.78416591924287 280.00017908999735 65.581417805000001
1611 283.78131284145502 280.00017912150707 65.622188616999665
1612 283.77846216645764 280.00017915299077 65.662829478999811
1613 283.77561389170864 280.00017918444649 65.704183369999555
1614 283.77276801466223 280.00017921587636 65.74553054099988
1615 283.76992453277808 280.00017924727922 65.786453177999647
1616 283.76708344353176 280.00017927865849 65.82763206699974
1617 283.76424474438068 280.0001793100094 65.868846944999859
1618 283.76140843280746 280.00017934133359 65.909490984999593
1619 283.75857450628462 280.00017937263277 65.950441798999691
1620 283.75574296229706 280.00017940390228 65.991821262999565
1621 283.75291379832771 280.00017943514951 66.032703481999761
1622 283.75008701186431 280.00017946636802 66.073538356999961
1623 283.74726260040336 280.00017949756017 66.114118489999782
1624 283.74444056144523 280.00017952872867 66.155774466999901
1625 283.74162089248688 280.00017955987028 66.196775905999857
1626 283.73880359102935 280.00017959098449 66.238248703999943
1627 283.73598865459741 280.00017962207107 66.278597636999621
1628 283.73317608067936 280.00017965313469 66.320354865999889
1629 283.73036586681269 280.0001796841716 66.361570526999913
1630 283.72755801050869 280.00017971518253 66.402155765999851
1631 283.72475250928812 280.00017974616526 66.443514344999585
1632 283.72194936068297 280.00017977712349 66.484854122999877
1633 283.71914856223981 280.000179808057 66.525513580999814
1634 283.71635011147163 280.00017983896237 66.566210330999638
1635 283.71355400593944 280.0001798698429 66.607534117999876
1636 283.71076024316761 280.00017990069671 66.648896551999769
1637 283.70796882071613 280.0001799315267 66.690043930999764
1638 283.70517973612345 280.00017996232998 66.7303040099996
1639 283.70239298695719 280.00017999310688 66.772507857999699
1640 283.69960857077734 280.00018002385764 66.8145958719997
1641 283.69682648513583 280.00018005458361 66.8571137859999
1642 283.69404672760288 280.00018008528519 66.898281998999664
1643 283.691269295751 280.0001801159616 66.939006717999746
1644 283.6884941871582 280.00018014660913 66.979716800999995
1645 283.68572139938777 280.00018017723238 67.02135251899972
1646 283.68295093002888 280.00018020782983 67.063090216999626
1647 283.68018277666744 280.00018023839982 67.103928061999795
1648 283.6774169369059 280.00018026894708 67.144857209999827
1649 283.67465340830938 280.00018029946767 67.187559291999605
1650 283.67189218849364 280.00018032996348 67.229153289999886
1651 283.66913327504835 280.0001803604336 67.269562328999655
1652 283.6663766655758 280.00018039087598 67.311054713999965
1653 283.66362235769725 280.00018042129665 67.352211678000003
1654 283.66087034900517 280.00018045168883 67.393204317999789
1655 283.6581206371323 280.0001804820572 67.433678357999725
1656 283.65537321968014 280.00018051240227 67.474955271999988
1657 283.65262809427736 280.00018054271817 67.516167704999589
1658 283.64988525855415 280.00018057300917 67.556973259999722
1659 283.64714471013247 280.00018060327682 67.597630635999849
1660 283.64440644665029 280.00018063351826 67.638965101999929
1661 283.64167046573527 280.00018066373491 67.680257119999624
1662 283.63893676503733 280.00018069392632 67.721502052999767
1663 283.63620534219393 280.00018072409136 67.762100001999897
1664 283.63347619485052 280.00018075423486 67.803544572999726
1665 283.63074932065803 280.00018078435056 67.844726120999894
1666 283.62802471728031 280.00018081444006 67.885622457999943
1667 283.62530238236741 280.00018084450676 67.926194936999764
1668 283.62258231357862 280.00018087454663 67.967634455999814
1669 283.61986450858154 280.00018090456325 68.008875847999661
1670 283.61714896504373 280.00018093455452 68.049677131999943
1671 283.61443568063282 280.00018096452044 68.090337528999953
1672 283.61172465303207 280.00018099446055 68.131808245999764
1673 283.60901587991026 280.00018102437645 68.172990001999551
1674 283.60630935896444 280.00018105426824 68.213930193999659
1675 283.6036050878746 280.00018108413479 68.254469442999834
1676 283.60090306431709 280.00018111397708 68.295797659999607
1677 283.59820328599875 280.00018114379156 68.336939885999982
1678 283.59550575061604 280.00018117358547 68.377414865999981
1679 283.59281045586164 280.00018120335028 68.418942407999566
1680 283.59011739943855 280.00018123309388 68.460329010999885
1681 283.5874265790564 280.00018126281344 68.501040972999817
1682 283.5847379924349 280.0001812925068 68.542184968999663
1683 283.58205163727138 280.00018132217417 68.58338750799976
1684 283.5793675112912 280.00018135181944 68.624111500999788
1685 283.57668561220987 280.00018138143821 68.665361852999922
1686 283.57400593776549 280.00018141103419 68.706743820999691
1687 283.57132848566056 280.00018144060425 68.74744697999995
1688 283.56865325364623 280.00018147014919 68.788088314999641
1689 283.56598023944758 280.00018149967013 68.829547939999884
1690 283.56330944080565 280.00018152916846 68.870858552999835
1691 283.56064085545927 280.00018155864001 68.91163629599987
1692 283.55797448115123 280.00018158808763 68.952416174999598
1693 283.55531031563618 280.0001816175112 68.993747256999995
1694 283.55264835665241 280.00018164690857 69.035095005999665
1695 283.54998860196702 280.00018167628497 69.075608995999573
1696 283.54733104932853 280.00018170563453 69.116958410999814
1697 283.54467569650069 280.00018173496153 69.158249336999688
1698 283.54202254124931 280.00018176426323 69.19915083099977
1699 283.53937158133505 280.00018179353958 69.239790499999799
1700 283.5367228145405 280.00018182279274 69.281084081999779
1701 283.53407623863296 280.00018185202106 69.322279330999663
1702 283.53143185138299 280.00018188122624 69.363185148999946
1703 283.52878965058426 280.00018191040715 69.40401794599984
1704 283.52614963401243 280.00018193956384 69.446512321999762
1705 283.52351179945941 280.00018196869695 69.487743091999619
1706 283.52087614471901 280.00018199780419 69.528605941999558
1707 283.51824266757359 280.00018202688869 69.569163318999927
1708 283.51561136582421 280.0001820559504 69.61048929799972
1709 283.51298223727315 280.00018208498466 69.651820068999768
1710 283.51035527972778 280.00018211399777 69.692491249999875
1711 283.5077304909837 280.00018214298649 69.733798634999857
1712 283.50510786886542 280.00018217194986 69.775172322999879
1713 283.5024874111694 280.00018220089015 69.815876212999683
1714 283.4998691157345 280.00018222980884 69.856646560999707
1715 283.49725298036157 280.0001822587011 69.897888893999607
1716 283.49463900287492 280.00018228757074 69.939148152999678
1717 283.49202718110581 280.00018231641684 69.979956939999738
1718 283.4894175128868 280.00018234523765 70.020665776999977
1719 283.48680999604153 280.00018237403526 70.061888890999853
1720 283.48420462841261 280.00018240281076 70.103240598999946
1721 283.48160140782761 280.00018243156097 70.143990374999703
1722 283.47900033214876 280.00018246028696 70.184726087999934
1723 283.47640139919912 280.00018248899158 70.22593055499965
1724 283.4738046068411 280.00018251766977 70.267297471999882
1725 283.47120995292067 280.00018254632596 70.307956622999882
1726 283.46861743529723 280.00018257495964 70.349714846999632
1727 283.46602705181522 280.00018260356643 70.390348164999978
1728 283.46343880035266 280.00018263215094 70.431257317999552
1729 283.46085267875861 280.00018266071453 70.472651632999714
1730 283.45826868490462 280.00018268925129 70.513956310999674
1731 283.4556868166693 280.00018271776725 70.554737962999752
1732 283.45310707191294 280.00018274625535 70.595513676999872
1733 283.45052944851506 280.0001827747256 70.636673509999582
1734 283.44795394436466 280.00018280316846 70.677639122999608
1735 283.4453805573292 280.00018283158971 70.718434836999677
1736 283.44280928530435 280.00018285998857 70.759114717999637
1737 283.44024012617507 280.00018288836111 70.8003829889999
1738 283.43767307783446 280.00018291671057 70.841347038999629
1739 283.43510813817596 280.00018294503889 70.882052439999825
1740 283.43254530509421 280.00018297334418 70.922730080999827
1741 283.4299845764898 280.00018300162418 70.963855642999988
1742 283.42742595027471 280.00018302988207 71.005235633999746
1743 283.42486942434732 280.00018305811602 71.045987129999958
1744 283.42231499662233 280.00018308632662 71.086624300999574
1745 283.41976266500586 280.00018311451709 71.127995958999691
1746 283.4172124274175 280.00018314268294 71.169464857999628
1747 283.41466428177608 280.00018317082345 71.210490678999577
1748 283.41211822600485 280.00018319894258 71.252576510999916
1749 283.4095742580231 280.00018322703909 71.293663426999956
1750 283.40703237576457 280.00018325511269 71.334208879999551
1751 283.40449257715488 280.00018328316264 71.375596268999743
1752 283.40195486013346 280.00018331118935 71.416999334999673
1753 283.39941922263074 280.00018333919252 71.457763695999802
1754 283.39688566258451 280.000183367175 71.498374201999923
1755 283.39435417794624 280.00018339513213 71.539538827999877
1756 283.39182476665212 280.00018342306902 71.58085803899985
1757 283.38929742666306 280.00018345098027 71.621627452999746
1758 283.38677215590849 280.00018347887129 71.662800411999797
1759 283.38424895236074 280.00018350673628 71.703898526999637
1760 283.38172781397168 280.00018353458148 71.744861171999673
1761 283.37920873869973 280.00018356240304 71.785883087999991
1762 283.37669172451086 280.00018359019975 71.827190579999751
1763 283.37417676936985 280.00018361797515 71.86772952299998
1764 283.37166387123744 280.00018364572787 71.908614197999668
1765 283.36915302809541 280.00018367345888 71.950060962999942
1766 283.36664423791581 280.00018370116584 71.991318036999928
1767 283.36413749867359 280.00018372885046 72.032102398999996
1768 283.36163280835433 280.00018375651234 72.073306452999987
1769 283.35913016492611 280.00018378415365 72.114500974999828
1770 283.35662956639504 280.00018381176915 72.15541242099971
1771 283.3541310107301 280.00018383936288 72.195981103999657
1772 283.35163449593529 280.00018386693563 72.238685327999974
1773 283.34914001999999 280.00018389448473 72.282793212999877
1774 283.34664758092958 280.00018392201179 72.325485615999696
1775 283.34415717671669 280.00018394951553 72.365688254999895
1776 283.34166880535952 280.00018397699716 72.405927768999845
1777 283.3391824648715 280.00018400445674 72.446724944999914
1778 283.33669815326027 280.00018403189375 72.486980499999845
1779 283.33421586854001 280.00018405930899 72.527263087999927
1780 283.33173560870966 280.00018408670184 72.567717342999913
1781 283.32925737180113 280.00018411407069 72.608036493999862
1782 283.32678115583178 280.00018414141772 72.649980815999697
1783 283.32430695881493 280.0001841687436 72.690482259999953
1784 283.32183477878618 280.00018419604777 72.730704533999869
1785 283.31936461377381 280.0001842233267 72.771127955999873
1786 283.31689646179478 280.00018425058585 72.811354605999895
1787 283.31443032090095 280.00018427782175 72.851527972999975
1788 283.31196618910815 280.00018430503587 72.891741600999922
1789 283.30950406447482 280.00018433222817 72.931814811999629
1790 283.3070439450313 280.00018435939802 72.972011720999944
1791 283.30458582882216 280.00018438654615 73.012152275999597
1792 283.30212971389955 280.00018441367246 73.05265908399997
1793 283.29967559830982 280.00018444077449 73.092911201999868
1794 283.29722348010921 280.00018446785708 73.133222956999816
1795 283.29477335734407 280.00018449491614 73.173468095999851
1796 283.29232522808081 280.000184521954 73.213715317999686
1797 283.28987909037841 280.00018454896866 73.253863424999963
1798 283.28743494229235 280.00018457596286 73.294080126999688
1799 283.28499278190463 280.00018460293546 73.334152869999798
1800 283.28255260727479 280.00018462988425 73.374436135999986
1801 283.2801144164672 280.00018465681211 73.414737474999583
1802 283.27767820757288 280.00018468371735 73.454929853999602
1803 283.27524397864528 280.00018471060196 73.495048013999622
1804 283.27281172778333 280.00018473746439 73.535299299999679
1805 283.27038145306722 280.00018476430438 73.575519491999785
1806 283.2679531525684 280.00018479112225 73.615788226999939
1807 283.26552682438296 280.00018481791932 73.656012741999803
1808 283.2631024666112 280.00018484469359 73.696215693999875
1809 283.26068007732636 280.00018487144695 73.736311665999892
1810 283.25825965463036 280.00018489817916 73.77657701499993
1811 283.25584119662523 280.00018492488852 73.816783769999802
1812 283.25342470140913 280.00018495157678 73.856990784999653
1813 283.25101016708629 280.00018497824254 73.897137382999972
1814 283.24859759176042 280.00018500488812 73.937646327999573
1815 283.24618697353839 280.00018503151114 73.977731674999632
1816 283.2437783105342 280.00018505811374 74.018169941999986
1817 283.24137160085957 280.00018508469293 74.058354039999813
1818 283.23896684263229 280.00018511125029 74.098567825999908
1819 283.23656403397109 280.00018513778821 74.138777132999621
1820 283.23416317298876 280.0001851643035 74.179016907999994
1821 283.23176425781833 280.00018519079691 74.219223610999961
1822 283.22936728659477 280.00018521726929 74.259432500999992
1823 283.22697225742627 280.00018524371967 74.299707850999766
1824 283.224579168449 280.00018527014987 74.339910231999966
1825 283.22218801780502 280.00018529655745 74.380852306999714
1826 283.21979880363358 280.00018532294558 74.426863651999611
1827 283.21741152405798 280.00018534931149 74.467021188999752
1828 283.21502617723797 280.00018537565506 74.507232006999857
1829 283.21264276131058 280.00018540197692 74.547567826999966
1830 283.21026127441144 280.0001854282807 74.587793436999618
1831 283.20788171470349 280.00018545456049 74.62788555599991
1832 283.20550408033409 280.0001854808192 74.668455284999709
1833 283.20312836946289 280.00018550705664 74.708646362999843
1834 283.20075458023155 280.00018553327362 74.748868483999559
1835 283.198382710808 280.00018555946906 74.788965446999555
1836 283.19601275936463 280.0001855856417 74.829112357999747
1837 283.19364472405175 280.00018561179627 74.869204893999722
1838 283.19127860304098 280.00018563792861 74.909412899999552
1839 283.18891439449408 280.00018566403821 74.949440226999741
1840 283.18655209659158 280.00018569012792 74.989627451999695
1841 283.18419170750616 280.0001857161958 75.029719726999701
1842 283.18183322541211 280.00018574224293 75.069912003999889
1843 283.17947664848901 280.00018576827097 75.110033758999634
1844 283.17712197491994 280.00018579427558 75.150255878999815
1845 283.17476920288209 280.00018582025984 75.190371123999739
1846 283.17241833056892 280.00018584622302 75.230587254999591
1847 283.17006935616746 280.0001858721642 75.270656612999574
1848 283.16772227786657 280.00018589808741 75.310844828999961
1849 283.16537709386444 280.00018592398709 75.350914083999669
1850 283.16303380235126 280.00018594986767 75.391100267999718
1851 283.16069240153524 280.00018597572677 75.431184419999681
1852 283.15835288960113 280.000186001565 75.471413624999968
1853 283.15601526476769 280.00018602738032 75.511602517999563
1854 283.15367952523343 280.00018605317609 75.551857504999589
1855 283.1513456692075 280.00018607895169 75.591952332999881
1856 283.14901369490104 280.00018610470744 75.632284560999778
1857 283.14668360052542 280.00018613044062 75.672594599999684
1858 283.14435538429439 280.00018615615386 75.712835523999729
1859 283.14202904443198 280.00018618184617 75.753443586999765
1860 283.1397045791536 280.00018620751774 75.793683313999736
1861 283.13738198668318 280.0001862331689 75.833833715999845
1862 283.13506126524169 280.0001862588 75.874108806999629
1863 283.13274241305379 280.00018628441103 75.914322386999629
1864 283.13042542835564 280.00018630999949 75.954899980999926
1865 283.12811030938252 280.00018633556658 75.994941736999863
1866 283.12579705436406 280.0001863611177 76.035121045999858
1867 283.12348566153435 280.00018638664392 76.075266708999607
1868 283.12117612912795 280.00018641215132 76.115446485999655
1869 283.11886845539766 280.00018643763667 76.155516783999701
1870 283.11656263858197 280.00018646310269 76.195819010999912
1871 283.11425867691935 280.00018648854791 76.235852796999552
1872 283.11195656867153 280.00018651397261 76.276040595999802
1873 283.10965631208757 280.00018653937673 76.316135530999873
1874 283.10735790540667 280.00018656476021 76.356312131999857
1875 283.10506134689217 280.00018659012352 76.396398628999577
1876 283.10276663480221 280.00018661546613 76.436613251999916
1877 283.10047376739305 280.00018664078959 76.476697144999889
1878 283.09818274293224 280.00018666609236 76.516848329999902
1879 283.09589355968245 280.00018669137364 76.557053941999584
1880 283.09360621590628 280.00018671663543 76.597197730999596
1881 283.09132070987334 280.00018674187606 76.637231310999596
1882 283.08903703985777 280.00018676709686 76.677406766999866
1883 283.08675520413271 280.00018679229839 76.718057383999621
1884 283.08447520096882 280.00018681747929 76.758307579999837
1885 283.08219702865517 280.00018684263875 76.798379961999672
1886 283.07992068545769 280.00018686777884 76.838580626999828
1887 283.07764616966637 280.00018689289999 76.878612174999944
1888 283.07537347956617 280.00018691799909 76.918761380999968
1889 283.07310261344622 280.0001869430796 76.958883034999872
1890 283.07083356958805 280.00018696813993 76.99904473999959
1891 283.06856634629389 280.00018699318116 77.039132851999966
1892 283.06630094184243 280.00018701820045 77.079286484999557
1893 283.06403735454074 280.00018704320104 77.119371887999932
1894 283.0617755826849 280.00018706817917 77.159585520999826
1895 283.05951562457437 280.00018709313917 77.199712069999805
1896 283.05725747851073 280.00018711807883 77.239905078999982
1897 283.05500114279795 280.00018714299625 77.279975950999869
1898 283.05274661574538 280.00018716789577 77.320168022999951
1899 283.05049389566358 280.00018719277324 77.360209676999602
1900 283.04824298085975 280.00018721763286 77.400440707999678
1901 283.04599386964884 280.00018724247303 77.440523402999588
1902 283.04374656034668 280.00018726729161 77.480712193999807
1903 283.04150105127542 280.00018729209199 77.520813066999835
1904 283.03925734074204 280.00018731687328 77.560953992999657
1905 283.03701542708495 280.00018734163257 77.601429140999699
1906 283.03477530862079 280.0001873663731 77.641928507999637
1907 283.03253698367877 280.0001873910926 77.682856888999595
1908 283.03030045057881 280.00018741579237 77.725691956999981
1909 283.02806570765659 280.00018744047406 77.76623674099983
1910 283.02583275325185 280.00018746513297 77.806518188999689
1911 283.02360158569348 280.00018748977681 77.84662432199957
1912 283.02137220332742 280.00018751439723 77.887154209999608
1913 283.01914460447546 280.00018753900179 77.927239197999825
1914 283.01691878749307 280.00018756358241 77.967446999000003
1915 283.01469475072577 280.00018758814457 78.007676779999656
1916 283.0124724925027 280.00018761268802 78.047926664999977
1917 283.01025201119228 280.00018763720971 78.089272290999816
1918 283.00803330513821 280.0001876617149 78.129748479999762
1919 283.00581637268834 280.00018768619884 78.169842998999684
1920 283.00360121219205 280.00018771066397 78.21045549199971
1921 283.00138782201947 280.00018773510834 78.250613188999978
1922 282.99917620052003 280.00018775953424 78.290880678999656
1923 282.9969663460563 280.00018778394025 78.331097491999572
1924 282.99475825699386 280.00018780832625 78.371343211999829
1925 282.99255193169756 280.0001878326928 78.411507420999897
1926 282.9903473685269 280.00018785704236 78.451741785999729
1927 282.98814456586052 280.00018788136998 78.491959327999666
1928 282.98594352206425 280.00018790567827 78.532163849999961
1929 282.9837442355111 280.00018792996724 78.572363058999599
1930 282.98154670457762 280.00018795423779 78.612643673999628
1931 282.97935092763919 280.00018797848816 78.652747673999784
1932 282.97715690307791 280.00018800271886 78.692939226999897
1933 282.97496462928058 280.00018802693023 78.733077444999708
1934 282.97277410461538 280.00018805112245 78.773281288999897
1935 282.97058532747803 280.0001880752946 78.813385965999714
1936 282.9683982962664 280.00018809944913 78.853610487999958
1937 282.96621300935169 280.00018812358394 78.893700059999901
1938 282.96402946512728 280.000188147698 78.933899893999751
1939 282.96184766199832 280.00018817179398 78.974248843999703
1940 282.95966759835625 280.00018819587069 79.014494354999897
1941 282.95748927259956 280.00018821992927 79.054699396999695
1942 282.95531268311959 280.00018824396818 79.094958970999869
1943 282.95313782832983 280.00018826798919 79.135163231999741
1944 282.95096470662384 280.00018829198649 79.175377492999814
1945 282.94879331642056 280.0001883159677 79.215750818999823
1946 282.94662365611458 280.00018833993119 79.255965027999991
1947 282.94445572411894 280.0001883638725 79.296066110999618
1948 282.9422895188539 280.000188387798 79.336301258999811
1949 282.94012503872386 280.00018841170265 79.37656260499989
1950 282.93796228215723 280.00018843558826 79.417090203999578
1951 282.93580124755783 280.00018845945499 79.457193475999702
1952 282.9336419333481 280.00018848330433 79.497674198999903
1953 282.93148433795216 280.00018850713184 79.537864450999678
1954 282.92932845980505 280.00018853094235 79.57810438999968
1955 282.92717429730857 280.00018855473354 79.618413288999818
1956 282.92502184891083 280.00018857850614 79.658660207999674
1957 282.92287111303864 280.00018860225805 79.698759885999607
1958 282.92072208811231 280.00018862599251 79.739062429999649
1959 282.91857477257929 280.00018864970758 79.779238410999824
1960 282.91642916486762 280.00018867340225 79.819524808999631
1961 282.91428526341457 280.00018869708089 79.859612611999637
1962 282.91214306666564 280.00018872074088 79.89982874999987
1963 282.91000257306115 280.00018874437865 79.939935197999603
1964 282.90786378104048 280.00018876800061 79.98025003399971
1965 282.90572668904474 280.00018879160109 80.02041924399964
1966 282.90359129553764 280.00018881518673 80.060636579999937
1967 282.90145759895489 280.00018883875185 80.100750163999692
1968 282.89932559774206 280.00018886229736 80.140950102999795
1969 282.89719529037308 280.00018888582434 80.181045926999559
1970 282.89506667528917 280.00018890933404 80.221272428999782
1971 282.89293975094733 280.00018893282561 80.261482107999655
1972 282.89081451580603 280.00018895629489 80.301681266999822
1973 282.88869096833707 280.00018897974957 80.341820476999601
1974 282.88656910699245 280.00018900318048 80.382365316999767
1975 282.88444893023728 280.00018902659741 80.422483121999903
1976 282.88233043654151 280.00018904999479 80.462705197999639
1977 282.88021362437371 280.00018907337187 80.502954773999591
1978 282.87809849219667 280.00018909673378 80.543132370999956
1979 282.87598503849574 280.0001891200734 80.583253247999892
1980 282.87387326173945 280.00018914339756 80.623556001999987
1981 282.87176316040069 280.00018916670189 80.663713078000001
1982 282.8696547329593 280.00018918998728 80.703928121999979
1983 282.86754797789831 280.00018921325386 80.74455926499968
1984 282.86544289369175 280.00018923650322 80.78482024799996
1985 282.86333947883088 280.000189259732 80.824939041999642
1986 282.86123773179412 280.00018928294628 80.865222941999946
1987 282.85913765107358 280.00018930614004 80.90544543499982
1988 282.85703923516394 280.00018932931454 80.945652353999776
1989 282.85494248254713 280.00018935247073 80.985757241999636
1990 282.85284739171811 280.00018937560912 81.025974057999974
1991 282.85075396116906 280.00018939872882 81.066196185999615
1992 282.84866218940363 280.00018942183067 81.106453366999631
1993 282.84657207491165 280.0001894449133 81.146923934999904
1994 282.84448361620446 280.00018946797883 81.187131895999755
1995 282.84239681177309 280.00018949102639 81.227244960999997
1996 282.84031166012807 280.00018951405656 81.267537037999773
1997 282.83822815977078 280.00018953706632 81.307737395999993
1998 282.83614630921505 280.00018956005931 81.34794785899976
1999 282.83406610696125 280.00018958303127 81.388097018999815
2000 282.83198755152608 280.00018960598936 81.428787902999829
